{"ajId":"6f4cc31c-8e60-4264-ac83-c3763913607d","ajName":"梁锦芳故意伤害一案","ajjbqk":" 公诉机关指控，2016年6月9日14时许，李某（已判刑）、被害人程某2与程某3、侯某（后两人已行政处罚）等人，在东莞市大岭山镇龙山村水厂路姜某（已行政处罚）经营的水泥店里赌博。程某3、程某2与李某因赌资发生争吵并发生拉扯，后李某离开。李基发得知程某2等人在该镇太公岭村恒顺水业店内，便纠集被告人梁锦芳以及梁某、杨某2、高某、曾某、刘某（均已判刑）等十几名男子，分别准备了持砍刀等工具后，乘坐三辆小轿车赶到恒顺水业小店。其中，李某、梁某、杨某2、曾某、刘某、梁锦芳等人便持刀、木棍等工具，追砍被害人程某2、程某1、王某、程某4等人，致对方受伤。期间，现场响起一声枪声，梁锦芳等人遂持工具返回各自的小汽车并逃离现场。经法医鉴定，被害人程某1所受损伤为轻伤一级，被害人王某所受损伤为轻伤二级，被害人程某2、程某4所受损伤为轻微伤。2017年4月3日，公安人员在普宁高铁站抓获梁锦芳。 公诉机关向法庭提交相关证据，认为被告人梁锦芳的行为已触犯《中华人民共和国刑法》第二百三十四条第一款的规定，构成故意伤害罪。此外，梁锦芳曾因故意犯罪被判处有期徒刑刑罚，刑罚执行完毕后，在五年内再犯应当判处有期徒刑以上刑罚之罪，是累犯，应当从重处罚。提请本院依法惩处，并当庭建议对被告人梁锦芳判处一年至二年有期徒刑。 在法庭上，被告人梁锦芳对指控的事实和罪名均无异议，并自愿认罪，但辩称他只拿着棍子在现场，并没有动手打人。 经审理查明，2016年6月9日14时许，李某（已判刑）、被害人程某2与程某3、侯某（后两人已行政处罚）等人在东莞市大岭山镇龙山村水厂路姜某（已行政处罚）经营的水泥店里赌博。期间程某3、程某2与李某因赌资发生争吵并发生拉扯，李某先行离开。后李基发得知程某2等人在该镇太公岭村恒顺水业店内，便纠集被告人梁锦芳以及梁某、杨某2、曾某、刘某（均已判刑）等十几名男子，分别准备了砍刀等工具后，分乘三辆小轿车及摩托车赶到恒顺水业小店。其中，李某一方有人租用了高某驾驶的比亚迪小汽车（车牌号为湘M．W2242），高某驾车搭载部分人员去到现场后留在车内等待，李某、梁某、杨某2、刘某、梁锦芳等人便持刀、木棍等工具，追砍被害人程某2、程某1、王某、程某4等人，致对方受伤；曾某手持木棍在后面观望。期间，现场响起一声枪声，梁锦芳等人遂持工具返回各自的小汽车，高某则搭载梁锦芳等人逃离现场。经法医鉴定，被害人程某1所受损伤为轻伤一级，被害人王某所受损伤为轻伤二级，被害人程某2、程某4所受损伤为轻微伤。 2017年4月3日，公安人员在普宁高铁站将被告人梁锦芳抓获。 上述事实有经当庭举证质证的被害人程某1、王某、程某2、程某4的陈述，证人程某3、侯某、姜某、程某5、程某6、杨某1、严某的证言，辨认笔录，现场勘验检查、笔录，现场图，现场照片，法医学人体损伤程度鉴定书，痕迹检验报告书，到案经过，常住人口基本信息，判决书及释放证明，扣押清单，收押登记表，病历资料，车辆登记信息，现场检测报告，行政处罚决定书，同案人李某、梁某、杨某2、刘某、曾某、高某以及被告人梁锦芳的供述和辩解等证据证实，足以认定。 ","cpfxgc":"本院认为，被告人梁锦芳结伙持械故意伤害他人身体，致二人轻伤，二人轻微伤，其行为均已构成故意伤害罪，依法应予惩处。公诉机关指控被告人梁锦芳犯故意伤害罪，事实清楚，证据确实、充分，罪名成立，本院予以支持。 经查，同案人梁某、刘某均指证被告人梁锦芳案发时持杀猪刀在现场，因此，对于被告人梁锦芳关于其所持工具为木棍的辩解意见，不予采纳。此外，关于被告人梁锦芳是否直接殴打被害人，梁某称当时梁锦芳持杀猪刀来回走动，但有没有一起冲过去小店打斗他没有注意；刘某称梁锦芳持杀猪刀，他们冲过去砍对方时，不止梁锦芳在他前面还是后面，双方打起来时，梁锦芳站在他前面，他没看到梁锦芳是否有砍对方；杨某2称梁锦芳案发时在现场，但他没有注意梁锦芳是否拿刀或冲上前参与殴打被害人。由此，同案人关于梁锦芳案发时是否参与对被害人的直接殴打的相关供述与被告人梁锦芳关于其没有动手打人的相关辩解并无矛盾，且根据本案现有证据，无法证实被告人梁锦芳确有直接殴打被害人，因此，对于其该项辩解意见，予以采纳。 关于本案的量刑。根据现行刑法规定，本案的法定刑为三年以下有期徒刑、拘役或者管制。具体到本案中，本案被告人结伙持械故意伤害他人，致二人轻伤，二人轻微伤，应在前述法定刑幅度内酌情从重处罚。考虑被告人梁锦芳曾因故意犯罪被判处有期徒刑刑罚，刑罚执行完毕后，不足两年又犯应当判处有期徒刑以上刑罚之罪，系累犯，依法应当从重处罚；考虑梁锦芳持械在现场助威，没有直接殴打被害人，在共同犯罪中起次要作用，是从犯，依法应从轻处罚；归案后如实供述犯罪事实，具有悔罪表现，依法还可从轻处罚。 关于被告人梁锦芳的身份问题。根据被告人梁锦芳归案后所供述的身份情况，经向其户籍所在地的公安机关发函核实，至今未得到回复。根据《中华人民共和国刑事诉讼法》第一百五十八条第二款“对于犯罪事实清楚，证据确实、充分，确实无法查明其身份的，也可以按其自报的姓名起诉、审判”，以及《最高人民法院关于适用〈中华人民共和国刑事诉讼法〉若干问题的解释》第一百八十一条第一款第（七）项“被告人真实身份不明，但符合刑事诉讼法第一百五十八条第二款规定的，应当依法受理”的有关规定，本院依法对本案被告人梁锦芳以其自报身份予以判决。 依照《中华人民共和国刑法》第二百三十四条第一款、第二十五条第一款、第二十七条、第六十五条第一款、第六十七条第三款之规定，判决如下：","pjjg":" 被告人梁锦芳犯故意伤害罪，判处有期徒刑一年二个月。 （刑期从判决执行之日起计算。判决执行以前先行羁押的，羁押一日折抵刑期一日，即自2017年4月3日起至2018年6月2日止。） 如不服本判决，可在接到判决书的第二日起十日内，通过本院或者直接向东莞市中级人民法院提出上诉。书面上诉的，应交上诉状正本一份，副本二份。","qw":"广东省东莞市第二人民法院 刑事判决书 （2017）粤1972刑初1561号 公诉机关广东省东莞市第二市区人民检察院。 被告人梁锦芳（自报），男，1982年9月1日出生，汉族，湖南省蓝山县人，初中文化，无业，住南山县。曾因犯开设赌场罪于2014年被广东省广州市花都区人民法院判处有期徒刑七个月，同年9月11日释放。现又因涉嫌犯寻衅滋事罪于2017年4月3日被羁押并被刑事拘留，因涉嫌犯故意伤害罪于同年5月9日被逮捕。现押于东莞市第二看守所。 东莞市第二市区人民检察院以东二区检诉刑诉（2017）1421号起诉书指控被告人梁锦芳犯故意伤害罪，于2017年8月1日向本院提起公诉。在审理过程中，附带民事诉讼原告人暨被害人程某1、王某向本院提起附带民事诉讼。本院受理后，依法组成合议庭，公开开庭审理了本案的刑事部分。东莞市第二市区人民检察院指派检察员黄志婷出庭支持公诉，被告人梁锦芳及被害人王某、程某1到庭参加诉讼。审理过程中，公诉机关因需要补充侦查，先后于2017年11月1日、2018年3月1日建议本院延期审理，并分别于2017年12月1日、2018年4月1日建议恢复审理。为了防止刑事案件审判的过分迟延，本案刑事部分先行处理。现已审理终结。 公诉机关指控，2016年6月9日14时许，李某（已判刑）、被害人程某2与程某3、侯某（后两人已行政处罚）等人，在东莞市大岭山镇龙山村水厂路姜某（已行政处罚）经营的水泥店里赌博。程某3、程某2与李某因赌资发生争吵并发生拉扯，后李某离开。李基发得知程某2等人在该镇太公岭村恒顺水业店内，便纠集被告人梁锦芳以及梁某、杨某2、高某、曾某、刘某（均已判刑）等十几名男子，分别准备了持砍刀等工具后，乘坐三辆小轿车赶到恒顺水业小店。其中，李某、梁某、杨某2、曾某、刘某、梁锦芳等人便持刀、木棍等工具，追砍被害人程某2、程某1、王某、程某4等人，致对方受伤。期间，现场响起一声枪声，梁锦芳等人遂持工具返回各自的小汽车并逃离现场。经法医鉴定，被害人程某1所受损伤为轻伤一级，被害人王某所受损伤为轻伤二级，被害人程某2、程某4所受损伤为轻微伤。2017年4月3日，公安人员在普宁高铁站抓获梁锦芳。 公诉机关向法庭提交相关证据，认为被告人梁锦芳的行为已触犯《中华人民共和国刑法》第二百三十四条第一款的规定，构成故意伤害罪。此外，梁锦芳曾因故意犯罪被判处有期徒刑刑罚，刑罚执行完毕后，在五年内再犯应当判处有期徒刑以上刑罚之罪，是累犯，应当从重处罚。提请本院依法惩处，并当庭建议对被告人梁锦芳判处一年至二年有期徒刑。 在法庭上，被告人梁锦芳对指控的事实和罪名均无异议，并自愿认罪，但辩称他只拿着棍子在现场，并没有动手打人。 经审理查明，2016年6月9日14时许，李某（已判刑）、被害人程某2与程某3、侯某（后两人已行政处罚）等人在东莞市大岭山镇龙山村水厂路姜某（已行政处罚）经营的水泥店里赌博。期间程某3、程某2与李某因赌资发生争吵并发生拉扯，李某先行离开。后李基发得知程某2等人在该镇太公岭村恒顺水业店内，便纠集被告人梁锦芳以及梁某、杨某2、曾某、刘某（均已判刑）等十几名男子，分别准备了砍刀等工具后，分乘三辆小轿车及摩托车赶到恒顺水业小店。其中，李某一方有人租用了高某驾驶的比亚迪小汽车（车牌号为湘M．W2242），高某驾车搭载部分人员去到现场后留在车内等待，李某、梁某、杨某2、刘某、梁锦芳等人便持刀、木棍等工具，追砍被害人程某2、程某1、王某、程某4等人，致对方受伤；曾某手持木棍在后面观望。期间，现场响起一声枪声，梁锦芳等人遂持工具返回各自的小汽车，高某则搭载梁锦芳等人逃离现场。经法医鉴定，被害人程某1所受损伤为轻伤一级，被害人王某所受损伤为轻伤二级，被害人程某2、程某4所受损伤为轻微伤。 2017年4月3日，公安人员在普宁高铁站将被告人梁锦芳抓获。 上述事实有经当庭举证质证的被害人程某1、王某、程某2、程某4的陈述，证人程某3、侯某、姜某、程某5、程某6、杨某1、严某的证言，辨认笔录，现场勘验检查、笔录，现场图，现场照片，法医学人体损伤程度鉴定书，痕迹检验报告书，到案经过，常住人口基本信息，判决书及释放证明，扣押清单，收押登记表，病历资料，车辆登记信息，现场检测报告，行政处罚决定书，同案人李某、梁某、杨某2、刘某、曾某、高某以及被告人梁锦芳的供述和辩解等证据证实，足以认定。 本院认为，被告人梁锦芳结伙持械故意伤害他人身体，致二人轻伤，二人轻微伤，其行为均已构成故意伤害罪，依法应予惩处。公诉机关指控被告人梁锦芳犯故意伤害罪，事实清楚，证据确实、充分，罪名成立，本院予以支持。 经查，同案人梁某、刘某均指证被告人梁锦芳案发时持杀猪刀在现场，因此，对于被告人梁锦芳关于其所持工具为木棍的辩解意见，不予采纳。此外，关于被告人梁锦芳是否直接殴打被害人，梁某称当时梁锦芳持杀猪刀来回走动，但有没有一起冲过去小店打斗他没有注意；刘某称梁锦芳持杀猪刀，他们冲过去砍对方时，不止梁锦芳在他前面还是后面，双方打起来时，梁锦芳站在他前面，他没看到梁锦芳是否有砍对方；杨某2称梁锦芳案发时在现场，但他没有注意梁锦芳是否拿刀或冲上前参与殴打被害人。由此，同案人关于梁锦芳案发时是否参与对被害人的直接殴打的相关供述与被告人梁锦芳关于其没有动手打人的相关辩解并无矛盾，且根据本案现有证据，无法证实被告人梁锦芳确有直接殴打被害人，因此，对于其该项辩解意见，予以采纳。 关于本案的量刑。根据现行刑法规定，本案的法定刑为三年以下有期徒刑、拘役或者管制。具体到本案中，本案被告人结伙持械故意伤害他人，致二人轻伤，二人轻微伤，应在前述法定刑幅度内酌情从重处罚。考虑被告人梁锦芳曾因故意犯罪被判处有期徒刑刑罚，刑罚执行完毕后，不足两年又犯应当判处有期徒刑以上刑罚之罪，系累犯，依法应当从重处罚；考虑梁锦芳持械在现场助威，没有直接殴打被害人，在共同犯罪中起次要作用，是从犯，依法应从轻处罚；归案后如实供述犯罪事实，具有悔罪表现，依法还可从轻处罚。 关于被告人梁锦芳的身份问题。根据被告人梁锦芳归案后所供述的身份情况，经向其户籍所在地的公安机关发函核实，至今未得到回复。根据《中华人民共和国刑事诉讼法》第一百五十八条第二款“对于犯罪事实清楚，证据确实、充分，确实无法查明其身份的，也可以按其自报的姓名起诉、审判”，以及《最高人民法院关于适用〈中华人民共和国刑事诉讼法〉若干问题的解释》第一百八十一条第一款第（七）项“被告人真实身份不明，但符合刑事诉讼法第一百五十八条第二款规定的，应当依法受理”的有关规定，本院依法对本案被告人梁锦芳以其自报身份予以判决。 依照《中华人民共和国刑法》第二百三十四条第一款、第二十五条第一款、第二十七条、第六十五条第一款、第六十七条第三款之规定，判决如下： 被告人梁锦芳犯故意伤害罪，判处有期徒刑一年二个月。 （刑期从判决执行之日起计算。判决执行以前先行羁押的，羁押一日折抵刑期一日，即自2017年4月3日起至2018年6月2日止。） 如不服本判决，可在接到判决书的第二日起十日内，通过本院或者直接向东莞市中级人民法院提出上诉。书面上诉的，应交上诉状正本一份，副本二份。 审判长余弦 人民陪审员伍乃仁 人民陪审员黎燕珊 二〇一八年四月八日 书记员袁陪辇 邹艳芬","writId":"01961dd165937d7eb8ea27af8c91036eb33","writName":"梁锦芳故意伤害一审刑事判决书"}
