{"ajId":"527b89ef-edb8-4457-95ad-deeff06246b4","ajName":"赵云危险驾驶一案","ajjbqk":" 公诉机关指控，2018年11月4日20时58分许，被告人赵云酒后驾驶赣A×××××小车沿三店西路由东向西方向行驶至京山新街路口时，被南昌市公安局交通管理局青云谱大队民警查获，并与民警驾驶的警用摩托车发生轻微碰撞。经鉴定，被告人赵云的血样乙醇含量为343.12mg／100ml。2018年12月3日被告人赵云经传唤归案。 2019年3月19日被告人赵云在值班律师的确认下自愿签署《认罪认罚具结书》。 公诉机关认为，被告人赵云违反道路交通安全法，在道路上醉酒驾驶机动车，其行为触犯了《中华人民共和国刑法》第一百三十三条之一，犯罪事实清楚，证据确实、充分，应当以危险驾驶罪追究其刑事责任。被告人赵云具有《中华人民共和国刑法》第六十七条第三款之坦白情节，且认罪认罚，建议判处赵云拘役三个月，并处罚金。 被告人赵云对起诉书指控的犯罪事实、罪名及量刑建议均无异议且签字具结，在开庭审理过程中亦无异议。 ","cpfxgc":"本院认为，公诉机关指控被告人赵云犯危险驾驶罪的犯罪事实清楚，证据确实、充分，量刑情节客观、真实，量刑建议适当，且被告人赵云对起诉书指控的犯罪事实不持异议并同意量刑建议。据此，依照《中华人民共和国刑法》第一百三十三条之一、第六十七条第三款之规定，判决如下：","pjjg":" 被告人赵云犯危险驾驶罪，判处拘役五个月，并处罚金人民币二万元。 （刑期从判决执行之日起计算。判决执行以前先行羁押的，羁押一日折抵刑期一日，详见本院执行通知书。罚金自判决生效后三十日内缴清。） 如不服本判决，可在接到判决书的第二日起十日内，通过本院或者直接向南昌市中级人民法院提出上诉。书面上诉的，应当提交上诉状正本一份，副本二份。","qw":"南昌市青云谱区人民法院 刑事判决书 （2019）赣0104刑初88号 公诉机关南昌市青云谱区人民检察院。 被告人赵云，男，1983年9月7日出生，汉族，大学专科文化程度，现住南昌市青云谱区，户籍所在地江苏省泰州市泰兴市，因涉嫌犯有危险驾驶罪，于2018年12月3日经南昌市公安局青云谱分局决定对其取保候审。 南昌市青云谱区人民检察院以青检刑诉（2019）89号起诉书指控被告人赵云犯危险驾驶罪，于2019年2月12日向本院提起公诉。本院适用刑事速裁程序，实行独任审判，公开开庭审理了本案。南昌市青云谱区人民检察院指派检察员王某出庭支持公诉，被告人赵云到庭参加诉讼。现已审理终结。 公诉机关指控，2018年11月4日20时58分许，被告人赵云酒后驾驶赣A×××××小车沿三店西路由东向西方向行驶至京山新街路口时，被南昌市公安局交通管理局青云谱大队民警查获，并与民警驾驶的警用摩托车发生轻微碰撞。经鉴定，被告人赵云的血样乙醇含量为343.12mg／100ml。2018年12月3日被告人赵云经传唤归案。 2019年3月19日被告人赵云在值班律师的确认下自愿签署《认罪认罚具结书》。 公诉机关认为，被告人赵云违反道路交通安全法，在道路上醉酒驾驶机动车，其行为触犯了《中华人民共和国刑法》第一百三十三条之一，犯罪事实清楚，证据确实、充分，应当以危险驾驶罪追究其刑事责任。被告人赵云具有《中华人民共和国刑法》第六十七条第三款之坦白情节，且认罪认罚，建议判处赵云拘役三个月，并处罚金。 被告人赵云对起诉书指控的犯罪事实、罪名及量刑建议均无异议且签字具结，在开庭审理过程中亦无异议。 本院认为，公诉机关指控被告人赵云犯危险驾驶罪的犯罪事实清楚，证据确实、充分，量刑情节客观、真实，量刑建议适当，且被告人赵云对起诉书指控的犯罪事实不持异议并同意量刑建议。据此，依照《中华人民共和国刑法》第一百三十三条之一、第六十七条第三款之规定，判决如下： 被告人赵云犯危险驾驶罪，判处拘役五个月，并处罚金人民币二万元。 （刑期从判决执行之日起计算。判决执行以前先行羁押的，羁押一日折抵刑期一日，详见本院执行通知书。罚金自判决生效后三十日内缴清。） 如不服本判决，可在接到判决书的第二日起十日内，通过本院或者直接向南昌市中级人民法院提出上诉。书面上诉的，应当提交上诉状正本一份，副本二份。 审判员熊晓珠 二〇一九年三月二十九日 （本院） 法官助理刘剑 书记员蔡霞","writId":"0021088debe9aa01d11b77e32c93a4411b2","writName":"赵云危险驾驶一审刑事判决书"}
