{"ajId":"cae061c0-5711-4f80-8a87-a9f01a94e7e8","ajName":"韦某犯盗窃罪一案","ajjbqk":" 经审理查明： 1、2015年6月15日20时许，被告人韦某伙同韦彩云（另案处理）窜至本市市区银泰百货二楼MOCO专卖店内，由被告人韦某帮助遮挡和掩护，韦彩云秘密窃得MOCO衬衫一件、MOCOT恤一件，共计价值人民币1334元。 2、2015年6月16日11时许，被告人韦某伙同韦彩云窜至本市市区浙北购物中心四楼Hazzys专卖店内，由被告人韦某帮助分散员工注意力，韦彩云秘密窃得HazzysT恤一件，价值人民币959元。 3、2015年6月16日12时许，被告人韦某伙同韦彩云窜至本市市区银泰百货二楼歌力思专卖店内，由被告人韦某帮助分散员工注意力，韦彩云秘密窃得歌力思连衣裙两件、歌力思项链一条，共计价值人民币3986元。 综上，被告人韦某共盗窃作案三起，所窃财物共计价值人民币6279元。 案发后，被告人韦某及同案人韦彩云退赃现金人民币共计2293元并已发还被害单位，公安机关追缴赃物歌力思连衣裙两件、项链一条并发还被害单位。 上述事实，被告人韦某在法庭审理中亦无异议，并有：证人盛某、袁某、褚某、孙某的证言；现场勘验笔录及现场照片，搜查笔录及刑事照相、辨认笔录及刑事照相；监控视频；住宿登记表；刑事判决书、调取证据清单、扣押清单、发还清单、收条；湖州市价格认证中心出具的价格鉴定结论书；公安机关侦查人员出具的抓获经过及情况说明；被告人韦某的户籍资料；被告人韦某及其同案人韦彩云的供述与辩解等证据予以证实，足以认定。 ","cpfxgc":"本院认为，被告人韦某以非法占有为目的，多次秘密窃取他人财物，数额较大，其行为已构成盗窃罪。公诉机关指控的罪名成立，依法应予惩处。被告人韦某到案后，能如实供述自己的犯罪事实，且能当庭认罪，依法可以从轻处罚。被告人韦某曾有犯罪前科，酌情从重处罚。被告人韦某已退赔部分损失，酌情从轻处罚。根据被告人韦某犯罪的事实、犯罪的性质、情节和对于社会的危害程度以及归案后的认罪态度、悔罪表现，依照《中华人民共和国刑法》第二百六十四条、第二十五条第一款、第六十七条第三款、第五十二条、第五十三条之规定，判决如下：","pjjg":" 被告人韦某犯盗窃罪，判处有期徒刑六个月，并处罚金人民币六千元（刑期从判决执行之日起计算。判决执行以前先行羁押的，羁押一日折抵刑期一日。即刑期自2015年6月17日起至2015年12月16日止。罚金限于本判决生效之日起十五日内向本院缴纳）。 如不服本判决，可在接到判决书的第二日起十日内，通过本院或者直接向浙江省湖州市中级人民法院提出上诉。书面上诉的，应当提交上诉状正本一份，副本二份。","qw":"湖州市吴兴区人民法院 刑事判决书 （2015）湖吴刑一初字第701号 公诉机关湖州市吴兴区人民检察院。 被告人韦某。2009年4月20日因犯抢夺罪被广西省柳州市柳南区人民法院判处有期徒刑六个月，并处罚金人民币四千元，于2009年6月24日刑满释放。因本案于2015年6月17日被湖州市公安局吴兴区分局刑事拘留，同年7月24日被依法逮捕。现羁押于湖州市看守所。 湖州市吴兴区人民检察院以吴检公诉刑诉（2015）1405号起诉书指控被告人韦某犯盗窃罪，于2015年11月26日向本院提起公诉。本院受理后，依法适用简易程序，实行独任审判，公开开庭审理了本案。湖州市吴兴区人民检察院指派检察员卢敏强出庭支持公诉，被告人韦某到庭参加诉讼。本案现已审理终结。 经审理查明： 1、2015年6月15日20时许，被告人韦某伙同韦彩云（另案处理）窜至本市市区银泰百货二楼MOCO专卖店内，由被告人韦某帮助遮挡和掩护，韦彩云秘密窃得MOCO衬衫一件、MOCOT恤一件，共计价值人民币1334元。 2、2015年6月16日11时许，被告人韦某伙同韦彩云窜至本市市区浙北购物中心四楼Hazzys专卖店内，由被告人韦某帮助分散员工注意力，韦彩云秘密窃得HazzysT恤一件，价值人民币959元。 3、2015年6月16日12时许，被告人韦某伙同韦彩云窜至本市市区银泰百货二楼歌力思专卖店内，由被告人韦某帮助分散员工注意力，韦彩云秘密窃得歌力思连衣裙两件、歌力思项链一条，共计价值人民币3986元。 综上，被告人韦某共盗窃作案三起，所窃财物共计价值人民币6279元。 案发后，被告人韦某及同案人韦彩云退赃现金人民币共计2293元并已发还被害单位，公安机关追缴赃物歌力思连衣裙两件、项链一条并发还被害单位。 上述事实，被告人韦某在法庭审理中亦无异议，并有：证人盛某、袁某、褚某、孙某的证言；现场勘验笔录及现场照片，搜查笔录及刑事照相、辨认笔录及刑事照相；监控视频；住宿登记表；刑事判决书、调取证据清单、扣押清单、发还清单、收条；湖州市价格认证中心出具的价格鉴定结论书；公安机关侦查人员出具的抓获经过及情况说明；被告人韦某的户籍资料；被告人韦某及其同案人韦彩云的供述与辩解等证据予以证实，足以认定。 本院认为，被告人韦某以非法占有为目的，多次秘密窃取他人财物，数额较大，其行为已构成盗窃罪。公诉机关指控的罪名成立，依法应予惩处。被告人韦某到案后，能如实供述自己的犯罪事实，且能当庭认罪，依法可以从轻处罚。被告人韦某曾有犯罪前科，酌情从重处罚。被告人韦某已退赔部分损失，酌情从轻处罚。根据被告人韦某犯罪的事实、犯罪的性质、情节和对于社会的危害程度以及归案后的认罪态度、悔罪表现，依照《中华人民共和国刑法》第二百六十四条、第二十五条第一款、第六十七条第三款、第五十二条、第五十三条之规定，判决如下： 被告人韦某犯盗窃罪，判处有期徒刑六个月，并处罚金人民币六千元（刑期从判决执行之日起计算。判决执行以前先行羁押的，羁押一日折抵刑期一日。即刑期自2015年6月17日起至2015年12月16日止。罚金限于本判决生效之日起十五日内向本院缴纳）。 如不服本判决，可在接到判决书的第二日起十日内，通过本院或者直接向浙江省湖州市中级人民法院提出上诉。书面上诉的，应当提交上诉状正本一份，副本二份。 审判员黄婷玉 二〇一五年十二月八日 书记员段梦园","writId":"0479dc09f24fc16cbdbdae164d8b5cfb65d","writName":"韦某犯盗窃罪一审刑事判决书"}
