{"ajId":"ae2edf78-ff65-41c6-b098-e7c98fd3f0b6","ajName":"李某诈骗一案","ajjbqk":" 经审理查明： 被告人李某于2017年1月25日，虚构其能通过哥哥的关系将被害人陈某1羁押在看守所的丈夫在大年初一从看守所放出几天，但需要支付相应的担保费，事成后退还的事实，使陈某1信以为真，从而骗取被害人陈某1钱款人民币10万元，用于归还个人债务。被害人陈某1因所托事由未果后，多次向被告人李某追讨钱款，被告人李某拒不退还。 2017年2月21日，被告人李某在本市株洲路宝华城市花园因吸毒行为被公安人员抓获。案发后，被告人李某家属代为退赔全部赃款，并取得了被害人的谅解。 上述事实，被告人李某及其辩护人在开庭审理中均无异议，并有被害人陈某1的陈述笔录，证人陈某2、何某某的证言，陈某1提供的收条、微信聊天记录、出具的《谅解书》及上海市公安局虹口分局调取的支付宝转账记录截屏、出具的《案发经过》等证据证实。上述证据均经庭审质证，证据合法、有效，且能相互印证，本院予以确认。 ","cpfxgc":"本院认为，被告人李某以非法占有为目的，采用虚构事实、隐瞒真相的方法，骗取他人钱款，数额巨大，其行为已构成诈骗罪。上海市虹口区人民检察院指控被告人李某犯诈骗罪罪名成立。被告人李某能如实供述自己的罪行，可从轻处罚。案发后，被告人李某在家属的帮助下退赔全部赃款，得到了被害人的谅解。在本院审理期间，被告人李某由其家属帮助自愿预缴了罚金，确有悔罪表现，可酌情从轻处罚并适用缓刑。关于辩护人提出对被告人李某从轻处罚并适用缓刑的辩护意见，与事实、法律相符，本院予以采纳。为维护社会秩序，保护公民的财产权利不受侵犯，依照《中华人民共和国刑法》第二百六十六条、第六十七条第三款及第七十二条第一款、第三款之规定，判决如下：","pjjg":" 被告人李某犯诈骗罪，判处有期徒刑三年，缓刑三年，并处罚金人民币五千元。 （缓刑考验期限，从判决确定之日起计算。） 如不服本判决，可在接到判决书的第二日起十日内，通过本院或者直接向上海市第二中级人民法院提出上诉。书面上诉的，应交上诉状正本一份，副本二份。","qw":"李某诈骗一审刑事判决书 上海市虹口区人民法院 刑事判决书 （2017）沪0109刑初443号 公诉机关上海市虹口区人民检察院。 被告人李某，女，1983年10月31日出生，汉族，户籍所在地本市，住本市。 辩护人梁成双，上海申京律师事务所律师。 上海市虹口区人民检察院以沪虹检诉刑诉（2017）385号起诉书指控被告人李某犯诈骗罪，于2017年6月5日向本院提起公诉。本院依法组成合议庭，适用简易程序，公开开庭审理了本案。上海市虹口区人民检察院指派检察员万某出庭支持公诉，被告人李某及其辩护人梁成双均到庭参加诉讼。现已审理终结。 经审理查明： 被告人李某于2017年1月25日，虚构其能通过哥哥的关系将被害人陈某1羁押在看守所的丈夫在大年初一从看守所放出几天，但需要支付相应的担保费，事成后退还的事实，使陈某1信以为真，从而骗取被害人陈某1钱款人民币10万元，用于归还个人债务。被害人陈某1因所托事由未果后，多次向被告人李某追讨钱款，被告人李某拒不退还。 2017年2月21日，被告人李某在本市株洲路宝华城市花园因吸毒行为被公安人员抓获。案发后，被告人李某家属代为退赔全部赃款，并取得了被害人的谅解。 上述事实，被告人李某及其辩护人在开庭审理中均无异议，并有被害人陈某1的陈述笔录，证人陈某2、何某某的证言，陈某1提供的收条、微信聊天记录、出具的《谅解书》及上海市公安局虹口分局调取的支付宝转账记录截屏、出具的《案发经过》等证据证实。上述证据均经庭审质证，证据合法、有效，且能相互印证，本院予以确认。 本院认为，被告人李某以非法占有为目的，采用虚构事实、隐瞒真相的方法，骗取他人钱款，数额巨大，其行为已构成诈骗罪。上海市虹口区人民检察院指控被告人李某犯诈骗罪罪名成立。被告人李某能如实供述自己的罪行，可从轻处罚。案发后，被告人李某在家属的帮助下退赔全部赃款，得到了被害人的谅解。在本院审理期间，被告人李某由其家属帮助自愿预缴了罚金，确有悔罪表现，可酌情从轻处罚并适用缓刑。关于辩护人提出对被告人李某从轻处罚并适用缓刑的辩护意见，与事实、法律相符，本院予以采纳。为维护社会秩序，保护公民的财产权利不受侵犯，依照《中华人民共和国刑法》第二百六十六条、第六十七条第三款及第七十二条第一款、第三款之规定，判决如下： 被告人李某犯诈骗罪，判处有期徒刑三年，缓刑三年，并处罚金人民币五千元。 （缓刑考验期限，从判决确定之日起计算。） 如不服本判决，可在接到判决书的第二日起十日内，通过本院或者直接向上海市第二中级人民法院提出上诉。书面上诉的，应交上诉状正本一份，副本二份。 审判长凌琳 人民陪审员朱慧勇 人民陪审员唐尚德 二〇一七年六月十三日 书记员王铮卿 附：相关法律条文 《中华人民共和国刑法》 第二百六十六条诈骗公私财物，数额较大的，处三年以下有期徒刑、拘役或者管制，并处或者单处罚金；数额巨大或者有其他严重情节的，处三年以上十年以下有期徒刑，并处罚金；…… 第六十七条…… 犯罪嫌疑人虽不具有前两款规定的自首情节，但是如实供述自己罪行的，可以从轻处罚；…… 第七十二条对于被判处拘役、三年以下有期徒刑的犯罪分子，同时符合下列条件的，可以宣告缓刑，对其中不满十八周岁的人、怀孕的妇女和已满七十五周岁的人，应当宣告缓刑： （一）犯罪情节较轻； （二）有悔罪表现； （三）没有再犯罪的危险； （四）宣告缓刑对所居住社区没有重大不良影响。 …… 被宣告缓刑的犯罪分子，如果被判处附加刑，附加刑仍须执行。","writId":"02010cca7d92409f0008876aaa7e3d06be3","writName":"李某诈骗一审刑事判决书"}
