{"ajId":"c7ff1701-5e4e-40c2-afae-2b017d6462da","ajName":"（2017）陕0112刑初249号潭某某盗窃一案","ajjbqk":" 西安市未央区人民检察院指控，被告人潭某某自2016年8月份，先后窜至本市未央区大明宫建材家居城广场南侧，盗窃该处下水道防护盖共24个，后将其盗窃的下水防护盖以每个15元的价格销赃，获赃款360元全部挥霍，同年8月9日早上，被告人潭某某再次窜至该处，将两块下水道防护盖卸下，准备转移该盗窃物品时被当场抓获，经西安市未央区价格认证中心鉴定：被盗物品价值人民币1300元。 上述事实，被告人在开庭审理过程中亦无异议，且有公安机关出具的报案材料、抓获经过、现场指认照片及辨认笔录、扣押、物品清单、提取笔录、监控视频截图、价格鉴定书、前科证明、情况说明、户籍证明、被告人供述和辩解等证据证明，足以认定。 ","cpfxgc":"本院认为，被告人潭某某以非法占有为目的，秘密窃取公私财物，数额较大，其行为已构成《中华人民共和国刑法》第二百六十四条规定的盗窃罪，西安市未央区人民检察院指控其犯盗窃罪的事实成立，依法应予惩处。被告人潭某某曾因盗窃罪被判处有期徒刑十一个月，在刑罚执行完毕后五年内，再犯应当判处有期徒刑以上刑罚之罪，系累犯，应依法从重处罚；鉴于被告人潭某某归案后能如实供述自己的罪行，在庭审中表示自愿认罪，可酌情从轻处罚。依照《中华人民共和国刑法》第二百六十四条、第四十五条、第四十七条、第五十二条、第五十三条、第六十四条、第六十五条第一款、第六十七条第三款，最高人民法院、最高人民检察院《关于办理盗窃刑事案件适用法律若干问题的解释》第二条第一款之规定，判决如下：","pjjg":" 一、被告人潭某某犯盗窃罪，判处有期徒刑九个月，并处罚金2000元。（刑期从判决执行之日起计算。判决执行以前先行羁押的，羁押一日折抵刑期一日。即自2016年8月9日起至2017年5月8日止），（罚金限判决生效后一个月内缴纳）。 二、未追回的赃款、赃物依法予以继续追缴。 如不服本判决，可在接到判决书的第二日起十日内，通过本院或者直接向陕西省西安市中级人民法院提出上诉。书面上诉的，应当提交上诉状正本一份，副本三份。","qw":"（2017）陕0112刑初249号潭某某盗窃一审刑事判决书 西安市未央区人民法院 刑事判决书 （2017）陕0112刑初249号 公诉机关西安市未央区人民检察院。 被告人潭某某，男，自供1991年出生，壮族，文盲，2015年2月7日因犯盗窃罪被碑林区人民法院判处有期徒刑十一个月。2016年8月9日因涉嫌盗窃罪被西安市公安局未央分局刑事拘留，同年9月12日被依法逮捕。现羁押于西安市未央区看守所。 西安市未央区人民检察院以西未检刑诉［2016］921号起诉书指控被告人潭某某犯盗窃罪，于2017年2月13日向本院提起公诉。本院依法适用简易程序，实行独任审理，公开开庭审理了本案。西安市未央区人民检察院指派代检察员张茜依法出庭支持公诉，被告人潭某某到庭参加诉讼。现已审理终结。 西安市未央区人民检察院指控，被告人潭某某自2016年8月份，先后窜至本市未央区大明宫建材家居城广场南侧，盗窃该处下水道防护盖共24个，后将其盗窃的下水防护盖以每个15元的价格销赃，获赃款360元全部挥霍，同年8月9日早上，被告人潭某某再次窜至该处，将两块下水道防护盖卸下，准备转移该盗窃物品时被当场抓获，经西安市未央区价格认证中心鉴定：被盗物品价值人民币1300元。 上述事实，被告人在开庭审理过程中亦无异议，且有公安机关出具的报案材料、抓获经过、现场指认照片及辨认笔录、扣押、物品清单、提取笔录、监控视频截图、价格鉴定书、前科证明、情况说明、户籍证明、被告人供述和辩解等证据证明，足以认定。 本院认为，被告人潭某某以非法占有为目的，秘密窃取公私财物，数额较大，其行为已构成《中华人民共和国刑法》第二百六十四条规定的盗窃罪，西安市未央区人民检察院指控其犯盗窃罪的事实成立，依法应予惩处。被告人潭某某曾因盗窃罪被判处有期徒刑十一个月，在刑罚执行完毕后五年内，再犯应当判处有期徒刑以上刑罚之罪，系累犯，应依法从重处罚；鉴于被告人潭某某归案后能如实供述自己的罪行，在庭审中表示自愿认罪，可酌情从轻处罚。依照《中华人民共和国刑法》第二百六十四条、第四十五条、第四十七条、第五十二条、第五十三条、第六十四条、第六十五条第一款、第六十七条第三款，最高人民法院、最高人民检察院《关于办理盗窃刑事案件适用法律若干问题的解释》第二条第一款之规定，判决如下： 一、被告人潭某某犯盗窃罪，判处有期徒刑九个月，并处罚金2000元。（刑期从判决执行之日起计算。判决执行以前先行羁押的，羁押一日折抵刑期一日。即自2016年8月9日起至2017年5月8日止），（罚金限判决生效后一个月内缴纳）。 二、未追回的赃款、赃物依法予以继续追缴。 如不服本判决，可在接到判决书的第二日起十日内，通过本院或者直接向陕西省西安市中级人民法院提出上诉。书面上诉的，应当提交上诉状正本一份，副本三份。 审判员宋春芳 二〇一七年二月二十一日 书记员吴红 ","writId":"02547e5b8cdbe55fc057f92960499f014c6","writName":"（2017）陕0112刑初249号潭某某盗窃一审刑事判决书"}
