{"ajId":"8713f23b-0d8f-4c58-b50a-0afc3164612e","ajName":"谢辉非法经营一案","ajjbqk":" 肇东市人民检察院指控：2017年2月，被告人谢辉（微信名“女人花，花似毒”）通过微信与贩卖假烟人员李某1（已判处）相识并加为微信好友，因看到卖假烟价格低、有利可图，便通过微信向李某1订货，用微信转账方式付款，自2017年2月19日至同年10月27日，从李某1处购进“中华”、“紫云”、“南京”、“利群”、“雨花石”、“冬虫夏草”等假冒品牌香烟五次，购进假烟总价值人民币18875元。 2017年1月，谢辉通过微信聊天与微信名为“A开心就好”和“A开心就好备用号”（同一人）相识，自2017年1月至2017年7月期间谢辉从其手中多次购进假“利群”、“大云”、“软玉溪”等品牌香烟，购进价值约17895元。 2017年8月，谢辉通过微信聊天与微信名为“A走私香烟（质量求胜）”相识，从2017年8月至2018年3月谢辉从其手中多次购进假苏烟、牡丹、中华、荷花、玉溪、芙蓉王、南京九五细支、南京十二衩、NZ（外烟）、LD（外烟）等品牌香烟，购进价值约28705元。 谢辉在没有取得烟草销售许可证的情况下，将从以上三上线处购进的假烟加价出售，从中牟利。2017年1月至2018年3月分别销售给了微信名为“宝哥”（真名叫姜某，肇源县人）、微信名“恭喜发财何鑫”（真名何某，苏州市木渎镇人）、微信名“微笑在天上飞”、微信名“A-小欠登”、微信名“陈某”等多人。 肇东市烟草专卖局工作人员在谢辉藏匿香烟的家中发现其销售的假烟的账本并依法扣押、核查，该账本记录了谢辉从2017年2月至2018年3月销售假烟的品牌和价格，谢辉从2017年2月至2018年3月购进假烟总价值71108元，销售假烟总价值128108元，获利57040元。经黑龙江省烟草质量监督检测站鉴别检验，均为假冒注册商标且伪劣卷烟。谢辉于当日在其家中被依法抓获。现违法所得未予收缴。 公诉机关认为，被告人谢辉在未取得烟草专卖零售许可证的情况下，明知是假冒伪劣的卷烟而予以销售，销售金额约人民币12万元，违法所得约人民币5.7万元，严重扰乱市场秩序，其行为触犯了《中华人民共和国刑法》第二百二十五条的规定，应当以非法经营罪追究其刑事责任；建议对被告人谢辉判处三年以下有期徒刑，并处5万元以上10万元以下罚金。 被告人谢辉对公诉机关指控其犯非法经营罪无异议，对公诉机关适用法律的意见未作出辩解，未提出具体量刑意见。 经本院审理查明：2017年2月，被告人谢辉（微信名“女人花，花似毒”）通过微信与贩卖假烟人员李某1（已判处）相识并加为微信好友，因看到卖假烟价格低、有利可图，便通过微信向李某1订货，用微信转账方式付款，自2017年2月19日至同年10月27日，从李某1处购进“中华”、“紫云”、“南京”、“利群”、“雨花石”、“冬虫夏草”等假冒品牌香烟五次，购进假烟总价值人民币18875元。 2017年1月，谢辉通过微信聊天与微信名为“A开心就好”和“A开心就好备用号”（同一人）相识，自2017年1月至2017年7月期间谢辉从其手中多次购进假“利群”、“大云”、“软玉溪”等品牌香烟，购进价值约17895元。 2017年8月，谢辉通过微信聊天与微信名为“A走私香烟（质量求胜）”相识，从2017年8月至2018年3月谢辉从其手中多次购进假苏烟、牡丹、中华、荷花、玉溪、芙蓉王、南京九五细支、南京十二衩、NZ（外烟）、LD（外烟）等品牌香烟，购进价值约28705元。 谢辉在没有取得烟草销售许可证的情况下，将从以上三上线处购进的假烟加价出售，从中牟利。2017年1月至2018年3月分别销售给了微信名为“宝哥”（真名叫姜某，肇源县人）、微信名“恭喜发财何鑫”（真名何某，苏州市木渎镇人）、微信名“微笑在天上飞”、微信名“A-小欠登”、微信名“陈某”等多人。 肇东市烟草专卖局工作人员在谢辉藏匿香烟的家中发现其销售的假烟的账本并依法扣押、核查，该账本记录了谢辉从2017年2月至2018年3月销售假烟的品牌和价格，谢辉从2017年2月至2018年3月购进假烟总价值71108元，销售假烟总价值128108元，获利57040元。经黑龙江省烟草质量监督检测站鉴别检验，均为假冒注册商标且伪劣卷烟。谢辉于当日在其家中被依法抓获。现违法所得未予收缴。 上述事实，被告人谢辉在法庭审理过程中亦无异议，并有庭审质证、认证的被告人谢辉户籍证明、抓获经过、破案经过、大庆市肇源县烟草专卖局关于谢辉销售伪劣商品案依法扣押香烟的移交函、肇东市烟草专卖局证据先行保存通知书、扣押物品清单、记账本、谢辉销售假烟账本交易明细、微信财付通转账记录、返还笔录、证人李某1、姜某、何某、李某2证言，被告人谢辉的供述和辩解，黑龙江省烟草质量监督检测站鉴别检验报告、谢辉与其上线A走私香烟（质量求胜）、宝哥微信聊天记录截图、谢辉手机微信聊天记录光盘、腾讯公司调取的电子证据光盘、谢辉家查获的假烟照片、谢辉绑定微信的银行卡照片等证据在卷证实，足以认定。 ","cpfxgc":"本院认为，被告人谢辉在未取得烟草专卖零售许可证的情况下，明知是假冒伪劣的卷烟而予以销售，销售金额人民币12万余元，违法所得约人民币5.7万元，严重扰乱市场秩序，其行为构成非法经营罪；公诉机关指控被告人谢辉犯非法经营罪的事实清楚，证据确实、充分，指控罪名成立。被告人谢辉如实供述自己的罪行，认罪态度较好，本院依法对其从轻处罚。对公诉机关适用法律的意见予以支持，对量刑建议予以采纳。依照《中华人民共和国刑法》第二百二十五条、第四十五条、第五十二条、第五十三条第一款、第六十一条、第六十七条第三款的规定，判决如下：","pjjg":" 一、被告人谢辉犯非法经营罪，判处有期徒刑一年六个月，并处罚金60000元。 （刑期从判决执行之日起计算。判决执行以前先行羁押的，羁押一日折抵刑期一日。即自2019年4月10日至2020年10月9日止。罚金于判决生效后立即缴纳。） 二、对被告人谢辉违法所得57000元予以收缴。 如不服本判决，可在接到判决书的第二日起十日内，通过本院或直接向黑龙江省绥化市中级人民法院提出上诉。书面上诉的，应当提交上诉状正本一份，副本三份。","qw":"黑龙江省肇东市人民法院 刑事判决书 （2019）黑1282刑初211号 公诉机关黑龙江省肇东市人民检察院。 被告人谢辉，女，1981年7月26日出生于黑龙江省肇源县，汉族，初中文化，无固定职业，现住黑龙江省肇源县。2018年3月30日因涉嫌销售伪劣产品被肇东市公安局取保候审。2019年4月10日因涉嫌非法经营罪被肇东市人民法院决定逮捕，同日由肇东市公安局执行。现羁押于安达市看守所。 肇东市人民检察院以黑肇检诉刑诉（2019）159号起诉书指控被告人谢辉犯非法经营罪，于2019年4月10日向本院提起公诉。本院审查后，于当日立案，依法适用简易程序组成合议庭，于2019年4月28日公开开庭审理了本案，肇东市人民检察院检察员唐晓霞出庭支持公诉；被告人谢辉到庭参加诉讼。本案现已审理终结。 肇东市人民检察院指控：2017年2月，被告人谢辉（微信名“女人花，花似毒”）通过微信与贩卖假烟人员李某1（已判处）相识并加为微信好友，因看到卖假烟价格低、有利可图，便通过微信向李某1订货，用微信转账方式付款，自2017年2月19日至同年10月27日，从李某1处购进“中华”、“紫云”、“南京”、“利群”、“雨花石”、“冬虫夏草”等假冒品牌香烟五次，购进假烟总价值人民币18875元。 2017年1月，谢辉通过微信聊天与微信名为“A开心就好”和“A开心就好备用号”（同一人）相识，自2017年1月至2017年7月期间谢辉从其手中多次购进假“利群”、“大云”、“软玉溪”等品牌香烟，购进价值约17895元。 2017年8月，谢辉通过微信聊天与微信名为“A走私香烟（质量求胜）”相识，从2017年8月至2018年3月谢辉从其手中多次购进假苏烟、牡丹、中华、荷花、玉溪、芙蓉王、南京九五细支、南京十二衩、NZ（外烟）、LD（外烟）等品牌香烟，购进价值约28705元。 谢辉在没有取得烟草销售许可证的情况下，将从以上三上线处购进的假烟加价出售，从中牟利。2017年1月至2018年3月分别销售给了微信名为“宝哥”（真名叫姜某，肇源县人）、微信名“恭喜发财何鑫”（真名何某，苏州市木渎镇人）、微信名“微笑在天上飞”、微信名“A-小欠登”、微信名“陈某”等多人。 肇东市烟草专卖局工作人员在谢辉藏匿香烟的家中发现其销售的假烟的账本并依法扣押、核查，该账本记录了谢辉从2017年2月至2018年3月销售假烟的品牌和价格，谢辉从2017年2月至2018年3月购进假烟总价值71108元，销售假烟总价值128108元，获利57040元。经黑龙江省烟草质量监督检测站鉴别检验，均为假冒注册商标且伪劣卷烟。谢辉于当日在其家中被依法抓获。现违法所得未予收缴。 公诉机关认为，被告人谢辉在未取得烟草专卖零售许可证的情况下，明知是假冒伪劣的卷烟而予以销售，销售金额约人民币12万元，违法所得约人民币5.7万元，严重扰乱市场秩序，其行为触犯了《中华人民共和国刑法》第二百二十五条的规定，应当以非法经营罪追究其刑事责任；建议对被告人谢辉判处三年以下有期徒刑，并处5万元以上10万元以下罚金。 被告人谢辉对公诉机关指控其犯非法经营罪无异议，对公诉机关适用法律的意见未作出辩解，未提出具体量刑意见。 经本院审理查明：2017年2月，被告人谢辉（微信名“女人花，花似毒”）通过微信与贩卖假烟人员李某1（已判处）相识并加为微信好友，因看到卖假烟价格低、有利可图，便通过微信向李某1订货，用微信转账方式付款，自2017年2月19日至同年10月27日，从李某1处购进“中华”、“紫云”、“南京”、“利群”、“雨花石”、“冬虫夏草”等假冒品牌香烟五次，购进假烟总价值人民币18875元。 2017年1月，谢辉通过微信聊天与微信名为“A开心就好”和“A开心就好备用号”（同一人）相识，自2017年1月至2017年7月期间谢辉从其手中多次购进假“利群”、“大云”、“软玉溪”等品牌香烟，购进价值约17895元。 2017年8月，谢辉通过微信聊天与微信名为“A走私香烟（质量求胜）”相识，从2017年8月至2018年3月谢辉从其手中多次购进假苏烟、牡丹、中华、荷花、玉溪、芙蓉王、南京九五细支、南京十二衩、NZ（外烟）、LD（外烟）等品牌香烟，购进价值约28705元。 谢辉在没有取得烟草销售许可证的情况下，将从以上三上线处购进的假烟加价出售，从中牟利。2017年1月至2018年3月分别销售给了微信名为“宝哥”（真名叫姜某，肇源县人）、微信名“恭喜发财何鑫”（真名何某，苏州市木渎镇人）、微信名“微笑在天上飞”、微信名“A-小欠登”、微信名“陈某”等多人。 肇东市烟草专卖局工作人员在谢辉藏匿香烟的家中发现其销售的假烟的账本并依法扣押、核查，该账本记录了谢辉从2017年2月至2018年3月销售假烟的品牌和价格，谢辉从2017年2月至2018年3月购进假烟总价值71108元，销售假烟总价值128108元，获利57040元。经黑龙江省烟草质量监督检测站鉴别检验，均为假冒注册商标且伪劣卷烟。谢辉于当日在其家中被依法抓获。现违法所得未予收缴。 上述事实，被告人谢辉在法庭审理过程中亦无异议，并有庭审质证、认证的被告人谢辉户籍证明、抓获经过、破案经过、大庆市肇源县烟草专卖局关于谢辉销售伪劣商品案依法扣押香烟的移交函、肇东市烟草专卖局证据先行保存通知书、扣押物品清单、记账本、谢辉销售假烟账本交易明细、微信财付通转账记录、返还笔录、证人李某1、姜某、何某、李某2证言，被告人谢辉的供述和辩解，黑龙江省烟草质量监督检测站鉴别检验报告、谢辉与其上线A走私香烟（质量求胜）、宝哥微信聊天记录截图、谢辉手机微信聊天记录光盘、腾讯公司调取的电子证据光盘、谢辉家查获的假烟照片、谢辉绑定微信的银行卡照片等证据在卷证实，足以认定。 本院认为，被告人谢辉在未取得烟草专卖零售许可证的情况下，明知是假冒伪劣的卷烟而予以销售，销售金额人民币12万余元，违法所得约人民币5.7万元，严重扰乱市场秩序，其行为构成非法经营罪；公诉机关指控被告人谢辉犯非法经营罪的事实清楚，证据确实、充分，指控罪名成立。被告人谢辉如实供述自己的罪行，认罪态度较好，本院依法对其从轻处罚。对公诉机关适用法律的意见予以支持，对量刑建议予以采纳。依照《中华人民共和国刑法》第二百二十五条、第四十五条、第五十二条、第五十三条第一款、第六十一条、第六十七条第三款的规定，判决如下： 一、被告人谢辉犯非法经营罪，判处有期徒刑一年六个月，并处罚金60000元。 （刑期从判决执行之日起计算。判决执行以前先行羁押的，羁押一日折抵刑期一日。即自2019年4月10日至2020年10月9日止。罚金于判决生效后立即缴纳。） 二、对被告人谢辉违法所得57000元予以收缴。 如不服本判决，可在接到判决书的第二日起十日内，通过本院或直接向黑龙江省绥化市中级人民法院提出上诉。书面上诉的，应当提交上诉状正本一份，副本三份。 审判长郭泳岐 审判员赵新宇 人民陪审员李洪启 二〇一九年四月二十九日 书记员于秋颖","writId":"0458719cd0c4e6e6eaaf9237bcb57b2e470","writName":"谢辉非法经营一审刑事判决书"}
