{"ajId":"d106fb8e-d350-4288-a748-eec1653e5d8a","ajName":"倪峰走私、贩卖、运输、制造毒品一案","ajjbqk":" 福州市鼓楼区人民检察院指控：2018年6月6日16时许，被告人倪峰在福州市台江区，以人民币750元的价格贩卖净重0.38克的海洛因给郑某，后被当场抓获。 公诉机关认为被告人倪峰的行为已构成贩卖毒品罪，且其系累犯、毒品再犯，建议对其判处有期徒刑八个月，并处罚金人民币二千元。提请法院依法予以惩处。 上述事实，被告人倪峰在开庭审理过程中亦无异议，并有被告人倪峰的供述与辩解、证人郑某的证言、提取笔录、毒品称量笔录、抽样送检笔录、微信聊天记录、现场尿样检验样本提取笔录、现场检测报告书、扣押清单、福建正中司法鉴定所出具的司法鉴定意见书、《福建省毒品实物缴交收据》、情况说明、到案经过、户籍证明、前科材料及罪犯档案资料及相关辨认笔录、照片等证据证实，足以认定。 ","cpfxgc":"本院认为，被告人倪峰明知是毒品海洛因而予以贩卖，数量达0.38克，其行为已构成贩卖毒品罪。公诉机关指控被告人倪峰犯贩卖毒品罪的罪名成立。被告人倪峰如实供述自己的罪行，可以从轻处罚。被告人倪峰曾因故意犯罪被判处有期徒刑，刑罚执行完毕后五年内再犯应当判处有期徒刑以上刑罚之罪，系累犯，其又曾因犯贩卖毒品罪被判过刑，现又犯贩卖毒品罪，系毒品再犯，应当从重处罚。据此，依照《中华人民共和国刑法》第三百四十七条第一款、第四款、第六十五条第一款、第三百五十六条、第六十七条第三款、第六十四条之规定，判决如下：","pjjg":" 一、被告人倪峰犯贩卖毒品罪，判处有期徒刑八个月，并处罚金人民币三千元。 （刑期从判决执行之日起计算。判决执行以前先行羁押的，羁押一日折抵刑期一日，即自2018年6月7日起至2019年2月6日止。罚金应于判决生效次日起三个月内缴纳。） 二、扣押在案的作案工具被告人倪峰的手机一部予以没收，由扣押单位负责执行。 三、继续追缴被告人倪峰的违法所得人民币750元，上缴国库。 如不服本判决，可在接到判决书的第二日起十日内，通过本院或者直接向福建省福州市中级人民法院提出上诉。书面上诉的，应提交上诉状正本一份，副本二份。","qw":"福建省福州市鼓楼区人民法院 刑事判决书 （2018）闽0102刑初698号 公诉机关福州市鼓楼区人民检察院。 被告人倪峰，男，1968年11月22日出生，汉族，小学文化，无固定职业，住福建省福州市台江区。2005年6月1日因吸食毒品被福州市台江区公安局处以劳教戒毒三年；2008年11月20日因犯贩卖毒品罪被福建省福州市台江区人民法院判处有期徒刑十个月，2009年2月24日刑满释放；2015年12月12日因犯容留他人吸毒罪被福建省福州市马尾区人民法院判处有期徒刑一年二个月，并处罚金人民币二千元，2016年10月10日刑满释放。2018年6月7日因本案被刑事拘留，同年6月21日被执行逮捕。现羁押于福州市第一看守所。 福州市鼓楼区人民检察院以鼓检公诉刑诉（2018）732号起诉书指控被告人倪峰犯贩卖毒品罪，于2018年9月13日向本院提起公诉。本院依法适用简易程序，实行独任审判，公开开庭审理了本案。福州市鼓楼区人民检察院指派检察员陈应辉出庭支持公诉，被告人倪峰到庭参加诉讼。现已审理终结。 福州市鼓楼区人民检察院指控：2018年6月6日16时许，被告人倪峰在福州市台江区，以人民币750元的价格贩卖净重0.38克的海洛因给郑某，后被当场抓获。 公诉机关认为被告人倪峰的行为已构成贩卖毒品罪，且其系累犯、毒品再犯，建议对其判处有期徒刑八个月，并处罚金人民币二千元。提请法院依法予以惩处。 上述事实，被告人倪峰在开庭审理过程中亦无异议，并有被告人倪峰的供述与辩解、证人郑某的证言、提取笔录、毒品称量笔录、抽样送检笔录、微信聊天记录、现场尿样检验样本提取笔录、现场检测报告书、扣押清单、福建正中司法鉴定所出具的司法鉴定意见书、《福建省毒品实物缴交收据》、情况说明、到案经过、户籍证明、前科材料及罪犯档案资料及相关辨认笔录、照片等证据证实，足以认定。 本院认为，被告人倪峰明知是毒品海洛因而予以贩卖，数量达0.38克，其行为已构成贩卖毒品罪。公诉机关指控被告人倪峰犯贩卖毒品罪的罪名成立。被告人倪峰如实供述自己的罪行，可以从轻处罚。被告人倪峰曾因故意犯罪被判处有期徒刑，刑罚执行完毕后五年内再犯应当判处有期徒刑以上刑罚之罪，系累犯，其又曾因犯贩卖毒品罪被判过刑，现又犯贩卖毒品罪，系毒品再犯，应当从重处罚。据此，依照《中华人民共和国刑法》第三百四十七条第一款、第四款、第六十五条第一款、第三百五十六条、第六十七条第三款、第六十四条之规定，判决如下： 一、被告人倪峰犯贩卖毒品罪，判处有期徒刑八个月，并处罚金人民币三千元。 （刑期从判决执行之日起计算。判决执行以前先行羁押的，羁押一日折抵刑期一日，即自2018年6月7日起至2019年2月6日止。罚金应于判决生效次日起三个月内缴纳。） 二、扣押在案的作案工具被告人倪峰的手机一部予以没收，由扣押单位负责执行。 三、继续追缴被告人倪峰的违法所得人民币750元，上缴国库。 如不服本判决，可在接到判决书的第二日起十日内，通过本院或者直接向福建省福州市中级人民法院提出上诉。书面上诉的，应提交上诉状正本一份，副本二份。 审判员罗增湧 二〇一八年九月二十一日 书记员林萍 附本案判决依据的主要法律条款： 1、《中华人民共和国刑法》第三百四十七条第一款、第四款 走私、贩卖、运输、制造毒品，无论数量多少，都应当追究刑事责任，予以刑事处罚。 走私、贩卖、运输、制造鸦片不满二百克、海洛因或者甲基苯丙胺不满十克或者其他少量毒品的，处三年以下有期徒刑、拘役或者管制，并处罚金；情节严重的，处三年以上七年以下有期徒刑，并处罚金。 2、《中华人民共和国刑法》第六十五条第一款 被判处有期徒刑以上刑罚的犯罪分子，刑罚执行完毕或者赦免以后，在五年以内再犯应当判处有期徒刑以上刑罚之罪的，是累犯，应当从重处罚；但是过失犯罪和不满十八周岁的人犯罪的除外。 3、《中华人民共和国刑法》第三百五十六条 因走私、贩卖、运输、制造、非法持有毒品罪被判过刑，又犯本节规定之罪的，从重处罚。 4、《中华人民共和国刑法》第六十七条第三款 犯罪嫌疑人虽不具有前两款规定的自首情节，但是如实供述自己罪行的，可以从轻处罚；因其如实供述自己罪行，避免特别严重后果发生的，可以减轻处罚。 5、《中华人民共和国刑法》第六十四条 犯罪分子违法所得的一切财物，应当予以追缴或者责令退赔；对被害人的合法财产，应当及时返还；违禁品和供犯罪所用的本人财物，应当予以没收。没收的财物和罚金，一律上缴国库，不得挪用和自行处理。","writId":"0158cc44ae6e437614c5a8f13a409e37a76","writName":"倪峰走私、贩卖、运输、制造毒品一审刑事判决书"}
