{"ajId":"67216bbe-477a-4e1d-8a67-d186e03595f7","ajName":"蔡某某等五人盗窃罪一案","ajjbqk":" 经审理查明，2016年4月27日晚上，被告人蔡某某伙同白某甲、杨某某、白某乙、潘某某、解学渊（在逃）窜至中国石油长庆油田分公司第六采油厂学庄作业区33井区胡16增安242-31井场，由被告人白某乙驾驶宁AA2226号十通牌自卸车盗窃原油8.24吨，含水49％。经鉴定，被盗原油价值人民币11340元。案发后，原油被追回。 2016年4月28日早晨6时许，被告人白某乙驾驶宁AA2226号十通牌自卸车由东向西行驶至307国道1138KM＋800M处时，在进入交叉路口未停车瞭望，与右侧由北向南行驶的被害人王某无证驾驶的无牌证三轮摩托车相撞，造成驾驶人王某、三轮车乘员王某乙、王贵送医院抢救无效死亡、两车不同程度损坏之较大交通事故。肇事后，被告人白某乙弃车逃逸。经事故责任认定，被告人白某乙应负此次事故的主要责任，被害人王某负次要作用，被害人王某乙、王贵不负事故责任。案发后，经定边县公安局交通警察大队调解，双方就民事部分达成了赔偿协议，由被告人杨某某（车主）一次性赔偿被害人王某家属死亡赔偿金、丧葬费等各类费用共计人民币59万元、被害人王某乙家属死亡赔偿金、丧葬费等各类费用共计人民币101万元、被害人王贵家属死亡赔偿金、丧葬费等各类费用共计人民币64万元，上述费用已全部兑现。 上述事实，被告人蔡某某、白某甲、杨某某、潘某某、白某乙在开庭审理过程中亦无异议，且有物证宁AA2226红色油罐车一辆、证人孙某、李某某、窦某某、王某栋、曹某某、马某某、黄某某的证言、现场指认笔录、辨认笔录、照片、接受证据清单、原油调运单、收油验收入库单、原油化验单、称重计量单、情况说明、在逃人员信息表、抓获经过、二手车交易协议书、车辆信息、行驶证信息、补充侦查说明书、户籍信息、被告人蔡某某、白某甲、杨某某、潘某某、白某乙的供述、鉴定意见等证据证实，足以认定。 另查明，2016年6月13日被告人白某甲自动到定边县公安局投案，并如实供述自己的犯罪事实。 上述事实，控、辩双方在开庭审理过程中均无异议，且有定边县公安局出具的自首情况说明、被告人白某甲的供述等证据证实，足以认定。 ","cpfxgc":"本院认为，被告人蔡某某、杨某某、白某甲、潘某某、白某乙以非法占有为目的，采用秘密窃取的手段伙同盗取国有企业原油，数额较大，其行为侵犯了国有企业财物所有权，构成盗窃罪，公诉机关指控罪名成立，本院予以支持，应以盗窃罪追究被告人蔡某某、白某甲、杨某某、潘某某、白某乙的刑事责任。被告人白某乙违反道路运输管理法规，持与准驾车型不符的驾驶证驾驶严重超载的车辆上路行驶，在进入交叉路口前未停车瞭望，未让右方道路来车先行，且采取措施不当，驶入逆线，导致整车制动性能下降，造成事故后，致三人死亡，其行为构成交通肇事罪，应以盗窃罪、交通肇事罪数罪并罚追究被告人白某乙的刑事责任。被告人白某乙在肇事后，为逃避法律追究，不积极抢救被害人而弃车逃逸，情节恶劣，后果严重。鉴于在肇事后，车主能够积极主动赔偿各被害人的全部经济损失，可对其酌情从轻处罚。被告人白某甲在案发后，能够自动投案，并如实供述自己的犯罪事实，属自首，依法可对其从轻处罚。涉案拉运原油车辆应予没收，上缴国库。鉴于被告人蔡某某、杨某某、潘某某、白某乙在案发后，认罪态度尚好，确有悔罪表现，所盗原油被追回，可酌情对五被告人从轻处罚。被告人潘某某、白某乙在盗窃犯罪中作用相对较轻。公诉机关建议判处被告人蔡某某、杨某某有期徒刑六个月至一年，并处罚金；判处被告人白某乙有期徒刑三至五年，并处罚金的量刑建议，切实有据，本院予以采纳。依照《中华人民共和国刑法》第二百六十四条、第一百三十三条、第二十五条第一款、第六十七条第一款、第六十九条、第六十四条、第四十二条、第四十四条、第四十五条、第四十七条、第五十二条、第五十三条之规定，判决如下：","pjjg":" 一、被告人蔡某某犯盗窃罪，判处有期徒刑九个月（刑期从判决执行之日起计算。判决执行以前先行羁押的，羁押一日折抵刑期一日，即从2016年7月11日起至2017年3月8日止。羁押期间取保候审的，刑期的终止日顺延。），并处罚金人民币三千元，于判决生效后三个月内缴纳。 二、被告人白某甲犯盗窃罪，判处有期徒刑七个月（刑期从判决执行之日起计算。判决执行以前先行羁押的，羁押一日折抵刑期一日，即从2016年6月13日起至2017年1月12日止），并处罚金人民币三千元，于判决生效后三个月内缴纳。、 三、被告人杨某某犯盗窃罪，判处有期徒刑六个月（刑期从判决执行之日起计算。判决执行以前先行羁押的，羁押一日折抵刑期一日，即从2016年7月8日起至2016年11月28日止。羁押期间取保候审的，刑期的终止日顺延。），并处罚金人民币三千元，于判决生效后三个月内缴纳。 四、被告人潘某某犯盗窃罪，判处拘役五个月（刑期从判决执行之日起计算。判决执行以前先行羁押的，羁押一日折抵刑期一日，即从2016年10月31日起至2016年12月30日止。羁押期间取保候审的，刑期的终止日顺延。），并处罚金人民币二千元，于判决生效后三个月内缴纳。 五、被告人白某乙犯盗窃罪，判处拘役五个月，并处罚金人民币二千元；犯交通肇事罪，判处有期徒刑三年，数罪并罚，决定执行有期徒刑三年（刑期从判决执行之日起计算。判决执行以前先行羁押的，羁押一日折抵刑期一日，即从2016年4月28日起至2019年4月27日止），并处罚金人民币二千元，于判决生效后三个月内缴纳。 六、没收涉案宁AA2226十通牌红色油罐车一辆，上缴国库。 如不服本判决，可在接到判决书的第二日起十日内通过本院或者直接向陕西省榆林市中级人民法院提起上诉，书面上诉的，应当提交上诉状正本一份，副本一份。","qw":"陕西省定边县人民法院 刑事判决书 （2016）陕0825刑初240号 公诉机关定边县人民检察院。 被告人蔡某某，男，汉族，高中。2016年5月5日因涉嫌犯盗窃罪被定边县公安局刑事拘留，同年6月7日被定边县公安局取保候审，同年7月11日被逮捕，现羁押于定边县看守所。 被告人白某甲，男，汉族，文盲，陕西省定边县人，农民。2016年6月13日因涉嫌犯盗窃罪到定边县公安局投案后被刑事拘留，同年7月8日被逮捕，现羁押于定边县看守所。 被告人杨某某，男，汉族，初中文化，陕西省定边县人，农民。2016年4月28日因涉嫌犯盗窃罪被定边县公安局刑事拘留，同年6月7日被定边县公安局取保候审，同年7月8日被逮捕，现羁押于定边县看守所。 被告人潘某某，男，汉族，初中文化，农民。2016年6月29日因涉嫌犯盗窃罪被定边县公安局刑事拘留，同年7月7日被逮捕，2016年9月29日被定边县人民检察院取保候审，2016年10月31日被定边县人民法院决定逮捕，现羁押于定边县看守所。 被告人白某乙，男，汉族，小学文化，农民。2016年4月28日因涉嫌犯交通肇事罪被定边县公安局刑事拘留，同年6月6日被逮捕，现羁押于定边县看守所。 定边县人民检察院以定检诉刑诉（2016）191号起诉书指控被告人蔡某某、白某甲、杨某某、潘某某犯盗窃罪、被告人白某乙犯盗窃罪、交通肇事罪，于2016年10月31日向本院提起公诉。2016年11月14本案由简易程序转为普通程序，依法组成合议庭，公开开庭审理了本案。定边县人民检察院指派检察员罗海蓉、代理检察员赵小荣出庭支持公诉，被告人蔡某某、白某甲、杨某某、潘某某、白某乙到庭参加诉讼。现已审理终结。 经审理查明，2016年4月27日晚上，被告人蔡某某伙同白某甲、杨某某、白某乙、潘某某、解学渊（在逃）窜至中国石油长庆油田分公司第六采油厂学庄作业区33井区胡16增安242-31井场，由被告人白某乙驾驶宁AA2226号十通牌自卸车盗窃原油8.24吨，含水49％。经鉴定，被盗原油价值人民币11340元。案发后，原油被追回。 2016年4月28日早晨6时许，被告人白某乙驾驶宁AA2226号十通牌自卸车由东向西行驶至307国道1138KM＋800M处时，在进入交叉路口未停车瞭望，与右侧由北向南行驶的被害人王某无证驾驶的无牌证三轮摩托车相撞，造成驾驶人王某、三轮车乘员王某乙、王贵送医院抢救无效死亡、两车不同程度损坏之较大交通事故。肇事后，被告人白某乙弃车逃逸。经事故责任认定，被告人白某乙应负此次事故的主要责任，被害人王某负次要作用，被害人王某乙、王贵不负事故责任。案发后，经定边县公安局交通警察大队调解，双方就民事部分达成了赔偿协议，由被告人杨某某（车主）一次性赔偿被害人王某家属死亡赔偿金、丧葬费等各类费用共计人民币59万元、被害人王某乙家属死亡赔偿金、丧葬费等各类费用共计人民币101万元、被害人王贵家属死亡赔偿金、丧葬费等各类费用共计人民币64万元，上述费用已全部兑现。 上述事实，被告人蔡某某、白某甲、杨某某、潘某某、白某乙在开庭审理过程中亦无异议，且有物证宁AA2226红色油罐车一辆、证人孙某、李某某、窦某某、王某栋、曹某某、马某某、黄某某的证言、现场指认笔录、辨认笔录、照片、接受证据清单、原油调运单、收油验收入库单、原油化验单、称重计量单、情况说明、在逃人员信息表、抓获经过、二手车交易协议书、车辆信息、行驶证信息、补充侦查说明书、户籍信息、被告人蔡某某、白某甲、杨某某、潘某某、白某乙的供述、鉴定意见等证据证实，足以认定。 另查明，2016年6月13日被告人白某甲自动到定边县公安局投案，并如实供述自己的犯罪事实。 上述事实，控、辩双方在开庭审理过程中均无异议，且有定边县公安局出具的自首情况说明、被告人白某甲的供述等证据证实，足以认定。 本院认为，被告人蔡某某、杨某某、白某甲、潘某某、白某乙以非法占有为目的，采用秘密窃取的手段伙同盗取国有企业原油，数额较大，其行为侵犯了国有企业财物所有权，构成盗窃罪，公诉机关指控罪名成立，本院予以支持，应以盗窃罪追究被告人蔡某某、白某甲、杨某某、潘某某、白某乙的刑事责任。被告人白某乙违反道路运输管理法规，持与准驾车型不符的驾驶证驾驶严重超载的车辆上路行驶，在进入交叉路口前未停车瞭望，未让右方道路来车先行，且采取措施不当，驶入逆线，导致整车制动性能下降，造成事故后，致三人死亡，其行为构成交通肇事罪，应以盗窃罪、交通肇事罪数罪并罚追究被告人白某乙的刑事责任。被告人白某乙在肇事后，为逃避法律追究，不积极抢救被害人而弃车逃逸，情节恶劣，后果严重。鉴于在肇事后，车主能够积极主动赔偿各被害人的全部经济损失，可对其酌情从轻处罚。被告人白某甲在案发后，能够自动投案，并如实供述自己的犯罪事实，属自首，依法可对其从轻处罚。涉案拉运原油车辆应予没收，上缴国库。鉴于被告人蔡某某、杨某某、潘某某、白某乙在案发后，认罪态度尚好，确有悔罪表现，所盗原油被追回，可酌情对五被告人从轻处罚。被告人潘某某、白某乙在盗窃犯罪中作用相对较轻。公诉机关建议判处被告人蔡某某、杨某某有期徒刑六个月至一年，并处罚金；判处被告人白某乙有期徒刑三至五年，并处罚金的量刑建议，切实有据，本院予以采纳。依照《中华人民共和国刑法》第二百六十四条、第一百三十三条、第二十五条第一款、第六十七条第一款、第六十九条、第六十四条、第四十二条、第四十四条、第四十五条、第四十七条、第五十二条、第五十三条之规定，判决如下： 一、被告人蔡某某犯盗窃罪，判处有期徒刑九个月（刑期从判决执行之日起计算。判决执行以前先行羁押的，羁押一日折抵刑期一日，即从2016年7月11日起至2017年3月8日止。羁押期间取保候审的，刑期的终止日顺延。），并处罚金人民币三千元，于判决生效后三个月内缴纳。 二、被告人白某甲犯盗窃罪，判处有期徒刑七个月（刑期从判决执行之日起计算。判决执行以前先行羁押的，羁押一日折抵刑期一日，即从2016年6月13日起至2017年1月12日止），并处罚金人民币三千元，于判决生效后三个月内缴纳。、 三、被告人杨某某犯盗窃罪，判处有期徒刑六个月（刑期从判决执行之日起计算。判决执行以前先行羁押的，羁押一日折抵刑期一日，即从2016年7月8日起至2016年11月28日止。羁押期间取保候审的，刑期的终止日顺延。），并处罚金人民币三千元，于判决生效后三个月内缴纳。 四、被告人潘某某犯盗窃罪，判处拘役五个月（刑期从判决执行之日起计算。判决执行以前先行羁押的，羁押一日折抵刑期一日，即从2016年10月31日起至2016年12月30日止。羁押期间取保候审的，刑期的终止日顺延。），并处罚金人民币二千元，于判决生效后三个月内缴纳。 五、被告人白某乙犯盗窃罪，判处拘役五个月，并处罚金人民币二千元；犯交通肇事罪，判处有期徒刑三年，数罪并罚，决定执行有期徒刑三年（刑期从判决执行之日起计算。判决执行以前先行羁押的，羁押一日折抵刑期一日，即从2016年4月28日起至2019年4月27日止），并处罚金人民币二千元，于判决生效后三个月内缴纳。 六、没收涉案宁AA2226十通牌红色油罐车一辆，上缴国库。 如不服本判决，可在接到判决书的第二日起十日内通过本院或者直接向陕西省榆林市中级人民法院提起上诉，书面上诉的，应当提交上诉状正本一份，副本一份。 审判长李彩霞 审判员孟昭江 人民陪审员胡莎莎 二〇一六年十一月二十八日 书记员齐浩宇","writId":"0527c023088430314e2e5c12fd2dab9dd0b","writName":"蔡某某等五人盗窃罪一审刑事判决书"}
