{"ajId":"45feefb7-1fb7-4cde-8220-564d47ba2e07","ajName":"吴伟培抢劫、强奸一案","ajjbqk":" 原判认定，（一）强奸罪 2016年5月27日晚8时许，被告人吴伟培携带一支钢针窜至中山市南头镇XX路段，见女青年李某独自经过该路段，被告人吴伟培冲到李某身后用钢针顶住李某颈部，将李某挟持到路边草丛里，对李某进行亲吻、抚摸，后又先后将李某挟持到附近一个废弃厕所和一废弃房间内，意图强行与李某发生性关系，李某假装同意并提出到宾馆开房，被告人吴伟培遂拉着李某离开废弃房间走上大路。二人途经新沙公园时，李某趁机挣脱并向公园休息的群众求救，被告人吴伟培随即逃离现场。 （二）抢劫罪 2016年6月14日晚11时许，被告人吴伟培携带一把红色美工刀窜至南头镇XX路段，见女青年池某独自一人走在路上，随即跟踪池某准备抢劫作案，当池某走到南头镇XX路住宅楼打开院门后，被告人吴伟培立即持美工刀冲到院内对池某进行威胁，池某见状大叫，池某的男朋友罗某随即从该出租屋二楼下来查看，被告人吴伟培见无法得逞遂逃出院子，被院门口的两名群众抓获并交公安机关归案，公安人员当场从被告人吴伟培处缴获作案用红色美工刀1把。 原判认定上述事实有物证、书证、证人证言、被害人陈述、被告人吴伟培供述、现场勘查笔录及现场照片、鉴定意见、辨认笔录、视听资料等证据证实。 原判据此认为，被告人吴伟培无视国家法律，以胁迫方法入户抢劫他人财物，其行为已构成抢劫罪；且以暴力手段强奸妇女，其行为又已构成强奸罪，依法应当数罪并罚。被告人吴伟培抢劫、强奸犯罪未遂，依法均可以比照既遂犯减轻处罚。被告人吴伟培在有期徒刑刑罚执行完毕以后，五年以内再犯应当判处有期徒刑以上刑罚之罪，是累犯，依法应当从重处罚。被告人吴伟培归案后能如实供述其罪行，依法可以从轻处罚。依照《中华人民共和国刑法》第二百六十三条第（一）项、第二百三十六条第一款、第六十九条、第二十三条、第六十五条第一款、第六十七条第三款、第六十四条之规定，作出判决：一、被告人吴伟培犯抢劫罪，判处有期徒刑六年三个月，并处罚金五千元；犯强奸罪，判处有期徒刑二年一个月；总和刑期八年四个月，并处罚金五千元。决定执行有期徒刑八年，并处罚金五千元；二、缴获的作案工具美工刀1把、钢针1支，予以没收，由扣押的公安机关依法处理。 上诉人吴伟培上诉提出：南头镇XX路住宅楼一楼院子是租房人共同使用，其只进入了院子里，并没有进入租房内，也没有对池某实施抢劫行为，不能认定其入户抢劫，且其强奸犯罪未遂，原判对其量刑过重，请求本院从轻改判。 上诉人吴伟培的辩护人提出：1．上诉人既没有造成受害人身体受伤又没有犯罪所得，犯罪情节较轻，主观恶性较小，社会危害性不大；2．上诉人属于犯罪未遂，可以比照既遂犯从轻或减轻处罚；3．上诉人归案后如实供述自己罪行，认罪态度良好，请求对其从轻改判。 中山市人民检察院检察员的出庭意见是：上诉人吴伟培抢劫、强奸犯罪的事实清楚，证据充分，其行为构成抢劫罪和强奸罪，且属于入户抢劫，但上诉人吴伟培因抢劫犯罪被抓后主动供述其强奸的犯罪事实，可认定其强奸犯罪有自首情节，建议本院依法判决。 经审理查明，（一）强奸罪 2016年5月27日晚8时许，上诉人吴伟培携带一支钢针窜至中山市南头镇XX路段，见女青年李某独自经过该路段，趁李某不备冲到李某身后，手持钢针顶住李某颈部，以伤害李某性命相要挟，将李某挟持到路边草丛里，对李某进行亲吻、抚摸，被李某阻止后，上诉人吴伟培先后将李某挟持到附近一个废弃厕所和一间废弃房间内，意图强行与李某发生性关系，李某假装同意上诉人吴伟培的性要求并提出去宾馆开房，上诉人吴伟培表示同意并将手中的钢针交给李某，随后拉着李某离开废弃房间走上大路。二人途经新沙公园时，李某趁机挣脱并向公园休息的群众求救，上诉人吴伟培随即逃离现场。 认定上述事实有被害人李某的陈述及辨认笔录、中山市公安局南头分局升辉派出所出具的接受证据清单、处理物品清单、缴获的作案工具照片、现场勘验检查笔录、现场方位图及现场照片、被害人李某的伤情照片、现场视频录像及截图资料、办案说明、上诉人吴伟培的供述及辨认笔录等证据证实。 （二）抢劫罪 2016年6月14日晚11时许，上诉人吴伟培携带一把红色美工刀窜至南头镇水XX路段，见女青年池某独自一人走在路上，随即跟踪池某准备抢劫作案，当池某走到南头镇XX路住宅楼打开院门后，上诉人吴伟培立即持美工刀冲进院内对池某进行威胁，池某见状大叫，池某的男朋友罗某随即从该出租屋二楼下来查看，上诉人吴伟培见无法得逞遂逃出院子，被院门口的两名群众抓获并交公安机关归案，公安人员当场从上诉人吴伟培处缴获作案用红色美工刀1把。上诉人吴伟培归案后，主动向公安机关交代了其强奸犯罪的事实。 经广东埠湖法医精神病司法鉴定所鉴定，上诉人吴伟培患有“轻度（偏轻）精神发育迟滞”，在2016年5月27日、2016年6月14日两次案发期间，上诉人吴伟培的辨认、控制能力均正常（即具有完全刑事责任能力）。 认定上述事实有被害人池某的陈述及辨认笔录、中山市公安局南头分局南城派出所出具的抓获及缴赃经过、扣押决定书、扣押笔录、扣押清单、缴获的作案工具照片、现场勘验检查笔录、现场方位图及现场照片、办案说明、广东埠湖法医精神病司法鉴定所出具的司法鉴定意见书、广东省电白县人民法院（2009）电刑初字第218号刑事判决书、广东省高明监狱出具的释放证明书、证人罗某的证言及辨认笔录、证人黄某的证言、上诉人吴伟培的供述及辨认笔录等证据证实。 上述证据经原审法院及本院庭审质证，均予以确认。 对于上诉人吴伟培和辩护人所提上诉、辩护意见，以及检察机关检察员所提出庭意见，本院评判如下： 1．根据被害人池某陈述、证人黄某证言以及现场照片，证实抢劫案发地南头镇XX路住宅楼只有被害人池某及其男朋友一家人居住，并没有其他租客，一楼院子仅供他们出入，并装有防盗门，是封闭的院落，并非共用之地。案发当晚上诉人吴伟培跟踪被害人池某并冲进院子后，持刀欲对池某进行抢劫的犯罪事实，不仅有上诉人吴伟培归案后稳定的供述证实，还有被害人池某的陈述、证人罗某的证言以及当场缴获的作案工具美工刀等证据予以证实，因此，上诉人吴伟培的行为构成入户抢劫，其提出不构成入户抢劫的意见不能成立，不予采纳。 2．上诉人吴伟培案发前曾因强奸犯罪被判刑，刑满释放后仍不思悔改，又两次预谋作案，并携带作案工具专门选择单身女子为作案对象，在作案过程以暴力手段威胁被害人实施抢劫、强奸犯罪，虽然因其意志以外的原因未能得逞，但也足见其主观恶性和人身危害性较大，故辩护人提出上诉人犯罪情节较轻，主观恶性和社会危害性不大的意见不能成立，不予采纳。至于上诉人吴伟培及其辩护人提出本案是犯罪未遂及上诉人具有坦白情节的意见，原审判决对此已予认定并对上诉人作出减轻处罚，上诉人及辩护人再以此为由请求从轻处罚不予采纳。 3．根据案卷材料反映，上诉人吴伟培因抢劫犯罪被抓获后，侦查人员在2016年6月15日下午13时30分对其制作讯问笔录时，讯问上诉人除了本案抢劫犯罪外，是否还有其他违法犯罪没有交代，上诉人即交代了其强奸被害人李某的犯罪行为，侦查人员于当晚8时40分才制作了被害人李某辨认上诉人吴伟培就是作案嫌疑人的辨认笔录，此外，根据公安机关在二审期间出具的办案说明，公安人员在讯问上诉人时只是发现上诉人所穿衣服与强奸未遂案中的嫌疑人相似，并没有确定上诉人就是该案嫌疑人，因此，上诉人吴伟培在公安机关尚未掌握其强奸犯罪的情况下主动供述其该宗罪行，可认定其在强奸犯罪中有自首情节，对检察机关提出上诉人在强奸犯罪中具有自首情节的意见予以采纳。 ","cpfxgc":"本院认为，上诉人吴伟培无视国家法律，以胁迫方法入户抢劫他人财物，其行为已构成抢劫罪；且以暴力手段强奸妇女，其行为又已构成强奸罪，均应依法惩处。上诉人吴伟培在判决宣告以前犯抢劫罪、强奸罪，依法应当数罪并罚。上诉人吴伟培抢劫、强奸犯罪未遂，依法均可以比照既遂犯减轻处罚。上诉人吴伟培在有期徒刑刑罚执行完毕以后，五年以内再犯应当判处有期徒刑以上刑罚之罪，是累犯，依法应当从重处罚。上诉人吴伟培在强奸犯罪中具有自首情节，依法可对其该宗犯罪从轻处罚，且其归案后能如实供述抢劫的罪行，依法亦可对其抢劫犯罪从轻处罚。原审判决认定上诉人吴伟培犯罪的事实清楚，证据确实充分，定罪正确，审判程序合法，但未认定上诉人吴伟培在强奸犯罪中有自首情节不当，应予纠正。上诉人吴伟培及其辩护人所提上诉和辩护意见，经上述分析均不能成立，不予采纳。对于中山市人民检察院所提本案定性、事实认定及上诉人在强奸犯罪中具有自首情节的意见予以采纳。依照《中华人民共和国刑事诉讼法》第二百二十五条第一款第（二）项、《中华人民共和国刑法》第二百六十三条第（一）项、第二百三十六条第一款、第六十九条、第二十三条、第六十五条第一款、第六十七条第一、三款、第六十四条、《最高人民法院关于处理自首和立功具体应用法律若干问题的解释》第一条、第三条的规定，判决如下：","pjjg":" 一、维持广东省中山市第二人民法院（2017）粤2072刑初239号刑事判决第一项中对上诉人（原审被告人）吴伟培抢劫犯罪的定罪量刑和对强奸犯罪的定罪部分以及第二项判决； 二、撤销广东省中山市第二人民法院（2017）粤2072刑初239号刑事判决第一项中对上诉人（原审被告人）吴伟培强奸罪的量刑部分； 三、上诉人（原审被告人）吴伟培犯抢劫罪，判处有期徒刑六年三个月，并处罚金人民币五千元；犯强奸罪，判处有期徒刑一年九个月；总和刑期八年，并处罚金人民币五千元。决定执行有期徒刑七年六个月，并处罚金人民币五千元。 （刑期从判决执行之日起计算。判决执行以前先行羁押的，羁押一日折抵刑期一日，即自2016年6月14日起至2023年12月13日止。罚金自本判决发生法律效力之日起三十日内缴纳，期满不缴纳的，强制缴纳。） 本判决为终审判决。","qw":"吴伟培抢劫、强奸二审刑事判决书 广东省中山市中级人民法院 刑事判决书 （2017）粤20刑终162号 原公诉机关广东省中山市第二市区人民检察院。 上诉人（原审被告人）吴伟培，男，1986年3月16日出生，汉族，小学文化，农民，户籍所在地广东省电白县（以上均为自报）。2009年9月14日因犯强奸罪被广东省电白县人民法院判处有期徒刑6年，2014年9月12日刑满释放。因本案于2016年6月14日被羁押，次日被刑事拘留，同年7月22日被逮捕。现押于中山市看守所。 指定辩护人李伟光，广东南鹏展法律师事务所律师。 广东省中山市第二人民法院审理广东省中山市第二市区人民检察院指控原审被告人吴伟培犯抢劫罪、强奸罪一案，于2017年4月20日作出（2017）粤2072刑初239号刑事判决，原审被告人吴伟培不服，提出上诉。本院依法组成合议庭，因本案涉及个人隐私，不公开开庭审理了本案。中山市人民检察院指派检察员陈俊涛出庭履行职务，上诉人吴伟培及其指定辩护人李伟光到庭参加诉讼，现已审理终结。 原判认定，（一）强奸罪 2016年5月27日晚8时许，被告人吴伟培携带一支钢针窜至中山市南头镇XX路段，见女青年李某独自经过该路段，被告人吴伟培冲到李某身后用钢针顶住李某颈部，将李某挟持到路边草丛里，对李某进行亲吻、抚摸，后又先后将李某挟持到附近一个废弃厕所和一废弃房间内，意图强行与李某发生性关系，李某假装同意并提出到宾馆开房，被告人吴伟培遂拉着李某离开废弃房间走上大路。二人途经新沙公园时，李某趁机挣脱并向公园休息的群众求救，被告人吴伟培随即逃离现场。 （二）抢劫罪 2016年6月14日晚11时许，被告人吴伟培携带一把红色美工刀窜至南头镇XX路段，见女青年池某独自一人走在路上，随即跟踪池某准备抢劫作案，当池某走到南头镇XX路住宅楼打开院门后，被告人吴伟培立即持美工刀冲到院内对池某进行威胁，池某见状大叫，池某的男朋友罗某随即从该出租屋二楼下来查看，被告人吴伟培见无法得逞遂逃出院子，被院门口的两名群众抓获并交公安机关归案，公安人员当场从被告人吴伟培处缴获作案用红色美工刀1把。 原判认定上述事实有物证、书证、证人证言、被害人陈述、被告人吴伟培供述、现场勘查笔录及现场照片、鉴定意见、辨认笔录、视听资料等证据证实。 原判据此认为，被告人吴伟培无视国家法律，以胁迫方法入户抢劫他人财物，其行为已构成抢劫罪；且以暴力手段强奸妇女，其行为又已构成强奸罪，依法应当数罪并罚。被告人吴伟培抢劫、强奸犯罪未遂，依法均可以比照既遂犯减轻处罚。被告人吴伟培在有期徒刑刑罚执行完毕以后，五年以内再犯应当判处有期徒刑以上刑罚之罪，是累犯，依法应当从重处罚。被告人吴伟培归案后能如实供述其罪行，依法可以从轻处罚。依照《中华人民共和国刑法》第二百六十三条第（一）项、第二百三十六条第一款、第六十九条、第二十三条、第六十五条第一款、第六十七条第三款、第六十四条之规定，作出判决：一、被告人吴伟培犯抢劫罪，判处有期徒刑六年三个月，并处罚金五千元；犯强奸罪，判处有期徒刑二年一个月；总和刑期八年四个月，并处罚金五千元。决定执行有期徒刑八年，并处罚金五千元；二、缴获的作案工具美工刀1把、钢针1支，予以没收，由扣押的公安机关依法处理。 上诉人吴伟培上诉提出：南头镇XX路住宅楼一楼院子是租房人共同使用，其只进入了院子里，并没有进入租房内，也没有对池某实施抢劫行为，不能认定其入户抢劫，且其强奸犯罪未遂，原判对其量刑过重，请求本院从轻改判。 上诉人吴伟培的辩护人提出：1．上诉人既没有造成受害人身体受伤又没有犯罪所得，犯罪情节较轻，主观恶性较小，社会危害性不大；2．上诉人属于犯罪未遂，可以比照既遂犯从轻或减轻处罚；3．上诉人归案后如实供述自己罪行，认罪态度良好，请求对其从轻改判。 中山市人民检察院检察员的出庭意见是：上诉人吴伟培抢劫、强奸犯罪的事实清楚，证据充分，其行为构成抢劫罪和强奸罪，且属于入户抢劫，但上诉人吴伟培因抢劫犯罪被抓后主动供述其强奸的犯罪事实，可认定其强奸犯罪有自首情节，建议本院依法判决。 经审理查明，（一）强奸罪 2016年5月27日晚8时许，上诉人吴伟培携带一支钢针窜至中山市南头镇XX路段，见女青年李某独自经过该路段，趁李某不备冲到李某身后，手持钢针顶住李某颈部，以伤害李某性命相要挟，将李某挟持到路边草丛里，对李某进行亲吻、抚摸，被李某阻止后，上诉人吴伟培先后将李某挟持到附近一个废弃厕所和一间废弃房间内，意图强行与李某发生性关系，李某假装同意上诉人吴伟培的性要求并提出去宾馆开房，上诉人吴伟培表示同意并将手中的钢针交给李某，随后拉着李某离开废弃房间走上大路。二人途经新沙公园时，李某趁机挣脱并向公园休息的群众求救，上诉人吴伟培随即逃离现场。 认定上述事实有被害人李某的陈述及辨认笔录、中山市公安局南头分局升辉派出所出具的接受证据清单、处理物品清单、缴获的作案工具照片、现场勘验检查笔录、现场方位图及现场照片、被害人李某的伤情照片、现场视频录像及截图资料、办案说明、上诉人吴伟培的供述及辨认笔录等证据证实。 （二）抢劫罪 2016年6月14日晚11时许，上诉人吴伟培携带一把红色美工刀窜至南头镇水XX路段，见女青年池某独自一人走在路上，随即跟踪池某准备抢劫作案，当池某走到南头镇XX路住宅楼打开院门后，上诉人吴伟培立即持美工刀冲进院内对池某进行威胁，池某见状大叫，池某的男朋友罗某随即从该出租屋二楼下来查看，上诉人吴伟培见无法得逞遂逃出院子，被院门口的两名群众抓获并交公安机关归案，公安人员当场从上诉人吴伟培处缴获作案用红色美工刀1把。上诉人吴伟培归案后，主动向公安机关交代了其强奸犯罪的事实。 经广东埠湖法医精神病司法鉴定所鉴定，上诉人吴伟培患有“轻度（偏轻）精神发育迟滞”，在2016年5月27日、2016年6月14日两次案发期间，上诉人吴伟培的辨认、控制能力均正常（即具有完全刑事责任能力）。 认定上述事实有被害人池某的陈述及辨认笔录、中山市公安局南头分局南城派出所出具的抓获及缴赃经过、扣押决定书、扣押笔录、扣押清单、缴获的作案工具照片、现场勘验检查笔录、现场方位图及现场照片、办案说明、广东埠湖法医精神病司法鉴定所出具的司法鉴定意见书、广东省电白县人民法院（2009）电刑初字第218号刑事判决书、广东省高明监狱出具的释放证明书、证人罗某的证言及辨认笔录、证人黄某的证言、上诉人吴伟培的供述及辨认笔录等证据证实。 上述证据经原审法院及本院庭审质证，均予以确认。 对于上诉人吴伟培和辩护人所提上诉、辩护意见，以及检察机关检察员所提出庭意见，本院评判如下： 1．根据被害人池某陈述、证人黄某证言以及现场照片，证实抢劫案发地南头镇XX路住宅楼只有被害人池某及其男朋友一家人居住，并没有其他租客，一楼院子仅供他们出入，并装有防盗门，是封闭的院落，并非共用之地。案发当晚上诉人吴伟培跟踪被害人池某并冲进院子后，持刀欲对池某进行抢劫的犯罪事实，不仅有上诉人吴伟培归案后稳定的供述证实，还有被害人池某的陈述、证人罗某的证言以及当场缴获的作案工具美工刀等证据予以证实，因此，上诉人吴伟培的行为构成入户抢劫，其提出不构成入户抢劫的意见不能成立，不予采纳。 2．上诉人吴伟培案发前曾因强奸犯罪被判刑，刑满释放后仍不思悔改，又两次预谋作案，并携带作案工具专门选择单身女子为作案对象，在作案过程以暴力手段威胁被害人实施抢劫、强奸犯罪，虽然因其意志以外的原因未能得逞，但也足见其主观恶性和人身危害性较大，故辩护人提出上诉人犯罪情节较轻，主观恶性和社会危害性不大的意见不能成立，不予采纳。至于上诉人吴伟培及其辩护人提出本案是犯罪未遂及上诉人具有坦白情节的意见，原审判决对此已予认定并对上诉人作出减轻处罚，上诉人及辩护人再以此为由请求从轻处罚不予采纳。 3．根据案卷材料反映，上诉人吴伟培因抢劫犯罪被抓获后，侦查人员在2016年6月15日下午13时30分对其制作讯问笔录时，讯问上诉人除了本案抢劫犯罪外，是否还有其他违法犯罪没有交代，上诉人即交代了其强奸被害人李某的犯罪行为，侦查人员于当晚8时40分才制作了被害人李某辨认上诉人吴伟培就是作案嫌疑人的辨认笔录，此外，根据公安机关在二审期间出具的办案说明，公安人员在讯问上诉人时只是发现上诉人所穿衣服与强奸未遂案中的嫌疑人相似，并没有确定上诉人就是该案嫌疑人，因此，上诉人吴伟培在公安机关尚未掌握其强奸犯罪的情况下主动供述其该宗罪行，可认定其在强奸犯罪中有自首情节，对检察机关提出上诉人在强奸犯罪中具有自首情节的意见予以采纳。 本院认为，上诉人吴伟培无视国家法律，以胁迫方法入户抢劫他人财物，其行为已构成抢劫罪；且以暴力手段强奸妇女，其行为又已构成强奸罪，均应依法惩处。上诉人吴伟培在判决宣告以前犯抢劫罪、强奸罪，依法应当数罪并罚。上诉人吴伟培抢劫、强奸犯罪未遂，依法均可以比照既遂犯减轻处罚。上诉人吴伟培在有期徒刑刑罚执行完毕以后，五年以内再犯应当判处有期徒刑以上刑罚之罪，是累犯，依法应当从重处罚。上诉人吴伟培在强奸犯罪中具有自首情节，依法可对其该宗犯罪从轻处罚，且其归案后能如实供述抢劫的罪行，依法亦可对其抢劫犯罪从轻处罚。原审判决认定上诉人吴伟培犯罪的事实清楚，证据确实充分，定罪正确，审判程序合法，但未认定上诉人吴伟培在强奸犯罪中有自首情节不当，应予纠正。上诉人吴伟培及其辩护人所提上诉和辩护意见，经上述分析均不能成立，不予采纳。对于中山市人民检察院所提本案定性、事实认定及上诉人在强奸犯罪中具有自首情节的意见予以采纳。依照《中华人民共和国刑事诉讼法》第二百二十五条第一款第（二）项、《中华人民共和国刑法》第二百六十三条第（一）项、第二百三十六条第一款、第六十九条、第二十三条、第六十五条第一款、第六十七条第一、三款、第六十四条、《最高人民法院关于处理自首和立功具体应用法律若干问题的解释》第一条、第三条的规定，判决如下： 一、维持广东省中山市第二人民法院（2017）粤2072刑初239号刑事判决第一项中对上诉人（原审被告人）吴伟培抢劫犯罪的定罪量刑和对强奸犯罪的定罪部分以及第二项判决； 二、撤销广东省中山市第二人民法院（2017）粤2072刑初239号刑事判决第一项中对上诉人（原审被告人）吴伟培强奸罪的量刑部分； 三、上诉人（原审被告人）吴伟培犯抢劫罪，判处有期徒刑六年三个月，并处罚金人民币五千元；犯强奸罪，判处有期徒刑一年九个月；总和刑期八年，并处罚金人民币五千元。决定执行有期徒刑七年六个月，并处罚金人民币五千元。 （刑期从判决执行之日起计算。判决执行以前先行羁押的，羁押一日折抵刑期一日，即自2016年6月14日起至2023年12月13日止。罚金自本判决发生法律效力之日起三十日内缴纳，期满不缴纳的，强制缴纳。） 本判决为终审判决。 审判长梁容坚 审判员周绍庄 代理审判员梁凌波 二〇一七年八月十日 书记员刘佩琪","writId":"04593cfe108aea3fe0f2b20830134630886","writName":"吴伟培抢劫、强奸二审刑事判决书"}
