{"ajId":"bbcb3a3f-2f2a-47e6-bcba-12542b955960","ajName":"罗某某贷款诈骗一案","ajjbqk":" 经审理查明：2003年2月期间，时任瑞金市云石山邮政储蓄所所长欧某某（已判刑）为了在中国农业银行瑞金支行骗取贷款，指使袁某某（已判刑）、杨某某（已判刑）变造了一张客户名为杨某某、面额为九万元的邮政储蓄定期存单，欧某某将该存单出示给当时担任瑞金市云石山邮政储蓄所营业员的罗某某，同时告诉罗某某该存单系假存单，要用该存单作为中国农业银行瑞金支行云石山分理处的质押贷款，要求罗某某在农业银行工作人员前来调查时盖章确定。罗某某开始不同意，后来欧某某说有事他会承担，罗某某考虑到欧某某是所长，并相信他会归还贷款就同意了。 2003年3月15日，中国农业银行瑞金支行云石山分理处主任毛某某来到云石山邮政储蓄所核实欧某某提供变造的九万元定期存单的情况时，罗某某明知该存单是虚假的情况下，仍在《中国农业银行质押凭证止付通知书》上加盖邮政储蓄所的印章和个人印章予以确认，为该存单作虚假证明，致使欧某某在中国农业银行瑞金支行云石山分理处贷款诈骗七万元。 另查明，被告人罗某某于2015年9月21日主动到瑞金市公安局经侦大队投案，并如实供述自己的罪行。 上述事实，被告人罗某某在开庭审理过程中亦无异议，且有同案人欧某某、袁某某、杨某某的供述，证人宋某某、毛某某、李某某、徐某某的证言，假冒的中国人民邮政整存整取定期储蓄存单复印件，中国农业银行存贷款利息交易回单、借款凭证、质押凭证止付通知书复印件，本院（2004）瑞刑初字第11号、第109号刑事判决书复印件，瑞金市公安局的受案登记表、拘留证及出具的证明、立功受案登记表、被告人的归案说明，被告人的常住人口信息等证据证实，经庭审质证，足以认定。 ","cpfxgc":"本院认为，被告人罗某某虚构事实帮助欧某某非法占有贷款，其行为已构成贷款诈骗罪。公诉机关指控被告人的罪名成立。被告人罗某某在贷款诈骗中起次要作用，系从犯；被告人罗某某能够主动投案，如实交待自己的犯罪事实，系自首。鉴于被告人罗某某具有从犯、自首情节，可以减轻处罚。根据《中华人民共和国刑法》第一百九十三条、第二十七条、第六十七条第一款之规定，判决如下：","pjjg":" 被告人罗某某犯贷款诈骗罪，判处拘役一个半月，并处罚金人民币20000元。 （刑期自判决执行之日起计算。判决前先行羁押的，羁押一日折抵刑期一日。即被告人罗某某的刑期自2016年1月13日起至2016年1月29日止；罚金限本判决生效后十日内缴纳） 如不服本判决，可在接到判决书的第二日起十日内，通过本院或者直接向江西省赣州市中级人民法院提出上诉。书面上诉的，应提交上诉状正本一份，副本二份。","qw":"罗某某贷款诈骗案一审刑事判决书 江西省瑞金市人民法院 刑事判决书 （2016）赣0781刑初12号 公诉机关瑞金市人民检察院。 被告人罗某某，男，1974年11月17日出生于瑞金市，汉族，高中文化，务工。因涉嫌犯变造金融票证罪于2003年7月5日被瑞金市公安局刑事拘留，于同年8月1日释放；因涉嫌犯贷款诈骗罪于2015年9月21日主动到瑞金市公安局投案自首，同年9月24日被瑞金市公安局取保候审，同年12月10日被瑞金市人民检察院取保候审，2016年1月13日经本院决定由瑞金市公安局执行逮捕。现羁押于瑞金市看守所。 瑞金市人民检察院以瑞检公诉刑诉［2015］207号起诉书指控被告人罗某某犯贷款诈骗罪，于2016年1月5日向本院提起公诉。本院于同日立案受理，依法组成合议庭，公开开庭审理了本案。瑞金市人民检察院指派代理检察员曾鹏出庭支持公诉，被告人罗某某到庭参加诉讼。现已审理终结。 经审理查明：2003年2月期间，时任瑞金市云石山邮政储蓄所所长欧某某（已判刑）为了在中国农业银行瑞金支行骗取贷款，指使袁某某（已判刑）、杨某某（已判刑）变造了一张客户名为杨某某、面额为九万元的邮政储蓄定期存单，欧某某将该存单出示给当时担任瑞金市云石山邮政储蓄所营业员的罗某某，同时告诉罗某某该存单系假存单，要用该存单作为中国农业银行瑞金支行云石山分理处的质押贷款，要求罗某某在农业银行工作人员前来调查时盖章确定。罗某某开始不同意，后来欧某某说有事他会承担，罗某某考虑到欧某某是所长，并相信他会归还贷款就同意了。 2003年3月15日，中国农业银行瑞金支行云石山分理处主任毛某某来到云石山邮政储蓄所核实欧某某提供变造的九万元定期存单的情况时，罗某某明知该存单是虚假的情况下，仍在《中国农业银行质押凭证止付通知书》上加盖邮政储蓄所的印章和个人印章予以确认，为该存单作虚假证明，致使欧某某在中国农业银行瑞金支行云石山分理处贷款诈骗七万元。 另查明，被告人罗某某于2015年9月21日主动到瑞金市公安局经侦大队投案，并如实供述自己的罪行。 上述事实，被告人罗某某在开庭审理过程中亦无异议，且有同案人欧某某、袁某某、杨某某的供述，证人宋某某、毛某某、李某某、徐某某的证言，假冒的中国人民邮政整存整取定期储蓄存单复印件，中国农业银行存贷款利息交易回单、借款凭证、质押凭证止付通知书复印件，本院（2004）瑞刑初字第11号、第109号刑事判决书复印件，瑞金市公安局的受案登记表、拘留证及出具的证明、立功受案登记表、被告人的归案说明，被告人的常住人口信息等证据证实，经庭审质证，足以认定。 本院认为，被告人罗某某虚构事实帮助欧某某非法占有贷款，其行为已构成贷款诈骗罪。公诉机关指控被告人的罪名成立。被告人罗某某在贷款诈骗中起次要作用，系从犯；被告人罗某某能够主动投案，如实交待自己的犯罪事实，系自首。鉴于被告人罗某某具有从犯、自首情节，可以减轻处罚。根据《中华人民共和国刑法》第一百九十三条、第二十七条、第六十七条第一款之规定，判决如下： 被告人罗某某犯贷款诈骗罪，判处拘役一个半月，并处罚金人民币20000元。 （刑期自判决执行之日起计算。判决前先行羁押的，羁押一日折抵刑期一日。即被告人罗某某的刑期自2016年1月13日起至2016年1月29日止；罚金限本判决生效后十日内缴纳） 如不服本判决，可在接到判决书的第二日起十日内，通过本院或者直接向江西省赣州市中级人民法院提出上诉。书面上诉的，应提交上诉状正本一份，副本二份。 审判长谢瑞琴 人民陪审员徐德清 人民陪审员杨建玲 二〇一六年一月二十九日 代书记员罗艳云","writId":"0318b10c83c83556b2e254e3f46d73b7028","writName":"罗某某贷款诈骗案一审刑事判决书"}
