{"ajId":"efdc78e5-93f2-49bb-a4c8-5a786dbc7267","ajName":"陈丕占强奸一案","ajjbqk":" 公诉机关指控，2018年5月13日13时许，被告人陈丕占与被害人吴某1通过世纪佳缘网结识后，陈丕占虚构身份和家庭背景欺骗吴某1并约定与吴某1见面。当日19时许，二人在天津市和平区南门外大街亮剑餐厅见面吃饭后，陈丕占将吴某1带至南开区×号房间内。陈丕占欲与吴某1发生性关系遭到拒绝后，陈丕占殴打吴某1，并强行亲吻吴某1、抚摸吴某1胸部、隐私处。在吴某1的反抗下，陈丕占放弃施暴行为并让吴某1离开×号房间，吴某1离开房间后拨打电话报警。案经侦查，公安机关于2018年5月30日将陈丕占抓获归案。经鉴定，吴某1左颞顶软组织挫伤构成轻微伤。 公诉机关当庭出示了书证材料、被害人陈述、被告人的供述与辩解、鉴定意见等证据。公诉机关据此认为，被告人陈丕占的行为触犯《中华人民共和国刑法》第三百三十六条的规定，应以强奸罪追究刑事责任。鉴于被告人陈丕占具有犯罪中止、如实供述及认罪认罚的情节，建议对被告人陈丕占判处有期徒刑一年至二年。提请法院依法判决。 上述事实，被告人陈丕占在开庭审理过程中亦无异议，并有公安机关出具的案件来源、抓获经过、情况说明，医院检查报告书，诊断证明书，微信聊天记录，旅客住宿登记单，户籍身份证明，现场勘验笔录，被害人吴某1陈述，被告人陈丕占的供述与辩解、鉴定意见及视听资料等证据证实，足以认定。 ","cpfxgc":"本院认为，被告人陈丕占违背妇女意志，采取暴力、威胁手段，强行与妇女发生性关系，其行为构成强奸罪，依法应予惩处。公诉机关对被告人陈丕占的指控成立，所提量刑建议较为适当。被告人陈丕占在实施犯罪过程中，主动放弃犯罪，系犯罪中止，应当减轻处罚。被告人陈丕占在归案后能够如实供述犯罪事实，可以从轻处罚；其签署认罪认罚具结书，当庭亦未提出异议，可以从宽处罚。综合考虑犯罪情节、社会危害性及被告人的认罪态度等因素，依照《中华人民共和国刑法》第二百三十六条、第二十四条、第六十七条第三款、第四十七条的规定，判决如下：","pjjg":" 被告人陈丕占犯强奸罪，判处有期徒刑一年八个月。 （刑期从判决执行之日起计算，判决执行以前先行羁押的，羁押一日折抵刑期一日，即自2018年5月30日起至2020年1月29日止。） 如不服本判决，可在接到判决书的第二日起十日内，通过本院或者直接向天津市第一中级人民法院提出上诉。书面上诉的，应提交上诉状正本一份，副本二份。","qw":"天津市南开区人民法院 刑事判决书 （2018）津0104刑初597号 公诉机关天津市南开区人民检察院。 被告人陈丕占，男，1984年8月7日出生于河南省，汉族，大学文化，无业，捕前租住天津市河东区（户籍地为河南省台前县）。2018年5月30日被刑事拘留，同年6月13日被逮捕。现羁押在天津市南开区看守所。 天津市南开区人民检察院以津南检公诉刑诉（2018）673号起诉书指控被告人陈丕占犯强奸罪，于2018年8月10日向本院提起公诉。本院依法组成合议庭，适用简易程序，因本案涉及个人隐私，不公开开庭进行审理。天津市南开区人民检察院指派检察员于保国出庭支持公诉，被告人陈丕占到庭参加诉讼。现已审理终结。 公诉机关指控，2018年5月13日13时许，被告人陈丕占与被害人吴某1通过世纪佳缘网结识后，陈丕占虚构身份和家庭背景欺骗吴某1并约定与吴某1见面。当日19时许，二人在天津市和平区南门外大街亮剑餐厅见面吃饭后，陈丕占将吴某1带至南开区×号房间内。陈丕占欲与吴某1发生性关系遭到拒绝后，陈丕占殴打吴某1，并强行亲吻吴某1、抚摸吴某1胸部、隐私处。在吴某1的反抗下，陈丕占放弃施暴行为并让吴某1离开×号房间，吴某1离开房间后拨打电话报警。案经侦查，公安机关于2018年5月30日将陈丕占抓获归案。经鉴定，吴某1左颞顶软组织挫伤构成轻微伤。 公诉机关当庭出示了书证材料、被害人陈述、被告人的供述与辩解、鉴定意见等证据。公诉机关据此认为，被告人陈丕占的行为触犯《中华人民共和国刑法》第三百三十六条的规定，应以强奸罪追究刑事责任。鉴于被告人陈丕占具有犯罪中止、如实供述及认罪认罚的情节，建议对被告人陈丕占判处有期徒刑一年至二年。提请法院依法判决。 上述事实，被告人陈丕占在开庭审理过程中亦无异议，并有公安机关出具的案件来源、抓获经过、情况说明，医院检查报告书，诊断证明书，微信聊天记录，旅客住宿登记单，户籍身份证明，现场勘验笔录，被害人吴某1陈述，被告人陈丕占的供述与辩解、鉴定意见及视听资料等证据证实，足以认定。 本院认为，被告人陈丕占违背妇女意志，采取暴力、威胁手段，强行与妇女发生性关系，其行为构成强奸罪，依法应予惩处。公诉机关对被告人陈丕占的指控成立，所提量刑建议较为适当。被告人陈丕占在实施犯罪过程中，主动放弃犯罪，系犯罪中止，应当减轻处罚。被告人陈丕占在归案后能够如实供述犯罪事实，可以从轻处罚；其签署认罪认罚具结书，当庭亦未提出异议，可以从宽处罚。综合考虑犯罪情节、社会危害性及被告人的认罪态度等因素，依照《中华人民共和国刑法》第二百三十六条、第二十四条、第六十七条第三款、第四十七条的规定，判决如下： 被告人陈丕占犯强奸罪，判处有期徒刑一年八个月。 （刑期从判决执行之日起计算，判决执行以前先行羁押的，羁押一日折抵刑期一日，即自2018年5月30日起至2020年1月29日止。） 如不服本判决，可在接到判决书的第二日起十日内，通过本院或者直接向天津市第一中级人民法院提出上诉。书面上诉的，应提交上诉状正本一份，副本二份。 审判长张磊 人民陪审员张洁萍 人民陪审员赵红权 二〇一八年八月三十日 书记员赵强 附：本裁判文书所依据法律规定的具体条文 《中华人民共和国刑法》 第二百三十六条第一款以暴力、胁迫或者其他手段强奸妇女的，处三年以上十年以下有期徒刑。 第二十四条在犯罪过程中，自动放弃犯罪或者自动有效地防止犯罪结果发生的，是犯罪中止。 对于中止犯，没有造成损害的，应当免除处罚；造成损害的，应当减轻处罚。 第六十七条第三款犯罪嫌疑人虽不具有前两款规定的自首情节，但是如实供述自己罪行的，可以从轻处罚；因其如实供述自己罪行，避免特别严重后果发生的，可以减轻处罚。 第四十七条有期徒刑的刑期，从判决执行之日起计算；判决执行以前先行羁押的，羁押一日折抵刑期一日。","writId":"03887e05a8d3974ca25102962243bec1443","writName":"陈丕占强奸一审刑事判决书"}
