{"ajId":"e3835872-c9d5-4357-aaf7-be5e3e3da094","ajName":"李光东生产、销售有毒、有害食品一案","ajjbqk":" 淄博市临淄区人民检察院指控： 2017年6月23日，被告人李光东在临淄区炼厂农贸市场将私自收购屠宰、未办理任何检验检疫或相关手续的生猪肉销售给了淄博一化工贸有限公司食堂承包人张某1（已作不起诉处理）及一些散户，当日经临淄区食品药品监督管理局抽样送检，张某1购买的生猪肉中检验出氯霉素项目实测值为42.0ug／kg，根据《中华人民共和国农业部公告》第二百三十五号规定，氯霉素为禁止用于所有食品动物的兽药，在动物性食品中不得检出。 公诉机关以书证、证人证言、被告人供述与辩解、鉴定意见等证据证实其指控的事实，认为被告人李光东的行为构成销售有毒、有害食品罪。提请依据《中华人民共和国刑法》第一百四十四条之规定，予以判处。 被告人李光东对公诉机关指控的犯罪事实和罪名无异议，无辩解意见。 被告人李光东的辩护人发表的辩护意见是：1、被告人李光东在销售食品时，主观上并非明知掺有有毒、有害的非食品原料，且指控的犯罪事实不清，证据不足，其行为不构成销售有毒、有害食品罪。2、被告人李光东系自首。 经审理查明： 2017年6月23日，被告人李光东在临淄区炼厂农贸市场将私自收购屠宰、未办理任何检验检疫或相关手续的生猪肉销售给了淄博一化工贸有限公司食堂承包人张某1（已作不起诉处理）及一些散户，当日经临淄区食品药品监督管理局抽样送检，张某1购买的生猪肉中检验出氯霉素项目实测值为42.0ug／kg，根据《中华人民共和国农业部公告》第二百三十五号规定，氯霉素为禁止 用于所有食品动物的兽药，在动物性食品中不得检出。 另查明，被告人李光东2017年6月23日宰杀的生猪销售金额为1000余元，大概盈利100元。 上述事实，有公诉机关当庭出示并经庭审质证、认证的下列证据予以证实： 1、证人张某1的证言证实，其系淄博一化工贸有限公司酒店经理，其单位采购散装猪肉都是固定从炼油厂农贸市场的李光东处采购。李光东告诉过其，营业执照、检验检疫证明他都有，屠宰生猪都是到正规的屠宰厂去杀猪，但李光东没有出示过这些证明，其也没有要过。其单位在2017年6月23日从李光东处采购的散装猪肉，其中生猪肉外脊9.3斤，价格每斤12元，共计111元，腰花2.2斤，每斤15元，共计33元，没有检验检疫证明，该天采购回猪肉后即被临淄区食品监督管理局进行了抽检，其中氯霉素项目不符合农业部公告235号要求，检验结论为不合格，其对该鉴定结论没有异议。 2、证人张某2的证言证实，其系淄博一化工贸有限公司酒店厨师，食品原材料一般是经理张某1从炼厂一个老头处采购。2017年6月23日，临淄区食品药品监督管理局对其单位购买的散装猪肉进行了抽检，抽检结果为不合格。 3、证人李某1的证言证实，其系被告人李光东之子，其父亲李光东在齐鲁石化炼油厂农贸市场经营猪肉销售，销售的生猪是从临淄区南王镇王寨村收购的，以前其父亲在南外环的屠宰场宰杀，现在是自己在家宰杀。其不知道其父亲宰杀的生猪是否经过临淄区畜牧兽医局进行检验检疫，也不知道其父亲是否有政府相关部门颁发的宰杀生猪的有关证件。 4、证人韩某、李某2、谢某、王某1的证言证实，其几人均系生猪个体养殖户，李光东经常从其几人处购买生猪，都是现金交易，其几人均没有在养殖时对猪用过氯霉素。记不清楚2017年6月份李光东是否从其几人处购买过生猪了。 5、证人王某2的证言证实，其系临淄区畜牧兽医局工作人员，负责畜禽屠宰的监督管理。按照相关规定，任何个人不论在任何情况下都不允许在家私自屠宰生猪。散户养殖生猪需要办理动物防疫条件合格证。向养殖户购买生猪，养殖户需要提供动物防疫免疫证以及身份证复印件。个人购买生猪后须先向当地检疫站申报，检疫合格后检疫站出具动物检疫合格证明，再到屠宰场进行宰杀，屠宰场盖验圪后才可到市场出售。临淄区畜牧兽医局下属共有三家屠宰场，分别是临淄区金山镇食品有限公司、临淄区金岭镇淄博润源香食品有限公司、临淄区朱台镇淄博龙正食品有限公司。 6、淄博金山食品有限公司证明、淄博龙正食品有限公司证明、淄博润源香食品有限公司证明证实，李光东自2017年1月1 日至2017年9月21日没有到上述三家公司屠宰生猪的记录。 7、调取证据清单、原材料采购明细证实，2017年6月23日淄博一化工贸有限公司从李光东处采购的散装猪肉，其中生猪肉外脊9.3斤，价格每斤12元，共计111元，腰花2.2斤，每斤15元，共计33元，合计144元。 8、临淄区食品药品监督管理局移交材料包括现场检查笔录、临淄区食品药品监督管理局询问调查笔录等证据证实，李光东将不合格生猪肉出售给淄博一化工贸有限公司食堂承包人张某1，李光东的个体工商户营业执照的有效期为2004年8月3日至2008年10月19日。2017年6月23日的食品安全抽样检验抽样单上有张某1的签名，标注有生产者名称为炼厂农贸市场北头第一家，联系电话为130××××5835。 9、中华人民共和国农业部公告第235号证实，氯霉素及其盐、酯属于禁止使用的药物，在动物性食品中不得检出。 10、青岛谱尼测试有限公司出具的食品安全监督抽检检验报告证实，2017年6月23日抽检的淄博一化工贸有限公司的生猪肉，经检验氯霉素项目实测值为42.0ug／kg，不符合农业部公告第235号的要求，检验结论为不合格。 11、破案经过证实了本案案发以及案发后的侦破情况，还证实了被告人李光东系被抓获归案的情况。 12、户籍信息证实了被告人李光东的出生日期，案发时已达到完全刑事责任年龄。 13、被告人李光东在公安机关供述称，其自1992年开始在炼油厂农贸市场从事生猪肉的经营，一直到现在，这中间停了五六年的时间，2010年以来没有到工商局进行登记注册。其联系电话为130××××5835，其知道从事生猪肉经营，需要到工商局注册，并办理卫生证、健康证等证件，这些证件其都没有。其生猪肉经营的销售对象固定的客户是淄博一化工贸有限公司酒店和附近的居民。2017年6月23日其向淄博一化工贸有限公司的经理张某1销售过生猪肉外脊9.3斤，每斤12元，销售价格为111元，腰花2.2斤，每斤15元，销售价格33元，其余的零售给附近居民了。其销售的生猪肉是其从临淄区南王镇王寨村的个人的养猪场买的，从谁那里买的其记不清楚了，其知道饲养生猪是需要办证的，其购买时没有查看销售方的证件，也没有索要检验检疫证明，其知道不能购买、销售没有检验检疫证明的生猪，其这样做是为了方便、省钱、多赚钱。买了生猪后在其自己家里屠宰的，屠宰后就直接去市场卖了，这批生猪肉没有临淄区畜牧兽医局出具的检验检疫证明。其知道其2017年6月23日销售到淄博一化工贸有限公司的这批生猪肉被临淄区食品药品监督管理局进行了抽检， 2017年7月25日其看到了编号为NLWNH86134823的检验报告，其知道检验结论，氯霉素项目不符合农业部公告235号的要求，检验结论为不合格。其对该结论没有异议，其知道生猪肉检验出氯霉素不合格，对人体的危害很大。 其在庭审中供述，其2017年6月23日宰杀的生猪卖了1000余元，大概盈利100元。 辩护人为证实被告人李光东的身体状况和平时表现提供了如下证据： 1、被告人李光东的病历证实了被告人李光东在2018年1月17日因患脑梗死、动脉粥样硬化住院治疗。 2、淄博市临淄区稷下街道办事处董褚村村民委员会的证明证实，被告人李光东一贯表现良好。 3、淄博市临淄区人民检察院的不起诉决定书证实了涉案人员张某1被决定不起诉且具有自首情节的情况。 对上述证据分析论证后，本院认为，公诉机关出示的上述证据均具有客观性、合法性、关联性，予以采信。辩护人出示的淄博市临淄区人民检察院的不起诉决定书具有客观性、合法性、关联性，予以采信；出示的李光东的病历和淄博市临淄区稷下街道办事处董褚村村民委员会的证明均与本案无关联性，不予采信。 对于辩护人提出的被告人李光东的行为不构成销售有毒、有害食品罪的辩护意见，经查，在案证据包括证人证言、书证等证据能够证实被告人李光东为谋取利益，于2017年6月23日将私自屠宰未经检验检疫的生猪肉卖给张某1，食药监局的工作人员即对此进行抽检，并于2017年7月25日将所抽检的生猪肉氯霉素超标的抽检结果告知李光东和张某1。根据国务院的规定，氯霉素属于禁止使用的药物，在动物性食品中不得检出。故被告人李光东销售含有氯霉素的生猪肉事实清楚、证据充分。对于本案中被告人李光东的主观故意方面，被告人李光东作为长期、专门从事生猪肉销售的人员，违反国家规定，购买生猪时未索取食品质量合格证明、检验检疫证明等有关证明文件，没有合法有效的来历凭证，且不能提供销售的问题食品来源，购买生猪后在2017年1月1日至9月21日期间均没有按照国家规定到正规屠宰场进行屠宰，也未对屠宰的生猪进行检验检疫，即在市场销售。被告人李光东未能尽到食品安全法律、法规对食品经营从业人员规定的保障食品安全的义务，应该能够认识到其行为具有一定的社会危害性，因此，结合在案证据以及被告人李光东的认识能力等因素综合判断，应当认定被告人李光东为明知，故被告人李光东的行为构成销售有毒、有害食品罪，事实清楚，证据充分，辩护人的该辩护意见与事实不符，不予采纳。 对于辩护人提出的被告人李光东构成自首的辩护意见，经查，被告人李光东系民警在其经营地点找到并带至公安机关，被告人李光东并非主动投案，其行为不构成自首，辩护人的该辩护 意见与事实不符，不予采纳。 ","cpfxgc":"本院认为，被告人李光东为谋取利益，销售含有氯霉素的生猪肉，其行为已构成销售有毒、有害食品罪。公诉机关指控的罪名成立，适用法律的意见正确，予以支持。被告人李光东认罪态度较好，可酌情从轻处罚。据此，依照《中华人民共和国刑法》第一百四十四条、第五十二条、第五十三条、第七十二条、第七十三条第一款、第三款、第六十一条、第六十四条、《最高人民法院、最高人民检察院〈关于办理危害食品安全刑事案件适用法律若干问题的解释〉》第十七条、第十八条之规定，判决如下：","pjjg":" 一、被告人李光东犯销售有毒、有害食品罪，判处拘役四个月，缓刑六个月，并处罚金人民币三千元（缓刑考验期限，从判决确定之日起计算；罚金于判决生效后十日内予以缴纳）。 二、禁止被告人李光东在缓刑考验期限内从事食品生产、销售及相关活动。 三、违法所得壹佰元，予以没收，上缴国库。 如不服本判决，可在接到判决书的第二日起十日内通过本院或直接向山东省淄博市中级人民法院提出上诉。书面上诉的，应当提交上诉状正本一份，副本二份。","qw":"山东省淄博市临淄区人民法院 刑事判决书 （2018）鲁0305刑初201号 公诉机关淄博市临淄区人民检察院。 被告人李光东，男，1962年6月4日出生于山东省淄博市临淄区，汉族，小学文化，个体，户籍所在地以及现住址为淄博市临淄区。2017年9月14日因涉嫌犯销售有毒、有害食品罪被山东省齐都公安局东区分局刑事拘留，同年9月27日被取保候审，2018年6月22日被淄博市临淄区人民法院取保候审。 辩护人张方喜，山东全正（临淄）律师事务所律师。 淄博市临淄区人民检察院以临检公刑诉［2018］185号起诉书指控被告人李光东犯销售有毒、有害食品罪，于2018年6月22日向本院提起公诉。本院受理后，依法组成合议庭，公开开庭审理了本案。淄博市临淄区人民检察院指派检察员左芳出庭支持公诉，被告人李光东及其辩护人张方喜到庭参加诉讼。现已审理终结。 淄博市临淄区人民检察院指控： 2017年6月23日，被告人李光东在临淄区炼厂农贸市场将私自收购屠宰、未办理任何检验检疫或相关手续的生猪肉销售给了淄博一化工贸有限公司食堂承包人张某1（已作不起诉处理）及一些散户，当日经临淄区食品药品监督管理局抽样送检，张某1购买的生猪肉中检验出氯霉素项目实测值为42.0ug／kg，根据《中华人民共和国农业部公告》第二百三十五号规定，氯霉素为禁止用于所有食品动物的兽药，在动物性食品中不得检出。 公诉机关以书证、证人证言、被告人供述与辩解、鉴定意见等证据证实其指控的事实，认为被告人李光东的行为构成销售有毒、有害食品罪。提请依据《中华人民共和国刑法》第一百四十四条之规定，予以判处。 被告人李光东对公诉机关指控的犯罪事实和罪名无异议，无辩解意见。 被告人李光东的辩护人发表的辩护意见是：1、被告人李光东在销售食品时，主观上并非明知掺有有毒、有害的非食品原料，且指控的犯罪事实不清，证据不足，其行为不构成销售有毒、有害食品罪。2、被告人李光东系自首。 经审理查明： 2017年6月23日，被告人李光东在临淄区炼厂农贸市场将私自收购屠宰、未办理任何检验检疫或相关手续的生猪肉销售给了淄博一化工贸有限公司食堂承包人张某1（已作不起诉处理）及一些散户，当日经临淄区食品药品监督管理局抽样送检，张某1购买的生猪肉中检验出氯霉素项目实测值为42.0ug／kg，根据《中华人民共和国农业部公告》第二百三十五号规定，氯霉素为禁止 用于所有食品动物的兽药，在动物性食品中不得检出。 另查明，被告人李光东2017年6月23日宰杀的生猪销售金额为1000余元，大概盈利100元。 上述事实，有公诉机关当庭出示并经庭审质证、认证的下列证据予以证实： 1、证人张某1的证言证实，其系淄博一化工贸有限公司酒店经理，其单位采购散装猪肉都是固定从炼油厂农贸市场的李光东处采购。李光东告诉过其，营业执照、检验检疫证明他都有，屠宰生猪都是到正规的屠宰厂去杀猪，但李光东没有出示过这些证明，其也没有要过。其单位在2017年6月23日从李光东处采购的散装猪肉，其中生猪肉外脊9.3斤，价格每斤12元，共计111元，腰花2.2斤，每斤15元，共计33元，没有检验检疫证明，该天采购回猪肉后即被临淄区食品监督管理局进行了抽检，其中氯霉素项目不符合农业部公告235号要求，检验结论为不合格，其对该鉴定结论没有异议。 2、证人张某2的证言证实，其系淄博一化工贸有限公司酒店厨师，食品原材料一般是经理张某1从炼厂一个老头处采购。2017年6月23日，临淄区食品药品监督管理局对其单位购买的散装猪肉进行了抽检，抽检结果为不合格。 3、证人李某1的证言证实，其系被告人李光东之子，其父亲李光东在齐鲁石化炼油厂农贸市场经营猪肉销售，销售的生猪是从临淄区南王镇王寨村收购的，以前其父亲在南外环的屠宰场宰杀，现在是自己在家宰杀。其不知道其父亲宰杀的生猪是否经过临淄区畜牧兽医局进行检验检疫，也不知道其父亲是否有政府相关部门颁发的宰杀生猪的有关证件。 4、证人韩某、李某2、谢某、王某1的证言证实，其几人均系生猪个体养殖户，李光东经常从其几人处购买生猪，都是现金交易，其几人均没有在养殖时对猪用过氯霉素。记不清楚2017年6月份李光东是否从其几人处购买过生猪了。 5、证人王某2的证言证实，其系临淄区畜牧兽医局工作人员，负责畜禽屠宰的监督管理。按照相关规定，任何个人不论在任何情况下都不允许在家私自屠宰生猪。散户养殖生猪需要办理动物防疫条件合格证。向养殖户购买生猪，养殖户需要提供动物防疫免疫证以及身份证复印件。个人购买生猪后须先向当地检疫站申报，检疫合格后检疫站出具动物检疫合格证明，再到屠宰场进行宰杀，屠宰场盖验圪后才可到市场出售。临淄区畜牧兽医局下属共有三家屠宰场，分别是临淄区金山镇食品有限公司、临淄区金岭镇淄博润源香食品有限公司、临淄区朱台镇淄博龙正食品有限公司。 6、淄博金山食品有限公司证明、淄博龙正食品有限公司证明、淄博润源香食品有限公司证明证实，李光东自2017年1月1 日至2017年9月21日没有到上述三家公司屠宰生猪的记录。 7、调取证据清单、原材料采购明细证实，2017年6月23日淄博一化工贸有限公司从李光东处采购的散装猪肉，其中生猪肉外脊9.3斤，价格每斤12元，共计111元，腰花2.2斤，每斤15元，共计33元，合计144元。 8、临淄区食品药品监督管理局移交材料包括现场检查笔录、临淄区食品药品监督管理局询问调查笔录等证据证实，李光东将不合格生猪肉出售给淄博一化工贸有限公司食堂承包人张某1，李光东的个体工商户营业执照的有效期为2004年8月3日至2008年10月19日。2017年6月23日的食品安全抽样检验抽样单上有张某1的签名，标注有生产者名称为炼厂农贸市场北头第一家，联系电话为130××××5835。 9、中华人民共和国农业部公告第235号证实，氯霉素及其盐、酯属于禁止使用的药物，在动物性食品中不得检出。 10、青岛谱尼测试有限公司出具的食品安全监督抽检检验报告证实，2017年6月23日抽检的淄博一化工贸有限公司的生猪肉，经检验氯霉素项目实测值为42.0ug／kg，不符合农业部公告第235号的要求，检验结论为不合格。 11、破案经过证实了本案案发以及案发后的侦破情况，还证实了被告人李光东系被抓获归案的情况。 12、户籍信息证实了被告人李光东的出生日期，案发时已达到完全刑事责任年龄。 13、被告人李光东在公安机关供述称，其自1992年开始在炼油厂农贸市场从事生猪肉的经营，一直到现在，这中间停了五六年的时间，2010年以来没有到工商局进行登记注册。其联系电话为130××××5835，其知道从事生猪肉经营，需要到工商局注册，并办理卫生证、健康证等证件，这些证件其都没有。其生猪肉经营的销售对象固定的客户是淄博一化工贸有限公司酒店和附近的居民。2017年6月23日其向淄博一化工贸有限公司的经理张某1销售过生猪肉外脊9.3斤，每斤12元，销售价格为111元，腰花2.2斤，每斤15元，销售价格33元，其余的零售给附近居民了。其销售的生猪肉是其从临淄区南王镇王寨村的个人的养猪场买的，从谁那里买的其记不清楚了，其知道饲养生猪是需要办证的，其购买时没有查看销售方的证件，也没有索要检验检疫证明，其知道不能购买、销售没有检验检疫证明的生猪，其这样做是为了方便、省钱、多赚钱。买了生猪后在其自己家里屠宰的，屠宰后就直接去市场卖了，这批生猪肉没有临淄区畜牧兽医局出具的检验检疫证明。其知道其2017年6月23日销售到淄博一化工贸有限公司的这批生猪肉被临淄区食品药品监督管理局进行了抽检， 2017年7月25日其看到了编号为NLWNH86134823的检验报告，其知道检验结论，氯霉素项目不符合农业部公告235号的要求，检验结论为不合格。其对该结论没有异议，其知道生猪肉检验出氯霉素不合格，对人体的危害很大。 其在庭审中供述，其2017年6月23日宰杀的生猪卖了1000余元，大概盈利100元。 辩护人为证实被告人李光东的身体状况和平时表现提供了如下证据： 1、被告人李光东的病历证实了被告人李光东在2018年1月17日因患脑梗死、动脉粥样硬化住院治疗。 2、淄博市临淄区稷下街道办事处董褚村村民委员会的证明证实，被告人李光东一贯表现良好。 3、淄博市临淄区人民检察院的不起诉决定书证实了涉案人员张某1被决定不起诉且具有自首情节的情况。 对上述证据分析论证后，本院认为，公诉机关出示的上述证据均具有客观性、合法性、关联性，予以采信。辩护人出示的淄博市临淄区人民检察院的不起诉决定书具有客观性、合法性、关联性，予以采信；出示的李光东的病历和淄博市临淄区稷下街道办事处董褚村村民委员会的证明均与本案无关联性，不予采信。 对于辩护人提出的被告人李光东的行为不构成销售有毒、有害食品罪的辩护意见，经查，在案证据包括证人证言、书证等证据能够证实被告人李光东为谋取利益，于2017年6月23日将私自屠宰未经检验检疫的生猪肉卖给张某1，食药监局的工作人员即对此进行抽检，并于2017年7月25日将所抽检的生猪肉氯霉素超标的抽检结果告知李光东和张某1。根据国务院的规定，氯霉素属于禁止使用的药物，在动物性食品中不得检出。故被告人李光东销售含有氯霉素的生猪肉事实清楚、证据充分。对于本案中被告人李光东的主观故意方面，被告人李光东作为长期、专门从事生猪肉销售的人员，违反国家规定，购买生猪时未索取食品质量合格证明、检验检疫证明等有关证明文件，没有合法有效的来历凭证，且不能提供销售的问题食品来源，购买生猪后在2017年1月1日至9月21日期间均没有按照国家规定到正规屠宰场进行屠宰，也未对屠宰的生猪进行检验检疫，即在市场销售。被告人李光东未能尽到食品安全法律、法规对食品经营从业人员规定的保障食品安全的义务，应该能够认识到其行为具有一定的社会危害性，因此，结合在案证据以及被告人李光东的认识能力等因素综合判断，应当认定被告人李光东为明知，故被告人李光东的行为构成销售有毒、有害食品罪，事实清楚，证据充分，辩护人的该辩护意见与事实不符，不予采纳。 对于辩护人提出的被告人李光东构成自首的辩护意见，经查，被告人李光东系民警在其经营地点找到并带至公安机关，被告人李光东并非主动投案，其行为不构成自首，辩护人的该辩护 意见与事实不符，不予采纳。 本院认为，被告人李光东为谋取利益，销售含有氯霉素的生猪肉，其行为已构成销售有毒、有害食品罪。公诉机关指控的罪名成立，适用法律的意见正确，予以支持。被告人李光东认罪态度较好，可酌情从轻处罚。据此，依照《中华人民共和国刑法》第一百四十四条、第五十二条、第五十三条、第七十二条、第七十三条第一款、第三款、第六十一条、第六十四条、《最高人民法院、最高人民检察院〈关于办理危害食品安全刑事案件适用法律若干问题的解释〉》第十七条、第十八条之规定，判决如下： 一、被告人李光东犯销售有毒、有害食品罪，判处拘役四个月，缓刑六个月，并处罚金人民币三千元（缓刑考验期限，从判决确定之日起计算；罚金于判决生效后十日内予以缴纳）。 二、禁止被告人李光东在缓刑考验期限内从事食品生产、销售及相关活动。 三、违法所得壹佰元，予以没收，上缴国库。 如不服本判决，可在接到判决书的第二日起十日内通过本院或直接向山东省淄博市中级人民法院提出上诉。书面上诉的，应当提交上诉状正本一份，副本二份。 审判长刘玲 审判员王国明 人民陪审员朱海红 二〇一八年九月十八日 代理书记员边坤","writId":"03038f10b37acb0c1fb4b98346a3e8f962c","writName":"李光东生产、销售有毒、有害食品一审刑事判决书"}
