{"ajId":"8a5594b5-e838-4307-ba5e-e7a9101848fe","ajName":"谢某某危险驾驶罪一案","ajjbqk":" 判决 ","cpfxgc":"依照《中华人民共和国刑法》第一百三十三条之一、第六十七条第三款、第七十二条、第七十三条之规定，判决如下：","pjjg":" 被告人谢某某犯危险驾驶罪，判处拘役一个月，缓刑二个月，并处罚金人民币7000元（已缴纳），上缴国库。 （缓刑考验期限，自判决确定之日起算。） 如不服本判决，可于接到判决书的第二日起十日内，通过本院或者直接向广东省深圳市中级人民法院提起上诉。书面上诉的，应当提交上诉状正本一份、副本二份。","qw":"深圳市罗湖区人民法院 刑事判决书 （2017）粤0303刑初2322号 公诉机关深圳市罗湖区人民检察院。 被告人谢某某，男，1986年9月20日出生，身份证号码421023198609206＊＊＊，汉族，高中文化，户籍地湖北省监利县。因本案，于2017年8月24日被刑事拘留，同年8月31日被本院取保候审。 辩护人柯某，广东XX律师事务所律师。 控辩意见 深圳市罗湖区人民检察院以深罗检刑诉（2017）2476号起诉书指控：2017年08月23日03时许，被告人谢某某饮酒后驾驶机动车行驶至广东省深圳市罗湖区人民南路国贸大厦停车场路段时，该车车头与行人陈某某身体发生碰撞，造成陈某某受伤，小车部分损坏的道路交通事故，是交通事故主要责任人，该事故已达成赔偿协议。经鉴定，其血液中乙醇含量为113.83mg／100ml。公诉机关认为，被告人谢某某的行为已构成危险驾驶罪，建议判处拘役，并处罚金。 被告人谢某某在法庭上对指控的上述事实及本案证据无异议，承认控罪，对公诉机关的量刑建议无异议。辩护人辩称被告人主观恶性较轻，对社会危险性小；积极赔偿，并取得谅解；认罪悔罪，是偶犯、初犯。综上，请求从轻处罚。 审理认定 本院适用简易程序，经公开开庭审理，对公诉机关指控的上述事实予以确认。本院认为被告人谢某某的行为已构成危险驾驶罪，其有坦白的从轻情节，且在侦查阶段签署《认罪认罚具结书》，自愿认罪认罚，从轻处罚。辩护人上述辩护意见，予以采纳。 判决 依照《中华人民共和国刑法》第一百三十三条之一、第六十七条第三款、第七十二条、第七十三条之规定，判决如下： 被告人谢某某犯危险驾驶罪，判处拘役一个月，缓刑二个月，并处罚金人民币7000元（已缴纳），上缴国库。 （缓刑考验期限，自判决确定之日起算。） 如不服本判决，可于接到判决书的第二日起十日内，通过本院或者直接向广东省深圳市中级人民法院提起上诉。书面上诉的，应当提交上诉状正本一份、副本二份。 审判员王燕群 二〇一七年十二月十八日 本件与原本核对无异议 书记员吴恩玉","writId":"0636f29af1728f7a4cb0737c7bb791a5200","writName":"谢某某危险驾驶罪一审刑事判决书"}
