{"ajId":"c3fcbe1f-eac8-4287-bb82-378110e315e8","ajName":"朱美军走私、贩卖、运输、制造毒品一案","ajjbqk":" 公诉机关指控，2017年8月8日16时许，被告人朱美军去到广州市番禺区南村镇员岗村舒某诚生活超市门口，以人民币300元的价格向周某贩卖白色晶体1包（净重0.65克，检出甲基苯丙胺成分），在交易后被人赃并获。公安机关当场从被告人朱美军处缴获毒资人民币300元以及作案工具vivo牌手机1部。 上述事实，被告人朱美军在庭审中亦无异议，并有证人周某、李某、周某锋的证言，辨认笔录，广州市公安局番禺区分局出具的抓获经过及破案经过、搜查笔录、扣押清单、调取证据通知书、发还清单、提取笔录、称量取样笔录，通话清单，穗番公（司）鉴（理化）字［2017］00258号检验报告，现场勘验笔录及现场图，作案工具、现场及缴获的毒品、毒资照片，被告人对作案工具、现场及缴获的毒品、毒资辨认的照片，被告人的前科材料及释放证明等证据证实，足以认定。 ","cpfxgc":"本院认为，被告人朱美军无视国家法律，贩卖毒品甲基苯丙胺，其行为已构成贩卖毒品罪。被告人朱美军曾因故意犯罪被判处有期徒刑，刑罚执行完毕以后，在五年以内再犯应当判处有期徒刑以上刑罚之罪，是累犯，应当从重处罚。鉴于被告人朱美军归案后如实供述自己的罪行，且自愿签署《认罪认罚具结书》，可依法从轻处罚。公诉机关关于对被告人朱美军判处一年以下有期徒刑的量刑意见，本院予以采纳。综合以上情节，依照《中华人民共和国刑法》第三百四十七条第四款、第六十五条第一款、第六十七条第三款、第六十四条、第五十二条、第五十三条的规定，判决如下：","pjjg":" 一、被告人朱美军犯贩卖毒品罪，判处有期徒刑十个月，并处罚金一千元。 （刑期从判决执行之日起计算。判决执行以前先行羁押的，羁押一日折抵刑期一日，即自2017年8月8日起执行至2018年6月7日止，罚金于本判决发生法律效力次日起十日内缴纳，上缴国库。） 二、缴获的毒品甲基苯丙胺0.65克，予以没收销毁；缴获的作案工具手机一台，予以没收，上缴国库（均由广州市公安局番禺区分局执行）。 如不服本判决，可在接到判决书的第二日起十日内，通过本院或者直接向广东省广州市中级人民法院提出上诉。书面上诉应交上诉状正本一份，副本二份。","qw":"广东省广州市番禺区人民法院 刑事判决书 （2017）粤0113刑初2000号 公诉机关广州市番禺区人民检察院。 被告人朱美军，绰号“美国”，男，1980年8月20日出生，汉族，文化程度小学，户籍地湖南省衡阳市耒阳市）。2012年3月2日因犯抢夺罪被湖南省耒阳市人民法院判处有期徒刑一年六个月，2013年5月11日刑满释放。因本案于2017年8月8日被羁押，次日被刑事拘留，同年9月11日被逮捕。现押于广州市番禺区看守所。 广州市番禺区人民检察院以穗番检公刑诉［2017］2024号起诉书指控被告人朱美军犯贩卖毒品罪，于2017年11月16日向本院提起公诉。本院依法适用简易程序，实行独任审判，公开开庭审理了本案。广州市番禺区人民检察院指派检察员杨金丹出庭支持公诉，被告人朱美军到庭参加了诉讼。现已审理终结。 公诉机关指控，2017年8月8日16时许，被告人朱美军去到广州市番禺区南村镇员岗村舒某诚生活超市门口，以人民币300元的价格向周某贩卖白色晶体1包（净重0.65克，检出甲基苯丙胺成分），在交易后被人赃并获。公安机关当场从被告人朱美军处缴获毒资人民币300元以及作案工具vivo牌手机1部。 上述事实，被告人朱美军在庭审中亦无异议，并有证人周某、李某、周某锋的证言，辨认笔录，广州市公安局番禺区分局出具的抓获经过及破案经过、搜查笔录、扣押清单、调取证据通知书、发还清单、提取笔录、称量取样笔录，通话清单，穗番公（司）鉴（理化）字［2017］00258号检验报告，现场勘验笔录及现场图，作案工具、现场及缴获的毒品、毒资照片，被告人对作案工具、现场及缴获的毒品、毒资辨认的照片，被告人的前科材料及释放证明等证据证实，足以认定。 本院认为，被告人朱美军无视国家法律，贩卖毒品甲基苯丙胺，其行为已构成贩卖毒品罪。被告人朱美军曾因故意犯罪被判处有期徒刑，刑罚执行完毕以后，在五年以内再犯应当判处有期徒刑以上刑罚之罪，是累犯，应当从重处罚。鉴于被告人朱美军归案后如实供述自己的罪行，且自愿签署《认罪认罚具结书》，可依法从轻处罚。公诉机关关于对被告人朱美军判处一年以下有期徒刑的量刑意见，本院予以采纳。综合以上情节，依照《中华人民共和国刑法》第三百四十七条第四款、第六十五条第一款、第六十七条第三款、第六十四条、第五十二条、第五十三条的规定，判决如下： 一、被告人朱美军犯贩卖毒品罪，判处有期徒刑十个月，并处罚金一千元。 （刑期从判决执行之日起计算。判决执行以前先行羁押的，羁押一日折抵刑期一日，即自2017年8月8日起执行至2018年6月7日止，罚金于本判决发生法律效力次日起十日内缴纳，上缴国库。） 二、缴获的毒品甲基苯丙胺0.65克，予以没收销毁；缴获的作案工具手机一台，予以没收，上缴国库（均由广州市公安局番禺区分局执行）。 如不服本判决，可在接到判决书的第二日起十日内，通过本院或者直接向广东省广州市中级人民法院提出上诉。书面上诉应交上诉状正本一份，副本二份。 审判员段培哲 二〇一七年十一月三十日 书记员黄秋霞","writId":"0561f2a71c3d91d21d257ae02be1de0af0c","writName":"朱美军走私、贩卖、运输、制造毒品一审刑事判决书"}
