{"ajId":"39e20916-fe11-42b3-9c30-50010ed22bd3","ajName":"邵国良故意伤害一案","ajjbqk":" 公诉机关指控，2017年2月5日7时30分许，被告人邵国良因与其妻宋某3离婚问题与其妻弟宋某1在泰安市岱岳区过驾院小区10号楼2单元地下车库发生纠纷，后邵国良持水果刀将宋某1捅伤，在追赶宋某1过程中遇到其岳父宋某2，后又持刀刺捅宋某2、宋某1数下，将两人捅伤。经法医鉴定，宋某2胸部外伤致左侧液气胸伴左肺组织压缩30％以上（约50％）及胸背部、颈部、纵膈积气构成轻伤一级；宋某1左上背部损伤致左侧液气胸伴左肺组织压缩30％以上构成轻伤一级，其余皮肤裂伤累计构成轻伤二级；经精神病司法鉴定，被告人邵国良作案时无精神病，具有完全刑事责任能力。2017年2月5日，被告人邵国良被公安机关在案发现场抓获。公诉机关认为，被告人邵国良的行为构成故意伤害罪，要求依法追究其刑事责任。 附带民事诉讼原告人宋某1、宋某2分别要求被告人邵国良赔偿医疗费、误工费、护理费、伙食补助费、交通费、营养费、残疾赔偿金、精神抚慰金，各共计208681.09元、69826.06元。 被告人邵国良对指控的犯罪无异议，对附带民事诉讼原告人的赔偿要求无异议，但陈述无能力赔偿二原告人的损失。 经审理查明，被告人邵国良与其妻宋某3于2009年结婚，2016年双方因故发生感情纠葛后，宋某3提起离婚诉讼，2016年8月被法院判决不准离婚，宋某3回父母家居住。因怀疑宋某3的亲属在离婚问题上支持宋某3，2017年2月5日7时30分许，被告人邵国良携带一把水果刀（刃长19cm）在宋某1居住的泰安市岱岳区粥店办事处过驾院小区10号楼2单元一楼电梯间等待宋某1下楼，想与宋某1理论。二人在电梯内相遇后，宋某1拒绝与邵国良交流，被告人邵国良跟随其到负二层停车场内，掏出水果刀刺中宋某1左胸部，宋某1逃离时，被告人邵国良随其后追赶。被害人宋某2给其子宋某1送衣服时，恰好遇到邵国良追赶宋某1，其上前阻拦，被邵国良刺中左胸部。宋某1担心宋某2被刺伤，随即折回与宋某2一起同被告人邵国良搏斗，其间邵国良挥刀多次刺中宋某1、宋某2。此后在他人协助下，将被告人邵国良控制，被告人邵国良随后被赶到的公安民警带走讯问。 经泰山医学院附属医院检查、诊断，被害人宋某1右肩前侧见2.2cm创口；前胸见2.2cm、2.7cm创口；左上背部、右上背部、左前臂上段前侧、左上臂中段外侧、左上臂下段后侧、右大腿下段内侧他别见2.0cm、2.1cm、1.3cm、2.0cm、1.6cm、5.7cm创口。被害人宋某2左胸背部见1.1cm、2.1cm、0.9cm、0.7cm创口。经泰安市公安局岱岳区分局刑事技术鉴定，被害人宋某1左侧胸部外伤致左侧液气胸伴左肺组织压缩30％以上（约50％）及胸背部、颈部、纵膈积气，伤情属轻伤一级，其余皮肤裂伤累计构成轻伤二级；被害人宋某2左侧胸部外伤致左侧液气胸伴左肺组织压缩30％以上（约50％）及胸背部、颈部、纵膈积气，伤情属轻伤一级。 被告人邵国良于案发当日被刑事拘留，其父邵某1于2017年3月2日提出精神疾病鉴定申请，经山东省安康精神疾病司法鉴定，被告人邵国良作案时无精神病，在本案中具有完全刑事责任能力。 被害人宋某1、宋某2受伤后被送至泰山医学院附属医院治疗，其中宋某1住院治疗9天，支付医疗费20770.07元，由其同事泰安市文丰市政工程有限公司职工梁某及其刘某5护理。被害人宋某2住院治疗9天，支付医疗费9719.40元，由张某2、刘某3护理。 以上事实有下列证据证实： 〈一〉刑事部分 1、物证 侦查人员张某3、刘某4于2017年2月5日从作案现场提取的被告人邵国良所有的水果刀1把，全长32cm，刃长19cm，系捅伤被害人宋某2、宋某1的作案凶器。 2、书证 （1）受案登记表、受案回执、立案决定书、接处警登记表，证实本案报案2017年2月5日7时44分由于某报案，泰安市公安局岱岳区分局于同日立案。 （2）侦查机关出具的被告人归案情况说明，证实2017年2月5日，被告人邵国良在案发现场被民警传唤至泰安市公安局粥店派出所。 （3）常住人口基本信息，证实被告人邵国良、被害人宋某1、宋某2的身份情况。邵国良已达到刑事责任年龄。 （4）案发现场图片，证实案发现场的情况。 （5）扣押决定书及扣押清单，证实公安机关于2017年2月5日出警到现场后提取、并扣押被告人邵国良所有的水果刀1把。 （6）调取证据通知书、调取证据清单及视频监控录像资料制作说明，证实公安机关调取案发现场监控及制作视频资料情况。 （7）鉴定申请书，证实2017年3月2日，被告人邵国良父亲邵某1申请对邵国良进行精神状态鉴定。 （8）申请书，证实被害人宋某2、邵某4要求严惩被告人邵国良的情况。 （9）肥城市精神卫生中心门诊病例及诊断证明，证实被告人邵国良2016年8月1日在肥城市精神卫生中心被诊断为精神分裂症。 （10）拘留证、拘留通知书、变更羁押期限通知书、提请批准逮捕书、批准逮捕决定书、逮捕证、逮捕通知书，证实被告人邵国良于2017年2月5日被刑事拘留，同年2月16日被逮捕，羁押于泰安市看守所。 3、证人证言 （1）证人于某证实，2017年2月5日7时40分左右，其看到宋某2在追赶一名男子，其走近后发现宋某2将该男子按倒在地，宋某2称该男子拿刀捅了自己，要求其报警，于某报警后发现宋某2父子将该男子按在地上，于某从被制服的男子手中夺下了一把刀子。 （2）证人宋某3证实，其和被告人邵国良2009年10月结婚，婚后育有一女儿，二人平时感情一般。2015年腊月邵国良不再上班，怀疑宋某3有婚外情，二人分居，宋某3回娘家居住。2016年7月宋某3向法院提出离婚，同年被判决不准离婚。邵国良平时不爱说话，没有朋友。 （3）证人邵某1证实，2015年底，其子邵国良因他的岳父宋某2不同意将其房子登记到邵国良和宋某3名下，邵国良与岳父家闹得关系不好，邵国良回肥城老家居住。当时邵国良睡眠不好，爱自言自语。2016年2月18日，肥城市精神卫生中心初步诊断邵国良为精神分裂症。2016年8月宋某3起诉离婚，法院判不予离婚。邵国良的父母系亲属均无精神病史，邵国良自小发育正常。 （4）证人刘某1（邵国良母亲）证实内容与邵某1证实内容一致。 （5）证人路某（肥城市边院镇亓庄村书记）证实，邵国良从小在其村长大，无家族精神病史。 （6）证人邵某2（邵国良伯父）证实，邵国良的姑姑邵桂香去世前有过精神病。2016年邵国良因为精神不正常去精神病院住了一段时间。 4、被害人陈述 （1）被害人宋某1证实，2017年2月5日7时30分左右，在其居住的过驾院小区10号楼2单元电梯间，邵国良找到宋某1要与其谈事，宋某1未同意。邵国良从电梯一楼跟随宋某1到了地下车库单元门口，邵国良趁其转身向其心脏位置捅了一刀，宋某1逃往车库内，跑到8号楼西侧的南北路时，发现邵国良与其父亲宋某2厮打在一起，怕邵国良捅到其父亲，宋某1返回与其父亲一起与邵国良厮打。在厮打的过程中，邵国良持刀多次捅到宋某1与宋某2，后二人将邵国良按到地上。事后宋某1发现自己身上被捅伤九处。 （2）被害人宋某2证实，2017年2月5日7时30分左右，宋某2在给宋某1送衣服途中，看到邵国良在追赶宋某1。宋某2抱住邵国良时被邵国良了捅了左肋部两刀，同时邵国良说：“我捅死你们。”宋某1返回后两人与邵国良厮打，期间邵国良手里拿着刀子挥舞，又捅了宋某2两刀。随后在于某的帮助下，三人将邵国良制服，将刀夺下，于某报警。后来其知道在其拦截邵国良之前邵国良已经捅伤了宋某1。 5、被告人邵国良供述，其与妻子宋某3因感情不和已分居，妻子带女儿回娘家住。案发前邵国良从微信上发现女儿脸上有伤，怀疑女儿在其岳父家受委屈。2017年2月5日7时30分左右，邵国良在宋某1居住的电梯内拦住宋某1，要与其理论，宋某1说没时间，不与其谈话。二人到了地下车库，邵国良拉住宋某1手臂，二人发生撕扯，邵国良掏出上衣口袋内的水果刀捅了宋某1胳膊。在宋某1逃跑其追赶的过程中，遇到了其岳父宋某2，宋某2、宋某1与邵国良发生厮打，邵国良持刀多次朝宋某2、宋某1身上捅。随后又过来一人，三人将邵国良按在地上。其携带刀具的目的是防身，捅宋某1是想吓唬吓唬他，后来三个人打起来后虽然自己知道会捅死人，但是已经丧失理智，记不清捅的什么部位，捅了几刀。邵国良于2016年2月份被肥城市精神卫生中心诊断为精神分裂症，住院十几天，其奶奶生前精神不太正常。 6、鉴定意见 （1）泰安市公安局岱岳区分局［2017］0082号、0083号法医学人体损伤程度鉴定书证实：伤者宋某2胸部外伤致左侧液气胸伴左肺组织压缩30％以上（约50％）及胸背部、颈部、纵膈积气，构成轻伤一级；宋某1左上背部损伤致左侧液气胸伴左肺组织压缩30％以上构成轻伤一级，其余皮肤裂伤累计构成轻伤二级。 （2）山东安康医院精神疾病司法鉴定所鲁安康［2017］精鉴字第200号司法鉴定意见书（附鉴定资格证书）证实，被告人邵国良作案时无精神病，具有完全刑事责任能力。 7、视听资料、电子数据（光盘） 过驾院小区10号楼2单元电梯、地下车库监控录像，证实被告人邵国良作案过程。 以上证据经庭审质证，本院予以确认。 〈二〉民事部分 1、宋某1医疗费收据7份，总金额20770.07元，宋某2医疗费收据4份，总金额9719.40元。 2、住院病历、门诊病历、长期医嘱、诊断证明，证实宋某1、宋某2均在泰山医学院附属医院住院治疗9天，各由2人陪护，出院休息2个月，定期复查。 3、宋某1就业单位营业执照、工资证明、宋某2身份证明，证实原告人宋某1系泰安市文丰市政工程有限责任公司职工，月工资6000元；宋某2系泰安市岱岳区粥店办事处城镇居民。 4、护理人员梁某、刘某5、张某2、刘某3身份证明、收入证明，证实梁某系宋某1同事，月工资6000元，刘某5、张某2、刘某3均系泰安市泰山区城镇居民。 5、汽车客运发票82份，计6385元。 以上证据经当庭质证，除汽车客运发票外本院予以确认。 ","cpfxgc":"本院认为，被告人邵国良因婚姻纠纷对妻子家人产生怨恨，持刀伤害被害人宋某1、宋某2，致宋某1轻伤一级、轻伤二级各一处，致宋某2轻伤一级一处，其行为构成故意伤害罪，事实清楚，证据确实、充分，公诉机关指控的罪名成立，依法应追究其刑事责任。其伤害手段残忍，后果较重，依法应予从重处罚。 被告人邵国良给附带民事诉讼原告人宋某1、宋某2造成的医疗费、护理费、误工费、伙食补助费、交通费等经济损失应予赔偿。宋某1误工费、护理人梁某护理费应按其在职收入标准算，即误工费200元／天×（9＋60）天=13800元；护理费200／元×9天＋93.18元／天×9天=2638.62元。宋某2误工费及护理费应按城镇居民上年度平均收入标准计算，即误工费93.18元／天×（9＋60）天=6429.42元；护理费93.18元／天×9天×2人=1677.24元。伙食补助费每人每天按30元计算。原告人提交的交通费票据数量及金额与实际支出差距较大，本院酌定每人赔偿400元。原告人主张的残疾赔偿金、精神抚慰金等其他费用不符合刑事附带民事诉讼法律规定，本院不予支持。以上被告人邵国良应赔偿原告人宋绪国医疗费20770.07元、误工费13800元、护理费2638.62元、伙食补助费270元、交通费400元，总计37878.69元；应赔偿原告人宋某2医疗费9719.40元、误工费6429.42元、护理费1677.24元、伙食补助费270元、交通费400元，总计18496.06元。 综上，依照《中华人民共和国刑法》第二百三十四条第一款，《中华人民共和国侵权责任法》第十六条之规定，判决如下：","pjjg":" 一、被告人邵国良犯故意伤害罪，判处有其徒刑二年九个月； （刑期自本判决执行之日起计算，判决执行前先行羁押的，羁押一日折抵刑期一日，即自2017年2月5日起至2019年11月4日止。） 二、被告人邵国良赔偿附带民事诉讼原告人宋某1经济损失37878.69元，赔偿附带民事诉讼原告人宋某2经济损失18496.06元，于本判决生效后十日内付清； 三、驳回附带民事诉讼原告人的其他诉讼请求。 如不服本判决，可在接到判决书的第二日起十日内，通过本院或者直接向山东省泰安市中级人民法院提出上诉。书面上诉的，应当提交上诉状正本一份，副本二份。","qw":"山东省泰安市岱岳区人民法院 刑事附带民事判决书 （2017）鲁0911刑初126号 公诉机关泰安市岱岳区人民检察院。 刑事附带民事诉讼原告人宋某1，男，1989年1月20日生，汉族，泰安市文丰市政工程有限公司职工，住泰安市岱岳区。 刑事附带民事诉讼原告人宋某2，男，1961年4月25日生，汉族，居民，住址同上。 上述二原告人诉讼代理人崔勇，山东华林律师事务所律师。 被告人暨附带民事诉讼被告人邵国良，男，1986年10月9日出生，汉族，户籍所在地山东省肥城市，高中文化，务工，住泰安市岱岳区。因涉嫌故意伤害罪，于2017年2月5日被泰安市公安局岱岳区分局刑事拘留，2017年2月16日被逮捕，现羁押于泰安市看守所。 泰安市岱岳区人民检察院以泰岱检公刑诉［2017］118号起诉书指控被告人邵国良犯故意伤害罪，于2017年5月25日向本院提起公诉，审理过程中，附带民事诉讼原告人宋某1、宋某2提起附带民事诉讼。本院受理后依法组成合议庭，一并公开开庭进行了审理。泰安市岱岳区人民检察院指派检察员刘伟、张东昕出庭支持公诉。附带民事诉讼原告人宋某1、宋某2及其诉讼代理人崔勇、被告人邵国良到庭参加诉讼。现已审理终结。 公诉机关指控，2017年2月5日7时30分许，被告人邵国良因与其妻宋某3离婚问题与其妻弟宋某1在泰安市岱岳区过驾院小区10号楼2单元地下车库发生纠纷，后邵国良持水果刀将宋某1捅伤，在追赶宋某1过程中遇到其岳父宋某2，后又持刀刺捅宋某2、宋某1数下，将两人捅伤。经法医鉴定，宋某2胸部外伤致左侧液气胸伴左肺组织压缩30％以上（约50％）及胸背部、颈部、纵膈积气构成轻伤一级；宋某1左上背部损伤致左侧液气胸伴左肺组织压缩30％以上构成轻伤一级，其余皮肤裂伤累计构成轻伤二级；经精神病司法鉴定，被告人邵国良作案时无精神病，具有完全刑事责任能力。2017年2月5日，被告人邵国良被公安机关在案发现场抓获。公诉机关认为，被告人邵国良的行为构成故意伤害罪，要求依法追究其刑事责任。 附带民事诉讼原告人宋某1、宋某2分别要求被告人邵国良赔偿医疗费、误工费、护理费、伙食补助费、交通费、营养费、残疾赔偿金、精神抚慰金，各共计208681.09元、69826.06元。 被告人邵国良对指控的犯罪无异议，对附带民事诉讼原告人的赔偿要求无异议，但陈述无能力赔偿二原告人的损失。 经审理查明，被告人邵国良与其妻宋某3于2009年结婚，2016年双方因故发生感情纠葛后，宋某3提起离婚诉讼，2016年8月被法院判决不准离婚，宋某3回父母家居住。因怀疑宋某3的亲属在离婚问题上支持宋某3，2017年2月5日7时30分许，被告人邵国良携带一把水果刀（刃长19cm）在宋某1居住的泰安市岱岳区粥店办事处过驾院小区10号楼2单元一楼电梯间等待宋某1下楼，想与宋某1理论。二人在电梯内相遇后，宋某1拒绝与邵国良交流，被告人邵国良跟随其到负二层停车场内，掏出水果刀刺中宋某1左胸部，宋某1逃离时，被告人邵国良随其后追赶。被害人宋某2给其子宋某1送衣服时，恰好遇到邵国良追赶宋某1，其上前阻拦，被邵国良刺中左胸部。宋某1担心宋某2被刺伤，随即折回与宋某2一起同被告人邵国良搏斗，其间邵国良挥刀多次刺中宋某1、宋某2。此后在他人协助下，将被告人邵国良控制，被告人邵国良随后被赶到的公安民警带走讯问。 经泰山医学院附属医院检查、诊断，被害人宋某1右肩前侧见2.2cm创口；前胸见2.2cm、2.7cm创口；左上背部、右上背部、左前臂上段前侧、左上臂中段外侧、左上臂下段后侧、右大腿下段内侧他别见2.0cm、2.1cm、1.3cm、2.0cm、1.6cm、5.7cm创口。被害人宋某2左胸背部见1.1cm、2.1cm、0.9cm、0.7cm创口。经泰安市公安局岱岳区分局刑事技术鉴定，被害人宋某1左侧胸部外伤致左侧液气胸伴左肺组织压缩30％以上（约50％）及胸背部、颈部、纵膈积气，伤情属轻伤一级，其余皮肤裂伤累计构成轻伤二级；被害人宋某2左侧胸部外伤致左侧液气胸伴左肺组织压缩30％以上（约50％）及胸背部、颈部、纵膈积气，伤情属轻伤一级。 被告人邵国良于案发当日被刑事拘留，其父邵某1于2017年3月2日提出精神疾病鉴定申请，经山东省安康精神疾病司法鉴定，被告人邵国良作案时无精神病，在本案中具有完全刑事责任能力。 被害人宋某1、宋某2受伤后被送至泰山医学院附属医院治疗，其中宋某1住院治疗9天，支付医疗费20770.07元，由其同事泰安市文丰市政工程有限公司职工梁某及其刘某5护理。被害人宋某2住院治疗9天，支付医疗费9719.40元，由张某2、刘某3护理。 以上事实有下列证据证实： 〈一〉刑事部分 1、物证 侦查人员张某3、刘某4于2017年2月5日从作案现场提取的被告人邵国良所有的水果刀1把，全长32cm，刃长19cm，系捅伤被害人宋某2、宋某1的作案凶器。 2、书证 （1）受案登记表、受案回执、立案决定书、接处警登记表，证实本案报案2017年2月5日7时44分由于某报案，泰安市公安局岱岳区分局于同日立案。 （2）侦查机关出具的被告人归案情况说明，证实2017年2月5日，被告人邵国良在案发现场被民警传唤至泰安市公安局粥店派出所。 （3）常住人口基本信息，证实被告人邵国良、被害人宋某1、宋某2的身份情况。邵国良已达到刑事责任年龄。 （4）案发现场图片，证实案发现场的情况。 （5）扣押决定书及扣押清单，证实公安机关于2017年2月5日出警到现场后提取、并扣押被告人邵国良所有的水果刀1把。 （6）调取证据通知书、调取证据清单及视频监控录像资料制作说明，证实公安机关调取案发现场监控及制作视频资料情况。 （7）鉴定申请书，证实2017年3月2日，被告人邵国良父亲邵某1申请对邵国良进行精神状态鉴定。 （8）申请书，证实被害人宋某2、邵某4要求严惩被告人邵国良的情况。 （9）肥城市精神卫生中心门诊病例及诊断证明，证实被告人邵国良2016年8月1日在肥城市精神卫生中心被诊断为精神分裂症。 （10）拘留证、拘留通知书、变更羁押期限通知书、提请批准逮捕书、批准逮捕决定书、逮捕证、逮捕通知书，证实被告人邵国良于2017年2月5日被刑事拘留，同年2月16日被逮捕，羁押于泰安市看守所。 3、证人证言 （1）证人于某证实，2017年2月5日7时40分左右，其看到宋某2在追赶一名男子，其走近后发现宋某2将该男子按倒在地，宋某2称该男子拿刀捅了自己，要求其报警，于某报警后发现宋某2父子将该男子按在地上，于某从被制服的男子手中夺下了一把刀子。 （2）证人宋某3证实，其和被告人邵国良2009年10月结婚，婚后育有一女儿，二人平时感情一般。2015年腊月邵国良不再上班，怀疑宋某3有婚外情，二人分居，宋某3回娘家居住。2016年7月宋某3向法院提出离婚，同年被判决不准离婚。邵国良平时不爱说话，没有朋友。 （3）证人邵某1证实，2015年底，其子邵国良因他的岳父宋某2不同意将其房子登记到邵国良和宋某3名下，邵国良与岳父家闹得关系不好，邵国良回肥城老家居住。当时邵国良睡眠不好，爱自言自语。2016年2月18日，肥城市精神卫生中心初步诊断邵国良为精神分裂症。2016年8月宋某3起诉离婚，法院判不予离婚。邵国良的父母系亲属均无精神病史，邵国良自小发育正常。 （4）证人刘某1（邵国良母亲）证实内容与邵某1证实内容一致。 （5）证人路某（肥城市边院镇亓庄村书记）证实，邵国良从小在其村长大，无家族精神病史。 （6）证人邵某2（邵国良伯父）证实，邵国良的姑姑邵桂香去世前有过精神病。2016年邵国良因为精神不正常去精神病院住了一段时间。 4、被害人陈述 （1）被害人宋某1证实，2017年2月5日7时30分左右，在其居住的过驾院小区10号楼2单元电梯间，邵国良找到宋某1要与其谈事，宋某1未同意。邵国良从电梯一楼跟随宋某1到了地下车库单元门口，邵国良趁其转身向其心脏位置捅了一刀，宋某1逃往车库内，跑到8号楼西侧的南北路时，发现邵国良与其父亲宋某2厮打在一起，怕邵国良捅到其父亲，宋某1返回与其父亲一起与邵国良厮打。在厮打的过程中，邵国良持刀多次捅到宋某1与宋某2，后二人将邵国良按到地上。事后宋某1发现自己身上被捅伤九处。 （2）被害人宋某2证实，2017年2月5日7时30分左右，宋某2在给宋某1送衣服途中，看到邵国良在追赶宋某1。宋某2抱住邵国良时被邵国良了捅了左肋部两刀，同时邵国良说：“我捅死你们。”宋某1返回后两人与邵国良厮打，期间邵国良手里拿着刀子挥舞，又捅了宋某2两刀。随后在于某的帮助下，三人将邵国良制服，将刀夺下，于某报警。后来其知道在其拦截邵国良之前邵国良已经捅伤了宋某1。 5、被告人邵国良供述，其与妻子宋某3因感情不和已分居，妻子带女儿回娘家住。案发前邵国良从微信上发现女儿脸上有伤，怀疑女儿在其岳父家受委屈。2017年2月5日7时30分左右，邵国良在宋某1居住的电梯内拦住宋某1，要与其理论，宋某1说没时间，不与其谈话。二人到了地下车库，邵国良拉住宋某1手臂，二人发生撕扯，邵国良掏出上衣口袋内的水果刀捅了宋某1胳膊。在宋某1逃跑其追赶的过程中，遇到了其岳父宋某2，宋某2、宋某1与邵国良发生厮打，邵国良持刀多次朝宋某2、宋某1身上捅。随后又过来一人，三人将邵国良按在地上。其携带刀具的目的是防身，捅宋某1是想吓唬吓唬他，后来三个人打起来后虽然自己知道会捅死人，但是已经丧失理智，记不清捅的什么部位，捅了几刀。邵国良于2016年2月份被肥城市精神卫生中心诊断为精神分裂症，住院十几天，其奶奶生前精神不太正常。 6、鉴定意见 （1）泰安市公安局岱岳区分局［2017］0082号、0083号法医学人体损伤程度鉴定书证实：伤者宋某2胸部外伤致左侧液气胸伴左肺组织压缩30％以上（约50％）及胸背部、颈部、纵膈积气，构成轻伤一级；宋某1左上背部损伤致左侧液气胸伴左肺组织压缩30％以上构成轻伤一级，其余皮肤裂伤累计构成轻伤二级。 （2）山东安康医院精神疾病司法鉴定所鲁安康［2017］精鉴字第200号司法鉴定意见书（附鉴定资格证书）证实，被告人邵国良作案时无精神病，具有完全刑事责任能力。 7、视听资料、电子数据（光盘） 过驾院小区10号楼2单元电梯、地下车库监控录像，证实被告人邵国良作案过程。 以上证据经庭审质证，本院予以确认。 〈二〉民事部分 1、宋某1医疗费收据7份，总金额20770.07元，宋某2医疗费收据4份，总金额9719.40元。 2、住院病历、门诊病历、长期医嘱、诊断证明，证实宋某1、宋某2均在泰山医学院附属医院住院治疗9天，各由2人陪护，出院休息2个月，定期复查。 3、宋某1就业单位营业执照、工资证明、宋某2身份证明，证实原告人宋某1系泰安市文丰市政工程有限责任公司职工，月工资6000元；宋某2系泰安市岱岳区粥店办事处城镇居民。 4、护理人员梁某、刘某5、张某2、刘某3身份证明、收入证明，证实梁某系宋某1同事，月工资6000元，刘某5、张某2、刘某3均系泰安市泰山区城镇居民。 5、汽车客运发票82份，计6385元。 以上证据经当庭质证，除汽车客运发票外本院予以确认。 本院认为，被告人邵国良因婚姻纠纷对妻子家人产生怨恨，持刀伤害被害人宋某1、宋某2，致宋某1轻伤一级、轻伤二级各一处，致宋某2轻伤一级一处，其行为构成故意伤害罪，事实清楚，证据确实、充分，公诉机关指控的罪名成立，依法应追究其刑事责任。其伤害手段残忍，后果较重，依法应予从重处罚。 被告人邵国良给附带民事诉讼原告人宋某1、宋某2造成的医疗费、护理费、误工费、伙食补助费、交通费等经济损失应予赔偿。宋某1误工费、护理人梁某护理费应按其在职收入标准算，即误工费200元／天×（9＋60）天=13800元；护理费200／元×9天＋93.18元／天×9天=2638.62元。宋某2误工费及护理费应按城镇居民上年度平均收入标准计算，即误工费93.18元／天×（9＋60）天=6429.42元；护理费93.18元／天×9天×2人=1677.24元。伙食补助费每人每天按30元计算。原告人提交的交通费票据数量及金额与实际支出差距较大，本院酌定每人赔偿400元。原告人主张的残疾赔偿金、精神抚慰金等其他费用不符合刑事附带民事诉讼法律规定，本院不予支持。以上被告人邵国良应赔偿原告人宋绪国医疗费20770.07元、误工费13800元、护理费2638.62元、伙食补助费270元、交通费400元，总计37878.69元；应赔偿原告人宋某2医疗费9719.40元、误工费6429.42元、护理费1677.24元、伙食补助费270元、交通费400元，总计18496.06元。 综上，依照《中华人民共和国刑法》第二百三十四条第一款，《中华人民共和国侵权责任法》第十六条之规定，判决如下： 一、被告人邵国良犯故意伤害罪，判处有其徒刑二年九个月； （刑期自本判决执行之日起计算，判决执行前先行羁押的，羁押一日折抵刑期一日，即自2017年2月5日起至2019年11月4日止。） 二、被告人邵国良赔偿附带民事诉讼原告人宋某1经济损失37878.69元，赔偿附带民事诉讼原告人宋某2经济损失18496.06元，于本判决生效后十日内付清； 三、驳回附带民事诉讼原告人的其他诉讼请求。 如不服本判决，可在接到判决书的第二日起十日内，通过本院或者直接向山东省泰安市中级人民法院提出上诉。书面上诉的，应当提交上诉状正本一份，副本二份。 审判长程鹏飞 人民陪审员程明 人民陪审员贾俊河 二〇一七年八月十七日 书记员赵子鹤","writId":"0230f0ce84da10e8ad4f820615e41c3debe","writName":"邵国良故意伤害一审刑事判决书"}
