{"ajId":"49bcacf9-32f1-4888-ba57-66666438867d","ajName":"李某某犯危险驾驶罪一案","ajjbqk":" 商丘市睢阳区人民检察院指控，2014年3月5日20时许，被告人陈某某在商丘市睢阳区马楼村冯某甲家，趁院中无人之机，将冯某甲停在院內的一辆银色嘉凯利牌电动三轮车偷走。在逃跑过程中，被告人陈某某被巡逻民警当场抓获。经鉴定，被盗电动三轮车价值980元，案发后，赃物追回，退还失主。 上述事实，被告人陈某某当庭供认不讳，并有被害人冯某甲的陈述；证人冯某乙的证言；物价鉴定书；抓获经过；身份证明等证据材料予以证实，足以认定。 ","cpfxgc":"本院认为，被告人陈某某以非法占有为目的，秘密入户窃取他人财物，其行为已构成盗窃罪，公诉机关指控罪名成立。依照《中华人民共和国刑法》第二百六十四条、第五十二条、第五十三条之规定，判决如下：","pjjg":" 被告人陈某某犯盗窃罪，判处拘役四个月，并处罚金人民币二千元。 （刑期自判决执行之日起计算。判决执行以前先行羁押的，羁押一日折抵刑期一日。即自2014年3月5日起至2014年7月4日止。罚金于判决生效后三十日内缴纳。） 如不服本判决，可在接到判决书的第二日起十日内，通过本院或者直接向河南省商丘市中级人民法院提出上诉。书面上诉的，应当提交上诉状正本一份，副本两份。","qw":"河南省商丘市睢阳区人民法院 刑事判决书 （2014）商睢刑初字第134号 公诉机关商丘市睢阳区人民检察院。 被告人陈某某，男，1968年9月15日出生，汉族，河南省商丘市人，小学文化，无业，住商丘市梁园区。因涉嫌犯盗窃罪，于2014年3月5日被商丘市公安局东方分局刑事拘留，2014年3月15日被逮捕，现羁押于商丘市看守所。 商丘市睢阳区人民检察院以商睢检刑诉（2014）183号起诉书指控被告人陈某某犯盗窃罪，于2014年6月4日向本院提起公诉。本院于同日予以受理，并依法适用简易程序，实行独任审判，公开开庭审理了本案。商丘市睢阳区人民检察院指派检察员刘斐出庭支持公诉，被告人陈某某到庭参加诉讼，现已审理终结。 商丘市睢阳区人民检察院指控，2014年3月5日20时许，被告人陈某某在商丘市睢阳区马楼村冯某甲家，趁院中无人之机，将冯某甲停在院內的一辆银色嘉凯利牌电动三轮车偷走。在逃跑过程中，被告人陈某某被巡逻民警当场抓获。经鉴定，被盗电动三轮车价值980元，案发后，赃物追回，退还失主。 上述事实，被告人陈某某当庭供认不讳，并有被害人冯某甲的陈述；证人冯某乙的证言；物价鉴定书；抓获经过；身份证明等证据材料予以证实，足以认定。 本院认为，被告人陈某某以非法占有为目的，秘密入户窃取他人财物，其行为已构成盗窃罪，公诉机关指控罪名成立。依照《中华人民共和国刑法》第二百六十四条、第五十二条、第五十三条之规定，判决如下： 被告人陈某某犯盗窃罪，判处拘役四个月，并处罚金人民币二千元。 （刑期自判决执行之日起计算。判决执行以前先行羁押的，羁押一日折抵刑期一日。即自2014年3月5日起至2014年7月4日止。罚金于判决生效后三十日内缴纳。） 如不服本判决，可在接到判决书的第二日起十日内，通过本院或者直接向河南省商丘市中级人民法院提出上诉。书面上诉的，应当提交上诉状正本一份，副本两份。 审判员卢文彬 二〇一四年六月十八日 书记员张宪法","writId":"007b3100114e5b5fb9da10062a3edcf090a","writName":"被告人陈某某犯盗窃罪一审刑事判决书"}
