{"ajId":"99f860e0-8146-493c-96a1-39ec0630cd28","ajName":"胡某某交通肇事一案","ajjbqk":" 公诉机关指控：2013年7月，河南铁成企业管理咨询有限公司在郑州注册成立，法人代表郭廷杰（另案处理）。2013年9月，郭廷杰派杨亚（已判刑）在我市设立河南铁成企业管理咨询有限公司平顶山分部，后于2014年12月成立平顶山市铁成实业有限公司（实际控制人为杨亚）。2014年5月，杨亚招聘被告人岳毅任铁成平顶山分部的业务总监，岳毅对公司业务员进行培训后，开始以投资经营中联高科新能源有限公司、优途车城等项目的名义，采取口口相传、召开答谢会、发送宣传资料等方式，以月息1分至2分的高息回报为诱饵，公开向社会不特定对象非法集资。经平顶山市明审会计师事务所司法会计鉴定，自2014年5月21日至2014年9月30日被告人岳毅担任铁成公司平顶山分部业务总监期间，该分部共吸收社会公众存款金额7380000元，涉及人数66人，未兑付金额3050000元，涉及人数30人。岳毅个人收取工资、提成共35515元。 公诉机关当庭出示了相关证据。 公诉机关认为，被告人岳毅非法吸收公众存款，扰乱金融秩序，数额巨大，应当以非法吸收公众存款罪追究其刑事责任。 被告人岳毅对起诉书指控的犯罪事实及罪名无异议，同时辩称：在进入公司后所做的工作都是受杨亚指示，自己作为一个打工者没有决策权，对公司的任何事无处置权，更没有分配权。 辩护人辩称：岳毅在单位犯罪中属于从属地位，系从犯；岳毅在犯罪后主动投案，如实供述自己的罪行，属于自首；岳毅归案后，向铁成公司处置工作组退回赃款两次，远远超过其本人的收入款项。 经审理查明，2013年7月，河南铁成企业管理咨询有限公司在郑州注册成立，法人代表郭廷杰（另案处理）。2013年9月，郭廷杰派被告人杨亚在平顶山市设立河南铁成企业管理咨询有限公司平顶山分部，后于2014年12月成立平顶山市铁成实业有限公司。2014年5月，杨亚招聘被告人岳毅任铁成平顶山分部的业务总监，岳毅对公司业务员进行培训后，开始以投资经营中联高科新能源有限公司、优途车城等项目的名义，采取口口相传、召开答谢会、发送宣传资料等方式，以月息1分至2分的高息回报为诱饵，公开向社会不特定对象非法集资。经平顶山市明审会计师事务所司法会计鉴定，自2014年5月21日至2014年9月30日被告人岳毅担任铁成公司平顶山分部业务总监期间，该分部共吸收社会公众存款金额7380000元，涉及人数66人，未兑付金额3050000元，涉及人数30人。岳毅个人收取工资、提成共35515元。 另查明，被告人岳毅已退还其全部违法所得。集资群众祝某1、孙某某、高某、谢某某、祝某2、方某某、李某11、郭某某、刘某1、郑某某、李某1、李某2、贾某某、刘某2对岳毅表示谅解。 认定上述事实的证据有：户籍证明、抓获经过、平顶山市铁成实业有限公司营业执照、银行账户信息、平顶山铁成公司宣传彩页、借款合同复印件等书证；证人王某某、董某、贾某、杨某等人的证言；同案犯杨亚的供述与辩解；被告人岳毅的供述与辩解；鉴定意见；视听资料。以上证据相互印证，足以证实，且已全部经过当庭质证，本院予以采信。 ","cpfxgc":"本院认为，被告人岳毅非法吸收公众存款，扰乱金融秩序，数额巨大，其行为已构成非法吸收公众存款罪。公诉机关指控其所犯罪名成立。岳毅在共同犯罪中起次要作用，系从犯，且如实供述自己的罪行，系坦白，故本院决定对其减轻处罚。辩护人与审理查明的事实不符的辩护意见，本院不予采纳。根据被告人岳毅犯罪的事实、犯罪的性质、情节和对于社会的危害程度，依照《中华人民共和国刑法》第一百七十六条、第二十五条第一款、第二十七条、第六十七条第三款、第五十二条、第五十三条、第六十四条、第七十二条、第七十三条之规定，判决如下：","pjjg":" 一、被告人岳毅犯非法吸收公众存款罪，判处有期徒刑二年，缓刑二年，并处罚金三万元； （缓刑考验期从判决确定之日起计算；罚金于本判决生效后十日内一次性缴纳。） 二、本案已查封、扣押、冻结在案的涉案财物及集资参与人损失的不足部分由该案政府成立的工作组依法处置。 如不服本判决，可在接到判决书的第二日起十日内，通过本院或者直接向平顶山市中级人民法院提出上诉，书面上诉的，应当提交上诉状正本一份，副本三份。","qw":"河南省平顶山市湛河区人民法院 刑事判决书 （2017）豫0411刑初247号 公诉机关平顶山市湛河区人民检察院。 被告人岳毅，又名岳丙午，男，1970年8月11日出生，汉族，大专文化，系河南铁成企业管理咨询有限公司平顶山分部业务总监，住平顶山市。因涉嫌犯非法吸收公众存款罪于2016年6月14日被平顶山市公安局北渡分局取保候审，11月2日被刑事拘留，同年12月9日经湛河区人民检察院不批准逮捕，次日被取保候审。 辩护人张伟，河南春来律师事务所律师。 公诉机关以平湛检公诉刑诉（2016）63号起诉书向本院提起公诉，指控被告人岳毅犯非法吸收公众存款罪。本院审查受理后，依法组成合议庭公开开庭进行了审理。公诉机关指派检察员崔乾雷、郭丽娜出庭支持公诉，被告人岳毅及其辩护人张伟到庭参加诉讼。现已审理终结。 公诉机关指控：2013年7月，河南铁成企业管理咨询有限公司在郑州注册成立，法人代表郭廷杰（另案处理）。2013年9月，郭廷杰派杨亚（已判刑）在我市设立河南铁成企业管理咨询有限公司平顶山分部，后于2014年12月成立平顶山市铁成实业有限公司（实际控制人为杨亚）。2014年5月，杨亚招聘被告人岳毅任铁成平顶山分部的业务总监，岳毅对公司业务员进行培训后，开始以投资经营中联高科新能源有限公司、优途车城等项目的名义，采取口口相传、召开答谢会、发送宣传资料等方式，以月息1分至2分的高息回报为诱饵，公开向社会不特定对象非法集资。经平顶山市明审会计师事务所司法会计鉴定，自2014年5月21日至2014年9月30日被告人岳毅担任铁成公司平顶山分部业务总监期间，该分部共吸收社会公众存款金额7380000元，涉及人数66人，未兑付金额3050000元，涉及人数30人。岳毅个人收取工资、提成共35515元。 公诉机关当庭出示了相关证据。 公诉机关认为，被告人岳毅非法吸收公众存款，扰乱金融秩序，数额巨大，应当以非法吸收公众存款罪追究其刑事责任。 被告人岳毅对起诉书指控的犯罪事实及罪名无异议，同时辩称：在进入公司后所做的工作都是受杨亚指示，自己作为一个打工者没有决策权，对公司的任何事无处置权，更没有分配权。 辩护人辩称：岳毅在单位犯罪中属于从属地位，系从犯；岳毅在犯罪后主动投案，如实供述自己的罪行，属于自首；岳毅归案后，向铁成公司处置工作组退回赃款两次，远远超过其本人的收入款项。 经审理查明，2013年7月，河南铁成企业管理咨询有限公司在郑州注册成立，法人代表郭廷杰（另案处理）。2013年9月，郭廷杰派被告人杨亚在平顶山市设立河南铁成企业管理咨询有限公司平顶山分部，后于2014年12月成立平顶山市铁成实业有限公司。2014年5月，杨亚招聘被告人岳毅任铁成平顶山分部的业务总监，岳毅对公司业务员进行培训后，开始以投资经营中联高科新能源有限公司、优途车城等项目的名义，采取口口相传、召开答谢会、发送宣传资料等方式，以月息1分至2分的高息回报为诱饵，公开向社会不特定对象非法集资。经平顶山市明审会计师事务所司法会计鉴定，自2014年5月21日至2014年9月30日被告人岳毅担任铁成公司平顶山分部业务总监期间，该分部共吸收社会公众存款金额7380000元，涉及人数66人，未兑付金额3050000元，涉及人数30人。岳毅个人收取工资、提成共35515元。 另查明，被告人岳毅已退还其全部违法所得。集资群众祝某1、孙某某、高某、谢某某、祝某2、方某某、李某11、郭某某、刘某1、郑某某、李某1、李某2、贾某某、刘某2对岳毅表示谅解。 认定上述事实的证据有：户籍证明、抓获经过、平顶山市铁成实业有限公司营业执照、银行账户信息、平顶山铁成公司宣传彩页、借款合同复印件等书证；证人王某某、董某、贾某、杨某等人的证言；同案犯杨亚的供述与辩解；被告人岳毅的供述与辩解；鉴定意见；视听资料。以上证据相互印证，足以证实，且已全部经过当庭质证，本院予以采信。 本院认为，被告人岳毅非法吸收公众存款，扰乱金融秩序，数额巨大，其行为已构成非法吸收公众存款罪。公诉机关指控其所犯罪名成立。岳毅在共同犯罪中起次要作用，系从犯，且如实供述自己的罪行，系坦白，故本院决定对其减轻处罚。辩护人与审理查明的事实不符的辩护意见，本院不予采纳。根据被告人岳毅犯罪的事实、犯罪的性质、情节和对于社会的危害程度，依照《中华人民共和国刑法》第一百七十六条、第二十五条第一款、第二十七条、第六十七条第三款、第五十二条、第五十三条、第六十四条、第七十二条、第七十三条之规定，判决如下： 一、被告人岳毅犯非法吸收公众存款罪，判处有期徒刑二年，缓刑二年，并处罚金三万元； （缓刑考验期从判决确定之日起计算；罚金于本判决生效后十日内一次性缴纳。） 二、本案已查封、扣押、冻结在案的涉案财物及集资参与人损失的不足部分由该案政府成立的工作组依法处置。 如不服本判决，可在接到判决书的第二日起十日内，通过本院或者直接向平顶山市中级人民法院提出上诉，书面上诉的，应当提交上诉状正本一份，副本三份。 审判长朱兴亚 人民陪审员陈艳芳 人民陪审员陈贵卿 二〇一七年十一月六日 书记员李向杰 附： 《中华人民共和国刑法》 第一百七十六条［非法吸收公众存款罪］非法吸收公众存款或者变相吸收公众存款，扰乱金融秩序的，处三年以下有期徒刑或者拘役，并处或者单处二万元以上二十万元以下罚金；数额巨大或者有其他严重情节的，处三年以上十年以下有期徒刑，并处五万元以上五十万元以下罚金。 单位犯前款罪的，对单位判处罚金，并对其直接负责的主管人员和其他直接责任人员，依照前款的规定处罚。 第二十五条第一款［共同犯罪概念］共同犯罪是指二人以上共同故意犯罪。 第二十七条［从犯］在共同犯罪中起次要或者辅助作用的，是从犯。 对于从犯，应当从轻、减轻处罚或者免除处罚。 第六十七条第三款犯罪嫌疑人虽不具有前两款规定的自首情节，但是如实供述自己罪行的，可以从轻处罚；因其如实供述自己罪行，避免特别严重后果发生的，可以减轻处罚。 第五十二条［罚金数额的裁量］判处罚金，应当根据犯罪情节决定罚金数额。 第五十三条［罚金的缴纳、减免］罚金在判决指定的期限内一次或者分期缴纳。期满不缴纳的，强制缴纳。对于不能全部缴纳罚金的，人民法院在任何时候发现被执行人有可以执行的财产，应当随时追缴。 由于遭遇不能抗拒的灾祸等原因缴纳确实有困难的，经人民法院裁定，可以延期缴纳、酌情减少或者免除。 第六十四条［犯罪物品的处理］犯罪分子违法所得的一切财物，应当予以追缴或者责令退赔；对被害人的合法财产，应当及时返还；违禁品和供犯罪所用的本人财物，应当予以没收。没收的财物和罚金，一律上缴国库，不得挪用和自行处理。 第七十二条［适用条件］对于被判处拘役、三年以下有期徒刑的犯罪分子，同时符合下列条件的，可以宣告缓刑，对其中不满十八周岁的人、怀孕的妇女和已满七十五周岁的人，应当宣告缓刑： （一）犯罪情节较轻； （二）有悔罪表现； （三）没有再犯罪的危险； （四）宣告缓刑对所居住社区没有重大不良影响。 宣告缓刑，可以根据犯罪情况，同时禁止犯罪分子在缓刑考验期限内从事特定活动，进入特定区域、场所，接触特定的人。 被宣告缓刑的犯罪分子，如果被判处附加刑，附加刑仍须执行。 第七十三条［考验期限］拘役的缓刑考验期限为原判刑期以上一年以下，但是不能少于二个月。 有期徒刑的缓刑考验期限为原判刑期以上五年以下，但是不能少于一年。 缓刑考验期限，从判决确定之日起计算。","writId":"06500603c9127305a1234e0f69af22b67fa","writName":"岳毅非法吸收公众存款一审刑事判决书"}
