{"ajId":"4f7f4813-0f82-4061-8e53-cd3c93d8cee1","ajName":"孙福训诈骗罪一案","ajjbqk":" 晋中市榆次区人民检察院指控，2016年7月27日23时许，被告人李东明驾驶无牌二轮摩托车由东往西行驶至蕴华街八中门前时，与韩某驾驶的一辆由西往东转弯往北的无牌路虎揽胜小型普通越野车发生碰撞，造成双方车辆损坏的交通事故，经认定，韩某承担此事故的主要责任，李东明承担此事故的次要责任。经鉴定，李东明血液中酒精成分含量为176.81mg／100ml，达到醉酒驾驶的标准。 针对上述指控，公诉机关提供了相关的证据，据此，公诉机关认为被告人李东明的行为已构成危险驾驶罪，提请本院依据《中华人民共和国刑法》第一百三十三条之一之规定惩处。 被告人李东明对公诉机关指控的犯罪事实和罪名无异议，表示自愿认罪。 经审理查明，2016年7月27日23时许，被告人李东明驾驶无牌二轮摩托车由东往西行驶至蕴华街八中门前时，与韩某驾驶的一辆由西往东转弯往北的无牌路虎揽胜小型普通越野车发生碰撞，造成双方车辆损坏的交通事故，经认定，韩某承担此事故的主要责任，李东明承担此事故的次要责任。经鉴定，李东明血液中酒精成分含量为176.81mg／100ml，达到醉酒驾驶的标准。 认定上述事实，有公诉机关提供并经当庭质证、核实的下列证据予以证实： 山西榆次司法鉴定中心检验报告，证明检验结果：从送检李东明的血液中检出酒精，其酒精含量为176.81mg／100ml。 机动车驾驶证复印件、驾驶人信息查询结果单，证明李东明准驾车型为B2，韩某准驾车型为C1。 机动车行信息查询结果单，证明了李东明所驾驶的光南普通二轮摩托车机动车所有人为戎岱云，强制报废期止2012年10月14日，检验有效期止2004年12月31日，机动车状态为注销。 晋中交警支队事故处理大队道路交通事故认定书，证明韩某违反《道交法实施条例》第五十二第三项，承担事故的主要责任，李东明违法《道交法》第二十二条二款、第十九条四款，承担事故的次要责任。 晋中市公安局交通警察支队交通事故处理大队出具的查获经过。证明2016年7月27日23时50分，该队接到指挥中心指令，在蕴华街八中门口发生交通事故。接警后民警到达现场发现一辆无牌小型汽车与一辆无牌二轮摩托车发生碰撞，造成车辆损坏的交通事故。现场勘查过程中，发现驾驶员李东明涉嫌酒后驾驶机动车。民警带李东明到医院抽取血液，当日将血样送往榆次司法鉴定中心进行检验鉴定，榆次司法鉴定中心鉴定的酒精检查报告结论：从送检的李东明血液中检出酒精，其酒精含量：176.81mg／100ml。 机动车交强险保险单、机动车保险单，证明了韩某所驾车辆的投保情况。 常住人口详细信息。证明了李东明的身份情况。 证人韩某在公安机关的证言。2016年7月27日23时许，该驾驶无牌路虎揽胜越野车由西往东行驶至蕴华街与正太街交叉口处左转弯往北时，与一辆由东往西行驶的摩托车碰撞，该车的右侧尾灯与对方车前部接触。 证人赵某在公安机关的证言。2016年7月27日该和韩某在大同桥吃完饭后，韩某驾驶路虎揽胜越野车拉该回家，由西往东行驶至蕴华街与正太街交叉口处左转弯往北时，与一辆由东往西行驶的摩托车碰撞，下车后韩某打110报警。吃饭的时候该喝了点酒，韩某说他开的车了就没有喝。 被告人李东明在公安机关的供述。2016年7月27日晚21时30分，该和该的两个朋友在蕴华街大槐树那边的一个饭店吃串串火锅，该等三个人喝了两瓶堡子酒。23时左右吃完饭后，该骑摩托车回家，走到八中十字路口时，该由东往西直行，对方车辆由西往东左转弯，该躲对方的时候，与对方车辆左边的后轮胎发生刮蹭，然后对方就报警了。该没有摩托车驾驶证，摩托车有牌照，但是多年未审验，记不清号了。 上述证据，来源合法，内容相互关联，印证了查明的事实，可以作为本案的定案依据。 ","cpfxgc":"本院认为，被告人李东明违反道路交通安全法规，在道路上无驾驶资格醉酒驾驶机动车辆，经检验血液中酒精含量为176.81mg／100ml，其行为已构成危险驾驶罪，依法应从重处罚。公诉机关的指控成立。鉴于被告人李东明在庭审中选择自愿认罪，本院依法可酌情对其予以从轻处罚。依据《中华人民共和国刑法》第一百三十三条之一、第六十一条、第五十二条、第七十二条第一款、第三款、第七十三条第一款、第三款之规定，判决如下：","pjjg":" 被告人李东明犯危险驾驶罪，判处拘役三个月，缓刑六个月，并处罚金人民币一万元（已缴纳）。 （缓刑考验期限，从判决确定之日起计算）。 如不服本判决，可在接到判决书的第二日起十日内，通过本院或者直接向晋中市中级人民法院提出上诉，书面上诉的，应提交上诉状正本一份，副本两份。","qw":"李东明危险驾驶罪一审刑事判决书 山西省晋中市榆次区人民法院 刑事判决书 （2017）晋0702刑初359号 公诉机关晋中市榆次区人民检察院。 被告人李东明，男，1984年1月1日出生于山西省浑源县，汉族，初中文化。2017年1月5日因涉嫌犯危险驾驶罪被晋中市公安局取保候审。 晋中市榆次区人民检察院以榆检公诉刑诉（2017）51号起诉书指控被告人李东明犯危险驾驶罪，于2017年8月30日向本院提起公诉，本院依法组成合议庭，公开开庭审理了本案。晋中市榆次区人民检察院指派检察员高鹏飞出庭支持公诉，被告人李东明到庭参加了诉讼，现已审理终结。 晋中市榆次区人民检察院指控，2016年7月27日23时许，被告人李东明驾驶无牌二轮摩托车由东往西行驶至蕴华街八中门前时，与韩某驾驶的一辆由西往东转弯往北的无牌路虎揽胜小型普通越野车发生碰撞，造成双方车辆损坏的交通事故，经认定，韩某承担此事故的主要责任，李东明承担此事故的次要责任。经鉴定，李东明血液中酒精成分含量为176.81mg／100ml，达到醉酒驾驶的标准。 针对上述指控，公诉机关提供了相关的证据，据此，公诉机关认为被告人李东明的行为已构成危险驾驶罪，提请本院依据《中华人民共和国刑法》第一百三十三条之一之规定惩处。 被告人李东明对公诉机关指控的犯罪事实和罪名无异议，表示自愿认罪。 经审理查明，2016年7月27日23时许，被告人李东明驾驶无牌二轮摩托车由东往西行驶至蕴华街八中门前时，与韩某驾驶的一辆由西往东转弯往北的无牌路虎揽胜小型普通越野车发生碰撞，造成双方车辆损坏的交通事故，经认定，韩某承担此事故的主要责任，李东明承担此事故的次要责任。经鉴定，李东明血液中酒精成分含量为176.81mg／100ml，达到醉酒驾驶的标准。 认定上述事实，有公诉机关提供并经当庭质证、核实的下列证据予以证实： 山西榆次司法鉴定中心检验报告，证明检验结果：从送检李东明的血液中检出酒精，其酒精含量为176.81mg／100ml。 机动车驾驶证复印件、驾驶人信息查询结果单，证明李东明准驾车型为B2，韩某准驾车型为C1。 机动车行信息查询结果单，证明了李东明所驾驶的光南普通二轮摩托车机动车所有人为戎岱云，强制报废期止2012年10月14日，检验有效期止2004年12月31日，机动车状态为注销。 晋中交警支队事故处理大队道路交通事故认定书，证明韩某违反《道交法实施条例》第五十二第三项，承担事故的主要责任，李东明违法《道交法》第二十二条二款、第十九条四款，承担事故的次要责任。 晋中市公安局交通警察支队交通事故处理大队出具的查获经过。证明2016年7月27日23时50分，该队接到指挥中心指令，在蕴华街八中门口发生交通事故。接警后民警到达现场发现一辆无牌小型汽车与一辆无牌二轮摩托车发生碰撞，造成车辆损坏的交通事故。现场勘查过程中，发现驾驶员李东明涉嫌酒后驾驶机动车。民警带李东明到医院抽取血液，当日将血样送往榆次司法鉴定中心进行检验鉴定，榆次司法鉴定中心鉴定的酒精检查报告结论：从送检的李东明血液中检出酒精，其酒精含量：176.81mg／100ml。 机动车交强险保险单、机动车保险单，证明了韩某所驾车辆的投保情况。 常住人口详细信息。证明了李东明的身份情况。 证人韩某在公安机关的证言。2016年7月27日23时许，该驾驶无牌路虎揽胜越野车由西往东行驶至蕴华街与正太街交叉口处左转弯往北时，与一辆由东往西行驶的摩托车碰撞，该车的右侧尾灯与对方车前部接触。 证人赵某在公安机关的证言。2016年7月27日该和韩某在大同桥吃完饭后，韩某驾驶路虎揽胜越野车拉该回家，由西往东行驶至蕴华街与正太街交叉口处左转弯往北时，与一辆由东往西行驶的摩托车碰撞，下车后韩某打110报警。吃饭的时候该喝了点酒，韩某说他开的车了就没有喝。 被告人李东明在公安机关的供述。2016年7月27日晚21时30分，该和该的两个朋友在蕴华街大槐树那边的一个饭店吃串串火锅，该等三个人喝了两瓶堡子酒。23时左右吃完饭后，该骑摩托车回家，走到八中十字路口时，该由东往西直行，对方车辆由西往东左转弯，该躲对方的时候，与对方车辆左边的后轮胎发生刮蹭，然后对方就报警了。该没有摩托车驾驶证，摩托车有牌照，但是多年未审验，记不清号了。 上述证据，来源合法，内容相互关联，印证了查明的事实，可以作为本案的定案依据。 本院认为，被告人李东明违反道路交通安全法规，在道路上无驾驶资格醉酒驾驶机动车辆，经检验血液中酒精含量为176.81mg／100ml，其行为已构成危险驾驶罪，依法应从重处罚。公诉机关的指控成立。鉴于被告人李东明在庭审中选择自愿认罪，本院依法可酌情对其予以从轻处罚。依据《中华人民共和国刑法》第一百三十三条之一、第六十一条、第五十二条、第七十二条第一款、第三款、第七十三条第一款、第三款之规定，判决如下： 被告人李东明犯危险驾驶罪，判处拘役三个月，缓刑六个月，并处罚金人民币一万元（已缴纳）。 （缓刑考验期限，从判决确定之日起计算）。 如不服本判决，可在接到判决书的第二日起十日内，通过本院或者直接向晋中市中级人民法院提出上诉，书面上诉的，应提交上诉状正本一份，副本两份。 审判长刘勇 人民陪审员赵燕霞 人民陪审员郑洁 二〇一七年十月二十四日 书记员王翠","writId":"0543c04be98f6b62c27cc59aeff1ac5f8d0","writName":"李东明危险驾驶罪一审刑事判决书"}
