{"ajId":"4a7d2366-8b2a-49d7-8e24-7081c01d49eb","ajName":"李新非法占用农用地一案","ajjbqk":" 原审判决认定，被告人李X在明知侯XX因非法开垦草原被判刑的情况下，私自将侯XX开垦的草原用于种植水稻，耕种草原面积为45亩。2013年12月18日李X主动到公安机关投案。 认定上述事实的证据有：证人侯XX证言、被告人李X供述、龙江县草原监理站鉴定意见书、到案经过等。 原审判决认为，被告人李X违反土地管理法规，非法占用草原，数量较大，其行为已构成非法占用农用地罪。关于李X辩称其种植面积为15亩的辩护意见，经查，李X在侦查机关有多份供述，均证实其耕种面积为四十亩左右，且有龙江县草原监理站出具的鉴定意见书予以证实，故对李X的辩护意见不予采纳。李X虽主动投案，但庭审时不能如实供述自己的犯罪事实，不构成自首。依照《中华人民共和国刑法》第三百四十二条的规定，判决：被告人李X犯非法占用农用地罪，判处有期徒刑十个月，并处罚金人民币二万元。 宣判后，被告人李X以其系初犯、偶犯，主观恶性不深，其犯罪行为的社会危害性较小，原判量刑过重为由提出上诉，请求二审法院对其从轻处罚。 出庭检察员认为一审判决认定事实和适用法律正确，量刑基本适当，建议二审法院驳回上诉、维持原判。 经二审审理查明，2013年6月份，上诉人（原审被告人）李X在明知村民侯XX因在广厚乡雅鲁河行洪区非法开垦草原被判处刑罚的情况下，在侯XX开垦的草原上种植水稻。经鉴定，李X耕种草原的面积为45亩。2013年12月18日李X主动到公安机关投案。 上述事实，有经法庭质证、认证的下列证据证实： （一）书证 1．常住人口信息卡证实，被告人李X的身份信息。 2．龙江县草原监理站龙草监移字（2013）12号移送案件通知书证实，龙江县草原监理站将李X非法耕种草原一案移送公安机关办理的情况。 3．到案经过说明证实，被告人李X于2013年12月8日主动到龙江县公安局投案的经过。 4．龙江县人民法院（2011）龙江刑初字第139号刑事判决书证实，龙江县广厚乡一村村民侯XX因非法耕种龙江县广厚乡雅鲁河边草原50亩，被判处有期徒刑一年，缓刑二年，并处罚金人民币二万元。 （二）证人证言 证人侯XX证言证实：2011年9月其因犯非法占用农用地罪，被判处刑罚。之后，李X询问其非法开垦的草原地块的使用情况，其表示不敢耕种，李X说他耕种。 （三）被告人供述 被告人李X供述称：2011年，侯XX在广厚乡通往头站乡的浮桥附近开垦草原，种植水稻被判刑。今年（指2013年）6月，其见此地块无人耕种，便种植了水稻，耕种面积有四十多亩。 （四）鉴定意见 龙江县草原监理站龙草监鉴字（2013）12号鉴定意见书证实，被告人李X非法占用、耕种的地块具有草原生态功能，属于草原，被非法占用、耕种的面积为45亩。 （五）其他证据 龙江县司法局龙司矫调意（2014）第10号调查评估意见书证实，李X具备适用社区矫正条件。 ","cpfxgc":"本院认为，上诉人（原审被告人）李X违反土地管理法规，非法占用草原，擅自改变被占用草原用途，数量较大，造成草原被大量毁坏，其行为已构成非法占用农用地罪，应依法追究其刑事责任。原判认定事实清楚，适用法律正确，审判程序合法。鉴于李X系初犯、偶犯，作案后主动投案，二审期间能够自愿认罪，主动缴纳罚金，具有悔罪表现。综合全部案情，根据李X居住地社区矫正部门对其出具的调查评估意见，认为李X无再犯罪的危险，宣告缓刑对其所居住社区无重大不良影响，故可对李X宣告缓刑。依照《中华人民共和国刑事诉讼法》第二百二十五条第一款第二项、《中华人民共和国刑法》第三百四十二条、第六十一条、第七十二条第一款、第三款、第七十三条及《最高人民法院关于审理破坏草原资源刑事案件应用法律若干问题的解释》第一条、第二条第一款、第二款第一项之规定，拟判决如下：","pjjg":" 一、撤销黑龙江省龙江县人民法院（2014）龙江刑初字第34号刑事判决； 二、上诉人（原审被告人）李X犯非法占用农用地罪，判处有期徒刑十个月，缓刑一年，并处罚金人民币二万元。 （缓刑考验期限，从本判决确定之日起计算；罚金已交纳，上缴国库。） 本判决为终审判决。","qw":"黑龙江省齐齐哈尔市中级人民法院 刑事判决书 （2014）齐刑一终字第31号 原公诉机关黑龙江省龙江县人民检察院。 上诉人（原审被告人）李X，男。 黑龙江省龙江县人民法院审理龙江县人民检察院指控原审被告人李X犯非法占用农用地罪一案，于2014年2月27日作出（2014）龙江刑初字第34号刑事判决。原审被告人李X不服，提出上诉。本院依法组成合议庭，于2014年4月10日公开开庭审理了本案。齐齐哈尔市人民检察院指派检察员王芳出庭履行职务，上诉人（原审被告人）李X到庭参加诉讼。现已审理终结。 原审判决认定，被告人李X在明知侯XX因非法开垦草原被判刑的情况下，私自将侯XX开垦的草原用于种植水稻，耕种草原面积为45亩。2013年12月18日李X主动到公安机关投案。 认定上述事实的证据有：证人侯XX证言、被告人李X供述、龙江县草原监理站鉴定意见书、到案经过等。 原审判决认为，被告人李X违反土地管理法规，非法占用草原，数量较大，其行为已构成非法占用农用地罪。关于李X辩称其种植面积为15亩的辩护意见，经查，李X在侦查机关有多份供述，均证实其耕种面积为四十亩左右，且有龙江县草原监理站出具的鉴定意见书予以证实，故对李X的辩护意见不予采纳。李X虽主动投案，但庭审时不能如实供述自己的犯罪事实，不构成自首。依照《中华人民共和国刑法》第三百四十二条的规定，判决：被告人李X犯非法占用农用地罪，判处有期徒刑十个月，并处罚金人民币二万元。 宣判后，被告人李X以其系初犯、偶犯，主观恶性不深，其犯罪行为的社会危害性较小，原判量刑过重为由提出上诉，请求二审法院对其从轻处罚。 出庭检察员认为一审判决认定事实和适用法律正确，量刑基本适当，建议二审法院驳回上诉、维持原判。 经二审审理查明，2013年6月份，上诉人（原审被告人）李X在明知村民侯XX因在广厚乡雅鲁河行洪区非法开垦草原被判处刑罚的情况下，在侯XX开垦的草原上种植水稻。经鉴定，李X耕种草原的面积为45亩。2013年12月18日李X主动到公安机关投案。 上述事实，有经法庭质证、认证的下列证据证实： （一）书证 1．常住人口信息卡证实，被告人李X的身份信息。 2．龙江县草原监理站龙草监移字（2013）12号移送案件通知书证实，龙江县草原监理站将李X非法耕种草原一案移送公安机关办理的情况。 3．到案经过说明证实，被告人李X于2013年12月8日主动到龙江县公安局投案的经过。 4．龙江县人民法院（2011）龙江刑初字第139号刑事判决书证实，龙江县广厚乡一村村民侯XX因非法耕种龙江县广厚乡雅鲁河边草原50亩，被判处有期徒刑一年，缓刑二年，并处罚金人民币二万元。 （二）证人证言 证人侯XX证言证实：2011年9月其因犯非法占用农用地罪，被判处刑罚。之后，李X询问其非法开垦的草原地块的使用情况，其表示不敢耕种，李X说他耕种。 （三）被告人供述 被告人李X供述称：2011年，侯XX在广厚乡通往头站乡的浮桥附近开垦草原，种植水稻被判刑。今年（指2013年）6月，其见此地块无人耕种，便种植了水稻，耕种面积有四十多亩。 （四）鉴定意见 龙江县草原监理站龙草监鉴字（2013）12号鉴定意见书证实，被告人李X非法占用、耕种的地块具有草原生态功能，属于草原，被非法占用、耕种的面积为45亩。 （五）其他证据 龙江县司法局龙司矫调意（2014）第10号调查评估意见书证实，李X具备适用社区矫正条件。 本院认为，上诉人（原审被告人）李X违反土地管理法规，非法占用草原，擅自改变被占用草原用途，数量较大，造成草原被大量毁坏，其行为已构成非法占用农用地罪，应依法追究其刑事责任。原判认定事实清楚，适用法律正确，审判程序合法。鉴于李X系初犯、偶犯，作案后主动投案，二审期间能够自愿认罪，主动缴纳罚金，具有悔罪表现。综合全部案情，根据李X居住地社区矫正部门对其出具的调查评估意见，认为李X无再犯罪的危险，宣告缓刑对其所居住社区无重大不良影响，故可对李X宣告缓刑。依照《中华人民共和国刑事诉讼法》第二百二十五条第一款第二项、《中华人民共和国刑法》第三百四十二条、第六十一条、第七十二条第一款、第三款、第七十三条及《最高人民法院关于审理破坏草原资源刑事案件应用法律若干问题的解释》第一条、第二条第一款、第二款第一项之规定，拟判决如下： 一、撤销黑龙江省龙江县人民法院（2014）龙江刑初字第34号刑事判决； 二、上诉人（原审被告人）李X犯非法占用农用地罪，判处有期徒刑十个月，缓刑一年，并处罚金人民币二万元。 （缓刑考验期限，从本判决确定之日起计算；罚金已交纳，上缴国库。） 本判决为终审判决。 审判长张丽丽 审判员段志辉 代理审判员朱英杰 二〇一三年四月二十一日 书记员郎冰 本判决所引用的法律条文内容 《中华人民共和国刑事诉讼法》 第二百二十五条第二审人民法院对不服第一审判决的上诉、抗诉案件，经过审理后，应当按照下列情形分别处理： （一）原判决认定事实和适用法律正确、量刑适当的，应当裁定驳回上诉或者抗诉，维持原判； （二）原判决认定事实没有错误，但适用法律有错误，或者量刑不当的，应当改判； （三）原判决事实不清楚或者证据不足的，可以在查清事实后改判；也可以裁定撤销原判，发回原审人民法院重新审判。 原审人民法院对于依照前款第三项规定发回重新审判的案件作出判决后，被告人提出上诉或者人民检察院提出抗诉的，第二审人民法院应当依法作出判决或者裁定，不得再发回原审人民法院重新审判。 《中华人民共和国刑法》 第三百四十二条违反土地管理法规，非法占用耕地、林地等农用地，改变被占用土地用途，数量较大，造成耕地、林地等农用地大量毁坏的，处五年以下有期徒刑或者拘役，并处或者单处罚金。 第六十一条对于犯罪分子决定刑罚的时候，应当根据犯罪的事实、犯罪的性质、情节和对于社会的危害程度，依照本法的有关规定判处。 第七十二条对于被判处拘役、三年以下有期徒刑的犯罪分子，同时符合下列条件的，可以宣告缓刑，对其中不满十八周岁的人、怀孕的妇女和已满七十五周岁的人，应当宣告缓刑： （一）犯罪情节较轻； （二）有悔罪表现； （三）没有再犯罪的危险； （四）宣告缓刑对所居住社区没有重大不良影响。 宣告缓刑，可以根据犯罪情况，同时禁止犯罪分子在缓刑考验期限内从事特定活动，进入特定区域、场所，接触特定的人。 被宣告缓刑的犯罪分子，如果被判处附加刑，附加刑仍须执行。 第七十三条拘役的缓刑考验期限为原判刑期以上一年以下，但是不能少于二个月。 有期徒刑的缓刑考验期限为原判刑期以上五年以下，但是不能少于一年。 缓刑考验期限，从判决确定之日起计算。 《最高人民法院关于审理破坏草原资源刑事案件应用法律若干问题的解释》 第一条违反草原法等土地管理法规，非法占用草原，改变被占用草原用途，数量较大，造成草原大量毁坏的，依照刑法第三百四十二条的规定，以非法占用农用地罪定罪处罚。 第二条非法占用草原，改变被占用草原用途，数量在二十亩以上的，或者曾因非法占用草原受过行政处罚，在三年内又非法占用草原，改变被占用草原用途，数量在十亩以上的，应当认定为刑法第三百四十二条规定的“数量较大”。 非法占用草原，改变被占用草原用途，数量较大，具有下列情形之一的，应当认定为刑法第三百四十二条规定的“造成耕地、林地等农用地大量毁坏”： （一）开垦草原种植粮食作物、经济作物、林木的； （二）在草原上建窑、建房、修路、挖砂、采石、采矿、取土、剥取草皮的； （三）在草原上堆放或者排放废弃物，造成草原的原有植被严重毁坏或者严重污染的； （四）违反草原保护、建设、利用规划种植牧草和饲料作物，造成草原沙化或者水土严重流失的； （五）其他造成草原严重毁坏的情形。","writId":"0561c575701c035bb05a650d318f5d3eb61","writName":"李新非法占用农用地一案二审刑事判决书"}
