{"ajId":"fcc49dd5-93ad-44bf-b118-2bc96f8b1fba","ajName":"彭小艳、邹连平犯盗窃罪一案","ajjbqk":" 江苏省江阴市人民检察院指控： 被告人彭小艳、邹连平经事先商量共同盗窃。2015年8月18日晚，被告人邹连平驾驶摩托车带被告人彭小艳到江阴市云亭街道某某路口，后被告人彭小艳以按摩为由搭讪被害人陈某，并将被害人陈某带至某某树林内，被告人邹连平在外接应。被告人彭小艳趁双手抱住陈某之机，从陈某处窃得黄金项链1条（价值人民币13770元），后乘坐被告人邹连平驾驶的摩托车离开。 公诉机关认为，被告人彭小艳、邹连平以非法占有为目的，共同秘密窃取他人财物，数额较大，其行为触犯了《中华人民共和国刑法》第二百六十四条、第二十五条第一款的规定均应当以盗窃罪追究其刑事责任。提请本院依法分别判处。 被告人彭小艳、邹连平对被指控的上述犯罪事实未提出异议，当庭表示自愿认罪。 辩护人钟新国提出：被告人彭小艳系初犯、偶犯；归案后如实供述罪行；其近亲属已代为退赔赃款并取得被害人谅解。 辩护人庄全提出：被告人邹连平当庭自愿认罪，认罪态度较好；其近亲属已代为退赔赃款并取得被害人谅解。 经审理查明： 被告人彭小艳、邹连平经事先商量共同盗窃。2015年8月18日晚，被告人邹连平驾驶摩托车带被告人彭小艳到江阴市云亭街道某某路口，后被告人彭小艳以按摩为由搭讪被害人陈某，并将被害人陈某带至某某树林内，被告人邹连平在外接应。被告人彭小艳趁双手抱住陈某之机，从陈某处窃得黄金项链1条（价值人民币13770元），后乘坐被告人邹连平驾驶的摩托车离开。 另查明，在本院审理期间，被告人彭小艳、邹连平近亲属代为退赔赃款计人民币13770元，并取得被害人谅解。 上述事实，被告人彭小艳、邹连平多次供述在卷，其在开庭审理过程中亦无异议，并有江阴市公安局制作的调取接受证据清单、发票复印件、机动车驾驶人信息查询及被害人陈某出具的收条、谅解书等书证，证人张某证言笔录，被害人陈某的陈述笔录，江阴市价格认证中心出具的价格鉴证结论书，江阴市公安局制作的辨认笔录及照片，刑事裁定书，释放证明书，常住人口基本信息，刑事案件侦破经过等证据证实，足以认定。 ","cpfxgc":"本院认为，被告人彭小艳、邹连平以非法占有为目的，共同盗窃他人财物，数额较大，其行为均已构成盗窃罪。被告人彭小艳、邹连平归案后如实供述上述犯罪事实；已退赔被害人经济损失，并取得被害人谅解，当庭自愿认罪，予以酌定从轻处罚。江苏省江阴市人民检察院指控被告人彭小艳、邹连平犯盗窃罪的事实清楚，证据确实、充分，指控的罪名正确，予以采纳。辩护人钟新国提出“被告人彭小艳系初犯、偶犯；归案后如实供述罪行；其近亲属已代为退赔赃款并取得被害人谅解”的辩护意见；辩护人庄全提出“被告人邹连平当庭自愿认罪，认罪态度较好；其近亲属已代为退赔赃款并取得谅解”的辩护意见，经查，符合本案案情和事实，对上述二辩护人的辩护意见均予以采纳。据此，依照《中华人民共和国刑法》第二百六十四条、第六十七条第三款、第二十五条第一款之规定，判决如下：","pjjg":" 一、被告人彭小艳犯盗窃罪，判处有期徒刑七个月（刑期从判决执行之日起计算；判决执行以前先行羁押的，羁押一日折抵刑期一日，自2015年11月3日起至2016年6月2日止），并处罚金人民币四千元（罚金于本判决发生法律效力之日起十日内一次性缴纳）。 二、被告人邹连平犯盗窃罪，判处有期徒刑七个月（刑期从判决执行之日起计算；判决执行以前先行羁押的，羁押一日折抵刑期一日，自2015年11月3日起至2016年6月2日止），并处罚金人民币四千元（罚金于本判决发生法律效力之日起十日内一次性缴纳）。 如不服本判决，可在接到判决书的第二日起十日内，通过本院或直接向江苏省无锡市中级人民法院提出上诉。书面上诉的，应交上诉状正本1份，副本2份。","qw":"彭小艳、邹连平犯盗窃罪一审刑事判决书 江苏省江阴市人民法院 刑事判决书 （2016）苏0281刑初348号 公诉机关江苏省江阴市人民检察院。 被告人彭小艳，在江苏省常熟市某某饭店工作。2015年11月3日因本案被抓获，次日因涉嫌犯盗窃罪被江阴市公安局刑事拘留，同年12月11日由江阴市公安局执行逮捕。现羁押于江阴市看守所。 辩护人钟国新，江苏优博律师事务所律师。 被告人邹连平，在江苏省常熟市某某饭店工作。2003年2月因犯故意伤害罪被浙江省余姚市人民法院判处有期徒刑五年，2006年10月2日刑满释放。2015年11月3日因本案被抓获，次日因涉嫌犯盗窃罪被江阴市公安局刑事拘留，同年12月11日由江阴市公安局执行逮捕。现羁押于江阴市看守所。 辩护人庄全，江苏优博律师事务所律师。 江苏省江阴市人民检察院以澄检诉刑诉（2016）157号起诉书指控被告人彭小艳、邹连平犯盗窃罪，于2016年3月11日向本院提起公诉。本院受理后经审查于同日立案，依法组成合议庭，于2016年4月29日公开开庭审理了本案。江苏省江阴市人民检察院指派检察员毛钥出庭支持公诉，被告人彭小艳、邹连平及辩护人钟国新、庄全到庭参加诉讼。现已审理终结。 江苏省江阴市人民检察院指控： 被告人彭小艳、邹连平经事先商量共同盗窃。2015年8月18日晚，被告人邹连平驾驶摩托车带被告人彭小艳到江阴市云亭街道某某路口，后被告人彭小艳以按摩为由搭讪被害人陈某，并将被害人陈某带至某某树林内，被告人邹连平在外接应。被告人彭小艳趁双手抱住陈某之机，从陈某处窃得黄金项链1条（价值人民币13770元），后乘坐被告人邹连平驾驶的摩托车离开。 公诉机关认为，被告人彭小艳、邹连平以非法占有为目的，共同秘密窃取他人财物，数额较大，其行为触犯了《中华人民共和国刑法》第二百六十四条、第二十五条第一款的规定均应当以盗窃罪追究其刑事责任。提请本院依法分别判处。 被告人彭小艳、邹连平对被指控的上述犯罪事实未提出异议，当庭表示自愿认罪。 辩护人钟新国提出：被告人彭小艳系初犯、偶犯；归案后如实供述罪行；其近亲属已代为退赔赃款并取得被害人谅解。 辩护人庄全提出：被告人邹连平当庭自愿认罪，认罪态度较好；其近亲属已代为退赔赃款并取得被害人谅解。 经审理查明： 被告人彭小艳、邹连平经事先商量共同盗窃。2015年8月18日晚，被告人邹连平驾驶摩托车带被告人彭小艳到江阴市云亭街道某某路口，后被告人彭小艳以按摩为由搭讪被害人陈某，并将被害人陈某带至某某树林内，被告人邹连平在外接应。被告人彭小艳趁双手抱住陈某之机，从陈某处窃得黄金项链1条（价值人民币13770元），后乘坐被告人邹连平驾驶的摩托车离开。 另查明，在本院审理期间，被告人彭小艳、邹连平近亲属代为退赔赃款计人民币13770元，并取得被害人谅解。 上述事实，被告人彭小艳、邹连平多次供述在卷，其在开庭审理过程中亦无异议，并有江阴市公安局制作的调取接受证据清单、发票复印件、机动车驾驶人信息查询及被害人陈某出具的收条、谅解书等书证，证人张某证言笔录，被害人陈某的陈述笔录，江阴市价格认证中心出具的价格鉴证结论书，江阴市公安局制作的辨认笔录及照片，刑事裁定书，释放证明书，常住人口基本信息，刑事案件侦破经过等证据证实，足以认定。 本院认为，被告人彭小艳、邹连平以非法占有为目的，共同盗窃他人财物，数额较大，其行为均已构成盗窃罪。被告人彭小艳、邹连平归案后如实供述上述犯罪事实；已退赔被害人经济损失，并取得被害人谅解，当庭自愿认罪，予以酌定从轻处罚。江苏省江阴市人民检察院指控被告人彭小艳、邹连平犯盗窃罪的事实清楚，证据确实、充分，指控的罪名正确，予以采纳。辩护人钟新国提出“被告人彭小艳系初犯、偶犯；归案后如实供述罪行；其近亲属已代为退赔赃款并取得被害人谅解”的辩护意见；辩护人庄全提出“被告人邹连平当庭自愿认罪，认罪态度较好；其近亲属已代为退赔赃款并取得谅解”的辩护意见，经查，符合本案案情和事实，对上述二辩护人的辩护意见均予以采纳。据此，依照《中华人民共和国刑法》第二百六十四条、第六十七条第三款、第二十五条第一款之规定，判决如下： 一、被告人彭小艳犯盗窃罪，判处有期徒刑七个月（刑期从判决执行之日起计算；判决执行以前先行羁押的，羁押一日折抵刑期一日，自2015年11月3日起至2016年6月2日止），并处罚金人民币四千元（罚金于本判决发生法律效力之日起十日内一次性缴纳）。 二、被告人邹连平犯盗窃罪，判处有期徒刑七个月（刑期从判决执行之日起计算；判决执行以前先行羁押的，羁押一日折抵刑期一日，自2015年11月3日起至2016年6月2日止），并处罚金人民币四千元（罚金于本判决发生法律效力之日起十日内一次性缴纳）。 如不服本判决，可在接到判决书的第二日起十日内，通过本院或直接向江苏省无锡市中级人民法院提出上诉。书面上诉的，应交上诉状正本1份，副本2份。 审判长庄建定 人民陪审员陆亚瑛 人民陪审员施澄亚 二〇一六年五月六日 书记员刘丽 本案援引法律条款 《中华人民共和国刑法》： 第二百六十四条盗窃公私财物，数额较大的，或者多次盗窃、入户盗窃、携带凶器盗窃、扒窃的，处三年以下有期徒刑、拘役或者管制，并处或者单处罚金；数额巨大或者有其他严重情节的，处三年以上十年以下有期徒刑，并处罚金；数额特别巨大或者有其他特别严重情节的，处十年以上有期徒刑或者无期徒刑，并处罚金或者没收财产。 第二十五条第一款共同犯罪是指二人以上共同故意犯罪。 第六十七条第三款犯罪嫌疑人虽不具有前两款规定的自首情节，但是如实供述自己罪行的，可以从轻处罚；因其如实供述自己罪行，避免特别严重后果发生的，可以减轻处罚。","writId":"009cf6986eec7d8a02921a2b7e80a649e3a","writName":"彭小艳、邹连平犯盗窃罪一审刑事判决书"}
