{"ajId":"170f6989-2b42-4a39-b453-7c0d4af01520","ajName":"周香传、邹诗飞故意伤害一案","ajjbqk":" 贵州省绥阳县人民检察院指控：2016年2月22日，郑某1与李某2之间因为打牌的事发生矛盾、打架，当日18时许，双方约好在绥阳县风华镇工业大道4号路口见面解决此事。郑某1、郑某2便邀约被告人周香传、邹诗飞等人，李某2邀约晏某、李某1、何某等人在风华镇工业大道4号路路口持刀、钢管斗殴，双方在斗殴的过程中，造成李某1受伤。经鉴定，李某1所受之伤属于重伤二级。被告人周香传、邹诗飞在公共场所持械聚众斗殴，致人重伤，二人的行为触犯了《中华人民共和国刑法》第二百九十二条第二款、第二百三十四条第二款之规定，应以故意伤害罪追究二人的刑事责任。 被告人周香传对起诉指控的罪名及事实均无异议。被告人周香传的辩护人王代学提出的辩护意见是：从本案可以查清被害人李某1的具体伤害者不是被告人周香传、邹诗飞，故本案的罪名应是聚众斗殴罪；被告人周香传不是本次打架的组织者，其系初犯、偶犯，主观恶性小，被害人李某1存在重大过错，故请求对被告人周香传从轻处罚。 被告人邹诗飞对起诉指控的罪名及事实均无异议。 经审理查明：2016年2月22日，郑某1与李某2之间因为打牌的事发生矛盾、打架，当天18时许，双方约好在绥阳县风华镇工业大道4号路口见面解决此事。郑某1、郑某2邀约了被告人周香传、邹诗飞等人，李某2邀约了晏某、李某1、何某等人，双方在风华镇工业大道4号路路口持刀、钢管斗殴，致李某1被砍伤。经鉴定，李某1所受之伤属重伤二级。在此过程中，被告人周香传、邹诗飞没有直接与李某1斗殴。 上述事实，被告人周香传、邹诗飞在庭审中亦无异议，且有被告人周香传、邹诗飞的供述，证人郑某1、郑某2、李某2、晏某、何某、李某1的证言，辨认笔录及照片，现场勘验笔录、现场图及照片，绥阳县公安司法鉴定中心法医学人体损伤程度鉴定书，遵义医学院附属医院司法医学鉴定中心法医临床学鉴定意见书，到案经过和抓获经过，户籍证明等证据证实，经庭审质证，足以认定。 ","cpfxgc":"本院认为，被告人周香传、邹诗飞持械聚众斗殴，二人的行为已触犯《中华人民共和国刑法》第二百九十二条第一款之规定，构成聚众斗殴罪，依法应判处三年以上十年以下有期徒刑。公诉机关指控罪名有误，本院予以更正。本案系共同犯罪，但不宜划分主从，二被告人应以各自在共同犯罪中的作用大小承担刑事责任。被告人周香传、邹诗飞到案后均能如实供述自己的罪行，依法可以从轻处罚，且二人均系他人邀约参加斗殴，在庭审中认罪态度较好，有悔罪表现，本院综合上述情节予以量刑，决定对二人从轻处罚。对被告人周香传的辩护人王代学提出本案罪名应是聚众斗殴罪的辩护意见，本院予以采纳；对辩护人王代学的其他辩护意见，本院在量刑时予以综合考虑。为此，依照《中华人民共和国刑法》第二百九十二条第一款、第二十五条第一款、第六十七条第三款之规定，判决如下：","pjjg":" 一、被告人周香传犯聚众斗殴罪，判处有期徒刑三年零三个月。 （刑期从判决执行之日起计算。判决执行以前先行羁押的，羁押一日折抵刑期一日，即自2016年11月3日起至2020年2月2日止。） 二、被告人邹诗飞犯聚众斗殴罪，判处有期徒刑三年零三个月。 （刑期从判决执行之日起计算。判决执行以前先行羁押的，羁押一日折抵刑期一日，即自2016年11月12日起至2020年2月11日止。） 如不服本判决，可在接到判决书的第二日起十日内，通过本院或者直接向贵州省遵义市中级人民法院提出上诉。书面上诉的，应当提交上诉状正本一份，副本二份。","qw":"周香传、邹诗飞故意伤害一审刑事判决书 贵州省绥阳县人民法院 刑事判决书 （2017）黔0323刑初47号 公诉机关贵州省绥阳县人民检察院。 被告人周香传，男，1994年2月27日出生，汉族，贵州省绥阳县人，初中文化，农民，住绥阳县。2016年11月3日因涉嫌聚众斗殴罪被绥阳县公安局刑事拘留，2016年12月6日被依法逮捕。现羁押于绥阳县看守所。 辩护人王代学，贵州子尹律师事务所律师。 被告人邹诗飞，男，1990年9月5日出生，汉族，贵州省绥阳县人，初中文化，农民，住绥阳县。2016年11月12日因涉嫌聚众斗殴罪被绥阳县公安局刑事拘留，2016年12月6日被依法逮捕。现羁押于绥阳县看守所。 贵州省绥阳县人民检察院以绥检公诉刑诉（2017）37号起诉书指控被告人周香传、邹诗飞犯故意伤害罪，于2017年2月16日向本院提起公诉。本院受理后，依法组成合议庭，于2017年3月15日公开开庭审理了本案。绥阳县人民检察院指派检察员田祥出庭支持公诉，被告人周香传及其辩护人王代学、被告人邹诗飞到庭参加了诉讼。现已审理终结。 贵州省绥阳县人民检察院指控：2016年2月22日，郑某1与李某2之间因为打牌的事发生矛盾、打架，当日18时许，双方约好在绥阳县风华镇工业大道4号路口见面解决此事。郑某1、郑某2便邀约被告人周香传、邹诗飞等人，李某2邀约晏某、李某1、何某等人在风华镇工业大道4号路路口持刀、钢管斗殴，双方在斗殴的过程中，造成李某1受伤。经鉴定，李某1所受之伤属于重伤二级。被告人周香传、邹诗飞在公共场所持械聚众斗殴，致人重伤，二人的行为触犯了《中华人民共和国刑法》第二百九十二条第二款、第二百三十四条第二款之规定，应以故意伤害罪追究二人的刑事责任。 被告人周香传对起诉指控的罪名及事实均无异议。被告人周香传的辩护人王代学提出的辩护意见是：从本案可以查清被害人李某1的具体伤害者不是被告人周香传、邹诗飞，故本案的罪名应是聚众斗殴罪；被告人周香传不是本次打架的组织者，其系初犯、偶犯，主观恶性小，被害人李某1存在重大过错，故请求对被告人周香传从轻处罚。 被告人邹诗飞对起诉指控的罪名及事实均无异议。 经审理查明：2016年2月22日，郑某1与李某2之间因为打牌的事发生矛盾、打架，当天18时许，双方约好在绥阳县风华镇工业大道4号路口见面解决此事。郑某1、郑某2邀约了被告人周香传、邹诗飞等人，李某2邀约了晏某、李某1、何某等人，双方在风华镇工业大道4号路路口持刀、钢管斗殴，致李某1被砍伤。经鉴定，李某1所受之伤属重伤二级。在此过程中，被告人周香传、邹诗飞没有直接与李某1斗殴。 上述事实，被告人周香传、邹诗飞在庭审中亦无异议，且有被告人周香传、邹诗飞的供述，证人郑某1、郑某2、李某2、晏某、何某、李某1的证言，辨认笔录及照片，现场勘验笔录、现场图及照片，绥阳县公安司法鉴定中心法医学人体损伤程度鉴定书，遵义医学院附属医院司法医学鉴定中心法医临床学鉴定意见书，到案经过和抓获经过，户籍证明等证据证实，经庭审质证，足以认定。 本院认为，被告人周香传、邹诗飞持械聚众斗殴，二人的行为已触犯《中华人民共和国刑法》第二百九十二条第一款之规定，构成聚众斗殴罪，依法应判处三年以上十年以下有期徒刑。公诉机关指控罪名有误，本院予以更正。本案系共同犯罪，但不宜划分主从，二被告人应以各自在共同犯罪中的作用大小承担刑事责任。被告人周香传、邹诗飞到案后均能如实供述自己的罪行，依法可以从轻处罚，且二人均系他人邀约参加斗殴，在庭审中认罪态度较好，有悔罪表现，本院综合上述情节予以量刑，决定对二人从轻处罚。对被告人周香传的辩护人王代学提出本案罪名应是聚众斗殴罪的辩护意见，本院予以采纳；对辩护人王代学的其他辩护意见，本院在量刑时予以综合考虑。为此，依照《中华人民共和国刑法》第二百九十二条第一款、第二十五条第一款、第六十七条第三款之规定，判决如下： 一、被告人周香传犯聚众斗殴罪，判处有期徒刑三年零三个月。 （刑期从判决执行之日起计算。判决执行以前先行羁押的，羁押一日折抵刑期一日，即自2016年11月3日起至2020年2月2日止。） 二、被告人邹诗飞犯聚众斗殴罪，判处有期徒刑三年零三个月。 （刑期从判决执行之日起计算。判决执行以前先行羁押的，羁押一日折抵刑期一日，即自2016年11月12日起至2020年2月11日止。） 如不服本判决，可在接到判决书的第二日起十日内，通过本院或者直接向贵州省遵义市中级人民法院提出上诉。书面上诉的，应当提交上诉状正本一份，副本二份。 审判长吴远涛 人民陪审员梁忠鳌 人民陪审员王宗强 二〇一七年四月五日 书记员项茂","writId":"0301dc50d75c9d813d8ff669ef7031e119d","writName":"周香传、邹诗飞故意伤害一审刑事判决书"}
