{"ajId":"147f8ce5-ce1d-4a0a-b915-8e9742d9a168","ajName":"聂某交通肇事罪一案","ajjbqk":" 公诉机关指控被告人聂某于2012年6月17日17时许，持C1型驾驶证驾驶无牌照拖拉机，沿临漳县孙陶镇至尚村南北路，由北向南行驶至中石化加油站路段一水洼处时，未确保安全驾驶，致使车辆熄火向后溜车，将同向行驶的冯某驾驶的电动自行车撞倒，致冯某骨盆骨折伴骶髂关节半脱位，耻骨联合分离，尿道损伤，会阴部撕裂伤，肠管挫裂伤，腹腔内肿，属重伤。聂某承担事故的全部责任，冯某无事故责任。民事部分已和解处理。 另查明，被告人聂某于2013年6月7日到临漳县公安局交通警察大队投案。 上述事实，被告人在开庭审理过程中亦无异议，并有交通事故现场勘查笔录及照片、道路交通事故责任认定书、法医学人体损伤程度鉴定书、驾驶人和机动车信息查询结果单、自行协商协议书及户籍证明等证据在案证实，足以认定。 ","cpfxgc":"本院认为，被告人聂某持C1型驾驶证（准驾不符）驾驶无牌照机动车，发生交通事故致一人重伤，并承担事故的全部责任，其行为已构成交通肇事罪。公诉机关指控罪名成立。被告人聂某能主动投案，如实供述自己的犯罪事实，属自首，可从轻处罚，且主动赔偿了受害人亲属的经济损失，取得了受害人亲属的谅解，有悔罪表现，没有再犯罪的危险，宣告缓刑对所居住社区没有重大不良影响，可适用缓刑。依照《中华人民共和国刑法》第一百三十三条、第六十七条第一款、第七十二条之规定，判决如下：","pjjg":" 被告人聂某犯交通肇事罪，判处有期徒刑一年，缓刑一年。 （缓刑考验期限，从判决确定之日起计算）。 如不服本判决，可于接到判决书之次日起十日内，通过本院或直接向邯郸市中级人民法院提出上诉，书面上诉的，应交上诉状正本一份，副本二份。","qw":"河北省临漳县人民法院 刑事判决书 （2014）临刑初字第70号 公诉机关河北省临漳县人民检察院。 被告人聂某，农民。因涉嫌犯交通肇事罪于2013年6月7日被取保候审。现住本村。 临漳县人民检察院以临检刑诉（2014）46号起诉书指控被告人聂某犯交通肇事罪，于2014年6月26日向本院提起公诉。本院于当日立案，并依法适用简易程序，实行独任审判，公开开庭审理了本案。临漳县人民检察院指派检察员马文军出庭支持公诉，被告人聂某到庭参加了诉讼。现已审理终结。 公诉机关指控被告人聂某于2012年6月17日17时许，持C1型驾驶证驾驶无牌照拖拉机，沿临漳县孙陶镇至尚村南北路，由北向南行驶至中石化加油站路段一水洼处时，未确保安全驾驶，致使车辆熄火向后溜车，将同向行驶的冯某驾驶的电动自行车撞倒，致冯某骨盆骨折伴骶髂关节半脱位，耻骨联合分离，尿道损伤，会阴部撕裂伤，肠管挫裂伤，腹腔内肿，属重伤。聂某承担事故的全部责任，冯某无事故责任。民事部分已和解处理。 另查明，被告人聂某于2013年6月7日到临漳县公安局交通警察大队投案。 上述事实，被告人在开庭审理过程中亦无异议，并有交通事故现场勘查笔录及照片、道路交通事故责任认定书、法医学人体损伤程度鉴定书、驾驶人和机动车信息查询结果单、自行协商协议书及户籍证明等证据在案证实，足以认定。 本院认为，被告人聂某持C1型驾驶证（准驾不符）驾驶无牌照机动车，发生交通事故致一人重伤，并承担事故的全部责任，其行为已构成交通肇事罪。公诉机关指控罪名成立。被告人聂某能主动投案，如实供述自己的犯罪事实，属自首，可从轻处罚，且主动赔偿了受害人亲属的经济损失，取得了受害人亲属的谅解，有悔罪表现，没有再犯罪的危险，宣告缓刑对所居住社区没有重大不良影响，可适用缓刑。依照《中华人民共和国刑法》第一百三十三条、第六十七条第一款、第七十二条之规定，判决如下： 被告人聂某犯交通肇事罪，判处有期徒刑一年，缓刑一年。 （缓刑考验期限，从判决确定之日起计算）。 如不服本判决，可于接到判决书之次日起十日内，通过本院或直接向邯郸市中级人民法院提出上诉，书面上诉的，应交上诉状正本一份，副本二份。 审判员李海霞 二〇一四年七月十四日 书记员王艳敏","writId":"049276c8b127a689c6b4455245ad9974572","writName":"聂某交通肇事罪一审刑事判决书"}
