{"ajId":"fad80e6e-048f-4e1f-b0bb-1dee2896635e","ajName":"安旭盗窃一案","ajjbqk":" 上海市长宁区人民检察院指控： 2016年5月9日13时许，被告人安旭伙同杨某（已判决）至本市长宁区福泉路XXX弄XXX号XXX室，利用自备工具撬门入户盗窃，窃得被害人弓某某放置于房间三楼储藏室内的多件金银首饰后逃逸。 2018年4月15日，被告人安旭在广州火车站被公安机关抓获。案发后，被告人安旭在家属帮助下退缴部分违法所得人民币3，000元。 上述事实，被告人安旭在庭审过程中亦无异议，且有被害人弓某某的陈述，同案关系证人杨某的陈述及辨认笔录，公安机关出具的调取证据通知书、调取证据清单、路面监控录像、现场勘验笔录、现场平面示意图、现场照片、案发经过表格、抓获经过等经当庭举证、质证的证据予以证实，足以认定。 ","cpfxgc":"本院认为，被告人安旭伙同他人以非法占有为目的，入户盗窃他人财物，其行为已构成盗窃罪，依法应予惩处。公诉机关的指控，事实清楚，定性正确。本案系共同犯罪。被告人安旭到案后能如实供述自己的犯罪事实，且在家属帮助下退缴部分违法所得，依法可以从轻处罚。辩护人与此相关的辩护意见，本院予以采纳。根据本案查明的事实，辩护人另提出被告人安旭在共同犯罪中起次要作用的辩护意见，本院不予采纳。为维护社会治安秩序，保护公私财产所有权不受侵犯，依照《中华人民共和国刑法》第二百六十四条、第二十五条第一款、第六十七条第三款、第五十二条、第五十三条、第六十四条之规定，判决如下：","pjjg":" 一、被告人安旭犯盗窃罪，判处有期徒刑六个月，并处罚金人民币二千元。 （刑期从判决执行之日起计算。判决执行以前先行羁押的，羁押一日折抵刑期一日，即自2018年4月15日起至2018年10月14日止。罚金于本判决发生法律效力第二日起一个月内向本院缴纳完毕。） 二、责令被告人安旭退赔违法所得后发还被害人弓某某。 如不服本判决，可在接到判决书的第二日起十日内，通过本院或者直接向上海市第一中级人民法院提出上诉。书面上诉的，应当提交上诉状正本一份，副本一份。","qw":"上海市长宁区人民法院 刑事判决书 （2018）沪0105刑初655号 公诉机关上海市长宁区人民检察院。 被告人自报安旭，男，1993年2月12日出生，土家族，户籍地贵州省。 辩护人钟俊，系上海市长宁区法律援助中心指派的上海新沪律师事务所律师。 上海市长宁区人民检察院以沪长检诉刑诉［2018］643号起诉书指控被告人安旭犯盗窃罪，于2018年7月2日向本院提起公诉。本院依法适用简易程序，实行独任审判，公开开庭审理了本案。上海市长宁区人民检察院指派检察员史某某出庭支持公诉，被告人安旭及其辩护人钟俊到庭参加诉讼。现已审理终结。 上海市长宁区人民检察院指控： 2016年5月9日13时许，被告人安旭伙同杨某（已判决）至本市长宁区福泉路XXX弄XXX号XXX室，利用自备工具撬门入户盗窃，窃得被害人弓某某放置于房间三楼储藏室内的多件金银首饰后逃逸。 2018年4月15日，被告人安旭在广州火车站被公安机关抓获。案发后，被告人安旭在家属帮助下退缴部分违法所得人民币3，000元。 上述事实，被告人安旭在庭审过程中亦无异议，且有被害人弓某某的陈述，同案关系证人杨某的陈述及辨认笔录，公安机关出具的调取证据通知书、调取证据清单、路面监控录像、现场勘验笔录、现场平面示意图、现场照片、案发经过表格、抓获经过等经当庭举证、质证的证据予以证实，足以认定。 本院认为，被告人安旭伙同他人以非法占有为目的，入户盗窃他人财物，其行为已构成盗窃罪，依法应予惩处。公诉机关的指控，事实清楚，定性正确。本案系共同犯罪。被告人安旭到案后能如实供述自己的犯罪事实，且在家属帮助下退缴部分违法所得，依法可以从轻处罚。辩护人与此相关的辩护意见，本院予以采纳。根据本案查明的事实，辩护人另提出被告人安旭在共同犯罪中起次要作用的辩护意见，本院不予采纳。为维护社会治安秩序，保护公私财产所有权不受侵犯，依照《中华人民共和国刑法》第二百六十四条、第二十五条第一款、第六十七条第三款、第五十二条、第五十三条、第六十四条之规定，判决如下： 一、被告人安旭犯盗窃罪，判处有期徒刑六个月，并处罚金人民币二千元。 （刑期从判决执行之日起计算。判决执行以前先行羁押的，羁押一日折抵刑期一日，即自2018年4月15日起至2018年10月14日止。罚金于本判决发生法律效力第二日起一个月内向本院缴纳完毕。） 二、责令被告人安旭退赔违法所得后发还被害人弓某某。 如不服本判决，可在接到判决书的第二日起十日内，通过本院或者直接向上海市第一中级人民法院提出上诉。书面上诉的，应当提交上诉状正本一份，副本一份。 审判员许艳婷 二〇一八年七月十六日 书记员辛颖 附：相关法律条文 《中华人民共和国刑法》 第二百六十四条盗窃公私财物，数额较大的，或者多次盗窃、入户盗窃、携带凶器盗窃、扒窃的，处三年以下有期徒刑、拘役或者管制，并处或者单处罚金；数额巨大或者有其他严重情节的，处三年以上十年以下有期徒刑，并处罚金；数额特别巨大或者有其他特别严重情节的，处十年以上有期徒刑或者无期徒刑，并处罚金或者没收财产。 第二十五条共同犯罪是指二人以上共同故意犯罪。 …… 第六十七条…… 犯罪嫌疑人虽不具有前两款规定的自首情节，但是如实供述自己罪行的，可以从轻处罚；因其如实供述自己罪行，避免特别严重后果发生的，可以减轻处罚。 第五十二条判处罚金，应当根据犯罪情节决定罚金数额。 第五十三条罚金在判决指定的期限内一次或者分期缴纳。期满不缴纳的，强制缴纳。对于不能全部缴纳罚金的，人民法院在任何时候发现被执行人有可以执行的财产，应当随时追缴。 由于遭遇不能抗拒的灾祸等原因缴纳确实有困难的，经人民法院裁定，可以延期缴纳、酌情减少或者免除。 第六十四条犯罪分子违法所得的一切财物，应当予以追缴或者责令退赔；对被害人的合法财产，应当及时返还；违禁品和供犯罪所用的本人财物，应当予以没收。没收的财物和罚金，一律上缴国库，不得挪用和自行处理。","writId":"00041f789355022b76cfcf252a78e5d9120","writName":"安旭盗窃一审刑事判决书"}
