{"ajId":"44c63127-dfac-4117-b734-0de151eeae1d","ajName":"那崴寻衅滋事一案","ajjbqk":" 北京市朝阳区人民检察院指控，被告人那崴于2019年1月20日23时许，在北京市朝阳区化家胡同北侧路边，酒后无故寻衅滋事，损坏被害人朱某（56岁，男，北京市人）停放在此地的车辆荣威RX5（车牌号XXX），经鉴定价值人民币2620元。后来被告人那崴还用脚踢踹民警孙某（男，48岁，北京市人），辅警顾某（男，24岁，辽宁省人）阻碍民警执行职务。被告人那崴的家属赔偿被害人朱某人民币5000元，并取得被害人的谅解。被告人那崴于2019年1月20日被公安机关抓获。 北京市朝阳区人民检察院向本院移送了被害人陈述、鉴定意见书等证据，指控被告人那崴的行为构成寻衅滋事罪、妨害公务罪，提请本院依照《中华人民共和国刑法》第二百九十三条、第二百七十七条的规定，予以惩处。 被告人那崴对公诉机关指控的内容未提出异议。其辩护人的意见为，公诉机关指控被告人犯寻衅滋事罪事实不清、证据不足，其行为不构成寻衅滋事罪；另被告人有自首情节，已赔偿被害人的经济损失且得到谅解，建议法庭对其从轻处罚。 经审理查明，被告人那崴于2019年1月20日23时许，在北京市朝阳区化家胡同北侧路边，酒后无故寻衅滋事，损坏被害人朱某（56岁，男，北京市人）停放在此地的车辆荣威RX5（车牌号XXX），经鉴定车辆的维修价格为人民币2620元。后被告人那崴还用脚踢踹民警孙某、辅警顾某，阻碍民警执行职务。被告人那崴的家属已赔偿被害人朱某人民币5000元并取得被害人的谅解。被告人那崴于2019年1月20日被公安机关抓获归案。 上述事实，公诉机关出示了以下证据： 1、被害人朱某的陈述及辨认笔录证明：2019年1月20日23时许，我在北京市朝阳区朝外大街芳草地北巷某号楼某门某号家里听到我的车报警器响了。出门查看后发现我的车尾部有几个手印、一名穿帽衫的醉酒男子躺在车尾部。我看他喝醉了就走到对面看着他，过了一会儿路边来了一辆出租车，旁边有两、三个人叫那名醉酒男子准备一起上车离开。这时那名穿帽衫醉酒男子从我车上起来就开始用脚踹、用拳头砸我的车后盖，我的车被砸出了一处明显的凹陷。出租车看到后就开走不拉他们了，穿帽衫醉酒男子在出租车后面追，但是没追上。我就给我侄子范某打电话让他来帮我看着穿帽衫的醉酒男子，然后我报警了。警察来后，穿帽衫醉酒男子不停对民警进行辱骂，接着一开始喊醉酒男子上出租车的那几个人还有另外几个人，开始对民警进行拉扯，不让民警到穿帽衫醉酒男子旁边，拉扯了有几分钟。一名长发男子也不停地对民警进行辱骂，警察向其询问情况，他上前揪住民警衣领，然后被其他人拉开了。过了一会儿，又来了几名警察将现场的几名闹事男子带走了，在民警将穿帽衫醉酒男子带上车时，该男子又动又踹的，控制他的民警和辅警身体一直往后倾。出警的民警着装整齐，正常执法，没有辱骂、殴打他人的行为。 朱某辨认出被告人那崴就是损坏其汽车后盖并阻碍民警执法的人。 2、被害人孙某（北京市公安局朝阳分局朝外大街派出所民警）的陈述证明：2019年1月20日我值班，负责接处警工作。大约晚上11点多，所内安排我到北京市朝阳区芳草地北巷胡同口处理一起汽车被砸警情。我带领辅警顾某立即赶到现场，经向报警人了解情况，其反映汽车被砸，并且其侄子跟着砸车的人到了芳草地北巷胡同内。我们立即找到其指认的砸车人，是一名较瘦的短发男子，和他一起的还有六七个人，都是醉酒状态。我向现场一名较胖长发男子了解情况，该长发男子不断的辱骂我。所内支援警力赶到现场后先将这名较胖长发男子带上警车，我们准备将较瘦短发男子也带上警车，这名男子在上车的过程中开始反抗，一边辱骂一边打了我胸部两拳。我们准备给其戴上手铐的时候这名男子突然双脚乱踹，踹到了我的左小腿，又用膝部将顾某的鼻子顶流血了，然后我们将其控制住并带回了所内。我当时穿着制式警用冬季执勤服，驾驶警车，告知了双方到派出所解决问题。 3、被害人顾某的陈述证明：我是某保安公司驻朝外大街派出所的出警保安。2019年1月20日23时许，我跟民警孙某一起出警来到芳草地北巷南口。经向报警人了解，报警人的汽车被一名醉酒男子踹坏，报警人向我们指出一名短发男子就是踹他车的人。孙某上去询问那名踹车男子，该男子是醉酒状态，无法回答民警问话，不配合民警工作。这时报警人的亲属说他被旁边长发男子打了，孙某就让踹车男子坐在旁边的花坛上，让我看着他。孙某去旁边找打人的长发男子，长发男子不配合孙某，还辱骂孙某。孙某让我给所里打电话叫支援。过了一会儿，支援民警到现场后将长发男子带上警车，准备把踹车男子也带到另一辆警车上，踹车男子不配合民警工作，在上警车时踹民警。我帮民警将踹车男子往警车上带，那名男子就用脚踹我，第一下被我挡住了，后又用膝盖顶我，一下顶到我的鼻子上，当时就流血了。我们去现场是出踹车的警，被踹车辆的后保险杠和后备箱都损坏了。 4、证人范某的证言证明：2019年1月20日23时30分左右，我叔叔朱某给我打电话说他的车被砸了。我赶紧下楼，看见我叔叔的车后部有两个手印以及一个明显凹陷的脚印。我叔叔指着一名醉酒的短发男子说是该人砸的，于是我走过去看着他。醉酒短发男子站那儿撒酒疯，然后他就自己躺在了地上。大约两三分钟后，有六、七名与醉酒男子认识的人员从胡同南侧过来要把醉酒男子带走，我没让他们走并告诉他们警察一会儿就来。这些人就开始跟我道歉，但其中一名长发男子用言语威胁我，还扇了我右脸两耳光，其他人继续跟我道歉。后来警察来了，向砸我叔叔车的那名醉酒短发男子询问情况后要带其离开现场，短发醉酒男子的几个朋友开始阻扰民警将其带离现场。后民警叫了支援并控制醉酒的短发男子，他不配合民警工作，又踹又蹬，蹬到了民警的腿部，后民警将我们带回派出所。 5、证人郑某1的证言及辨认笔录证明：我是侨福芳草地某保安公司的保安员，2019年1月20日21时我在某酒家南侧的岗亭值班，看到两三名男子在化家胡同内大喊大叫。他们之中有个短发男子应该是喝多了，他身旁有两个男子想要劝阻他，但是拦不住。短发男子用手拍砸侨福芳草地北门路边围栏上的吊灯，吊灯被他砸的不亮了。我就把这个情况向我的同事兼班长汇报了。这个时候短发男子因为身体站不稳，又在马路牙子上绊了一跤。他站起来后，看见旁边停着一辆车，又开始拿那辆车撒气，对着那辆车的后备箱踹了好几脚。22时左右，被踹车辆的车主和他侄子都来了，短发男子又往胡同北侧疯跑过去。他看着前边有道门，就跑过去砸，砸了一会儿砸累了就躺在了我们女生宿舍的门口。23时左右，被踹车辆的车主跟短发男子的朋友们一直商量未果，就打电话报了警。警察到现场后，短发男子在民警执法过程中用腿踹民警、辅警的头部、腿部，我看到辅警的鼻子当时就出血了。 郑某1辨认出被告人那崴就是砸踹路边车辆并阻碍民警执法的人。 6、证人郑某2的证言证明：我是侨福芳草地物业的内保领班，事发当晚我是保安部的夜间值班经理，当时保安员向我反映有几个人酒后在我们餐馆内外闹事、砸东西。22时30分左右，我来到化家胡同，看见一个短发男子到处撒酒疯，摔自己的手机，还冲我跑过来踹我。过了一会儿被踹车辆的车主和他侄子也来了，车主找这个短发男子和他的朋友们想就车辆的损坏问题要个说法。后来短发男子在我们公司的女生宿舍门口砸门砸累了就躺在宿舍门外的路边上。23时许车主跟短发男子的朋友们一直商量未果，就打电话报了警，后来警察就到现场了。短发男子在民警将其带离过程中用腿踹民警的腿部和腹部，用腿击打辅警的头部，我看见辅警的鼻子当时就出血了。 7、证人高某（北京市公安局朝阳分局朝外大街派出所民警）的证言证明：2019年1月20日23时许，我接到群众报警称北京市朝阳区朝外大街化家胡同北侧路边有一男子在砸车。接报后，我和同事邢某组织好人一起赶赴现场开展工作。到达该地后，我们发现有数名醉酒男子在现场，经询问，事主名叫朱某，现场醉酒男子那崴砸踹朱某的车辆，在阻拦过程中，事主的侄子范某被另一醉酒男子李某打伤。因违法人员那崴、李某处于醉酒状态，所以我们准备将该二人带回所内，但在带离二人过程中，那崴对与我们同去的民警孙某及辅警顾某殴打辱骂，李某对民警进行辱骂。 8、证人邢某（北京市公安局朝阳分局朝外大街派出所民警）的证言证明的内容与证人高某的证言证明的内容基本一致，证明了民警出警及被告人那崴妨害公务的事实。 9、证人杨某的证言证明：我是北京某汽车维修有限责任公司的负责人。我公司在2019年1月27日修理过一辆车号×××的荣威牌汽车，当时他的车后背门损坏了，凹下去一个坑，好像是被人踹坏的。我们在进行修理时，发现后背门打不开，经检查发现是后背门电动模块的卡扣损坏。由于这个部件是厂家提供总成，只能进行整体更换。当时车主还说后门支撑杆开启时速度变慢，可能是由于卡扣损坏引起的，要求我们进行更换，于是我们就对该车这两处进行了维修更换。另外加上喷漆一共是2620元。后背门电动模块的维修是必须的，后门支撑杆当时车主说开启变慢，可能是由他人踢踹引起的，要求我们更换修理。该车后背门处有明显的凹陷，后背门电动模块卡扣的损坏和该处损坏有直接原因。 10、中国人民解放军总医院第七医学中心出具的诊断证明书及北京中衡司法鉴定所出具的司法鉴定意见书证明：顾某鼻部软组织损伤；孙某左侧小腿软组织损伤；郑某2腹部软组织损伤、左肩部软组织损伤；被鉴定人顾某、郑某2、孙某身体所受损伤均不构成轻微伤。 11、维修完工结算单及发票证明：被害人朱某的汽车维修费用为人民币2620元。 12、北京京评价格评估有限公司出具的价格鉴定报告书证明：本案荣威牌小型汽车的维修价格为人民币2620元。 13、北京市公安局朝阳分局朝外大街派出所出具的工作记录证明：民警就修车时间一事电话联系被害人朱某，其称2019年1月20日车辆受损后，其就及时联系对车辆进行送修。因协调联系汽车修理厂维修等诸多因素，事主于2019年1月23日前后将车送至北京保地嘉汽车维修有限责任公司进行维修，期间车辆未遭受其他损坏。后车辆于2019年1月27日修理完毕，修理费用发票的开具时间为2019年1月27日。 14、谅解书及收据证明：被告人那崴的家属已一次性赔偿被害人朱某的各项经济损失共计人民币5000元。被害人朱某谅解那崴的行为，希望对那崴从轻处理。 15、受案登记表证明了被害人朱某报警的情况。 16、到案经过证明：2019年1月20日被告人那崴被民警抓获归案。 17、公安机关出具的户籍材料证明了被告人那崴的身份情况。 以上证据，已经过庭审举证、质证，本院予以确认。 ","cpfxgc":"本院认为，被告人那崴法制观念淡薄，酒后任意损毁他人财物，情节严重，其行为已构成寻衅滋事罪；以暴力方法阻碍国家机关工作人员依法执行职务，其行为已构成妨害公务罪，上述行为均应依法惩处，实行数罪并罚。北京市朝阳区人民检察院指控被告人那崴犯寻衅滋事罪、妨害公务罪的事实清楚，证据确实、充分，指控的罪名成立。鉴于被告人那崴当庭能够自愿认罪、愿意接受处罚、已赔偿被害人朱某的经济损失并得到谅解，本院对被告人那崴所犯罪行依法予以从轻处罚。辩护人所提相关辩护意见，本院酌予采纳；所提被告人犯寻衅滋事罪事实不清、证据不足，其行为不构成寻衅滋事罪的辩护意见，经查，在案被害人陈述、证人证言、维修完工结算单、发票及价格鉴定报告书等证据相互印证，能够证明被告人那崴砸踹被害人车辆的行为已构成寻衅滋事罪，本院对上述辩护意见不予采纳；所提被告人那崴有自首情节的辩护意见，经查，那崴并非主动归案，故对上述辩护意见本院亦不予采纳。综上，根据被告人那崴犯罪的事实、犯罪的性质、情节以及对于社会的危害程度，本院依照《中华人民共和国刑法》第二百九十三条第一款第三项、第二百七十七条第一款、第六十九条、第六十一条、第四十五条、第四十七条、《最高人民法院、最高人民检察院关于办理寻衅滋事刑事案件适用法律若干问题的解释》第四条第（一）项之规定，判决如下：","pjjg":" 被告人那崴犯寻衅滋事罪，判处有期徒刑六个月；犯妨害公务罪，判处有期徒刑六个月；决定执行有期徒刑九个月（刑期从判决执行之日起计算。判决执行以前先行羁押的，羁押一日折抵刑期一日。即自2019年1月20日起至2019年10月19日止）。 如不服本判决，可在接到判决书的第二日起十日内，通过本院或者直接向北京市第三中级人民法院提出上诉。书面上诉的，应当提交上诉状正本一份，副本二份。","qw":"北京市朝阳区人民法院 刑事判决书 （2019）京0105刑初1298号 公诉机关北京市朝阳区人民检察院。 被告人那崴，男，1982年7月6日出生于辽宁省，居民身份号码：×××，满族，研究生文化，无业，住辽宁省沈阳市浑南区。因涉嫌犯寻衅滋事罪于2019年1月20日被羁押，次日被刑事拘留，同年2月26日被逮捕。现羁押在北京市朝阳区看守所。 辩护人李长青，北京市隆安律师事务所律师。 辩护人任晓宁，北京市华城律师事务所律师。 北京市朝阳区人民检察院以京朝检公诉刑诉（2019）1250号起诉书指控被告人那崴犯寻衅滋事罪、妨害公务罪，于2019年6月5日向本院提起公诉。本院依法组成合议庭公开开庭审理了本案。北京市朝阳区人民检察院指派检察员周颖出庭支持公诉，被告人那崴及其辩护人李长青、任晓宁均到庭参加了诉讼。现已审理终结。 北京市朝阳区人民检察院指控，被告人那崴于2019年1月20日23时许，在北京市朝阳区化家胡同北侧路边，酒后无故寻衅滋事，损坏被害人朱某（56岁，男，北京市人）停放在此地的车辆荣威RX5（车牌号XXX），经鉴定价值人民币2620元。后来被告人那崴还用脚踢踹民警孙某（男，48岁，北京市人），辅警顾某（男，24岁，辽宁省人）阻碍民警执行职务。被告人那崴的家属赔偿被害人朱某人民币5000元，并取得被害人的谅解。被告人那崴于2019年1月20日被公安机关抓获。 北京市朝阳区人民检察院向本院移送了被害人陈述、鉴定意见书等证据，指控被告人那崴的行为构成寻衅滋事罪、妨害公务罪，提请本院依照《中华人民共和国刑法》第二百九十三条、第二百七十七条的规定，予以惩处。 被告人那崴对公诉机关指控的内容未提出异议。其辩护人的意见为，公诉机关指控被告人犯寻衅滋事罪事实不清、证据不足，其行为不构成寻衅滋事罪；另被告人有自首情节，已赔偿被害人的经济损失且得到谅解，建议法庭对其从轻处罚。 经审理查明，被告人那崴于2019年1月20日23时许，在北京市朝阳区化家胡同北侧路边，酒后无故寻衅滋事，损坏被害人朱某（56岁，男，北京市人）停放在此地的车辆荣威RX5（车牌号XXX），经鉴定车辆的维修价格为人民币2620元。后被告人那崴还用脚踢踹民警孙某、辅警顾某，阻碍民警执行职务。被告人那崴的家属已赔偿被害人朱某人民币5000元并取得被害人的谅解。被告人那崴于2019年1月20日被公安机关抓获归案。 上述事实，公诉机关出示了以下证据： 1、被害人朱某的陈述及辨认笔录证明：2019年1月20日23时许，我在北京市朝阳区朝外大街芳草地北巷某号楼某门某号家里听到我的车报警器响了。出门查看后发现我的车尾部有几个手印、一名穿帽衫的醉酒男子躺在车尾部。我看他喝醉了就走到对面看着他，过了一会儿路边来了一辆出租车，旁边有两、三个人叫那名醉酒男子准备一起上车离开。这时那名穿帽衫醉酒男子从我车上起来就开始用脚踹、用拳头砸我的车后盖，我的车被砸出了一处明显的凹陷。出租车看到后就开走不拉他们了，穿帽衫醉酒男子在出租车后面追，但是没追上。我就给我侄子范某打电话让他来帮我看着穿帽衫的醉酒男子，然后我报警了。警察来后，穿帽衫醉酒男子不停对民警进行辱骂，接着一开始喊醉酒男子上出租车的那几个人还有另外几个人，开始对民警进行拉扯，不让民警到穿帽衫醉酒男子旁边，拉扯了有几分钟。一名长发男子也不停地对民警进行辱骂，警察向其询问情况，他上前揪住民警衣领，然后被其他人拉开了。过了一会儿，又来了几名警察将现场的几名闹事男子带走了，在民警将穿帽衫醉酒男子带上车时，该男子又动又踹的，控制他的民警和辅警身体一直往后倾。出警的民警着装整齐，正常执法，没有辱骂、殴打他人的行为。 朱某辨认出被告人那崴就是损坏其汽车后盖并阻碍民警执法的人。 2、被害人孙某（北京市公安局朝阳分局朝外大街派出所民警）的陈述证明：2019年1月20日我值班，负责接处警工作。大约晚上11点多，所内安排我到北京市朝阳区芳草地北巷胡同口处理一起汽车被砸警情。我带领辅警顾某立即赶到现场，经向报警人了解情况，其反映汽车被砸，并且其侄子跟着砸车的人到了芳草地北巷胡同内。我们立即找到其指认的砸车人，是一名较瘦的短发男子，和他一起的还有六七个人，都是醉酒状态。我向现场一名较胖长发男子了解情况，该长发男子不断的辱骂我。所内支援警力赶到现场后先将这名较胖长发男子带上警车，我们准备将较瘦短发男子也带上警车，这名男子在上车的过程中开始反抗，一边辱骂一边打了我胸部两拳。我们准备给其戴上手铐的时候这名男子突然双脚乱踹，踹到了我的左小腿，又用膝部将顾某的鼻子顶流血了，然后我们将其控制住并带回了所内。我当时穿着制式警用冬季执勤服，驾驶警车，告知了双方到派出所解决问题。 3、被害人顾某的陈述证明：我是某保安公司驻朝外大街派出所的出警保安。2019年1月20日23时许，我跟民警孙某一起出警来到芳草地北巷南口。经向报警人了解，报警人的汽车被一名醉酒男子踹坏，报警人向我们指出一名短发男子就是踹他车的人。孙某上去询问那名踹车男子，该男子是醉酒状态，无法回答民警问话，不配合民警工作。这时报警人的亲属说他被旁边长发男子打了，孙某就让踹车男子坐在旁边的花坛上，让我看着他。孙某去旁边找打人的长发男子，长发男子不配合孙某，还辱骂孙某。孙某让我给所里打电话叫支援。过了一会儿，支援民警到现场后将长发男子带上警车，准备把踹车男子也带到另一辆警车上，踹车男子不配合民警工作，在上警车时踹民警。我帮民警将踹车男子往警车上带，那名男子就用脚踹我，第一下被我挡住了，后又用膝盖顶我，一下顶到我的鼻子上，当时就流血了。我们去现场是出踹车的警，被踹车辆的后保险杠和后备箱都损坏了。 4、证人范某的证言证明：2019年1月20日23时30分左右，我叔叔朱某给我打电话说他的车被砸了。我赶紧下楼，看见我叔叔的车后部有两个手印以及一个明显凹陷的脚印。我叔叔指着一名醉酒的短发男子说是该人砸的，于是我走过去看着他。醉酒短发男子站那儿撒酒疯，然后他就自己躺在了地上。大约两三分钟后，有六、七名与醉酒男子认识的人员从胡同南侧过来要把醉酒男子带走，我没让他们走并告诉他们警察一会儿就来。这些人就开始跟我道歉，但其中一名长发男子用言语威胁我，还扇了我右脸两耳光，其他人继续跟我道歉。后来警察来了，向砸我叔叔车的那名醉酒短发男子询问情况后要带其离开现场，短发醉酒男子的几个朋友开始阻扰民警将其带离现场。后民警叫了支援并控制醉酒的短发男子，他不配合民警工作，又踹又蹬，蹬到了民警的腿部，后民警将我们带回派出所。 5、证人郑某1的证言及辨认笔录证明：我是侨福芳草地某保安公司的保安员，2019年1月20日21时我在某酒家南侧的岗亭值班，看到两三名男子在化家胡同内大喊大叫。他们之中有个短发男子应该是喝多了，他身旁有两个男子想要劝阻他，但是拦不住。短发男子用手拍砸侨福芳草地北门路边围栏上的吊灯，吊灯被他砸的不亮了。我就把这个情况向我的同事兼班长汇报了。这个时候短发男子因为身体站不稳，又在马路牙子上绊了一跤。他站起来后，看见旁边停着一辆车，又开始拿那辆车撒气，对着那辆车的后备箱踹了好几脚。22时左右，被踹车辆的车主和他侄子都来了，短发男子又往胡同北侧疯跑过去。他看着前边有道门，就跑过去砸，砸了一会儿砸累了就躺在了我们女生宿舍的门口。23时左右，被踹车辆的车主跟短发男子的朋友们一直商量未果，就打电话报了警。警察到现场后，短发男子在民警执法过程中用腿踹民警、辅警的头部、腿部，我看到辅警的鼻子当时就出血了。 郑某1辨认出被告人那崴就是砸踹路边车辆并阻碍民警执法的人。 6、证人郑某2的证言证明：我是侨福芳草地物业的内保领班，事发当晚我是保安部的夜间值班经理，当时保安员向我反映有几个人酒后在我们餐馆内外闹事、砸东西。22时30分左右，我来到化家胡同，看见一个短发男子到处撒酒疯，摔自己的手机，还冲我跑过来踹我。过了一会儿被踹车辆的车主和他侄子也来了，车主找这个短发男子和他的朋友们想就车辆的损坏问题要个说法。后来短发男子在我们公司的女生宿舍门口砸门砸累了就躺在宿舍门外的路边上。23时许车主跟短发男子的朋友们一直商量未果，就打电话报了警，后来警察就到现场了。短发男子在民警将其带离过程中用腿踹民警的腿部和腹部，用腿击打辅警的头部，我看见辅警的鼻子当时就出血了。 7、证人高某（北京市公安局朝阳分局朝外大街派出所民警）的证言证明：2019年1月20日23时许，我接到群众报警称北京市朝阳区朝外大街化家胡同北侧路边有一男子在砸车。接报后，我和同事邢某组织好人一起赶赴现场开展工作。到达该地后，我们发现有数名醉酒男子在现场，经询问，事主名叫朱某，现场醉酒男子那崴砸踹朱某的车辆，在阻拦过程中，事主的侄子范某被另一醉酒男子李某打伤。因违法人员那崴、李某处于醉酒状态，所以我们准备将该二人带回所内，但在带离二人过程中，那崴对与我们同去的民警孙某及辅警顾某殴打辱骂，李某对民警进行辱骂。 8、证人邢某（北京市公安局朝阳分局朝外大街派出所民警）的证言证明的内容与证人高某的证言证明的内容基本一致，证明了民警出警及被告人那崴妨害公务的事实。 9、证人杨某的证言证明：我是北京某汽车维修有限责任公司的负责人。我公司在2019年1月27日修理过一辆车号×××的荣威牌汽车，当时他的车后背门损坏了，凹下去一个坑，好像是被人踹坏的。我们在进行修理时，发现后背门打不开，经检查发现是后背门电动模块的卡扣损坏。由于这个部件是厂家提供总成，只能进行整体更换。当时车主还说后门支撑杆开启时速度变慢，可能是由于卡扣损坏引起的，要求我们进行更换，于是我们就对该车这两处进行了维修更换。另外加上喷漆一共是2620元。后背门电动模块的维修是必须的，后门支撑杆当时车主说开启变慢，可能是由他人踢踹引起的，要求我们更换修理。该车后背门处有明显的凹陷，后背门电动模块卡扣的损坏和该处损坏有直接原因。 10、中国人民解放军总医院第七医学中心出具的诊断证明书及北京中衡司法鉴定所出具的司法鉴定意见书证明：顾某鼻部软组织损伤；孙某左侧小腿软组织损伤；郑某2腹部软组织损伤、左肩部软组织损伤；被鉴定人顾某、郑某2、孙某身体所受损伤均不构成轻微伤。 11、维修完工结算单及发票证明：被害人朱某的汽车维修费用为人民币2620元。 12、北京京评价格评估有限公司出具的价格鉴定报告书证明：本案荣威牌小型汽车的维修价格为人民币2620元。 13、北京市公安局朝阳分局朝外大街派出所出具的工作记录证明：民警就修车时间一事电话联系被害人朱某，其称2019年1月20日车辆受损后，其就及时联系对车辆进行送修。因协调联系汽车修理厂维修等诸多因素，事主于2019年1月23日前后将车送至北京保地嘉汽车维修有限责任公司进行维修，期间车辆未遭受其他损坏。后车辆于2019年1月27日修理完毕，修理费用发票的开具时间为2019年1月27日。 14、谅解书及收据证明：被告人那崴的家属已一次性赔偿被害人朱某的各项经济损失共计人民币5000元。被害人朱某谅解那崴的行为，希望对那崴从轻处理。 15、受案登记表证明了被害人朱某报警的情况。 16、到案经过证明：2019年1月20日被告人那崴被民警抓获归案。 17、公安机关出具的户籍材料证明了被告人那崴的身份情况。 以上证据，已经过庭审举证、质证，本院予以确认。 本院认为，被告人那崴法制观念淡薄，酒后任意损毁他人财物，情节严重，其行为已构成寻衅滋事罪；以暴力方法阻碍国家机关工作人员依法执行职务，其行为已构成妨害公务罪，上述行为均应依法惩处，实行数罪并罚。北京市朝阳区人民检察院指控被告人那崴犯寻衅滋事罪、妨害公务罪的事实清楚，证据确实、充分，指控的罪名成立。鉴于被告人那崴当庭能够自愿认罪、愿意接受处罚、已赔偿被害人朱某的经济损失并得到谅解，本院对被告人那崴所犯罪行依法予以从轻处罚。辩护人所提相关辩护意见，本院酌予采纳；所提被告人犯寻衅滋事罪事实不清、证据不足，其行为不构成寻衅滋事罪的辩护意见，经查，在案被害人陈述、证人证言、维修完工结算单、发票及价格鉴定报告书等证据相互印证，能够证明被告人那崴砸踹被害人车辆的行为已构成寻衅滋事罪，本院对上述辩护意见不予采纳；所提被告人那崴有自首情节的辩护意见，经查，那崴并非主动归案，故对上述辩护意见本院亦不予采纳。综上，根据被告人那崴犯罪的事实、犯罪的性质、情节以及对于社会的危害程度，本院依照《中华人民共和国刑法》第二百九十三条第一款第三项、第二百七十七条第一款、第六十九条、第六十一条、第四十五条、第四十七条、《最高人民法院、最高人民检察院关于办理寻衅滋事刑事案件适用法律若干问题的解释》第四条第（一）项之规定，判决如下： 被告人那崴犯寻衅滋事罪，判处有期徒刑六个月；犯妨害公务罪，判处有期徒刑六个月；决定执行有期徒刑九个月（刑期从判决执行之日起计算。判决执行以前先行羁押的，羁押一日折抵刑期一日。即自2019年1月20日起至2019年10月19日止）。 如不服本判决，可在接到判决书的第二日起十日内，通过本院或者直接向北京市第三中级人民法院提出上诉。书面上诉的，应当提交上诉状正本一份，副本二份。 审判长刘欢 人民陪审员马莉 人民陪审员王素云 二○一九年九月二十日 书记员李娜","writId":"005bb43063fc9730112c30a67a4ea9c883f","writName":"那崴寻衅滋事一审刑事判决书"}
