{"ajId":"454f0f2d-084c-40cc-9514-3e09e782d747","ajName":"郑喜东走私、贩卖、运输、制造毒品罪一案","ajjbqk":" 沈阳市和平区人民检察院指控： 被告人郑喜东于2016年6月某日17时许，在沈阳市和平区中华路新世界百货门口附近，以人民币800元的价格向宁某贩卖甲基苯丙胺（冰毒）一袋，重约0.8克。 被告人郑喜东于2017年8月15日被公安机关抓获。 被告人郑喜东对公诉机关指控事实及罪名皆无异议。 本院经审理查明事实与公诉机关指控一致。 上述事实，有经当庭举证、质证并予确认的案件来源、抓捕经过、微信资料及转帐记录判决书、释放证明、前科查询、尿检单、吸毒人员信息表等书证；证人宁某、吴某的证言；被告人郑喜东的供述；辨认笔录等证据证实，足以认定。 ","cpfxgc":"本院认为，被告人郑喜东明知是毒品而向他人贩卖，其行为已构成贩卖毒品罪。公诉机关指控成立。被告人郑喜东到案后能如实供认犯罪事实，系坦白可依法从轻处罚。 综上，依照《中华人民共和国刑法》第三百四十七条一、四款、第六十七条三款、第五十二条、第五十三条、第六十四条之规定，判决如下：","pjjg":" 被告人郑喜东犯贩卖毒品罪，判处有期徒刑六个月，并处罚金人民币三万元，依法上缴国库。 （刑期自判决确定之日起计算，判决执行以前先行羁押的，羁押一日，折抵刑期一日，即自2018年6月12日起至2018年12月11日止，罚金于判决生效后十日起三个月内一次性向本院缴纳。） 如不服本判决，可在接到判决书的第二日起十日内，通过本院或者直接向辽宁省沈阳市中级人民法院提出上诉。书面上诉的，应当提交上诉状正本一份，副本一份。","qw":"辽宁省沈阳市和平区人民法院 刑事判决书 （2018）辽0102刑初507号 公诉机关沈阳市和平区人民检察院。 被告人郑喜东，男，1968年1月14日出生于辽宁省沈阳市，汉族，初中文化，无职业，户籍所在地辽宁省沈阳市铁西区。曾因犯盗窃罪于2007年10月9日被沈阳市和平区人民法院判处有期徒刑六个月，并处罚金人民币五千六百五十元。因涉嫌贩卖毒品罪于2017年8月16日被监视居住。2018年6月12日由我院决定逮捕。 沈阳市和平区人民检察院以沈和检公诉刑诉（2017）596号起诉书指控被告人郑喜东犯贩卖毒品罪，于2018年5月24日向本院提起公诉。本院依法适用简易程序独任审理，公开开庭审理了本案。沈阳市和平区人民检察院指派检察员于涛、姜乐出庭支持公诉，被告人郑喜东到庭参加诉讼。现已审理终结。 沈阳市和平区人民检察院指控： 被告人郑喜东于2016年6月某日17时许，在沈阳市和平区中华路新世界百货门口附近，以人民币800元的价格向宁某贩卖甲基苯丙胺（冰毒）一袋，重约0.8克。 被告人郑喜东于2017年8月15日被公安机关抓获。 被告人郑喜东对公诉机关指控事实及罪名皆无异议。 本院经审理查明事实与公诉机关指控一致。 上述事实，有经当庭举证、质证并予确认的案件来源、抓捕经过、微信资料及转帐记录判决书、释放证明、前科查询、尿检单、吸毒人员信息表等书证；证人宁某、吴某的证言；被告人郑喜东的供述；辨认笔录等证据证实，足以认定。 本院认为，被告人郑喜东明知是毒品而向他人贩卖，其行为已构成贩卖毒品罪。公诉机关指控成立。被告人郑喜东到案后能如实供认犯罪事实，系坦白可依法从轻处罚。 综上，依照《中华人民共和国刑法》第三百四十七条一、四款、第六十七条三款、第五十二条、第五十三条、第六十四条之规定，判决如下： 被告人郑喜东犯贩卖毒品罪，判处有期徒刑六个月，并处罚金人民币三万元，依法上缴国库。 （刑期自判决确定之日起计算，判决执行以前先行羁押的，羁押一日，折抵刑期一日，即自2018年6月12日起至2018年12月11日止，罚金于判决生效后十日起三个月内一次性向本院缴纳。） 如不服本判决，可在接到判决书的第二日起十日内，通过本院或者直接向辽宁省沈阳市中级人民法院提出上诉。书面上诉的，应当提交上诉状正本一份，副本一份。 审判员李东皞 二〇一八年六月十二日 书记员吴冉","writId":"0387c5ec9f2dcd9da49d4fd4b21df6330f2","writName":"郑喜东走私、贩卖、运输、制造毒品罪一审刑事判决书"}
