{"ajId":"abbab82c-8ae2-49d8-a7f3-7080aedc191f","ajName":"张某一案","ajjbqk":" 经审理查明，2018年6月16日22时50分许，被告人张某至本市奉贤区南桥镇环城东路XXX号汉庭酒店1022号被害人叶某房间内，趁被害人叶某酒多无力反抗之机，强行与叶某发生性关系。 上述事实，被告人张某在开庭审理过程中无异议，且有被害人叶某的陈述，证人魏某某、黄某、苟某某、吴某某、赵某某的证言，验伤通知书，上海传健医疗科技有限公司司法鉴定所司法鉴定意见书，被害人伤势照片，上海市公安局物证鉴定中心鉴定书，公安机关制作并出具的辨认笔录、现场勘验检查笔录、案发经过、情况说明、调取证据通知书、调取证据清单、涉案酒店走廊监控录像、酒店附近路口监控录像、户籍信息等证据证实，足以认定。 ","cpfxgc":"本院认为，被告人张某违背妇女意志，强行与妇女发生性关系，其行为显已触犯刑律，构成强奸罪。公诉机关指控的罪名成立。庭审中，被告人张某能自愿认罪，依法可以酌情从轻处罚。案件审理期间，被告人张某在家属的帮助下补偿了被害人人民币二万六千元并取得谅解，可以酌情从轻处罚。综上，采纳辩护人要求对被告人张某酌情从轻处罚的辩护意见。为严肃国家法制，维护妇女的性权利不受侵犯，依据《中华人民共和国刑法》第二百三十六条第一款之规定，判决如下：","pjjg":" 被告人张某犯强奸罪，判处有期徒刑三年。 （刑期从判决执行之日起计算。判决执行以前先行羁押的，羁押一日折抵刑期一日，即自2018年6月16日起至2021年6月15日止。） 如不服本判决，可在接到判决书的第二日起十日内，通过本院或者直接向上海市第一中级人民法院提出上诉。书面上诉的，应当提交上诉状正本一份，副本二份。","qw":"上海市奉贤区人民法院 刑事判决书 （2018）沪0120刑初1405号 公诉机关上海市奉贤区人民检察院。 被告人张某。 辩护人李艳荣，上海关天律师事务所律师。 上海市奉贤区人民检察院以沪奉检一部刑诉（2018）414号起诉书指控被告人张某犯强奸罪，于2018年11月7日向本院提起公诉。本院依法适用普通程序，组成合议庭，于2018年11月29日不公开开庭审理了本案。上海市奉贤区人民检察院指派检察员凌某出庭支持公诉，被告人张某及其辩护人李艳荣到庭参加诉讼。现已审理终结。 经审理查明，2018年6月16日22时50分许，被告人张某至本市奉贤区南桥镇环城东路XXX号汉庭酒店1022号被害人叶某房间内，趁被害人叶某酒多无力反抗之机，强行与叶某发生性关系。 上述事实，被告人张某在开庭审理过程中无异议，且有被害人叶某的陈述，证人魏某某、黄某、苟某某、吴某某、赵某某的证言，验伤通知书，上海传健医疗科技有限公司司法鉴定所司法鉴定意见书，被害人伤势照片，上海市公安局物证鉴定中心鉴定书，公安机关制作并出具的辨认笔录、现场勘验检查笔录、案发经过、情况说明、调取证据通知书、调取证据清单、涉案酒店走廊监控录像、酒店附近路口监控录像、户籍信息等证据证实，足以认定。 本院认为，被告人张某违背妇女意志，强行与妇女发生性关系，其行为显已触犯刑律，构成强奸罪。公诉机关指控的罪名成立。庭审中，被告人张某能自愿认罪，依法可以酌情从轻处罚。案件审理期间，被告人张某在家属的帮助下补偿了被害人人民币二万六千元并取得谅解，可以酌情从轻处罚。综上，采纳辩护人要求对被告人张某酌情从轻处罚的辩护意见。为严肃国家法制，维护妇女的性权利不受侵犯，依据《中华人民共和国刑法》第二百三十六条第一款之规定，判决如下： 被告人张某犯强奸罪，判处有期徒刑三年。 （刑期从判决执行之日起计算。判决执行以前先行羁押的，羁押一日折抵刑期一日，即自2018年6月16日起至2021年6月15日止。） 如不服本判决，可在接到判决书的第二日起十日内，通过本院或者直接向上海市第一中级人民法院提出上诉。书面上诉的，应当提交上诉状正本一份，副本二份。 审判长余红 人民陪审员张山丽 人民陪审员杨神鹰 二〇一八年十一月二十九日 书记员刘丹 附：相关法律条文 《中华人民共和国刑法》 第二百三十六条以暴力、胁迫或者其他手段强奸妇女的，处三年以上十年以下有期徒刑。 ……","writId":"020aa662c29cb74f1cb96ae9a8b89a4658e","writName":"张某一审刑事判决书"}
