{"ajId":"99d38070-00ee-4776-8341-63edb4f4015f","ajName":"被告人张礼强犯容留他人吸毒罪一案","ajjbqk":" 泸溪县人民检察院指控：2017年8月24日下午，被告人向某甲与李某某、刘某甲、杨某甲（已作行政处罚）等人在被告人向某甲位于浦市镇羊角坪家中吃饭喝酒。在喝酒的过程中，被告人向某甲与李某某发生口角，被告人向某甲将李某某头部打伤。当天17时许，被告人向某甲与杨某甲在浦市镇四方井“又来了”餐馆内因李某某被打伤的事情在“又来了”餐馆内外发生口角并打斗。在冲突过程中，被告人向某甲驾驶湘U8556B皮卡车多次向杨某甲所在位置冲撞，杨某甲也对车内的被告人向某甲头部进行打击，并用花盆砸被告人向某甲驾驶的皮卡车。被告人向某甲在冲撞杨某甲时多次倒车，撞到四方井出口上的消防栓，致其严重损坏，自来水洒出，造成附近居民停水三小时。其驾车开出四方井后，在浦阳路工艺品市场外倒车过程中将骑电动车的被害人向某乙撞倒在地，致使向某乙右脚多处受伤，电动车损坏。之后，被告人向某甲继续驾车追赶杨某甲，直至杨某甲躲进浦市镇卫生大酒店旁的小巷子，被告人向某甲才停止行为。 2017年8月24日20时许，泸溪县公安局民警赶到浦市镇花园坪农庄将被告人向某甲口头传唤至浦市派出所进行调查。经过鉴定：向某乙右足中趾部损伤构成轻微伤。被告人向某甲驾驶机动车时其静脉血中测出乙醇含量为112.4415mg／100ml。 上述事实，公诉机关当庭出示了相关证据佐证，并认为，被告人向某甲醉酒后与杨某甲发生冲突，驾驶机动车肆意冲撞杨某甲，致使骑车路过的被害人向某乙受伤，摩托车和消防栓完全损坏的结果，其行为已触犯《中华人民共和国刑法》第一百一十四条的规定，犯罪事实清楚，证据确实、充分，应当以以危险方法危害公共安全罪追究其刑事责任。建议对被告人向某甲犯以危险方法危害公共安全罪，在有期徒刑三年至四年的幅度内量刑。 被告人向某甲对公诉机关指控的犯罪事实、出示的证据和适用法律均无异议。 经审理查明：2017年8月24日下午，被告人向某甲与李某某、刘某甲、杨某甲（已作行政处罚）等人在被告人向某甲位于浦市镇羊角坪家中吃饭喝酒。在喝酒过程中，被告人向某甲与李某某发生口角，被告人向某甲将李某某头部打伤。当天17时许，被告人向某甲与杨某甲在浦市镇四方井“又来了”餐馆内外发生口角并打斗。在冲突过程中，被告人向某甲驾驶湘U8556B皮卡车多次向杨某甲所在位置冲撞，杨某甲也对车内的被告人向某甲头部进行打击，并用花盆砸被告人向某甲驾驶的皮卡车。被告人向某甲在冲撞杨某甲时多次倒车，撞坏四方井出口处的消防栓，自来水喷出，造成附近居民停水三小时。其驾车从“又来了”餐馆外追撞杨某甲至浦阳路工艺品市场外街道，在街道上倒车过程中将骑电动车路过的被害人向某乙撞倒在地，致使向某乙右脚多处受伤，电动车损坏。之后，被告人向某甲继续驾车追撞杨某甲，在杨某甲躲进浦市镇卫生大酒店旁的小巷子后，被告人向某甲才停止追撞行为。接到报警后，泸溪县公安局浦市派出所民警驾驶湘U0755警车在岩门溪村花园坪附近发现被告人向某甲正在驾驶湘U8556B皮卡车，遂示意其停车，被告人向某甲加速逃离，此过程中刮擦警车右侧车尾。后通过民警的努力才于同日20时许在浦市镇花园坪农庄将被告人向某甲口头传唤至浦市派出所进行调查。经讯问，被告人向某甲如实供述了自己的犯罪事实。经鉴定：被害人向某乙右足中趾部损伤构成轻微伤。被告人向某甲驾驶机动车时其静脉血中测出乙醇含量为112.4415mg／100ml。 案发后，被告人向某甲家属赔偿了被害人向某乙医药费1000元以及一辆二手摩托车、赔偿自来水厂损失1500元，取得了被害人的谅解。 上述事实有下列主要证据证实： 1、泸溪县公安局交通管理大队浦市中队呼气测试，证明通过对被告人向某甲进行八次呼气测试，其中7次乙醇含量均超过160mg／100ml。 2、公安行政处罚决定书及告知笔录，证明2017年10月11日，泸溪县公安局对杨某甲与向某甲在2017年8月24日发生打斗的行为，决定处行政拘留7日，并处罚款300元。 3、血样提取登记表，证明2017年8月24日23时27分，浦市中心卫生院医护人员对被告人向某甲静脉血进行提取。 4、情况说明，证明2017年8月24日，泸溪县公安局浦市派出所民警在驾驶湘U0755警车出警过程中在岩门溪村花园坪附近遇见被告人向某甲驾驶湘U8556B皮卡车，示意向某甲停车，向某甲加速逃离，此过程中刮擦警车右侧车尾位置。 5、收条、收款凭据，证明被告人向某甲于案发后赔偿了向某乙医药费1000元以及一辆二手摩托车、赔偿自来水厂损失1500元。 6、户籍信息，证明被告人向某甲于1974年10月4日出生。 7、证人杨某甲的证言，证明因为向某甲打伤李某某的事，杨某甲与向某甲发生口角，并发生肢体冲突，被在场人员劝开。后向某甲驾车多次向杨某甲撞击未果，在撞击过程中向某甲多次倒车撞到路边的消防栓以及骑摩托车路过的向某乙。期间杨某甲爬上驾驶室车门殴打向某甲。 8、证人李某某的证言，证明2017年8月24日，李某某曾到向某甲家里吃饭，当时还有刘某甲、杨某乙等人。期间几人喝了酒，后李某某头部出血被送去医院缝针，李某某因喝酒记不清事发过程。 9、证人刘某甲的证言，证明2017年8月24日，李某某打电话邀刘某甲去向某甲家里吃饭，席间还有杨某乙、杨某甲参加，吃饭的时候向某甲教育李某某的儿子，因此向某甲与李某某发生了纠纷。向某甲捡起地上的石头砸了李某某的头部，致使其头部出血。之后，大家就到浦市四方井去吃饭，杨某甲为此又与向某甲发生口角，进而打斗起来，被旁人劝开。后向某甲驾驶皮卡车准备撞击杨某甲，杨某甲趴在车窗边殴打向某甲，向某甲驾车撞击杨某甲过程中倒车撞坏路边消防栓。 10、证人杨某丙的证言，证明当天李某某打电话邀约杨某丙到向某甲家里吃饭，席间向某甲教育李某某的儿子，二人因此发生矛盾。后刘某甲邀大家去四方井吃饭，在四方井的餐馆，一个年轻人和向某甲因李某某的事发生口角，进而打斗，被旁人劝开。后向某甲准备开车，被年轻人拿花盆砸在车上，向某甲便启动车子朝年轻人方向倒车，后面杨某丙便离开了现场。 11、证人曾某某的证言，证明当天几个人到店里来吃饭，其在炒菜的时候，听到争吵声，出来查看发现向某甲与一年轻人发生争吵打起来了，曾某某就将几人推出门去了。其后曾某某发现自己店门外的一个花盆被砸坏。 12、证人陈某某、邓某某的证言，证明案发当天杨某甲打电话邀陈某某到“又来了”饭店吃饭，到了店里发现杨某甲与向某甲在争吵，被旁人劝开。向某甲准备上车离开时，杨某甲冲上去对车里的向某甲打了几拳，还捡起边上一个花盆砸向某甲的皮卡车。向某甲就倒车准备撞杨某甲，向某甲几次倒车过程中撞坏了消防栓。在向某甲开车撞杨某甲过程中，杨某甲曾拿过一把刀捅向某甲，后面刀掉了。 13、证人杨某丁的证言，证明向某甲驾驶的湘U8556B长城皮卡车系杨某丁所有。 14、证人刘某乙的证言，证明2017年8月24日下午5时50分，刘某乙接到居民电话，得知四方井路口消防栓被车子撞坏，自来水喷洒出来。刘某乙遂组织施工人员到现场，发现水柱冲出两米高，路边到处积水。为抢修，将自来水阀门关闭，历时三小时之久。更换新的消防栓价值1400元，人工费约300元。 15、被害人向某乙的陈述，证明2017年8月24日下午5时许，向某乙骑摩托车经过四方井门口时被一辆墨绿色皮卡车倒车时撞上，自己受伤，摩托车被损。案发后，向某甲的妻子给向某乙赔偿了1000元和一辆二手摩托车，向某乙不想再追究向某甲的法律责任。 16、被告人向某甲的供述与辩解，证明案发当天向某甲与李某某、刘某甲几人一起吃饭、喝酒，后因为李某某儿子的事向某甲与李某某发生口角并有肢体冲突，为此刘某甲带来的杨某甲与向某甲争吵了几句。后几人准备到浦市街上“又来了”酒店继续喝酒，在酒店门口杨某甲再次与向某甲发生争吵，被人劝开。向某甲准备驾车离开时，杨某甲举起一个花盆砸在车上，并到驾驶室边殴打向某甲，并用一把水果刀准备捅向某甲，因此向某甲心中不服，驾车来来回回的倒车往杨某甲所在方向撞击。期间，向某甲驾驶的皮卡车撞到四方井门口的一消防栓，致使消防栓毁坏，自来水洒出，并在掉头过程中撞到了骑摩托车经过的向某乙。在逃离现场时还与出警的警车发生了刮擦。 17、湘西州龙腾司法鉴定中心司法鉴定意见书，证明2017年8月26日，泸溪县公安局将向某甲静脉血样送龙腾司法所鉴定：向某甲静脉血样乙醇含量112.4415mg／100ml。该结果已告知向某甲。 18、泸公物鉴法临字［2017］47号，证明2017年8月30日，泸溪县公安局浦市派出所将被害人向某乙的伤势送泸溪县公安刑事科学技术研究所鉴定：向某乙右足中趾损伤构成轻微伤。鉴定意见已告知向某甲、向某乙。 19、泸公物鉴法临字［2017］46号，证明2017年8月30日，泸溪县公安局浦市派出所将被害人李某某的伤势送泸溪县公安刑事科学技术研究所鉴定：李某某头顶皮肤损伤构成轻微伤。鉴定意见已告知向某甲、李某某。 20、检查笔录，证明2017年8月24日20时许，泸溪县公安局浦市派出所民警对向某乙的伤势进行检查，发现其右腿膝盖有一椭圆形挫伤，右脚中趾受伤。 21、湘西泸公刑勘［2017］K4331224300002017080010号勘验笔录，证明2017年8月24日，对案发现场进行勘验，现场位于四方井内“又来了”酒家门口，门口有一个摔碎的花盆，四方井内通向县道X041出口南侧5米位置一消防栓被撞坏，消防栓内水柱喷出，出口东侧3米处有一米字旗女士电动摩托车倒地。 22、视听资料，证明案发现场情况。 上述证据，形式、来源合法，内容客观真实，具有合法性、客观性、关联性，依法作为认定本案事实的证据予以采信。 ","cpfxgc":"本院认为，被告人向某甲醉酒后与杨某甲发生冲突，并在街道上驾驶机动车肆意冲撞杨某甲未果，致使骑车过路的被害人向某乙受伤、摩托车和街道旁消防栓损坏的结果，其行为已触犯《中华人民共和国刑法》第一百一十四条的规定，构成以危险方法危害公共安全罪，应予惩处。公诉机关的指控成立。被告人向某甲案发后如实供述了自己的犯罪事实，可以从轻处罚。被告人向某甲于案发后赔偿了被害人损失，取得了被害人的谅解，可以酌情从轻处罚。综合考虑被告人向某甲的犯罪情节、危害后果、悔罪表现等因素，决定对其从轻处罚。 综上所述，依照《中华人民共和国刑法》第一百一十四条、第六十七条第三款之规定，判决如下：","pjjg":" 被告人向某甲犯以危险方法危害公共安全罪，判处有期徒刑三年。 （刑期从判决执行之日起计算。判决执行以前先行羁押的，羁押一日折抵刑期一日。即自2017年8月24日起至2020年8月23日止。） 如不服本判决，可在接到判决书的第二日起十日内通过本院或直接向湖南省湘西土家族苗族自治州中级人民法院提出上诉。书面上诉的，应当提交上诉状正本一份，副本三份。","qw":"湖南省泸溪县人民法院 刑事判决书 （2017）湘3122刑初117号 公诉机关泸溪县人民检察院。 被告人向某甲，男。因涉嫌犯以危险方法危害公共安全罪，于2017年8月25日被泸溪县公安局刑事拘留。经泸溪县人民检察院批准，于2017年9月7日被泸溪县公安局依法逮捕。现羁押于泸溪县看守所。 泸溪县人民检察院以泸检刑诉（2017）41号起诉书指控被告人向某甲犯以危险方法危害公共安全罪一案，于2017年11月9日向本院提起公诉。本院受理后，依法组成由审判员田方仁担任审判长，审判员杨明松、人民陪审员符明松参加评议的合议庭，于2017年11月28日依法公开开庭进行了审理。书记员马啸担任记录。泸溪县人民检察院指派检察员梅光辉出庭支持公诉，被告人向某甲到庭参加诉讼。现已审理终结。 泸溪县人民检察院指控：2017年8月24日下午，被告人向某甲与李某某、刘某甲、杨某甲（已作行政处罚）等人在被告人向某甲位于浦市镇羊角坪家中吃饭喝酒。在喝酒的过程中，被告人向某甲与李某某发生口角，被告人向某甲将李某某头部打伤。当天17时许，被告人向某甲与杨某甲在浦市镇四方井“又来了”餐馆内因李某某被打伤的事情在“又来了”餐馆内外发生口角并打斗。在冲突过程中，被告人向某甲驾驶湘U8556B皮卡车多次向杨某甲所在位置冲撞，杨某甲也对车内的被告人向某甲头部进行打击，并用花盆砸被告人向某甲驾驶的皮卡车。被告人向某甲在冲撞杨某甲时多次倒车，撞到四方井出口上的消防栓，致其严重损坏，自来水洒出，造成附近居民停水三小时。其驾车开出四方井后，在浦阳路工艺品市场外倒车过程中将骑电动车的被害人向某乙撞倒在地，致使向某乙右脚多处受伤，电动车损坏。之后，被告人向某甲继续驾车追赶杨某甲，直至杨某甲躲进浦市镇卫生大酒店旁的小巷子，被告人向某甲才停止行为。 2017年8月24日20时许，泸溪县公安局民警赶到浦市镇花园坪农庄将被告人向某甲口头传唤至浦市派出所进行调查。经过鉴定：向某乙右足中趾部损伤构成轻微伤。被告人向某甲驾驶机动车时其静脉血中测出乙醇含量为112.4415mg／100ml。 上述事实，公诉机关当庭出示了相关证据佐证，并认为，被告人向某甲醉酒后与杨某甲发生冲突，驾驶机动车肆意冲撞杨某甲，致使骑车路过的被害人向某乙受伤，摩托车和消防栓完全损坏的结果，其行为已触犯《中华人民共和国刑法》第一百一十四条的规定，犯罪事实清楚，证据确实、充分，应当以以危险方法危害公共安全罪追究其刑事责任。建议对被告人向某甲犯以危险方法危害公共安全罪，在有期徒刑三年至四年的幅度内量刑。 被告人向某甲对公诉机关指控的犯罪事实、出示的证据和适用法律均无异议。 经审理查明：2017年8月24日下午，被告人向某甲与李某某、刘某甲、杨某甲（已作行政处罚）等人在被告人向某甲位于浦市镇羊角坪家中吃饭喝酒。在喝酒过程中，被告人向某甲与李某某发生口角，被告人向某甲将李某某头部打伤。当天17时许，被告人向某甲与杨某甲在浦市镇四方井“又来了”餐馆内外发生口角并打斗。在冲突过程中，被告人向某甲驾驶湘U8556B皮卡车多次向杨某甲所在位置冲撞，杨某甲也对车内的被告人向某甲头部进行打击，并用花盆砸被告人向某甲驾驶的皮卡车。被告人向某甲在冲撞杨某甲时多次倒车，撞坏四方井出口处的消防栓，自来水喷出，造成附近居民停水三小时。其驾车从“又来了”餐馆外追撞杨某甲至浦阳路工艺品市场外街道，在街道上倒车过程中将骑电动车路过的被害人向某乙撞倒在地，致使向某乙右脚多处受伤，电动车损坏。之后，被告人向某甲继续驾车追撞杨某甲，在杨某甲躲进浦市镇卫生大酒店旁的小巷子后，被告人向某甲才停止追撞行为。接到报警后，泸溪县公安局浦市派出所民警驾驶湘U0755警车在岩门溪村花园坪附近发现被告人向某甲正在驾驶湘U8556B皮卡车，遂示意其停车，被告人向某甲加速逃离，此过程中刮擦警车右侧车尾。后通过民警的努力才于同日20时许在浦市镇花园坪农庄将被告人向某甲口头传唤至浦市派出所进行调查。经讯问，被告人向某甲如实供述了自己的犯罪事实。经鉴定：被害人向某乙右足中趾部损伤构成轻微伤。被告人向某甲驾驶机动车时其静脉血中测出乙醇含量为112.4415mg／100ml。 案发后，被告人向某甲家属赔偿了被害人向某乙医药费1000元以及一辆二手摩托车、赔偿自来水厂损失1500元，取得了被害人的谅解。 上述事实有下列主要证据证实： 1、泸溪县公安局交通管理大队浦市中队呼气测试，证明通过对被告人向某甲进行八次呼气测试，其中7次乙醇含量均超过160mg／100ml。 2、公安行政处罚决定书及告知笔录，证明2017年10月11日，泸溪县公安局对杨某甲与向某甲在2017年8月24日发生打斗的行为，决定处行政拘留7日，并处罚款300元。 3、血样提取登记表，证明2017年8月24日23时27分，浦市中心卫生院医护人员对被告人向某甲静脉血进行提取。 4、情况说明，证明2017年8月24日，泸溪县公安局浦市派出所民警在驾驶湘U0755警车出警过程中在岩门溪村花园坪附近遇见被告人向某甲驾驶湘U8556B皮卡车，示意向某甲停车，向某甲加速逃离，此过程中刮擦警车右侧车尾位置。 5、收条、收款凭据，证明被告人向某甲于案发后赔偿了向某乙医药费1000元以及一辆二手摩托车、赔偿自来水厂损失1500元。 6、户籍信息，证明被告人向某甲于1974年10月4日出生。 7、证人杨某甲的证言，证明因为向某甲打伤李某某的事，杨某甲与向某甲发生口角，并发生肢体冲突，被在场人员劝开。后向某甲驾车多次向杨某甲撞击未果，在撞击过程中向某甲多次倒车撞到路边的消防栓以及骑摩托车路过的向某乙。期间杨某甲爬上驾驶室车门殴打向某甲。 8、证人李某某的证言，证明2017年8月24日，李某某曾到向某甲家里吃饭，当时还有刘某甲、杨某乙等人。期间几人喝了酒，后李某某头部出血被送去医院缝针，李某某因喝酒记不清事发过程。 9、证人刘某甲的证言，证明2017年8月24日，李某某打电话邀刘某甲去向某甲家里吃饭，席间还有杨某乙、杨某甲参加，吃饭的时候向某甲教育李某某的儿子，因此向某甲与李某某发生了纠纷。向某甲捡起地上的石头砸了李某某的头部，致使其头部出血。之后，大家就到浦市四方井去吃饭，杨某甲为此又与向某甲发生口角，进而打斗起来，被旁人劝开。后向某甲驾驶皮卡车准备撞击杨某甲，杨某甲趴在车窗边殴打向某甲，向某甲驾车撞击杨某甲过程中倒车撞坏路边消防栓。 10、证人杨某丙的证言，证明当天李某某打电话邀约杨某丙到向某甲家里吃饭，席间向某甲教育李某某的儿子，二人因此发生矛盾。后刘某甲邀大家去四方井吃饭，在四方井的餐馆，一个年轻人和向某甲因李某某的事发生口角，进而打斗，被旁人劝开。后向某甲准备开车，被年轻人拿花盆砸在车上，向某甲便启动车子朝年轻人方向倒车，后面杨某丙便离开了现场。 11、证人曾某某的证言，证明当天几个人到店里来吃饭，其在炒菜的时候，听到争吵声，出来查看发现向某甲与一年轻人发生争吵打起来了，曾某某就将几人推出门去了。其后曾某某发现自己店门外的一个花盆被砸坏。 12、证人陈某某、邓某某的证言，证明案发当天杨某甲打电话邀陈某某到“又来了”饭店吃饭，到了店里发现杨某甲与向某甲在争吵，被旁人劝开。向某甲准备上车离开时，杨某甲冲上去对车里的向某甲打了几拳，还捡起边上一个花盆砸向某甲的皮卡车。向某甲就倒车准备撞杨某甲，向某甲几次倒车过程中撞坏了消防栓。在向某甲开车撞杨某甲过程中，杨某甲曾拿过一把刀捅向某甲，后面刀掉了。 13、证人杨某丁的证言，证明向某甲驾驶的湘U8556B长城皮卡车系杨某丁所有。 14、证人刘某乙的证言，证明2017年8月24日下午5时50分，刘某乙接到居民电话，得知四方井路口消防栓被车子撞坏，自来水喷洒出来。刘某乙遂组织施工人员到现场，发现水柱冲出两米高，路边到处积水。为抢修，将自来水阀门关闭，历时三小时之久。更换新的消防栓价值1400元，人工费约300元。 15、被害人向某乙的陈述，证明2017年8月24日下午5时许，向某乙骑摩托车经过四方井门口时被一辆墨绿色皮卡车倒车时撞上，自己受伤，摩托车被损。案发后，向某甲的妻子给向某乙赔偿了1000元和一辆二手摩托车，向某乙不想再追究向某甲的法律责任。 16、被告人向某甲的供述与辩解，证明案发当天向某甲与李某某、刘某甲几人一起吃饭、喝酒，后因为李某某儿子的事向某甲与李某某发生口角并有肢体冲突，为此刘某甲带来的杨某甲与向某甲争吵了几句。后几人准备到浦市街上“又来了”酒店继续喝酒，在酒店门口杨某甲再次与向某甲发生争吵，被人劝开。向某甲准备驾车离开时，杨某甲举起一个花盆砸在车上，并到驾驶室边殴打向某甲，并用一把水果刀准备捅向某甲，因此向某甲心中不服，驾车来来回回的倒车往杨某甲所在方向撞击。期间，向某甲驾驶的皮卡车撞到四方井门口的一消防栓，致使消防栓毁坏，自来水洒出，并在掉头过程中撞到了骑摩托车经过的向某乙。在逃离现场时还与出警的警车发生了刮擦。 17、湘西州龙腾司法鉴定中心司法鉴定意见书，证明2017年8月26日，泸溪县公安局将向某甲静脉血样送龙腾司法所鉴定：向某甲静脉血样乙醇含量112.4415mg／100ml。该结果已告知向某甲。 18、泸公物鉴法临字［2017］47号，证明2017年8月30日，泸溪县公安局浦市派出所将被害人向某乙的伤势送泸溪县公安刑事科学技术研究所鉴定：向某乙右足中趾损伤构成轻微伤。鉴定意见已告知向某甲、向某乙。 19、泸公物鉴法临字［2017］46号，证明2017年8月30日，泸溪县公安局浦市派出所将被害人李某某的伤势送泸溪县公安刑事科学技术研究所鉴定：李某某头顶皮肤损伤构成轻微伤。鉴定意见已告知向某甲、李某某。 20、检查笔录，证明2017年8月24日20时许，泸溪县公安局浦市派出所民警对向某乙的伤势进行检查，发现其右腿膝盖有一椭圆形挫伤，右脚中趾受伤。 21、湘西泸公刑勘［2017］K4331224300002017080010号勘验笔录，证明2017年8月24日，对案发现场进行勘验，现场位于四方井内“又来了”酒家门口，门口有一个摔碎的花盆，四方井内通向县道X041出口南侧5米位置一消防栓被撞坏，消防栓内水柱喷出，出口东侧3米处有一米字旗女士电动摩托车倒地。 22、视听资料，证明案发现场情况。 上述证据，形式、来源合法，内容客观真实，具有合法性、客观性、关联性，依法作为认定本案事实的证据予以采信。 本院认为，被告人向某甲醉酒后与杨某甲发生冲突，并在街道上驾驶机动车肆意冲撞杨某甲未果，致使骑车过路的被害人向某乙受伤、摩托车和街道旁消防栓损坏的结果，其行为已触犯《中华人民共和国刑法》第一百一十四条的规定，构成以危险方法危害公共安全罪，应予惩处。公诉机关的指控成立。被告人向某甲案发后如实供述了自己的犯罪事实，可以从轻处罚。被告人向某甲于案发后赔偿了被害人损失，取得了被害人的谅解，可以酌情从轻处罚。综合考虑被告人向某甲的犯罪情节、危害后果、悔罪表现等因素，决定对其从轻处罚。 综上所述，依照《中华人民共和国刑法》第一百一十四条、第六十七条第三款之规定，判决如下： 被告人向某甲犯以危险方法危害公共安全罪，判处有期徒刑三年。 （刑期从判决执行之日起计算。判决执行以前先行羁押的，羁押一日折抵刑期一日。即自2017年8月24日起至2020年8月23日止。） 如不服本判决，可在接到判决书的第二日起十日内通过本院或直接向湖南省湘西土家族苗族自治州中级人民法院提出上诉。书面上诉的，应当提交上诉状正本一份，副本三份。 审判长田方仁 审判员杨明松 人民陪审员符明松 二〇一七年十二月二十八日 书记员马啸 附：法律条文 《中华人民共和国刑法》 第一百一十四条［放火罪、决水罪、爆炸罪、投放危险物质罪、以危险方法危害公共安全罪之一］放火、决水、爆炸以及投放毒害性、放射性、传染病病原体等物质或者以其他危险方法危害公共安全，尚未造成严重后果的，处三年以上十年以下有期徒刑。 第六十七条犯罪以后自动投案，如实供述自己的罪行的，是自首。对于自首的犯罪分子，可以从轻或者减轻处罚。其中，犯罪较轻的，可以免除处罚。 被采取强制措施的犯罪嫌疑人、被告人和正在服刑的罪犯，如实供述司法机关还未掌握的本人其他罪行的，以自首论。 犯罪嫌疑人虽不具有前两款规定的自首情节，但是如实供述自己罪行的，可以从轻处罚；因其如实供述自己罪行，避免特别严重后果发生的，可以减轻处罚。","writId":"050690c10c28fbb0b4782710d9a8fc09a04","writName":"被告人向某甲犯以危险方法危害公共安全罪一审刑事判决书"}
