{"ajId":"af6e5bc0-3146-4268-a2e4-7665ffc15dac","ajName":"班某、卓某抢夺罪一案","ajjbqk":" 原审查明，2014年7月8日11时许，被告人班小刚、卓松在本市西湖区解放西路与二七南路交叉口立交桥下非机动车道上，趁骑行电动车的被害人万某不备，由班小刚驾驶摩托车，卓松动手夺取万某脖子上所戴的一条黄金项链（经鉴定，价值人民币23870元），后逃离。次日，被告人卓松、班小刚在本市西湖区桃花路与水厂路交界处被民警抓获归案，并在其所住旅社查获涉案的黄金项链，后发还被害人。 原审认为，被告人班小刚、卓松以非法占有为目的，乘人不备，公然夺取他人价值人民币23870元的财物，数额较大，其行为已构成抢夺罪。公诉机关指控的事实和罪名成立，本院予以支持。二被告人利用行驶的机动车辆进行抢夺，依照最高人民法院《关于审理抢劫、抢夺刑事案件适用法律若干问题的意见》第十一条之规定，可以从重处罚。二被告人归案后如实地供述自己的罪行，自愿认罪，可以从轻处罚。据此，依照《中华人民共和国刑法》第二百六十七条第一款、第二十五条第一款、第六十七条第三款的规定，判决：一、被告人班小刚犯抢夺罪，判处有期徒刑二年三个月，并处罚金人民币20000元；二、被告人卓松犯抢夺罪，判处有期徒刑二年一个月，并处罚金人民币20000元。 南昌市人民检察院抗诉认为，根据最高人民法院、最高人民检察院2013年11月18日颁布的《关于办理抢夺刑事案件适用法律若干问题的解释》第一条规定，抢夺公私财物价值一千元至三千元、三万元至八万元、二十万元至四十万元以上的，应当认定刑法第二百六十七条规定的“数额较大”、“数额巨大”、“数额特别巨大”。第二条第（四）项规定，抢夺公私财物，具有下列情形之一，“数额较大”的标准按照前条规定标准的百分之五十确定：（四）驾驶机动车、非机动车抢夺的。第三条第（三）项规定，抢夺公私财物，具有下列情形之一的，应当认定刑法第二百六十七条规定的“其他严重情节”，具有本解释第二条第三项至第十项规定的情形之一，数额达到本解释第一条规定的“数额巨大”百分之五十的。江西省人民检察院、江西省高级人民法院2014年5月28日颁布的《关于办理抢夺刑事案件执行具体数额标准的规定》规定，江西省抢夺罪数额较大、数额巨大、数额特别巨大的标准分别为1200元、4万元、30万元。本案中二原审被告人驾驶机动车抢夺价值人民币23870元的金项链一条，抢夺数额达到江西省“数额巨大”的犯罪标准，应当认定其犯抢夺罪，并具有情节严重的情形，从而应当判处二原审被告人有期徒刑三年以上十年以下。原审判决适用法律错误，导致量刑畸轻。 原审被告人班小刚、卓松对抗诉机关的抗诉意见未提出异议。 本院再审查明的事实和证据与原审查明的事实和证据一致。 ","cpfxgc":"本院再审认为，被告人班小刚、卓松以非法占有为目的，乘人不备，公然夺取他人价值人民币23870元的财物，其行为已构成抢夺罪。原审认定二原审被告人的行为构成抢夺罪并无不当，应予维持。 根据2013年11月公布的《最高人民法院最高人民检察院关于办理抢夺刑事案件适用法律若干问题的解释》第二条、第三条的规定，驾驶机动车、非机动车抢夺的，数额达到“数额巨大”标准50％的，应当认定为“其他严重情节”，处三年以上十年以下有期徒刑。根据江西省高级人民法院规定，我省“数额巨大”的标准为4万元，二原审被告人抢夺财物价值人民币23870元，已超过“数额巨大”的50％，应认定为“其他严重情节”。但原审依据2005年6月公布的《最高人民法院关于审理抢劫、抢夺刑事案件适用法律若干问题的意见》第十一条之规定，“对于驾驶机动车、非机动车夺取他人财物的，一般以抢夺罪从重处罚”，在三年以下量刑幅度内从重处罚，属适用法律错误，应以纠正。二原审被告人归案后如实供述自已的罪行，自愿认罪，可以从轻处罚。据此，依照《中华人民共和国刑法》第二百六十七条、《最高人民法院最高人民检察院关于办理抢夺刑事案件适用法律若干问题的解释》第二条、第三条之规定，判决如下：","pjjg":" 一、维持本院（2014）西刑初字第535号刑事判决中对二原审被告人的定罪部分； 二、撤销本院（2014）西刑初字第535号刑事判决中对二原审被告人的量刑部分； 三、原审被告人班小刚犯抢夺罪，判处有期徒刑三年三个月，并处罚金20000元； （刑期从判决执行之日起计算。判决执行以前先行羁押的，羁押一日折抵刑期一日，即自2014年7月10日起至2017年10月9日止）。 四、原审被告人卓松犯抢夺罪，判处有期徒刑三年一个月，并处罚金20000元。 （刑期从判决执行之日起计算。判决执行以前先行羁押的，羁押一日折抵刑期一日，即自2014年7月10日起至2017年8月9日止）。 如不服本判决，可在接到判决书的第二日起十日内，通过本院或者直接向江西省南昌市中级人民法院提出上诉。书面上诉的，应当提交上诉状正本一份，副本二份。","qw":"班小刚、卓松抢夺再审刑事判决书 江西省南昌市西湖区人民法院 刑事判决书 （2016）赣0103刑再1号 抗诉机关江西省南昌市人民检察院。 原公诉机关南昌市西湖区人民检察院。 原审被告人班小刚，男，1981年10月18日出生于贵州省紫云苗族布依族自治县，布依族，初中文化，无业，家住贵州省紫云苗族布依族自治县。2014年7月10日因本案被南昌市公安局西湖分局刑事拘留，同年7月25日被逮捕。现在江西省洪都监狱服刑。 原审被告人卓松，男，1987年3月13日出生于贵州省紫云苗族布依族自治县，汉族，初中文化，无业，家住贵州省紫云苗族布依族自治县。2014年7月10日因本案被南昌市公安局西湖分局刑事拘留，同年7月25日被逮捕。现在江西省洪都监狱服刑。 南昌市西湖区人民检察院指控原审被告人班小刚、卓松犯抢夺罪一案，本院于2014年10月27日作出（2014）西刑初字第535号刑事判决。该判决发生法律效力后，南昌市人民检察院于2015年12月30日向南昌市中级人民法院提出抗诉，南昌市中级人民法院于2016年2月3日作出（2016）赣01刑抗1号刑事决定书，指令本院对本案进行再审。本院依法另行组成合议庭，公开开庭审理了本案。南昌市人民检察院指派西湖区人民检察院代理检察员辛振宇出庭履行职务。原审被告人班小刚、卓松到庭参加诉讼。现已审理终结。 原审查明，2014年7月8日11时许，被告人班小刚、卓松在本市西湖区解放西路与二七南路交叉口立交桥下非机动车道上，趁骑行电动车的被害人万某不备，由班小刚驾驶摩托车，卓松动手夺取万某脖子上所戴的一条黄金项链（经鉴定，价值人民币23870元），后逃离。次日，被告人卓松、班小刚在本市西湖区桃花路与水厂路交界处被民警抓获归案，并在其所住旅社查获涉案的黄金项链，后发还被害人。 原审认为，被告人班小刚、卓松以非法占有为目的，乘人不备，公然夺取他人价值人民币23870元的财物，数额较大，其行为已构成抢夺罪。公诉机关指控的事实和罪名成立，本院予以支持。二被告人利用行驶的机动车辆进行抢夺，依照最高人民法院《关于审理抢劫、抢夺刑事案件适用法律若干问题的意见》第十一条之规定，可以从重处罚。二被告人归案后如实地供述自己的罪行，自愿认罪，可以从轻处罚。据此，依照《中华人民共和国刑法》第二百六十七条第一款、第二十五条第一款、第六十七条第三款的规定，判决：一、被告人班小刚犯抢夺罪，判处有期徒刑二年三个月，并处罚金人民币20000元；二、被告人卓松犯抢夺罪，判处有期徒刑二年一个月，并处罚金人民币20000元。 南昌市人民检察院抗诉认为，根据最高人民法院、最高人民检察院2013年11月18日颁布的《关于办理抢夺刑事案件适用法律若干问题的解释》第一条规定，抢夺公私财物价值一千元至三千元、三万元至八万元、二十万元至四十万元以上的，应当认定刑法第二百六十七条规定的“数额较大”、“数额巨大”、“数额特别巨大”。第二条第（四）项规定，抢夺公私财物，具有下列情形之一，“数额较大”的标准按照前条规定标准的百分之五十确定：（四）驾驶机动车、非机动车抢夺的。第三条第（三）项规定，抢夺公私财物，具有下列情形之一的，应当认定刑法第二百六十七条规定的“其他严重情节”，具有本解释第二条第三项至第十项规定的情形之一，数额达到本解释第一条规定的“数额巨大”百分之五十的。江西省人民检察院、江西省高级人民法院2014年5月28日颁布的《关于办理抢夺刑事案件执行具体数额标准的规定》规定，江西省抢夺罪数额较大、数额巨大、数额特别巨大的标准分别为1200元、4万元、30万元。本案中二原审被告人驾驶机动车抢夺价值人民币23870元的金项链一条，抢夺数额达到江西省“数额巨大”的犯罪标准，应当认定其犯抢夺罪，并具有情节严重的情形，从而应当判处二原审被告人有期徒刑三年以上十年以下。原审判决适用法律错误，导致量刑畸轻。 原审被告人班小刚、卓松对抗诉机关的抗诉意见未提出异议。 本院再审查明的事实和证据与原审查明的事实和证据一致。 本院再审认为，被告人班小刚、卓松以非法占有为目的，乘人不备，公然夺取他人价值人民币23870元的财物，其行为已构成抢夺罪。原审认定二原审被告人的行为构成抢夺罪并无不当，应予维持。 根据2013年11月公布的《最高人民法院最高人民检察院关于办理抢夺刑事案件适用法律若干问题的解释》第二条、第三条的规定，驾驶机动车、非机动车抢夺的，数额达到“数额巨大”标准50％的，应当认定为“其他严重情节”，处三年以上十年以下有期徒刑。根据江西省高级人民法院规定，我省“数额巨大”的标准为4万元，二原审被告人抢夺财物价值人民币23870元，已超过“数额巨大”的50％，应认定为“其他严重情节”。但原审依据2005年6月公布的《最高人民法院关于审理抢劫、抢夺刑事案件适用法律若干问题的意见》第十一条之规定，“对于驾驶机动车、非机动车夺取他人财物的，一般以抢夺罪从重处罚”，在三年以下量刑幅度内从重处罚，属适用法律错误，应以纠正。二原审被告人归案后如实供述自已的罪行，自愿认罪，可以从轻处罚。据此，依照《中华人民共和国刑法》第二百六十七条、《最高人民法院最高人民检察院关于办理抢夺刑事案件适用法律若干问题的解释》第二条、第三条之规定，判决如下： 一、维持本院（2014）西刑初字第535号刑事判决中对二原审被告人的定罪部分； 二、撤销本院（2014）西刑初字第535号刑事判决中对二原审被告人的量刑部分； 三、原审被告人班小刚犯抢夺罪，判处有期徒刑三年三个月，并处罚金20000元； （刑期从判决执行之日起计算。判决执行以前先行羁押的，羁押一日折抵刑期一日，即自2014年7月10日起至2017年10月9日止）。 四、原审被告人卓松犯抢夺罪，判处有期徒刑三年一个月，并处罚金20000元。 （刑期从判决执行之日起计算。判决执行以前先行羁押的，羁押一日折抵刑期一日，即自2014年7月10日起至2017年8月9日止）。 如不服本判决，可在接到判决书的第二日起十日内，通过本院或者直接向江西省南昌市中级人民法院提出上诉。书面上诉的，应当提交上诉状正本一份，副本二份。 审判长陈长权 审判员李运华 审判员刘鲁江 二〇一六年四月二十八日 书记员刘菊英","writId":"02760a4e6772716072b1c67091cf97d301d","writName":"班小刚、卓松抢夺再审刑事判决书"}
