{"ajId":"b027f002-c044-4efc-b26c-45a167075614","ajName":"张某妨害公务罪一案","ajjbqk":" 科左后旗人民检察院指控，2017年9月29日18时许，被告人张某醉酒后驾驶其×××号海马牌小型轿车行驶至科左后旗散都苏木地卜勒呼村公路时驶入路基下，致使车辆损坏。22时许，科左后旗公安局交巡警大队民警赵某、辅警包某、高某和科左后旗公安局公河来派出所民警吴某等人带张某到科左后旗散都苏木卫生院提取血样期间，张某殴打并辱骂民警。9月30日，张某主动向科左后旗公安局交巡警大队投案。10月3日，经通辽市秉信司法鉴定所检验，张某每100毫升血液中乙醇含量为196.34毫克。10月17日，经科左后旗公安司法鉴定中心鉴定，吴某损伤程度为轻微伤。 为证实上述指控的事实，公诉人在庭审中向法庭出示、宣读了以下证据：1．报案材料、科左后旗公安局交巡警大队接处警登记表及受案登记表、科左后旗公安局刑事警察大队接处警登记表及受案登记表；2．交通事故现场照片；3．被害人吴某、赵某、高某、包某等人陈述；4．证人张某、白某、葛某、郝某、刘某、王某、韩某人证言；5．被告人张某供述；6．当事人血样（尿样）提取登记表，通辽市秉信司法鉴定所血液乙醇含量检验报告；7．科左后旗散都苏木卫生院诊断书，被害人吴某、赵某、包某、高某伤情照片；8．科左后旗公安司法鉴定中心法医学人体损伤程度鉴定书；9．驾驶证信息，车辆信息；10．科左后旗公安局刑事警察大队接受证据材料清单；11．人民警察证，科左后旗公安局证明；12．谅解书；13．科左后旗公安局刑事警察大队犯罪嫌疑人归案情况的说明；14．犯罪嫌疑人基本情况，户籍信息，常住人口详细信息表等。公诉机关据此认为，被告人张某在道路上醉酒驾驶机动车，危及公共安全，其行为已构成危险驾驶罪。并被告人张某以暴力方法阻碍国家机关工作人员依法执行职务，其行为亦构成妨害公务罪。被告人张某犯罪以后自动投案，如实供述自己的罪行，系自首，可以从轻处罚。提请本院对被告人张某定罪处罚。 被告人张某对公诉机关指控的犯罪事实承认属实，并表示自愿认罪。其辩护人以被告人张某危险驾驶后为抗拒检查而殴打民警，应危险驾驶罪一罪从重处罚，故被告人张某的行为不构成妨害公务罪为由进行辩护。 经审理查明，2017年9月29日18时许，被告人张某醉酒后驾驶其×××号海马牌小型轿车沿科左后旗散都苏木地卜勒呼村公路由东向西行驶期间驶入路基下，致使车辆损坏。发生交通事故后张某给其侄子张某打电话，让张某前来现场。张某来到现场后张某让张某顶替自己，冒充肇事者便离开现场。18时10分，张某向科左后旗公安局交巡警大队电话报案后，科左后旗公安局指派科左后旗公安局交巡警大队民警赵某、辅警包某、高某和科左后旗公安局公河来派出所民警吴某、郝某等人来到张某家，让张某前去公安机关接受调查。张某上警车后民警驾车前往科左后旗散都苏木卫生院途中，张某漫骂民警并用拳殴打赵某，并咬伤高某。张某被民警送到科左后旗散都苏木卫生院提取血样期间，张某踹包某腹部一脚，吴某见状上前制止时，张某用拳击打吴某唇部一下，致使吴某受伤。9月30日，经科左后旗散都苏木卫生院诊断，赵某伤情为鼻部软组织损伤，包某伤情为腹部软组织损伤，高某伤情为腹部、右手软组织损伤，吴某伤情为唇部外伤。10月3日，经通辽市秉信司法鉴定所检验，张某每100毫升血液中乙醇含量为196.34毫克。10月11日，张某经科左后旗公安局刑事警察大队电话传唤后到案。10月17日，经科左后旗公安司法鉴定中心鉴定，吴某唇部伤情符合《人体损伤程度鉴定标准》第5.2.5条第i款：；口腔黏膜破损；之规定，其损伤程度被评定为轻微伤。11月21日，吴某出具谅解书，表示对张某谅解。 上述事实，被告人张某在开庭审理过程中亦无异议，并表示自愿认罪。且有报案材料、科左后旗公安局交巡警大队接处警登记表及受案登记表、科左后旗公安局刑事警察大队接处警登记表及受案登记表，交通事故现场照片，被害人吴某、赵某、高某、包某等人陈述，证人张某、白某、葛某、郝某、刘某、王某、韩某等人证言，当事人血样（尿样）提取登记表，通辽市秉信司法鉴定所通秉司法鉴定所（2017）法化酒鉴字第0967号血液乙醇含量检验报告，科左后旗散都苏木卫生院诊断书，被害人吴某、赵某、包某、高某伤情照片，科左后旗公安司法鉴定中心（后）公（司）鉴（活）字（2017）100号法医学人体损伤程度鉴定书，驾驶证信息，车辆信息，科左后旗公安局刑事警察大队接受证据材料清单，人民警察证，科左后旗公安局证明，谅解书，科左后旗公安局刑事警察大队犯罪嫌疑人归案情况的说明，犯罪嫌疑人基本情况，户籍信息，常住人口详细信息表等证据证实。足以认定。 ","cpfxgc":"本院认为，被告人张某在道路上醉酒驾驶机动车，危及公共安全，其行为已构成危险驾驶罪。并被告人张某以暴力方法阻碍国家机关工作人员依法执行职务，其行为亦构成妨害公务罪。且被告人对正在依法执行职务的人民警察的身体不法行使有形力，属于；暴力袭击正在依法执行职务的人民警察；，应当从重处罚。科左后旗公安局掌握了足以合理怀疑被告人张某犯罪的证据，电话传唤被告人张某到案，被告人张某自动到案，如实供述自己的罪行，成立自首，可以从轻处罚。这是因为，虽然被告人张某被列为犯罪嫌疑人，但是科左后旗公安局没有当面质问而是传唤。传唤仅具有通知的性质，不具有强制性，被告人张某有行动选择自由，既可以选择逃跑，也可以选择自动到案。被告人张某选择自动到案，属于自动投案。故公诉机关指控被告人张某犯危险驾驶罪、妨害公务罪的事实清楚，证据确实、充分，适用法律意见正确，本院予以采纳。被告人张某醉酒驾驶机动车发生交通事故后为逃避法律追究而让张某顶替自己，侵害了司法机关正常的诉讼活动，张某未作伪证，被告人张某妨害作证的行为虽然不能作刑法评价，但在量刑时酌情予以考虑。辩护人所提被告人张某的行为不构成妨害公务罪的辩护意见，《最高人民法院、最高人民检察院、公安部关于办理醉酒驾驶机动车刑事案件适用法律若干问题的意见》第三条规定：；醉酒驾驶机动车，以暴力、威胁方法阻碍公安机关依法检查，又构成妨害公务等其他犯罪的，依照数罪并罚的规定处罚。；被告人张某在道路上醉酒驾驶机动车，其后又以暴力方法阻碍公安机关依法检查，是为逃避法律追究而实施的符合其他犯罪构成的行为。对其应以危险驾驶罪、妨害公务罪数罪并罚。故辩护人的辩护意见于法无据，本院不予采纳。辩护人所提被告人张某系初犯，可以酌情从轻处罚的辩护意见符合本案的实际，本院予以采纳。辩护人所提案发后被告人张某获得被害人吴某的谅解，应当从轻处罚的辩护意见符合本案的实际，并于法有据，本院予以采纳。本院根据被告人张某犯罪的事实、犯罪的性质、情节、所应承担的责任以及对于社会的危害程度，依照《中华人民共和国刑法》第二百七十七第一款、第五款、第一百三十三条之一第一款、第六十九条、第六十七条第一款、第五十二条、第五十三条、第六十一条和《最高人民法院关于适用〈中华人民共和国刑事诉讼法〉的解释》第五百零五条之规定，判决如下：","pjjg":" 被告人张某犯危险驾驶罪，判处拘役四个月，并处罚金人民币四千元，犯妨害公务罪，判处拘役六个月。决定执行拘役八个月，并处罚金人民币四千元。 （刑期从判决执行之日起计算。判决执行以前先行羁押的，羁押一日折抵刑期一日。即自2017年10月12日起至2018年6月11日止。罚金自判决生效后三个月内缴纳）。 如不服本判决，可在接到判决书的第二日起十日内，通过本院或者直接向通辽市中级人民法院提出上诉。书面上诉的，应当提交上诉状正本一份，副本二份。","qw":"内蒙古自治区科尔沁左翼后旗人民法院 刑事判决书 （2018）内0522刑初13号 公诉机关科尔沁左翼后旗（以下简称科左后旗）人民检察院。 被告人张某，男，1968年10月30日，蒙古族，高中文化，农民。因涉嫌犯妨害公务罪于2017年10月12日被科左后旗公安局刑事拘留，10月26日经科左后旗人民检察院批准，当日由科左后旗公安局执行逮捕。现羁押于科左后旗看守所。 辩护人葛志，内蒙古双合尔律师事务所律师。 科左后旗人民检察院以后检公诉刑诉（2018）1号起诉书指控被告人张某犯妨害公务罪、危险驾驶罪，于2018年1月2日向本院提起公诉。本院于当日立案受理后依法组成合议庭，公开开庭审理了本案。科左后旗人民检察院指派检察员李秀梅出庭支持公诉，被告人张某及其辩护人葛志到庭参加诉讼。现已审理终结。 科左后旗人民检察院指控，2017年9月29日18时许，被告人张某醉酒后驾驶其×××号海马牌小型轿车行驶至科左后旗散都苏木地卜勒呼村公路时驶入路基下，致使车辆损坏。22时许，科左后旗公安局交巡警大队民警赵某、辅警包某、高某和科左后旗公安局公河来派出所民警吴某等人带张某到科左后旗散都苏木卫生院提取血样期间，张某殴打并辱骂民警。9月30日，张某主动向科左后旗公安局交巡警大队投案。10月3日，经通辽市秉信司法鉴定所检验，张某每100毫升血液中乙醇含量为196.34毫克。10月17日，经科左后旗公安司法鉴定中心鉴定，吴某损伤程度为轻微伤。 为证实上述指控的事实，公诉人在庭审中向法庭出示、宣读了以下证据：1．报案材料、科左后旗公安局交巡警大队接处警登记表及受案登记表、科左后旗公安局刑事警察大队接处警登记表及受案登记表；2．交通事故现场照片；3．被害人吴某、赵某、高某、包某等人陈述；4．证人张某、白某、葛某、郝某、刘某、王某、韩某人证言；5．被告人张某供述；6．当事人血样（尿样）提取登记表，通辽市秉信司法鉴定所血液乙醇含量检验报告；7．科左后旗散都苏木卫生院诊断书，被害人吴某、赵某、包某、高某伤情照片；8．科左后旗公安司法鉴定中心法医学人体损伤程度鉴定书；9．驾驶证信息，车辆信息；10．科左后旗公安局刑事警察大队接受证据材料清单；11．人民警察证，科左后旗公安局证明；12．谅解书；13．科左后旗公安局刑事警察大队犯罪嫌疑人归案情况的说明；14．犯罪嫌疑人基本情况，户籍信息，常住人口详细信息表等。公诉机关据此认为，被告人张某在道路上醉酒驾驶机动车，危及公共安全，其行为已构成危险驾驶罪。并被告人张某以暴力方法阻碍国家机关工作人员依法执行职务，其行为亦构成妨害公务罪。被告人张某犯罪以后自动投案，如实供述自己的罪行，系自首，可以从轻处罚。提请本院对被告人张某定罪处罚。 被告人张某对公诉机关指控的犯罪事实承认属实，并表示自愿认罪。其辩护人以被告人张某危险驾驶后为抗拒检查而殴打民警，应危险驾驶罪一罪从重处罚，故被告人张某的行为不构成妨害公务罪为由进行辩护。 经审理查明，2017年9月29日18时许，被告人张某醉酒后驾驶其×××号海马牌小型轿车沿科左后旗散都苏木地卜勒呼村公路由东向西行驶期间驶入路基下，致使车辆损坏。发生交通事故后张某给其侄子张某打电话，让张某前来现场。张某来到现场后张某让张某顶替自己，冒充肇事者便离开现场。18时10分，张某向科左后旗公安局交巡警大队电话报案后，科左后旗公安局指派科左后旗公安局交巡警大队民警赵某、辅警包某、高某和科左后旗公安局公河来派出所民警吴某、郝某等人来到张某家，让张某前去公安机关接受调查。张某上警车后民警驾车前往科左后旗散都苏木卫生院途中，张某漫骂民警并用拳殴打赵某，并咬伤高某。张某被民警送到科左后旗散都苏木卫生院提取血样期间，张某踹包某腹部一脚，吴某见状上前制止时，张某用拳击打吴某唇部一下，致使吴某受伤。9月30日，经科左后旗散都苏木卫生院诊断，赵某伤情为鼻部软组织损伤，包某伤情为腹部软组织损伤，高某伤情为腹部、右手软组织损伤，吴某伤情为唇部外伤。10月3日，经通辽市秉信司法鉴定所检验，张某每100毫升血液中乙醇含量为196.34毫克。10月11日，张某经科左后旗公安局刑事警察大队电话传唤后到案。10月17日，经科左后旗公安司法鉴定中心鉴定，吴某唇部伤情符合《人体损伤程度鉴定标准》第5.2.5条第i款：；口腔黏膜破损；之规定，其损伤程度被评定为轻微伤。11月21日，吴某出具谅解书，表示对张某谅解。 上述事实，被告人张某在开庭审理过程中亦无异议，并表示自愿认罪。且有报案材料、科左后旗公安局交巡警大队接处警登记表及受案登记表、科左后旗公安局刑事警察大队接处警登记表及受案登记表，交通事故现场照片，被害人吴某、赵某、高某、包某等人陈述，证人张某、白某、葛某、郝某、刘某、王某、韩某等人证言，当事人血样（尿样）提取登记表，通辽市秉信司法鉴定所通秉司法鉴定所（2017）法化酒鉴字第0967号血液乙醇含量检验报告，科左后旗散都苏木卫生院诊断书，被害人吴某、赵某、包某、高某伤情照片，科左后旗公安司法鉴定中心（后）公（司）鉴（活）字（2017）100号法医学人体损伤程度鉴定书，驾驶证信息，车辆信息，科左后旗公安局刑事警察大队接受证据材料清单，人民警察证，科左后旗公安局证明，谅解书，科左后旗公安局刑事警察大队犯罪嫌疑人归案情况的说明，犯罪嫌疑人基本情况，户籍信息，常住人口详细信息表等证据证实。足以认定。 本院认为，被告人张某在道路上醉酒驾驶机动车，危及公共安全，其行为已构成危险驾驶罪。并被告人张某以暴力方法阻碍国家机关工作人员依法执行职务，其行为亦构成妨害公务罪。且被告人对正在依法执行职务的人民警察的身体不法行使有形力，属于；暴力袭击正在依法执行职务的人民警察；，应当从重处罚。科左后旗公安局掌握了足以合理怀疑被告人张某犯罪的证据，电话传唤被告人张某到案，被告人张某自动到案，如实供述自己的罪行，成立自首，可以从轻处罚。这是因为，虽然被告人张某被列为犯罪嫌疑人，但是科左后旗公安局没有当面质问而是传唤。传唤仅具有通知的性质，不具有强制性，被告人张某有行动选择自由，既可以选择逃跑，也可以选择自动到案。被告人张某选择自动到案，属于自动投案。故公诉机关指控被告人张某犯危险驾驶罪、妨害公务罪的事实清楚，证据确实、充分，适用法律意见正确，本院予以采纳。被告人张某醉酒驾驶机动车发生交通事故后为逃避法律追究而让张某顶替自己，侵害了司法机关正常的诉讼活动，张某未作伪证，被告人张某妨害作证的行为虽然不能作刑法评价，但在量刑时酌情予以考虑。辩护人所提被告人张某的行为不构成妨害公务罪的辩护意见，《最高人民法院、最高人民检察院、公安部关于办理醉酒驾驶机动车刑事案件适用法律若干问题的意见》第三条规定：；醉酒驾驶机动车，以暴力、威胁方法阻碍公安机关依法检查，又构成妨害公务等其他犯罪的，依照数罪并罚的规定处罚。；被告人张某在道路上醉酒驾驶机动车，其后又以暴力方法阻碍公安机关依法检查，是为逃避法律追究而实施的符合其他犯罪构成的行为。对其应以危险驾驶罪、妨害公务罪数罪并罚。故辩护人的辩护意见于法无据，本院不予采纳。辩护人所提被告人张某系初犯，可以酌情从轻处罚的辩护意见符合本案的实际，本院予以采纳。辩护人所提案发后被告人张某获得被害人吴某的谅解，应当从轻处罚的辩护意见符合本案的实际，并于法有据，本院予以采纳。本院根据被告人张某犯罪的事实、犯罪的性质、情节、所应承担的责任以及对于社会的危害程度，依照《中华人民共和国刑法》第二百七十七第一款、第五款、第一百三十三条之一第一款、第六十九条、第六十七条第一款、第五十二条、第五十三条、第六十一条和《最高人民法院关于适用〈中华人民共和国刑事诉讼法〉的解释》第五百零五条之规定，判决如下： 被告人张某犯危险驾驶罪，判处拘役四个月，并处罚金人民币四千元，犯妨害公务罪，判处拘役六个月。决定执行拘役八个月，并处罚金人民币四千元。 （刑期从判决执行之日起计算。判决执行以前先行羁押的，羁押一日折抵刑期一日。即自2017年10月12日起至2018年6月11日止。罚金自判决生效后三个月内缴纳）。 如不服本判决，可在接到判决书的第二日起十日内，通过本院或者直接向通辽市中级人民法院提出上诉。书面上诉的，应当提交上诉状正本一份，副本二份。 审判长特木乐 审判员郑志民 人民陪审员冯佳巍 二〇一八年二月五日 书记员张琪","writId":"066f6019fabc78f73f2614a07e7b9e06a38","writName":"张某妨害公务罪一审刑事判决书"}
