{"ajId":"d748854b-5af8-4562-bf04-a7e029c269f0","ajName":"黄满清拒不执行判决、裁定一案","ajjbqk":" 经审理查明，被告人黄满清因与罗某2同居关系析产纠纷一案，不服本院（2014）连民初字第1555号民事判决向福建省龙岩市中级人民法院提起上诉。2015年1月12日，福建省龙岩市中级人民法院对被告人黄满清与罗某2同居关系析产纠纷一案作出终审判决，判决坐落于连城县曲溪乡曲溪村桥头并登记于连集建（1999）字第00079号的土地使用权及其地上建筑的房屋归罗某2所有，由罗某2在判决生效后十日内补偿被告人黄满清人民币25417元。判决生效后，罗某2依据生效判决向本院申请执行并将补偿款人民币25417元存入本院执行款账户，被告人黄满清拒不领取该款项。本院执行人员于2015年5月4日、6月3日、8月13日、9月7日、9月17日、11月24日、12月28日多次找被告人黄满清执行，要求其从现居住的属于生效判决确定归罗某2所有的房屋搬出，被告人黄满清坚决不同意搬出。2016年2月16日本院发出责令被告人黄满清于2016年3月4日迁出现居住的坐落于连城县曲溪乡曲溪村桥头房屋的公告。2016年2月19日及3月8日，本院执行人员找被告人黄满清要求其按照公告确定的内容搬出房屋。2017年1月6日及5月4日，本院执行人员再次找到被告人黄满清，黄满清情绪仍是非常激动，表示坚决不同意搬离现居住房屋。 另查明，2017年6月26日，被告人黄满清主动到连城县公安局曲溪派出所接受讯问。被告人黄满清在连城县曲溪乡国道边有一处近十平方米左右的平房，系其从他人手中购买但并未办理相关土地证和房产证。在本案审理期间，被告人黄满清未到本院执行局领取补偿款也未从居住的房屋中搬离。 上述事实，被告人黄满清在庭审中无异议，且有经庭审举证、质证的受案登记表、立案决定书、传唤证、监视居住决定书、指定居所监视居住通知书、到案经过、违法犯罪前科查证经过、户籍证明、移送公安侦查函、人民法院执行案件立案审查、流程管理信息表、执行案件受理通知书、申请报告、法律文书生效证明、送达回证、本院（2014）连民初字第1555号民事判决书、福建省龙岩市中级人民法院（2014）岩民终字第1154号民事判决书、公告、调查笔录、询问笔录、执行笔录、关于申请执行人罗某2与被执行人黄满清同居关系析产纠纷执行一案情况汇报、关于申请执行人罗某2与被执行人黄满清同居关系析产纠纷执行一案的情况报告；证人项某、罗某2、罗某3、黄某的证言；被告人黄满清的供述等证据证实，足以认定。 ","cpfxgc":"本院认为，被告人黄满清有能力履行人民法院生效判决而拒不执行，情节严重，其行为已构成拒不执行判决罪。公诉机关指控的事实和罪名成立。被告人黄满清案发后主动投案，到案后如实供述自己的罪行，属自首，可以从轻或者减轻处罚。公诉机关建议对被告人黄满清在有期徒刑六个月至一年的幅度内处刑的量刑意见适当，本院予以采纳。据此，依照《中华人民共和国刑法》第三百一十三条第一款、第六十七条第一款、第四十五条、第四十七条之规定，判决如下：","pjjg":" 被告人黄满清犯拒不执行判决罪，判处有期徒刑八个月。 （刑期从判决执行之日起计算。判决执行以前先行羁押的，羁押一日折抵刑期一日，即从2018年5月10日起至2019年1月9日止。） 如不服本判决，可在接到判决书的第二日起十日内，通过本院或者直接向龙岩市中级人民法院提出上诉。书面上诉的，应提交上诉状正本一份、副本二份。","qw":"福建省连城县人民法院 刑事判决书 （2018）闽0825刑初10号 公诉机关连城县人民检察院。 被告人黄满清，女，1967年6月14日出生于福建省连城县，汉族，文盲，农民，住福建省连城县。因本案于2017年6月28日被监视居住，2018年5月10日被逮捕。现羁押于龙岩市看守所。 辩护人卢水平，福建尔友律师事务所律师。 连城县人民检察院以连检诉刑诉［2017］353号起诉书指控被告人黄满清犯拒不执行判决、裁定罪，于2018年1月11日向本院提起公诉。本院受理后，依法组成合议庭，公开开庭审理了本案。连城县人民检察院指派检察员罗寿容出庭支持公诉。被告人黄满清及其辩护人卢水平到庭参加诉讼。现已审理终结。 经审理查明，被告人黄满清因与罗某2同居关系析产纠纷一案，不服本院（2014）连民初字第1555号民事判决向福建省龙岩市中级人民法院提起上诉。2015年1月12日，福建省龙岩市中级人民法院对被告人黄满清与罗某2同居关系析产纠纷一案作出终审判决，判决坐落于连城县曲溪乡曲溪村桥头并登记于连集建（1999）字第00079号的土地使用权及其地上建筑的房屋归罗某2所有，由罗某2在判决生效后十日内补偿被告人黄满清人民币25417元。判决生效后，罗某2依据生效判决向本院申请执行并将补偿款人民币25417元存入本院执行款账户，被告人黄满清拒不领取该款项。本院执行人员于2015年5月4日、6月3日、8月13日、9月7日、9月17日、11月24日、12月28日多次找被告人黄满清执行，要求其从现居住的属于生效判决确定归罗某2所有的房屋搬出，被告人黄满清坚决不同意搬出。2016年2月16日本院发出责令被告人黄满清于2016年3月4日迁出现居住的坐落于连城县曲溪乡曲溪村桥头房屋的公告。2016年2月19日及3月8日，本院执行人员找被告人黄满清要求其按照公告确定的内容搬出房屋。2017年1月6日及5月4日，本院执行人员再次找到被告人黄满清，黄满清情绪仍是非常激动，表示坚决不同意搬离现居住房屋。 另查明，2017年6月26日，被告人黄满清主动到连城县公安局曲溪派出所接受讯问。被告人黄满清在连城县曲溪乡国道边有一处近十平方米左右的平房，系其从他人手中购买但并未办理相关土地证和房产证。在本案审理期间，被告人黄满清未到本院执行局领取补偿款也未从居住的房屋中搬离。 上述事实，被告人黄满清在庭审中无异议，且有经庭审举证、质证的受案登记表、立案决定书、传唤证、监视居住决定书、指定居所监视居住通知书、到案经过、违法犯罪前科查证经过、户籍证明、移送公安侦查函、人民法院执行案件立案审查、流程管理信息表、执行案件受理通知书、申请报告、法律文书生效证明、送达回证、本院（2014）连民初字第1555号民事判决书、福建省龙岩市中级人民法院（2014）岩民终字第1154号民事判决书、公告、调查笔录、询问笔录、执行笔录、关于申请执行人罗某2与被执行人黄满清同居关系析产纠纷执行一案情况汇报、关于申请执行人罗某2与被执行人黄满清同居关系析产纠纷执行一案的情况报告；证人项某、罗某2、罗某3、黄某的证言；被告人黄满清的供述等证据证实，足以认定。 本院认为，被告人黄满清有能力履行人民法院生效判决而拒不执行，情节严重，其行为已构成拒不执行判决罪。公诉机关指控的事实和罪名成立。被告人黄满清案发后主动投案，到案后如实供述自己的罪行，属自首，可以从轻或者减轻处罚。公诉机关建议对被告人黄满清在有期徒刑六个月至一年的幅度内处刑的量刑意见适当，本院予以采纳。据此，依照《中华人民共和国刑法》第三百一十三条第一款、第六十七条第一款、第四十五条、第四十七条之规定，判决如下： 被告人黄满清犯拒不执行判决罪，判处有期徒刑八个月。 （刑期从判决执行之日起计算。判决执行以前先行羁押的，羁押一日折抵刑期一日，即从2018年5月10日起至2019年1月9日止。） 如不服本判决，可在接到判决书的第二日起十日内，通过本院或者直接向龙岩市中级人民法院提出上诉。书面上诉的，应提交上诉状正本一份、副本二份。 审判长邱晗 人民陪审员罗培强 人民陪审员李慧芳 二〇一八年五月十一日 法官助理吴振彪 代理书记员罗琳 附《中华人民共和国刑法》相关法律条文 第三百一十三条第一款对人民法院的判决、裁定有能力执行而拒不执行，情节严重的，处三年以下有期徒刑、拘役或者罚金；情节特别严重的，处三年以上七年以下有期徒刑，并处罚金。 第六十七条第一款犯罪以后自动投案，如实供述自己的罪行的，是自首。对于自首的犯罪分子，可以从轻或者减轻处罚。其中，犯罪较轻的，可以免除处罚。 第四十五条有期徒刑的期限，除本法第五十条、第六十九条规定外，为六个月以上十五年以下。 第四十七条有期徒刑的刑期，从判决执行之日起计算；判决执行以前先行羁押的，羁押一日折抵刑期一日。 -3-","writId":"023830e7ec4a2c5e510ff3c4db2bd615a24","writName":"黄满清拒不执行判决、裁定一审刑事判决书"}
