{"ajId":"7bedf264-f879-457b-9bc2-e0f8cdf8c04a","ajName":"范光灿强奸一案","ajjbqk":" 上海市黄浦区人民检察院指控，2017年8月1日凌晨，被告人范光灿和之前在澳大利亚结识的被害人WOOJIHYE（大韩民国国籍）至本市中山东二路XXX号，其借住的本市万达瑞华酒店1209号房间内，被告人范光灿使用暴力，违背被害人WOOJIHYE的意愿，将其强奸。事后被害人WOOJIHYE趁被告人范光灿不备，逃出房间，被告人范光灿赤裸下身追出客房，欲将被害人带回客房，期间被酒店其他住客及酒店职工发现并报警。公安民警接警赶至现场，将被告人范光灿抓获归案。经鉴定，被鉴定人WOOJIHYE遭受外力作用致头皮挫伤、口腔粘膜破损、颈部挫伤面积2平方厘米以上、体表挫伤面积15平方厘米以上，均构成轻微伤。案发后，被告人家属向被害人WOOJIHYE赔偿了人民币32万元整，并得到了被害人的谅解。 公诉机关认为，被告人范光灿的行为已触犯《中华人民共和国刑法》第二百三十六条第一款，应当以强奸罪追究其刑事责任。被告人范光灿到案后如实供述犯罪事实，适用《中华人民共和国刑法》第六十七条第三款，可以从轻处罚。建议对被告人范光灿在有期徒刑三年至四年的刑罚幅度内量刑。 上述事实，有被害人WOOJIHYE的陈述、辨认笔录和出具的谅解书；证人郭某某、葛某、黄某某、程某某的证言和辨认笔录；公安机关出具的调取证据通知书、调取清单、监控视频与视频截图、情况说明、现场勘验笔录、提取痕迹与物证登记表、现场照片、抓获经过、验伤通知书、伤势照片、鉴定意见通知书；上海市公安局物证鉴定中心出具的鉴定书；被告人范光灿的供述等证据证实，足以认定。 被告人范光灿及其辩护人对公诉机关指控的事实、罪名等均无异议，本院在告知有关法律规定及可能导致的法律后果后，范光灿表示自愿认罪、悔罪，并请求法庭对其从轻处罚。被告人范光灿的辩护人提出范光灿社会危害性和主观恶性相对较小，有如实供述情节，系初犯、偶犯，认罪、悔罪态度好，平时表现一贯良好，并已由家属代为向被害人赔偿，取得被害人谅解等辩护意见，建议法庭对其从轻处罚，并适用缓刑。 ","cpfxgc":"本院认为，被告人范光灿违背妇女意志，以暴力手段强奸妇女，其行为已构成强奸罪，依法应予刑事处罚。公诉机关指控的罪名成立。被告人范光灿到案后能如实供述自己的罪行，依法可从轻处罚。鉴于其能自愿认罪，并已在家属的帮助下赔偿了被害人的损失，并取得被害人的谅解，可酌情从轻处罚。根据被告人范光灿的犯罪事实、情节和认罪、悔罪表现等，可以适用缓刑。辩护人的相关辩护意见，可予采纳。据此，依照《中华人民共和国刑法》第二百三十六条第一款、第六十七条第三款、第七十二条第一款之规定，判决如下：","pjjg":" 被告人范光灿犯强奸罪，判处有期徒刑三年，缓刑四年。 （缓刑考验期限，从判决确定之日起计算。） 如不服本判决，可在接到判决书的第二日起十日内，通过本院或者直接向上海市第二中级人民法院提出上诉。书面上诉的，应当提交上诉状正本一份，副本一份。","qw":"上海市黄浦区人民法院 刑事判决书 （2017）沪0101刑初967号 公诉机关上海市黄浦区人民检察院。 被告人范光灿（曾用名：范光芒），男，1992年5月9日出生，汉族，住湖北省鄂州市。 辩护人孔铮，上海明伦律师事务所律师。 辩护人段维，重庆索通律师事务所律师。 上海市黄浦区人民检察院以沪黄检诉刑诉（2017）896号起诉书指控被告人范光灿犯强奸罪，于2017年11月10日向本院提起公诉，并建议适用简易程序审理。本院决定适用简易程序，依法组成合议庭，不公开开庭审理了本案。上海市黄浦区人民检察院指派检察员王某某出庭支持公诉，被告人范光灿及其辩护人孔铮、段维到庭参加诉讼。现已审理终结。 上海市黄浦区人民检察院指控，2017年8月1日凌晨，被告人范光灿和之前在澳大利亚结识的被害人WOOJIHYE（大韩民国国籍）至本市中山东二路XXX号，其借住的本市万达瑞华酒店1209号房间内，被告人范光灿使用暴力，违背被害人WOOJIHYE的意愿，将其强奸。事后被害人WOOJIHYE趁被告人范光灿不备，逃出房间，被告人范光灿赤裸下身追出客房，欲将被害人带回客房，期间被酒店其他住客及酒店职工发现并报警。公安民警接警赶至现场，将被告人范光灿抓获归案。经鉴定，被鉴定人WOOJIHYE遭受外力作用致头皮挫伤、口腔粘膜破损、颈部挫伤面积2平方厘米以上、体表挫伤面积15平方厘米以上，均构成轻微伤。案发后，被告人家属向被害人WOOJIHYE赔偿了人民币32万元整，并得到了被害人的谅解。 公诉机关认为，被告人范光灿的行为已触犯《中华人民共和国刑法》第二百三十六条第一款，应当以强奸罪追究其刑事责任。被告人范光灿到案后如实供述犯罪事实，适用《中华人民共和国刑法》第六十七条第三款，可以从轻处罚。建议对被告人范光灿在有期徒刑三年至四年的刑罚幅度内量刑。 上述事实，有被害人WOOJIHYE的陈述、辨认笔录和出具的谅解书；证人郭某某、葛某、黄某某、程某某的证言和辨认笔录；公安机关出具的调取证据通知书、调取清单、监控视频与视频截图、情况说明、现场勘验笔录、提取痕迹与物证登记表、现场照片、抓获经过、验伤通知书、伤势照片、鉴定意见通知书；上海市公安局物证鉴定中心出具的鉴定书；被告人范光灿的供述等证据证实，足以认定。 被告人范光灿及其辩护人对公诉机关指控的事实、罪名等均无异议，本院在告知有关法律规定及可能导致的法律后果后，范光灿表示自愿认罪、悔罪，并请求法庭对其从轻处罚。被告人范光灿的辩护人提出范光灿社会危害性和主观恶性相对较小，有如实供述情节，系初犯、偶犯，认罪、悔罪态度好，平时表现一贯良好，并已由家属代为向被害人赔偿，取得被害人谅解等辩护意见，建议法庭对其从轻处罚，并适用缓刑。 本院认为，被告人范光灿违背妇女意志，以暴力手段强奸妇女，其行为已构成强奸罪，依法应予刑事处罚。公诉机关指控的罪名成立。被告人范光灿到案后能如实供述自己的罪行，依法可从轻处罚。鉴于其能自愿认罪，并已在家属的帮助下赔偿了被害人的损失，并取得被害人的谅解，可酌情从轻处罚。根据被告人范光灿的犯罪事实、情节和认罪、悔罪表现等，可以适用缓刑。辩护人的相关辩护意见，可予采纳。据此，依照《中华人民共和国刑法》第二百三十六条第一款、第六十七条第三款、第七十二条第一款之规定，判决如下： 被告人范光灿犯强奸罪，判处有期徒刑三年，缓刑四年。 （缓刑考验期限，从判决确定之日起计算。） 如不服本判决，可在接到判决书的第二日起十日内，通过本院或者直接向上海市第二中级人民法院提出上诉。书面上诉的，应当提交上诉状正本一份，副本一份。 审判长吴明峰 代理审判员李倩岚 人民陪审员徐红富 二〇一七年十二月二十五日 书记员尹媛卉 附：相关法律条文 第二百三十六条以暴力、胁迫或者其他手段强奸妇女的，处三年以上十年以下有期徒刑。 …… 第六十七条…… 犯罪嫌疑人虽不具有前两款规定的自首情节，但是如实供述自己罪行的，可以从轻处罚；因其如实供述自己罪行，避免特别严重后果发生的，可以减轻处罚。 第七十二条对于被判处拘役、三年以下有期徒刑的犯罪分子，同时符合下列条件的，可以宣告缓刑，对其中不满十八周岁的人、怀孕的妇女和已满七十五周岁的人，应当宣告缓刑： （一）犯罪情节较轻； （二）有悔罪表现； （三）没有再犯罪的危险； （四）宣告缓刑对所居住社区没有重大不良影响。 ……","writId":"01360db561ee886c0f588a513499132fd99","writName":"范光灿强奸一审刑事判决书"}
