{"ajId":"b893b7c9-6d5e-4d2d-99ad-84222343e632","ajName":"程宇辉、姜一博诈骗罪一案","ajjbqk":" 金华市婺城区人民检察院指控：2018年6月份以来，被告人姜一博得知被告人程宇辉的女友陈某2有余钱用于购买新车，因经济拮据，两人便商议从陈某2处骗钱，由姜一博出面，虚构以放贷有稳定的高息回报为由向陈某2借钱，程宇辉从旁向陈某2虚构姜一博经济状况良好，以放贷为生，能得到稳定利息的事实，陈某2信以为真，后姜一博从陈某2处分多次以借款名义骗得人民币20.5万元，姜一博与程宇辉将骗得款项共同用于挥霍。另外，在2018年6月份至9月份期间，被告人程宇辉因经济拮据，以还钱等为由多次向陈某2骗取借款，陈某2信以为真，分多次借给程宇辉共计人民币6.6万元左右，程宇辉将部分骗得款项用于还债，部分用于挥霍。针对上述指控，公诉机关提供了相关证据予以证实。公诉机关认为被告人程宇辉、姜一博的行为均已构成诈骗罪，数额巨大，系共同犯罪。同时认定被告人程宇辉具有坦白情节，被告人姜一博具有自首情节。提请本院依法判处。 被告人程宇辉辩称对指控的罪名没有异议，但对指控的金额有异议，提出自己只知道姜一博诈骗了陈某110万元，其余10.5万元是姜一博自己骗的，其是事后才知道的。 辩护人包妍对公诉机关指控的罪名没有异议，就案件事实部分提出：1、在诈骗金额方面，程宇辉事后才知道姜一博从陈某1处又诈骗获得10.5万的事实，就此10.5万元的诈骗金额，程宇辉与姜一博并未进行事先共谋，不应认定为共同犯罪，应将该笔金额仅计算进入姜一博的诈骗金额内；2、对于程宇辉个人从陈某1处诈骗6.6万元的这一起事实，被告人确实将部分款项用于还债，主观上没有虚构事实，系真实的借款。量刑方面提出，被告人的家属已于被害人陈某1达成了和解协议，取得了被害人的谅解，且被告人系初犯，请求法庭对其从轻处罚。 被告人姜一博对于公诉机关的指控没有异议。 辩护人郑国娣对公诉机关指控的罪名无异议，但提出被告人姜一博具有以下从轻、减轻处罚的量刑情节：主动投案，具有自首情节；积极主动配合公安机关工作，认罪悔罪态度好；主观恶性较小、社会危害性较小；家中有年幼的女儿需要抚养。综上，恳请法庭对其从轻或减轻处罚，并适用缓刑。 经审理查明： 2018年6月份，被告人姜一博与程宇辉两人居住在金华市婺城区当代华府尊庭9幢1单元1402室，姜一博得知程宇辉的女友陈某2有余钱用于购买新车，两人便商议从陈某2处骗钱。由姜一博出面虚构以放贷有稳定的高息回报为由向陈某2借钱，程宇辉向陈某2虚构姜一博经济状况良好，以放贷为生，能得到稳定利息回报，陈某2信以为真，后姜一博从陈某2处分多次以借款名义骗得人民币20.5万元，骗得款项由姜一博与程宇辉共同用于挥霍。在陈某2催要利息时，程宇辉又虚构姜一博因为酒驾被抓联系不上，故意拖欠。另外，被告人程宇辉在与陈某2谈恋爱期间，隐瞒其负债累累的真相，用借来的钱住高档酒店、开豪车、高消费等营造其经济状况较好的假象，且虚构其父亲在姜一博处有大量的钱款用于高息放贷。在6月份至9月份期间，以还钱为由多次向陈某2骗取借款，陈某2信以为真，分多次借给程宇辉共计6.6万元左右，程宇辉将骗得款项部分用于还债，部分用于挥霍。直至案发，欠款一直未归还。 2018年10月6日，被告人程宇辉被公安机关抓获归案，之后如实供述了上述主要事实。2018年10月15日，被告人姜一博主动到公安机关投案，并如实供述了上述主要事实。案发后，程宇辉家属与被害人陈某1达成了刑事和解协议，程宇辉家属依照协议共赔偿了陈某2人民币13.5万元，并取得了陈某2的谅解。 上述事实，有公诉机关提供并经法庭质证、认证的下列证据予以证实：被害人陈某2的陈述，受案登记表，人口信息，抓获经过，接受证据清单，刑事和解协议书，谅解书，调取证据通知书，支付宝交易记录，接受证据清单，借条复印件，聊天以及转账记录截图，民事判决书，刑事判决书，现场笔录，扣押决定书，扣押清单，被告人程宇辉、姜一博的供述与辩解等。上述证据符合证据的客观性、关联性、合法性要件，且证据之间能够相互印证，本院依法予以确认。 针对被告人程宇辉及其辩护人提出的就10.5万元的诈骗数额，不应将该笔金额计算进入程宇辉的诈骗金额内的辩解及辩护意见，经查，被告人程宇辉、姜一博就犯罪活动进行了事先协商、策划，实施过程中双方相互配合进行诈骗，形成了诈骗的概括故意，具有共同的犯意内容。姜一博诈骗被害人陈某1人民币10.5万元的行为，未超出二被告人的犯罪合意内容，且程宇辉得知该起事实之后，行为上也积极虚构事实，配合姜一博拖延还款，所骗得的10.5万元欠款也由二被告人共同挥霍，应当认定为二被告人的共同犯罪所得，故不采纳被告人程宇辉及辩护人就此的意见。针对程宇辉辩护人提出的公诉机关所指控的程宇辉从陈某1处诈骗所得的6.6万元，确实系将部分款项用于还债，没有虚构事实，系真实的借款的辩护意见，经查，程宇辉虚构了借款理由，并故意隐瞒了自己无还款能力的事实，符合诈骗罪虚构事实、隐瞒真相的要件，故不采纳辩护人就此提出的辩护意见。 ","cpfxgc":"本院认为，被告人程宇辉、姜一博以非法占有为目的，采用虚构事实、隐瞒真相的方式骗取他人财物，数额巨大，其行为均已构成诈骗罪，系共同犯罪。公诉机关指控的事实清楚，罪名成立，适用法律正确，予以支持。被告人程宇辉具有坦白情节，当庭自愿认罪，已赔偿被害人经济损失并取得了被害人谅解，对其予以从轻处罚。被告人姜一博主动投案，具有自首情节，当庭自愿认罪，依法予以从轻处罚。采纳各辩护人提出的从轻处罚的要求，但根据本案事实、情节和法律规定，对二被告人不适用缓刑或减轻处罚。综上，依照《中华人民共和国刑法》第二百六十六条、第二十五条第一款、第六十七条第一款、第三款、第五十二条、第五十三条、第六十四条之规定，判决如下：","pjjg":" 一、被告人程宇辉犯诈骗罪，判处有期徒刑三年六个月，并处罚金人民币三万元。罚金限于判决生效后十日内缴纳。 （刑期从判决执行之日起计算。判决执行以前先行羁押的，羁押一日折抵刑期一日，即自2018年10月6日起至2022年4月5日止）。 二、被告人姜一博犯诈骗罪，判处有期徒刑三年二个月，并处罚金人民币二万元。罚金限于判决生效后十日内缴纳。 （刑期从判决执行之日起计算。判决执行以前先行羁押的，羁押一日折抵刑期一日，即自2018年10月15日起至2021年12月14日止）。 三、没收扣押的犯罪工作手机一只，由扣押机关金华市公安局江南分局依法处理。 如不服本判决，可在接到判决书第二日起十日内通过本院或者直接向浙江省金华市中级人民法院提出上诉。书面上诉的，应当提交上诉状正本一份，副本二份。","qw":"金华市婺城区人民法院 刑事判决书 （2019）浙0702刑初102号 公诉机关金华市婺城区人民检察院。 被告人程宇辉，男，1998年2月23日出生于江西省玉山县，汉族，高中文化，无业，户籍所在地江西省玉山县。因本案于2018年10月6日被金华市公安局江南分局刑事拘留，同年11月1日被依法逮捕。现羁押于金华市看守所。 辩护人包妍，浙江婺源律师事务所律师。 被告人姜一博，男，1986年1月4日出生于浙江省金华市，汉族，高中文化，无业，户籍所在地浙江省金华市婺城区。曾因犯盗窃罪于2004年3月16日被本院判处拘役六个月，并处罚金人民币四千元。因本案于2018年10月15日被金华市公安局江南分局刑事拘留，同年11月1日被依法逮捕。现羁押于金华市看守所。 辩护人郑国娣，浙江康城律师事务所律师。 金华市婺城区人民检察院以婺检公诉刑诉（2019）73号起诉书指控被告人程宇辉、姜一博犯诈骗罪，于2019年1月29日向本院提起公诉。本院依法组成合议庭，公开开庭审理了本案。金华市婺城区人民检察院指派检察员张玲出庭支持公诉。被告人程宇辉及其辩护人包妍、被告人姜一博及其辩护人郑国娣到庭参加诉讼。本案现已审理终结。 金华市婺城区人民检察院指控：2018年6月份以来，被告人姜一博得知被告人程宇辉的女友陈某2有余钱用于购买新车，因经济拮据，两人便商议从陈某2处骗钱，由姜一博出面，虚构以放贷有稳定的高息回报为由向陈某2借钱，程宇辉从旁向陈某2虚构姜一博经济状况良好，以放贷为生，能得到稳定利息的事实，陈某2信以为真，后姜一博从陈某2处分多次以借款名义骗得人民币20.5万元，姜一博与程宇辉将骗得款项共同用于挥霍。另外，在2018年6月份至9月份期间，被告人程宇辉因经济拮据，以还钱等为由多次向陈某2骗取借款，陈某2信以为真，分多次借给程宇辉共计人民币6.6万元左右，程宇辉将部分骗得款项用于还债，部分用于挥霍。针对上述指控，公诉机关提供了相关证据予以证实。公诉机关认为被告人程宇辉、姜一博的行为均已构成诈骗罪，数额巨大，系共同犯罪。同时认定被告人程宇辉具有坦白情节，被告人姜一博具有自首情节。提请本院依法判处。 被告人程宇辉辩称对指控的罪名没有异议，但对指控的金额有异议，提出自己只知道姜一博诈骗了陈某110万元，其余10.5万元是姜一博自己骗的，其是事后才知道的。 辩护人包妍对公诉机关指控的罪名没有异议，就案件事实部分提出：1、在诈骗金额方面，程宇辉事后才知道姜一博从陈某1处又诈骗获得10.5万的事实，就此10.5万元的诈骗金额，程宇辉与姜一博并未进行事先共谋，不应认定为共同犯罪，应将该笔金额仅计算进入姜一博的诈骗金额内；2、对于程宇辉个人从陈某1处诈骗6.6万元的这一起事实，被告人确实将部分款项用于还债，主观上没有虚构事实，系真实的借款。量刑方面提出，被告人的家属已于被害人陈某1达成了和解协议，取得了被害人的谅解，且被告人系初犯，请求法庭对其从轻处罚。 被告人姜一博对于公诉机关的指控没有异议。 辩护人郑国娣对公诉机关指控的罪名无异议，但提出被告人姜一博具有以下从轻、减轻处罚的量刑情节：主动投案，具有自首情节；积极主动配合公安机关工作，认罪悔罪态度好；主观恶性较小、社会危害性较小；家中有年幼的女儿需要抚养。综上，恳请法庭对其从轻或减轻处罚，并适用缓刑。 经审理查明： 2018年6月份，被告人姜一博与程宇辉两人居住在金华市婺城区当代华府尊庭9幢1单元1402室，姜一博得知程宇辉的女友陈某2有余钱用于购买新车，两人便商议从陈某2处骗钱。由姜一博出面虚构以放贷有稳定的高息回报为由向陈某2借钱，程宇辉向陈某2虚构姜一博经济状况良好，以放贷为生，能得到稳定利息回报，陈某2信以为真，后姜一博从陈某2处分多次以借款名义骗得人民币20.5万元，骗得款项由姜一博与程宇辉共同用于挥霍。在陈某2催要利息时，程宇辉又虚构姜一博因为酒驾被抓联系不上，故意拖欠。另外，被告人程宇辉在与陈某2谈恋爱期间，隐瞒其负债累累的真相，用借来的钱住高档酒店、开豪车、高消费等营造其经济状况较好的假象，且虚构其父亲在姜一博处有大量的钱款用于高息放贷。在6月份至9月份期间，以还钱为由多次向陈某2骗取借款，陈某2信以为真，分多次借给程宇辉共计6.6万元左右，程宇辉将骗得款项部分用于还债，部分用于挥霍。直至案发，欠款一直未归还。 2018年10月6日，被告人程宇辉被公安机关抓获归案，之后如实供述了上述主要事实。2018年10月15日，被告人姜一博主动到公安机关投案，并如实供述了上述主要事实。案发后，程宇辉家属与被害人陈某1达成了刑事和解协议，程宇辉家属依照协议共赔偿了陈某2人民币13.5万元，并取得了陈某2的谅解。 上述事实，有公诉机关提供并经法庭质证、认证的下列证据予以证实：被害人陈某2的陈述，受案登记表，人口信息，抓获经过，接受证据清单，刑事和解协议书，谅解书，调取证据通知书，支付宝交易记录，接受证据清单，借条复印件，聊天以及转账记录截图，民事判决书，刑事判决书，现场笔录，扣押决定书，扣押清单，被告人程宇辉、姜一博的供述与辩解等。上述证据符合证据的客观性、关联性、合法性要件，且证据之间能够相互印证，本院依法予以确认。 针对被告人程宇辉及其辩护人提出的就10.5万元的诈骗数额，不应将该笔金额计算进入程宇辉的诈骗金额内的辩解及辩护意见，经查，被告人程宇辉、姜一博就犯罪活动进行了事先协商、策划，实施过程中双方相互配合进行诈骗，形成了诈骗的概括故意，具有共同的犯意内容。姜一博诈骗被害人陈某1人民币10.5万元的行为，未超出二被告人的犯罪合意内容，且程宇辉得知该起事实之后，行为上也积极虚构事实，配合姜一博拖延还款，所骗得的10.5万元欠款也由二被告人共同挥霍，应当认定为二被告人的共同犯罪所得，故不采纳被告人程宇辉及辩护人就此的意见。针对程宇辉辩护人提出的公诉机关所指控的程宇辉从陈某1处诈骗所得的6.6万元，确实系将部分款项用于还债，没有虚构事实，系真实的借款的辩护意见，经查，程宇辉虚构了借款理由，并故意隐瞒了自己无还款能力的事实，符合诈骗罪虚构事实、隐瞒真相的要件，故不采纳辩护人就此提出的辩护意见。 本院认为，被告人程宇辉、姜一博以非法占有为目的，采用虚构事实、隐瞒真相的方式骗取他人财物，数额巨大，其行为均已构成诈骗罪，系共同犯罪。公诉机关指控的事实清楚，罪名成立，适用法律正确，予以支持。被告人程宇辉具有坦白情节，当庭自愿认罪，已赔偿被害人经济损失并取得了被害人谅解，对其予以从轻处罚。被告人姜一博主动投案，具有自首情节，当庭自愿认罪，依法予以从轻处罚。采纳各辩护人提出的从轻处罚的要求，但根据本案事实、情节和法律规定，对二被告人不适用缓刑或减轻处罚。综上，依照《中华人民共和国刑法》第二百六十六条、第二十五条第一款、第六十七条第一款、第三款、第五十二条、第五十三条、第六十四条之规定，判决如下： 一、被告人程宇辉犯诈骗罪，判处有期徒刑三年六个月，并处罚金人民币三万元。罚金限于判决生效后十日内缴纳。 （刑期从判决执行之日起计算。判决执行以前先行羁押的，羁押一日折抵刑期一日，即自2018年10月6日起至2022年4月5日止）。 二、被告人姜一博犯诈骗罪，判处有期徒刑三年二个月，并处罚金人民币二万元。罚金限于判决生效后十日内缴纳。 （刑期从判决执行之日起计算。判决执行以前先行羁押的，羁押一日折抵刑期一日，即自2018年10月15日起至2021年12月14日止）。 三、没收扣押的犯罪工作手机一只，由扣押机关金华市公安局江南分局依法处理。 如不服本判决，可在接到判决书第二日起十日内通过本院或者直接向浙江省金华市中级人民法院提出上诉。书面上诉的，应当提交上诉状正本一份，副本二份。 审判长郑艳 人民陪审员钱忠式 人民陪审员余腾安 二〇一九年七月二十三日 书记员王茜","writId":"0567fb8a4370c4d395e6dd3107a2cb8e7a1","writName":"程宇辉、姜一博诈骗罪一审刑事判决书"}
