{"ajId":"a2ed6a88-0417-4c04-a7df-f6c74333765c","ajName":"王成娟挪用公款罪一案","ajjbqk":" 泗洪县人民检察院指控： 2012年4月，被告人王某某利用担任泗洪县双沟镇城管环卫服务中心工作人员的职务便利，在双沟镇人民政府组织开展的房屋征收工作中，挪用公款552713.83元给刘某（已判刑）使用，进行营利活动。 2013年2月，被告人王某某利用担任泗洪县双沟镇城管环卫服务中心工作人员的职务便利，在双沟镇人民政府组织开展的房屋征收工作中，挪用公款352952.04元给自己使用，进行营利活动。 针对上述指控，公诉人当庭宣读、出示了被告人供述、证人证言、银行交易记录、财务记账凭证、扣押决定书、扣押财物清单、暂扣款专用收据、“票款分离”缴款通知书、泗洪县机构编制委员会办公室证明、泗洪县双沟镇人民政府情况说明、泗洪县人民检察院反贪污贿赂局情况说明等相关证据。公诉机关认为，被告人王某某身为国家工作人员，利用职务上的便利，挪用公款归个人使用，数额较大，进行营利活动，其行为触犯了《中华人民共和国刑法》第三百八十四条第一款的规定，应当以挪用公款罪追究其刑事责任。被告人王某某具有自首、立功情节，依法可以从轻或者减轻处罚。请依法判处。 被告人王某某未提出实质性辩解。 辩护人的主要辩护意见：1．公诉机关指控被告人王某某挪用公款552713.83元给刘某使用不成立，应扣除被告人王某某从朱某处所借的29万元，挪用金额应为262713.83元，同时，被告人王某某并不知道刘某借款系用于营利活动，不具备挪用公款罪的主观构成要件；2．公诉机关指控被告人王某某挪用公款352952.04元给自己用于理财营利活动，因被告人王某某并未将理财收益从账户上提取，未改变收益款的控制和支配，故该指控也不能成立；3．被告人王某某具有自首、立功、主动归还所挪用的公款等法定、酌定从轻处罚情节。综上，被告人王某某不构成挪用公款罪，请求宣告被告人王某某无罪，或对其免予刑事处罚或宣告缓刑。 经审理查明： 2012年4月，被告人王某某在担任泗洪县双沟镇城管环卫服务中心办事员被双沟镇政府抽调参加双沟镇人民政府组织开展的房屋征收工作期间，刘某向其借款60万元用于投资。同年4月20日，被告人王某某利用其在房屋征收工作中负责保管、发放房屋征收补偿款的职务便利，将其手中保管的公款262713.83元及公私不明款项47286.17元共计31万元，并向朱某借款29万元，合计60万元借给刘某（已判刑）使用。同年4月23日，被告人王某某利用其保管、发放房屋征收补偿款的职务便利，挪用其手中保管的公款29万元归还所借朱某款。同年4月26日、5月14日，刘某分两次（每次30万元）将所借60万元款全部归还。 2013年2月16日，被告人王某某在担任泗洪县双沟镇城管环卫服务中心办事员被双沟镇政府抽调参加双沟镇人民政府组织开展的房屋征收工作期间，利用其在房屋征收工作中保管、发放房屋征收补偿款的职务便利，挪用公款352952.04元用于其在苏州银行股份有限公司购买理财产品。2013年3月22日，被告人王某某归还了所挪用的上述款项，非法获利1558.79元。 另查明：泗洪县双沟镇城管环卫服务中心系双沟镇人民政府所属事业单位。被告人王某某于2000年5月至案发任泗洪县双沟镇城管环卫服务中心办事员，属事业编制性质。被告人王某某在接受侦查机关询问时主动交待侦查机关尚未掌握其第一起挪用公款的犯罪事实，并如实供述了第二起挪用公款的犯罪事实。在本案审理期间，被告人王某某协助公安机关抓获其他犯罪嫌疑人，经查证属实。案发后，被告人王某某于2016年3月23日退出全部违法所得。 上述事实，有公诉机关提交并经法庭质证的下列证据予以证实：被告人王某某庭前稳定供述其在明知刘某借款系用于投资的情况下而挪用公款给刘某使用以及将自己保管的公款挪用给自己用于购买银行理财产品进行营利活动，被告人王某某的供述与未到庭证人刘某、朱某、刘甲、陈某甲、陈某乙、杨某某、徐某、王某等人证言相互印证，并有银行交易记录，财务记账凭证，扣押决定书，扣押财物清单，暂扣款专用收据，“票款分离”缴款通知书等书证相佐证。泗洪县机构编制委员会办公室证明、泗洪县双沟镇人民政府情况说明，证实被告人王某某于2000年5月至案发任泗洪县双沟镇城管环卫服务中心办事员，属事业编制性质；泗洪县人民检察院反贪污贿赂局情况说明，证实被告人王某某归案情况；证明、立案决定书、取保候审决定书、逮捕证等证据，证实被告人王某某协助公安机关抓获其他犯罪嫌疑人的事实；身份信息，证实被告人王某某达到完全刑事责任年龄的事实。上述证据，经法庭查证属实，来源合法，均具有证明效力，本院予以确认。 关于辩护人提出公诉机关指控被告人王某某挪用公款552713.83元给刘某使用不成立，应从中扣除被告人王某某从朱某处所借的29万元，挪用金额应为262713.83元的辩护意见，经查，刘某向被告人王某某提出借款60万元时，因被告人王某某当时手中保管的款项只有31万元，被告人王某某遂于2012年4月20日向朱某借款29万元，连同自己手中的款项共计60万元于当日汇给刘某指定的账户，2012年4月23日，被告人王某某从自己保管的公款拆迁款项中挪用29万元归还给朱某，被告人王某某向朱某借款29万元的目的是借给刘某用于营利活动，后被告人王某某挪用29万元公款偿还所借朱某的29万元款，被告人王某某后挪用的29万元公款数额应当计入被告人王某某挪用给刘某使用的数额。故对辩护人该辩护意见，本院不予采纳。 关于辩护人提出公诉机关指控被告人王某某挪用公款352952.04元给自己用于理财营利活动，因被告人王某某并未将理财收益从账户上提取，未改变收益款的控制和支配，该指控不能成立的辩护意见，经查，被告人王某某为了非法牟利，未经领导同意，将自己保管的公款用于购买银行理财产品，进行营利活动，被告人王某某虽未将投资理财收益款从本人账户上提取，因被告人王某某所参与的该项拆迁活动已告一段落，被告人王某某所负责的相关账务与双沟财政所已结算完毕，被告人王某某挪用公款购买理财产品所得的收益并未在结算中冲抵，该收益款已被被告人王某某实际占有。故对辩护人该辩护意见，本院不予采纳。 ","cpfxgc":"本院认为，被告人王某某身为在事业单位中从事公务的人员，以国家工作人员论，利用职务上的便利，挪用公款归个人使用，数额较大，进行营利活动，其行为已构成挪用公款罪。公诉机关指控的罪名成立，本院予以采纳。 关于辩护人提出被告人王某某不知道刘某借款系用于营利活动，不具备挪用公款罪的主观构成要件以及被告人王某某挪用公款用于购买银行理财产品，理财收益未被其占有，被告人王某某不构成挪用公款罪的辩护意见，经查，被告人王某某稳定供述刘某向其借款时告知其借款系用于投资，刘某证实其向被告人王某某借款时告知其借款系用于房地产投资，现有证据虽不足以证实被告人王某某明知刘某向其借款系用于房地产投资，但足以认定被告人王某某明知刘某向其借款系用于投资，投资即属于营利活动，被告人王某某挪用公款给自己用于购买银行理财产品，被告人王某某已将理财所得收益实际占有，即使被告人王某某未得到所购理财产品收益，也不影响其挪用公款的成立，被告人王某某的行为符合挪用公款罪的构成要件，故对辩护人该辩护意见，本院不予采纳。 被告人王某某在接受侦查机关询问时主动交待侦查机关尚未掌握其挪用公款的主要犯罪事实，应视为自动投案，归案后如实供述自己的罪行，系自首，依法可以从轻处罚。被告人王某某协助公安机关抓获其他犯罪嫌疑人，属有立功表现，依法可以从轻处罚。被告人王某某所挪用的公款已全部归还，并退出全部违法所得，可酌情予以从轻处罚。根据被告人王某某的犯罪情节及悔罪表现，宣告缓刑对其所居住社区无重大不良影响，依法可对其宣告缓刑。辩护人就以上量刑情节提出对被告人王某某从轻处罚并适用缓刑的辩护意见成立，本院予以采纳，但建议对被告人王某某免予刑事处罚的辩护意见，本院不予采纳。被告人王某某退出的违法所得，予以没收，上缴国库。据此，依照《中华人民共和国刑法》第十二条第一款，第三百八十四条第一款，第九十三条第二款，第六十七条第一款，第六十八条，第七十二条第一款，第七十三条第二、三款，第六十四条及《最高人民法院、最高人民检察院关于办理贪污贿赂刑事案件适用法律若干问题的解释》第六条的规定，判决如下：","pjjg":" 一、被告人王某某犯挪用公款罪，判处有期徒刑一年六个月，缓刑二年。 （缓刑考验期限，从判决确定之日起计算）。 被告人王某某退出的违法所得一千五百五十八元七角九分，予以没收，上缴国库。 如不服本判决，可在接到判决书的第二日起十日内，通过本院或者直接向江苏省宿迁市中级人民法院提出上诉。书面上诉的，应当提交上诉状正本一份，副本二份。","qw":"王成娟挪用公款罪一审刑事判决书 江苏省泗洪县人民法院 刑事判决书 （2016）苏1324刑初271号 公诉机关泗洪县人民检察院。 被告人王某某，女，1977年8月21日出生于江苏省泗洪县，汉族，大专文化，原任泗洪县双沟镇城管环卫服务中心办事员。因涉嫌犯挪用公款罪，于2016年3月2日被刑事拘留，同年3月15日被取保候审。 辩护人李刚，江苏多德律师事务所律师。 泗洪县人民检察院以洪检诉刑诉（2016）231号起诉书指控被告人王某某犯挪用公款罪，于2016年7月12日向本院提起公诉。本院于当日立案，依法组成合议庭，适用普通程序，公开开庭审理了本案。泗洪县人民检察院指派检察员石帅出庭支持公诉，被告人王某某及其辩护人李刚到庭参加诉讼。现已审理终结。 泗洪县人民检察院指控： 2012年4月，被告人王某某利用担任泗洪县双沟镇城管环卫服务中心工作人员的职务便利，在双沟镇人民政府组织开展的房屋征收工作中，挪用公款552713.83元给刘某（已判刑）使用，进行营利活动。 2013年2月，被告人王某某利用担任泗洪县双沟镇城管环卫服务中心工作人员的职务便利，在双沟镇人民政府组织开展的房屋征收工作中，挪用公款352952.04元给自己使用，进行营利活动。 针对上述指控，公诉人当庭宣读、出示了被告人供述、证人证言、银行交易记录、财务记账凭证、扣押决定书、扣押财物清单、暂扣款专用收据、“票款分离”缴款通知书、泗洪县机构编制委员会办公室证明、泗洪县双沟镇人民政府情况说明、泗洪县人民检察院反贪污贿赂局情况说明等相关证据。公诉机关认为，被告人王某某身为国家工作人员，利用职务上的便利，挪用公款归个人使用，数额较大，进行营利活动，其行为触犯了《中华人民共和国刑法》第三百八十四条第一款的规定，应当以挪用公款罪追究其刑事责任。被告人王某某具有自首、立功情节，依法可以从轻或者减轻处罚。请依法判处。 被告人王某某未提出实质性辩解。 辩护人的主要辩护意见：1．公诉机关指控被告人王某某挪用公款552713.83元给刘某使用不成立，应扣除被告人王某某从朱某处所借的29万元，挪用金额应为262713.83元，同时，被告人王某某并不知道刘某借款系用于营利活动，不具备挪用公款罪的主观构成要件；2．公诉机关指控被告人王某某挪用公款352952.04元给自己用于理财营利活动，因被告人王某某并未将理财收益从账户上提取，未改变收益款的控制和支配，故该指控也不能成立；3．被告人王某某具有自首、立功、主动归还所挪用的公款等法定、酌定从轻处罚情节。综上，被告人王某某不构成挪用公款罪，请求宣告被告人王某某无罪，或对其免予刑事处罚或宣告缓刑。 经审理查明： 2012年4月，被告人王某某在担任泗洪县双沟镇城管环卫服务中心办事员被双沟镇政府抽调参加双沟镇人民政府组织开展的房屋征收工作期间，刘某向其借款60万元用于投资。同年4月20日，被告人王某某利用其在房屋征收工作中负责保管、发放房屋征收补偿款的职务便利，将其手中保管的公款262713.83元及公私不明款项47286.17元共计31万元，并向朱某借款29万元，合计60万元借给刘某（已判刑）使用。同年4月23日，被告人王某某利用其保管、发放房屋征收补偿款的职务便利，挪用其手中保管的公款29万元归还所借朱某款。同年4月26日、5月14日，刘某分两次（每次30万元）将所借60万元款全部归还。 2013年2月16日，被告人王某某在担任泗洪县双沟镇城管环卫服务中心办事员被双沟镇政府抽调参加双沟镇人民政府组织开展的房屋征收工作期间，利用其在房屋征收工作中保管、发放房屋征收补偿款的职务便利，挪用公款352952.04元用于其在苏州银行股份有限公司购买理财产品。2013年3月22日，被告人王某某归还了所挪用的上述款项，非法获利1558.79元。 另查明：泗洪县双沟镇城管环卫服务中心系双沟镇人民政府所属事业单位。被告人王某某于2000年5月至案发任泗洪县双沟镇城管环卫服务中心办事员，属事业编制性质。被告人王某某在接受侦查机关询问时主动交待侦查机关尚未掌握其第一起挪用公款的犯罪事实，并如实供述了第二起挪用公款的犯罪事实。在本案审理期间，被告人王某某协助公安机关抓获其他犯罪嫌疑人，经查证属实。案发后，被告人王某某于2016年3月23日退出全部违法所得。 上述事实，有公诉机关提交并经法庭质证的下列证据予以证实：被告人王某某庭前稳定供述其在明知刘某借款系用于投资的情况下而挪用公款给刘某使用以及将自己保管的公款挪用给自己用于购买银行理财产品进行营利活动，被告人王某某的供述与未到庭证人刘某、朱某、刘甲、陈某甲、陈某乙、杨某某、徐某、王某等人证言相互印证，并有银行交易记录，财务记账凭证，扣押决定书，扣押财物清单，暂扣款专用收据，“票款分离”缴款通知书等书证相佐证。泗洪县机构编制委员会办公室证明、泗洪县双沟镇人民政府情况说明，证实被告人王某某于2000年5月至案发任泗洪县双沟镇城管环卫服务中心办事员，属事业编制性质；泗洪县人民检察院反贪污贿赂局情况说明，证实被告人王某某归案情况；证明、立案决定书、取保候审决定书、逮捕证等证据，证实被告人王某某协助公安机关抓获其他犯罪嫌疑人的事实；身份信息，证实被告人王某某达到完全刑事责任年龄的事实。上述证据，经法庭查证属实，来源合法，均具有证明效力，本院予以确认。 关于辩护人提出公诉机关指控被告人王某某挪用公款552713.83元给刘某使用不成立，应从中扣除被告人王某某从朱某处所借的29万元，挪用金额应为262713.83元的辩护意见，经查，刘某向被告人王某某提出借款60万元时，因被告人王某某当时手中保管的款项只有31万元，被告人王某某遂于2012年4月20日向朱某借款29万元，连同自己手中的款项共计60万元于当日汇给刘某指定的账户，2012年4月23日，被告人王某某从自己保管的公款拆迁款项中挪用29万元归还给朱某，被告人王某某向朱某借款29万元的目的是借给刘某用于营利活动，后被告人王某某挪用29万元公款偿还所借朱某的29万元款，被告人王某某后挪用的29万元公款数额应当计入被告人王某某挪用给刘某使用的数额。故对辩护人该辩护意见，本院不予采纳。 关于辩护人提出公诉机关指控被告人王某某挪用公款352952.04元给自己用于理财营利活动，因被告人王某某并未将理财收益从账户上提取，未改变收益款的控制和支配，该指控不能成立的辩护意见，经查，被告人王某某为了非法牟利，未经领导同意，将自己保管的公款用于购买银行理财产品，进行营利活动，被告人王某某虽未将投资理财收益款从本人账户上提取，因被告人王某某所参与的该项拆迁活动已告一段落，被告人王某某所负责的相关账务与双沟财政所已结算完毕，被告人王某某挪用公款购买理财产品所得的收益并未在结算中冲抵，该收益款已被被告人王某某实际占有。故对辩护人该辩护意见，本院不予采纳。 本院认为，被告人王某某身为在事业单位中从事公务的人员，以国家工作人员论，利用职务上的便利，挪用公款归个人使用，数额较大，进行营利活动，其行为已构成挪用公款罪。公诉机关指控的罪名成立，本院予以采纳。 关于辩护人提出被告人王某某不知道刘某借款系用于营利活动，不具备挪用公款罪的主观构成要件以及被告人王某某挪用公款用于购买银行理财产品，理财收益未被其占有，被告人王某某不构成挪用公款罪的辩护意见，经查，被告人王某某稳定供述刘某向其借款时告知其借款系用于投资，刘某证实其向被告人王某某借款时告知其借款系用于房地产投资，现有证据虽不足以证实被告人王某某明知刘某向其借款系用于房地产投资，但足以认定被告人王某某明知刘某向其借款系用于投资，投资即属于营利活动，被告人王某某挪用公款给自己用于购买银行理财产品，被告人王某某已将理财所得收益实际占有，即使被告人王某某未得到所购理财产品收益，也不影响其挪用公款的成立，被告人王某某的行为符合挪用公款罪的构成要件，故对辩护人该辩护意见，本院不予采纳。 被告人王某某在接受侦查机关询问时主动交待侦查机关尚未掌握其挪用公款的主要犯罪事实，应视为自动投案，归案后如实供述自己的罪行，系自首，依法可以从轻处罚。被告人王某某协助公安机关抓获其他犯罪嫌疑人，属有立功表现，依法可以从轻处罚。被告人王某某所挪用的公款已全部归还，并退出全部违法所得，可酌情予以从轻处罚。根据被告人王某某的犯罪情节及悔罪表现，宣告缓刑对其所居住社区无重大不良影响，依法可对其宣告缓刑。辩护人就以上量刑情节提出对被告人王某某从轻处罚并适用缓刑的辩护意见成立，本院予以采纳，但建议对被告人王某某免予刑事处罚的辩护意见，本院不予采纳。被告人王某某退出的违法所得，予以没收，上缴国库。据此，依照《中华人民共和国刑法》第十二条第一款，第三百八十四条第一款，第九十三条第二款，第六十七条第一款，第六十八条，第七十二条第一款，第七十三条第二、三款，第六十四条及《最高人民法院、最高人民检察院关于办理贪污贿赂刑事案件适用法律若干问题的解释》第六条的规定，判决如下： 一、被告人王某某犯挪用公款罪，判处有期徒刑一年六个月，缓刑二年。 （缓刑考验期限，从判决确定之日起计算）。 被告人王某某退出的违法所得一千五百五十八元七角九分，予以没收，上缴国库。 如不服本判决，可在接到判决书的第二日起十日内，通过本院或者直接向江苏省宿迁市中级人民法院提出上诉。书面上诉的，应当提交上诉状正本一份，副本二份。 审判长许光 人民陪审员杨成国 人民陪审员孔旗 二〇一六年十月三十一日 书记员巩庆笑 附录法律条文 《中华人民共和国刑法》 第十二条中华人民共和国成立以后本法施行以前的行为，如果当时的法律不认为是犯罪的，适用当时的法律；如果当时的法律认为是犯罪的，依照本法总则第四章第八节的规定应当追诉的，按照当时的法律追究刑事责任，但是如果本法不认为是犯罪或者处刑较轻的，适用本法。 本法施行以前，依照当时的法律已经作出的生效判决，继续有效。 第三百八十四条国家工作人员利用职务上的便利，挪用公款归个人使用，进行非法活动的，或者挪用公款数额较大、进行营利活动的，或者挪用公款数额较大、超过三个月未还的，是挪用公款罪，处五年以下有期徒刑或者拘役；情节严重的，处五年以上有期徒刑。挪用公款数额巨大不退还的，处十年以上有期徒刑或者无期徒刑。 挪用用于救灾、抢险、防汛、优抚、扶贫、移民、救济款物归个人使用的，从重处罚。 第九十三条本法所称国家工作人员，是指国家机关中从事公务的人员。 国有公司、企业、事业单位、人民团体中从事公务的人员和国家机关、国有公司、企业、事业单位委派到非国有公司、企业、事业单位、社会团体从事公务的人员，以及其他依照法律从事公务的人员，以国家工作人员论。 第六十七条犯罪以后自动投案，如实供述自己的罪行的，是自首。对于自首的犯罪分子，可以从轻或者减轻处罚。其中，犯罪较轻的，可以免除处罚。 被采取强制措施的犯罪嫌疑人、被告人和正在服刑的罪犯，如实供述司法机关还未掌握的本人其他罪行的，以自首论。 犯罪嫌疑人虽不具有前两款规定的自首情节，但是如实供述自己罪行的，可以从轻处罚；因其如实供述自己罪行，避免特别严重后果发生的，可以减轻处罚。 第六十八条犯罪分子有揭发他人犯罪行为，查证属实的，或者提供重要线索，从而得以侦破其他案件等立功表现的，可以从轻或者减轻处罚；有重大立功表现的，可以减轻或者免除处罚。 第七十二条对于被判处拘役、三年以下有期徒刑的犯罪分子，同时符合下列条件的，可以宣告缓刑，对其中不满十八周岁的人、怀孕的妇女和已满七十五周岁的人，应当宣告缓刑：（一）犯罪情节较轻；（二）有悔罪表现；（三）没有再犯罪的危险；（四）宣告缓刑对所居住社区没有重大不良影响。宣告缓刑，可以根据犯罪情况，同时禁止犯罪分子在缓刑考验期限内从事特定活动，进入特定区域、场所，接触特定的人。被宣告缓刑的犯罪分子，如果被判处附加刑，附加刑仍须执行。第七十三条拘役的缓刑考验期限为原判刑期以上一年以下，但是不能少于二个月。有期徒刑的缓刑考验期限为原判刑期以上五年以下，但是不能少于一年。缓刑考验期限，从判决确定之日起计算。 第六十四条犯罪分子违法所得的一切财物，应当予以追缴或者责令退赔；对被害人的合法财产，应当及时返还；违禁品和供犯罪所用的本人财物，应当予以没收。没收的财物和罚金，一律上缴国库，不得挪用和自行处理。 《最高人民法院、最高人民检察院关于办理贪污贿赂刑事案件适用法律若干问题的解释》 第六条挪用公款归个人使用，进行营利活动或者超过三个月未还，数额在五万元以上的，应当认定为刑法第三百八十四条第一款规定的“数额较大”；数额在五百万元以上的，应当认定为刑法第三百八十四条第一款规定的“数额巨大”。具有下列情形之一的，应当认定为刑法第三百八十四条第一款规定的“情节严重”： （一）挪用公款数额在二百万元以上的； （二）挪用救灾、抢险、防汛、优抚、扶贫、移民、救济特定款物，数额在一百万元以上不满二百万元的； （三）挪用公款不退还，数额在一百万元以上不满二百万元的； （四）其他严重的情节。","writId":"061d469f13f93ce0472f8b11b515c03a4d1","writName":"王成娟挪用公款罪一审刑事判决书"}
