{"ajId":"0eee1de5-a570-4170-bc28-dc85b3d9b7ff","ajName":"梁乃权容留他人吸毒一案","ajjbqk":" 公诉机关指控：2018年2月14日，被告人梁乃权在其位于新兴县的房屋内容留冯某、莫某、梁某1吸食毒品“K粉”，容留欧某吸食毒品“奶茶”。 值班律师梁荣军提出以下法律帮助意见：1．本案情节相对较轻微；2．本案不排除存在特情引诱的情况；3．被告人梁乃权有悔罪表现，归案后如实交代，并主动配合办案机关调查取证。综上，建议法庭对被告人梁乃权从轻处罚。 经审理查明，本院对公诉机关指控的上述事实予以确认。另查明：公安机关现场扣押到瓷碟、卡片、吸管、音箱、射灯、手机等物品；上述物品随案移送，除手机外，其余物品仍由扣押机关新兴县公安局暂存。经尿液检测，梁乃权、冯某、梁某1、欧某、莫某的甲基安非他明、氯胺酮结果呈阳性。被告人梁乃权使用扣押的手机微信联系吸毒人员前往其家中吸毒。 上述事实，被告人梁乃权在开庭审理过程中亦无异议，当庭认罪，并有物证吸管、瓷碟等；书证受案登记表、立案决定书、抓获经过、户籍资料、证明、检查笔录、扣押决定书及清单、尿液检测材料、行政处罚决定书、情况说明等；证人冯某、莫某、梁某1、欧某、梁某2的证言；勘验、检查、辨认笔录；被告人梁乃权的供述等证据证实，足以认定。 ","cpfxgc":"本院认为，被告人梁乃权无视国家法律，提供场所容留多人吸食毒品，其行为已构成容留他人吸毒罪，应处三年以下有期徒刑、拘役或者管制，并处罚金。公诉机关指控被告人梁乃权的犯罪事实清楚，证据确实、充分，罪名成立，予以采纳。被告人梁乃权归案后如实供述自己的罪行，依法可以从轻处罚。关于值班律师提出本案可能存在特情引诱的情况，经查，本案不存在该情况。对值班律师提出的法律帮助意见，理据充分的，予以采纳；理据不足的，不予采纳。依照《中华人民共和国刑法》第三百五十四条、第六十七条第三款、第五十二条、第五十三条、第六十四条，最高人民法院《关于审理毒品犯罪案件适用法律若干问题的解释》第十二条第一款第（一）项的规定，判决如下：","pjjg":" 一、被告人梁乃权犯容留他人吸毒罪，判处有期徒刑七个月，并处罚金人民币3000元。罚金限于本判决发生法律效力之日起十日内缴纳。 （刑期从判决执行之日起计算。判决执行以前先行羁押的，羁押一日折抵刑期一日。即自2018年2月14日起至2018年9月13日止）。 二、缴获的瓷碟1个、卡片1张、吸管1条等吸毒工具，由扣押机关新兴县公安局予以没收、销毁；缴获的音箱6个、射灯1个、手机1台（苹果6s，IMEI：3556＊＊＊＊7884453）等设备，予以没收、上缴国库。（上述物品均详见扣押清单、证据保全清单） 如不服本判决，可在接到判决书的第二日起十日内，通过本院或者直接向广东省云浮市中级人民法院提出上诉。书面上诉的，应当提交上诉状正本一份，副本二份。","qw":"广东省新兴县人民法院 刑事判决书 （2018）粤5321刑初147号 公诉机关新兴县人民检察院。 被告人梁乃权，绰号：“牛奶”、“啊二”，男，1988年6月26日出生，汉族，广东省新兴县人，初中文化，无业，户籍所在地广东省云浮市新兴县，住新兴县。因本案于2018年2月14日被抓获羁押，次日被新兴县公安局刑事拘留，同年3月14日被逮捕。现羁押于新兴县看守所。 提供法律帮助的值班律师梁荣军（新兴县法律援助处指派），广东睿讯律师事务所律师。 新兴县人民检察院以新检诉刑诉［2018］149号起诉书指控被告人梁乃权犯容留他人吸毒罪，于2018年8月2日向本院提起公诉。本院于同年8月9日立案，依法适用简易程序实行独任审判，于同年8月15日公开开庭审理了本案。新兴县人民检察院指派检察员谢荣丽出庭支持公诉，被告人梁乃权到庭参加诉讼。现已审理终结。 公诉机关指控：2018年2月14日，被告人梁乃权在其位于新兴县的房屋内容留冯某、莫某、梁某1吸食毒品“K粉”，容留欧某吸食毒品“奶茶”。 值班律师梁荣军提出以下法律帮助意见：1．本案情节相对较轻微；2．本案不排除存在特情引诱的情况；3．被告人梁乃权有悔罪表现，归案后如实交代，并主动配合办案机关调查取证。综上，建议法庭对被告人梁乃权从轻处罚。 经审理查明，本院对公诉机关指控的上述事实予以确认。另查明：公安机关现场扣押到瓷碟、卡片、吸管、音箱、射灯、手机等物品；上述物品随案移送，除手机外，其余物品仍由扣押机关新兴县公安局暂存。经尿液检测，梁乃权、冯某、梁某1、欧某、莫某的甲基安非他明、氯胺酮结果呈阳性。被告人梁乃权使用扣押的手机微信联系吸毒人员前往其家中吸毒。 上述事实，被告人梁乃权在开庭审理过程中亦无异议，当庭认罪，并有物证吸管、瓷碟等；书证受案登记表、立案决定书、抓获经过、户籍资料、证明、检查笔录、扣押决定书及清单、尿液检测材料、行政处罚决定书、情况说明等；证人冯某、莫某、梁某1、欧某、梁某2的证言；勘验、检查、辨认笔录；被告人梁乃权的供述等证据证实，足以认定。 本院认为，被告人梁乃权无视国家法律，提供场所容留多人吸食毒品，其行为已构成容留他人吸毒罪，应处三年以下有期徒刑、拘役或者管制，并处罚金。公诉机关指控被告人梁乃权的犯罪事实清楚，证据确实、充分，罪名成立，予以采纳。被告人梁乃权归案后如实供述自己的罪行，依法可以从轻处罚。关于值班律师提出本案可能存在特情引诱的情况，经查，本案不存在该情况。对值班律师提出的法律帮助意见，理据充分的，予以采纳；理据不足的，不予采纳。依照《中华人民共和国刑法》第三百五十四条、第六十七条第三款、第五十二条、第五十三条、第六十四条，最高人民法院《关于审理毒品犯罪案件适用法律若干问题的解释》第十二条第一款第（一）项的规定，判决如下： 一、被告人梁乃权犯容留他人吸毒罪，判处有期徒刑七个月，并处罚金人民币3000元。罚金限于本判决发生法律效力之日起十日内缴纳。 （刑期从判决执行之日起计算。判决执行以前先行羁押的，羁押一日折抵刑期一日。即自2018年2月14日起至2018年9月13日止）。 二、缴获的瓷碟1个、卡片1张、吸管1条等吸毒工具，由扣押机关新兴县公安局予以没收、销毁；缴获的音箱6个、射灯1个、手机1台（苹果6s，IMEI：3556＊＊＊＊7884453）等设备，予以没收、上缴国库。（上述物品均详见扣押清单、证据保全清单） 如不服本判决，可在接到判决书的第二日起十日内，通过本院或者直接向广东省云浮市中级人民法院提出上诉。书面上诉的，应当提交上诉状正本一份，副本二份。 审判员余洁玲 二〇一八年八月二十三日 书记员陈宇凤 相关法律条文： 《中华人民共和国刑法》 第三百五十四条容留他人吸食、注射毒品的，处三年以下有期徒刑、拘役或者管制，并处罚金。 第六十七条犯罪以后自动投案，如实供述自己的罪行的，是自首。对于自首的犯罪分子，可以从轻或者减轻处罚。其中，犯罪较轻的，可以免除处罚。 被采取强制措施的犯罪嫌疑人、被告人和正在服刑的罪犯，如实供述司法机关还未掌握的本人其他罪行的，以自首论。 犯罪嫌疑人虽不具有前两款规定的自首情节，但是如实供述自己罪行的，可以从轻处罚；因其如实供述自己罪行，避免特别严重后果发生的，可以减轻处罚。 第五十二条判处罚金，应当根据犯罪情节决定罚金数额。 第五十三条罚金在判决指定的期限内一次或者分期缴纳。期满不缴纳的，强制缴纳。对于不能全部缴纳罚金的，人民法院在任何时候发现被执行人有可以执行的财产，应当随时追缴。 由于遭遇不能抗拒的灾祸等原因缴纳确实有困难的，经人民法院裁定，可以延期缴纳、酌情减少或者免除。 第六十四条犯罪分子违法所得的一切财物，应当予以追缴或者责令退赔；对被害人的合法财产，应当及时返还；违禁品和供犯罪所用的本人财物，应当予以没收。没收的财物和罚金，一律上缴国库，不得挪用和自行处理。 最高人民法院《关于审理毒品犯罪案件适用法律若干问题的解释》 第十二条容留他人吸食、注射毒品，具有下列情形之一的，应当依照刑法第三百五十四条的规定，以容留他人吸毒罪定罪处罚： （一）一次容留多人吸食、注射毒品的； （二）二年内多次容留他人吸食、注射毒品的； （三）二年内曾因容留他人吸食、注射毒品受过行政处罚的； （四）容留未成年人吸食、注射毒品的； （五）以牟利为目的容留他人吸食、注射毒品的； （六）容留他人吸食、注射毒品造成严重后果的； （七）其他应当追究刑事责任的情形。 向他人贩卖毒品后又容留其吸食、注射毒品，或者容留他人吸食、注射毒品并向其贩卖毒品，符合前款规定的容留他人吸毒罪的定罪条件的，以贩卖毒品罪和容留他人吸毒罪数罪并罚。 容留近亲属吸食、注射毒品，情节显著轻微危害不大的，不作为犯罪处理；需要追究刑事责任的，可以酌情从宽处罚。","writId":"0600ee1cfddcc9da4c216355534364a4a90","writName":"梁乃权容留他人吸毒一审刑事判决书"}
