{"ajId":"ec6a55b3-3b3e-43f5-9a94-af5b2360a54b","ajName":"张某强奸罪一案","ajjbqk":" 公诉机关指控，2017年7月8日晚，被告人张某在都江堰市张某经营的正已足道按摩店里接受按摩服务时，因感觉与张某相谈投机，按摩完毕后，遂邀约张某一同吃夜宵，期间二人均饮酒，次日凌晨1时许，被告人张某与被害人张某一起返回按摩店内，准备取回先前放置在店内的物品。到达按摩店后，被告人张某遂起歹意，将被害人张某强压于店内按摩床上，强行脱掉被害人裤子与被害人张某发生性关系。 2017年7月14日，被告人张某被挡获归案，到案后如实供述了上述犯罪事实。 经审理查明的事实与公诉机关指控的事实一致。 另查明，2017年7月20日，被害人张某给被告人出具了谅解书。 上述事实，被告人张某在开庭审理过程中对公诉起诉指控的事实无异议，并有公诉机关提供的下列证据予以证实：接受刑事案件登记表，到案经过，被告人张某的供述，被害人张某的陈述，证人刘某1、谢某的证言，现场勘验检查笔录及照片，都江堰市公安局物证鉴定所鉴定文书，鉴定意见通知书，被告人张某的户籍信息等证据证实，足以认定。 ","cpfxgc":"本院认为：被告人张某不顾被害人张某的反抗，违背妇女意志，强行将被害人张某的裤子脱掉，强行与其发生性关系的行为已构成强奸罪，依法应予处罚。都江堰市人民检察院指控被告人张某犯强奸罪的事实清楚，证据确实充分，罪名成立，本院予以支持。被告人张某到案后，如实供述自己的犯罪事实，具有坦白情节，可以从轻处罚。案发后，被害人对被告人的行为予以谅解，可对其酌情从轻处罚。据此，依照《中华人民共和国刑法》第二百三十六条、第六十七条第三款、第七十二条、第七十三条之规定，判决如下：","pjjg":" 被告人张某犯强奸罪，判处有期徒刑三年，缓刑三年。 （缓刑考验期限，从判决确定之日起计算）。 如不服本判决，可在接到判决书的第二日起十日内通过本院或者直接向成都市中级人民法院提出上诉。书面上诉的，应当提交上诉状正本一份，副本二份。","qw":"四川省都江堰市人民法院 刑事判决书 （2018）川0181刑初457号 公诉机关四川省都江堰市人民检察院。 被告人张某，男，1991年12月16日出生，汉族，初中文化，户籍所在地四川省遂宁市船山区，现住四川省遂宁市船山区；2017年7月14日因涉嫌强奸罪被都江堰市公安局依法刑事拘留，同年7月28日都江堰市人民检察院以其无逮捕必要不批准逮捕，同日被都江堰市公安局取保候审，同日由遂宁市船山区公安局执行。 都江堰市人民检察院以都检公诉刑诉（2018）452号起诉书指控被告人张某犯强奸罪，于2018年8月28日向本院提起公诉。本院受理后，因被告人张某认罪，且经其同意，依法适用简易程序，组成合议庭，于2018年9月6日不公开开庭审理了本案。都江堰市人民检察院指派检察员刘静怡出庭支持公诉，被告人张某到庭参加诉讼。本案现已审理终结。 公诉机关指控，2017年7月8日晚，被告人张某在都江堰市张某经营的正已足道按摩店里接受按摩服务时，因感觉与张某相谈投机，按摩完毕后，遂邀约张某一同吃夜宵，期间二人均饮酒，次日凌晨1时许，被告人张某与被害人张某一起返回按摩店内，准备取回先前放置在店内的物品。到达按摩店后，被告人张某遂起歹意，将被害人张某强压于店内按摩床上，强行脱掉被害人裤子与被害人张某发生性关系。 2017年7月14日，被告人张某被挡获归案，到案后如实供述了上述犯罪事实。 经审理查明的事实与公诉机关指控的事实一致。 另查明，2017年7月20日，被害人张某给被告人出具了谅解书。 上述事实，被告人张某在开庭审理过程中对公诉起诉指控的事实无异议，并有公诉机关提供的下列证据予以证实：接受刑事案件登记表，到案经过，被告人张某的供述，被害人张某的陈述，证人刘某1、谢某的证言，现场勘验检查笔录及照片，都江堰市公安局物证鉴定所鉴定文书，鉴定意见通知书，被告人张某的户籍信息等证据证实，足以认定。 本院认为：被告人张某不顾被害人张某的反抗，违背妇女意志，强行将被害人张某的裤子脱掉，强行与其发生性关系的行为已构成强奸罪，依法应予处罚。都江堰市人民检察院指控被告人张某犯强奸罪的事实清楚，证据确实充分，罪名成立，本院予以支持。被告人张某到案后，如实供述自己的犯罪事实，具有坦白情节，可以从轻处罚。案发后，被害人对被告人的行为予以谅解，可对其酌情从轻处罚。据此，依照《中华人民共和国刑法》第二百三十六条、第六十七条第三款、第七十二条、第七十三条之规定，判决如下： 被告人张某犯强奸罪，判处有期徒刑三年，缓刑三年。 （缓刑考验期限，从判决确定之日起计算）。 如不服本判决，可在接到判决书的第二日起十日内通过本院或者直接向成都市中级人民法院提出上诉。书面上诉的，应当提交上诉状正本一份，副本二份。 审判长聂建明 人民陪审员何忠良 人民陪审员罗涛 二〇一八年九月六日 书记员杨旭 附：本案适用《中华人民共和国共和国刑法》条文 第二百三十六条以暴力、胁迫或者其他手段强奸妇女的，处三年以上十年以下有期徒刑。强奸妇女、奸淫幼女，有下列情形之一的，处十年以上有期徒刑、无期徒刑或者死刑：（二）强奸妇女、奸淫幼女多人的；（四）二人以上轮奸的；被采取强制措施的犯罪嫌疑人、被告人和正在服刑的罪犯，如实供述司法机关还未掌握的本人其他罪行的，以自首论。有期徒刑的缓刑考验期限为原判刑期以上五年以下，但是不能少于一年。 缓刑考验期限，从判决确定之日起计算。","writId":"022d89029c2fc476aa19a530e6759a37b77","writName":"张某强奸罪一审刑事判决书"}
