{"ajId":"b10085c0-5303-4e27-9413-7f2107e71531","ajName":"马建洪走私、贩卖、运输、制造毒品、容留他人吸毒一案","ajjbqk":" 经审理查明：2017年4月、5月间，被告人马建洪容留吸毒人员马某和、钟某桂在其家中吸食毒品并向吸毒人员钟某桂贩卖毒品冰毒，其中： 1、2017年4月至5月4日期间，被告人马建洪二次容留吸毒人员马某和在其位于广州市从化区＊＊＊＊＊＊的家中吸食毒品。 2、2017年5月3日，被告人马建洪容留吸毒人员钟某桂在其位于广州市从化区＊＊＊＊＊＊＊的家中吸食毒品。 3、2017年5月4日14时许，被告人马建洪与吸毒人员马某和一同购得价值200元的两小包毒品后返回被告人马建洪的家中，将其中一小包毒品分拆成两小包，被告人马建洪与马某和将分拆后的其中一小包毒品共同进行吸食；期间，被告人马建洪通过电话与吸毒人员钟某桂联系，约定在其位于广州市从化区＊＊＊＊＊＊的家中出售100元的毒品给钟某桂；当被告人马建洪在家中等待吸毒人员钟某桂交易毒品时被公安民警当场抓获，缴获无色晶体三小包（其中从被告人马建洪身上搜获一小包、从房间内搜获二小包，分别净重0.72克、0.2克、0.34克），均检出甲基苯丙胺成分。 上述事实，被告人马建洪在庭审中亦无异议，并有公诉机关当庭提供、并经法庭质证、认证的吸毒人员马某和、钟某桂的供述，被告人马建洪的供述，现场勘验检查工作记录、现场图及照片，辨认笔录，扣押清单，毒品交接清单，称量取样笔录，提取笔录，检验报告，物证制作说明，前科材料（刑事判决书及刑满释放证明书），通话记录，抓获经过，被告人的户籍资料等证据证实，足以认定。 ","cpfxgc":"本院认为，公诉机关指控被告人马建洪犯贩卖毒品罪、容留他人吸毒罪的事实清楚，证据充分，罪名成立。被告人马建洪无视国家法律，明知是毒品仍进行贩卖且容留他人吸食毒品，其行为已分别构成贩卖毒品罪、容留他人吸毒罪，应当对两被告人实行数罪并罚；收缴的毒品应予没收。被告人马建洪曾因故意犯罪被判处有期徒刑，在刑罚执行完毕后五年之内再犯应当判处有期徒刑以上刑罚之罪，是累犯，依法应当从重处罚；被告人马建洪曾因犯贩卖毒品罪被判刑，现又犯贩卖毒品罪、容留他人吸毒罪，依法从重处罚；鉴于被告人能够如实供述其贩卖毒品、容留他人吸毒的罪行，依法可以从轻处罚。公诉机关提出对被告人马建洪犯贩卖毒品罪判处有期徒刑八个月以上十个月以下并处罚金1000元、犯容留他人吸毒罪判处有期徒刑六个月以上八个月以下并处罚金1000元；合并执行有期徒刑十个月以上一年二个月以下并处罚金2000元的量刑建议符合罪刑相适应原则，本院予以采纳。依照《中华人民共和国刑法》第三百四十七条第四款、第三百五十四条、第六十九条、第三百五十六条、第六十五条、第六十七条第三款、第五十二条、第五十三条、第六十四条之规定，判决如下：","pjjg":" 一、被告人马建洪犯贩卖毒品罪，判处有期徒刑九个月，并处罚金1000元；犯容留他人吸毒罪，判处有期徒刑七个月，并处罚金1000元。决定执行有期徒刑一年一个月（刑期从判决执行之日起计算，判决执行以前先行羁押的，羁押一日折抵刑期一日，即自2017年5月4日起至2018年6月3日止），并处罚金2000元，该罚金限于本判决发生法律效力之次日起十五日内向本院缴纳，由本院上缴国库。 二、扣押的毒品三小包共净重1.26克依法予以没收，由广州市公安局从化区分局执行。 如不服本判决，可在接到判决书的第二日起十日内，通过本院或者直接向广州市中级人民法院提出上诉，书面上诉的，应当提交上诉状正本一份，副本二份。","qw":"广州市从化区人民法院 刑事判决书 （2017）粤0184刑初719号 公诉机关广州市从化区人民检察院。 被告人马建洪，男，1972年8月1日出生于广东省广州市从化区，汉族，初中文化，住广州市从化区。2009年8月24日因犯贩卖毒品罪于被广东省从化市人民法院判处有期徒刑八个月，2010年1月23日刑满释放。2014年11月19日因犯抢劫罪于被广东省从化市人民法院判处有期徒刑二年，2016年7月19日刑满释放。现因涉嫌犯贩卖毒品罪于2017年5月4日被羁押，2017年5月5日被刑事拘留，同年6月8日被逮捕。现被押于从化区看守所。 广州市从化区人民检察院以穗从检公诉刑诉［2017］653号起诉书指控被告人马建洪犯贩卖毒品罪、容留他人吸毒罪，于2017年10月13日向本院提起公诉，本院于同日立案并依法适用简易程序公开开庭审理了本案。从化区人民检察院指派检察员冯建华出庭支持公诉，被告人马建洪到庭参加了诉讼。现已审理终结。 经审理查明：2017年4月、5月间，被告人马建洪容留吸毒人员马某和、钟某桂在其家中吸食毒品并向吸毒人员钟某桂贩卖毒品冰毒，其中： 1、2017年4月至5月4日期间，被告人马建洪二次容留吸毒人员马某和在其位于广州市从化区＊＊＊＊＊＊的家中吸食毒品。 2、2017年5月3日，被告人马建洪容留吸毒人员钟某桂在其位于广州市从化区＊＊＊＊＊＊＊的家中吸食毒品。 3、2017年5月4日14时许，被告人马建洪与吸毒人员马某和一同购得价值200元的两小包毒品后返回被告人马建洪的家中，将其中一小包毒品分拆成两小包，被告人马建洪与马某和将分拆后的其中一小包毒品共同进行吸食；期间，被告人马建洪通过电话与吸毒人员钟某桂联系，约定在其位于广州市从化区＊＊＊＊＊＊的家中出售100元的毒品给钟某桂；当被告人马建洪在家中等待吸毒人员钟某桂交易毒品时被公安民警当场抓获，缴获无色晶体三小包（其中从被告人马建洪身上搜获一小包、从房间内搜获二小包，分别净重0.72克、0.2克、0.34克），均检出甲基苯丙胺成分。 上述事实，被告人马建洪在庭审中亦无异议，并有公诉机关当庭提供、并经法庭质证、认证的吸毒人员马某和、钟某桂的供述，被告人马建洪的供述，现场勘验检查工作记录、现场图及照片，辨认笔录，扣押清单，毒品交接清单，称量取样笔录，提取笔录，检验报告，物证制作说明，前科材料（刑事判决书及刑满释放证明书），通话记录，抓获经过，被告人的户籍资料等证据证实，足以认定。 本院认为，公诉机关指控被告人马建洪犯贩卖毒品罪、容留他人吸毒罪的事实清楚，证据充分，罪名成立。被告人马建洪无视国家法律，明知是毒品仍进行贩卖且容留他人吸食毒品，其行为已分别构成贩卖毒品罪、容留他人吸毒罪，应当对两被告人实行数罪并罚；收缴的毒品应予没收。被告人马建洪曾因故意犯罪被判处有期徒刑，在刑罚执行完毕后五年之内再犯应当判处有期徒刑以上刑罚之罪，是累犯，依法应当从重处罚；被告人马建洪曾因犯贩卖毒品罪被判刑，现又犯贩卖毒品罪、容留他人吸毒罪，依法从重处罚；鉴于被告人能够如实供述其贩卖毒品、容留他人吸毒的罪行，依法可以从轻处罚。公诉机关提出对被告人马建洪犯贩卖毒品罪判处有期徒刑八个月以上十个月以下并处罚金1000元、犯容留他人吸毒罪判处有期徒刑六个月以上八个月以下并处罚金1000元；合并执行有期徒刑十个月以上一年二个月以下并处罚金2000元的量刑建议符合罪刑相适应原则，本院予以采纳。依照《中华人民共和国刑法》第三百四十七条第四款、第三百五十四条、第六十九条、第三百五十六条、第六十五条、第六十七条第三款、第五十二条、第五十三条、第六十四条之规定，判决如下： 一、被告人马建洪犯贩卖毒品罪，判处有期徒刑九个月，并处罚金1000元；犯容留他人吸毒罪，判处有期徒刑七个月，并处罚金1000元。决定执行有期徒刑一年一个月（刑期从判决执行之日起计算，判决执行以前先行羁押的，羁押一日折抵刑期一日，即自2017年5月4日起至2018年6月3日止），并处罚金2000元，该罚金限于本判决发生法律效力之次日起十五日内向本院缴纳，由本院上缴国库。 二、扣押的毒品三小包共净重1.26克依法予以没收，由广州市公安局从化区分局执行。 如不服本判决，可在接到判决书的第二日起十日内，通过本院或者直接向广州市中级人民法院提出上诉，书面上诉的，应当提交上诉状正本一份，副本二份。 审判员李志文 二0一七年十一月一日 书记员范金辉","writId":"008035b5c050052e967eaca429fd433ec6d","writName":"马建洪走私、贩卖、运输、制造毒品、容留他人吸毒一审刑事判决书"}
