{"ajId":"9518fdb2-c37e-4324-901c-555597743d2c","ajName":"许水英寻衅滋事罪一案","ajjbqk":" 公诉机关指控：2014年11月10日11时许（APEC会议期间），被告人许水英为达到个人目的，在北京市天安门广场国旗杆南侧下跪并施展状布，被当场抓获，现场大量游客围观。 对指控的上述事实，公诉机关向本院提供了以下证据：状布等物证的照片，扣押清单等书证，证人兰×等人的证言，被告人许水英的供述和辩解，案发现场监控录像等视听资料。公诉机关认为，被告人许水英无视国法，在公共场所起哄闹事，造成公共场所秩序严重混乱，其行为触犯了《中华人民共和国刑法》第二百九十三条第一款第（四）项，犯罪事实清楚，证据确实充分，应当以寻衅滋事罪追究其刑事责任。被告人许水英曾因故意犯罪被判处有期徒刑，刑罚执行完毕以后，在五年内再犯应当判处有期徒刑以上刑罚之罪，依据《中华人民共和国刑法》第六十五条第一款的规定，系累犯，应当从重处罚。提请本院依法判处。 审理中，被告人许水英对指控事实不持异议，但辩称自己的行为不构成犯罪。辩护人王文辉认为，本案事出有因；被告人许水英身体残疾，无暴力倾向，此次犯罪危害后果较小；到案后能够如实供述主要犯罪事实，建议法庭对其从轻处罚。 经审理查明，2014年11月10日11时许（APEC会议期间），被告人许水英为达到个人目的，在北京市天安门广场国旗杆南侧下跪并施展状布，被当场抓获，现场大量游客围观。 上述事实，有经法庭质证、认证的如下证据证实： 1、被告人许水英的供述，证实2014年11月10日上午11时许，其来到天安门广场国旗杆前，拿出随身携带的一块状布高举头顶在国旗杆前跪下并大声喊冤，之后过来一名武警将其状布扯下，警察也随后赶来将其控制。 2、证人兰×、张×的证言，证实其二人是北京市东城照相公司的照相员，在上述时间，其二人正在天安门广场南侧照相，11时左右，看见一名女子双手打开一块状布、跪在国旗区南侧护栏处。状布是白布黑字，大小约80＊60cm，周围有多名游客围观。旁边的执勤人员及时将该女子控制后将人带回了公安局。 3、物证照片、扣押决定书及扣押清单证实，现场起获的状布一块已被扣押。 4、到案经过，证实被告人许水英的归案情况。 5、视听资料，证实案发现场的情况。 6、户籍材料、电话查询记录、前科劣迹材料，证实被告人许水英的身份及前科劣迹情况。 ","cpfxgc":"本院认为，被告人许水英无视国法，虽曾因违法犯罪行为被行政及刑事处罚，但仍不思悔改，为达个人目的，在公共场所故意制造事端、造成公共秩序严重混乱，其行为已构成寻衅滋事罪，应依法予以惩处。北京市东城区人民检察院指控被告人许水英犯寻衅滋事罪的事实清楚，举证确实、充分，罪名成立。被告人许水英曾因故意犯罪被判处有期徒刑，刑罚执行完毕以后，在五年内再犯应当判处有期徒刑以上刑罚之罪，系累犯，应当从重处罚。鉴于被告人许水英到案后能够如实供述主要犯罪事实，本院对其从轻处罚。辩护人的相关辩护意见，本院予以采纳。据此，本院对被告人许水英依照《中华人民共和国刑法》第二百九十三条第一款第（四）项，第六十五条第一款，第六十四条之规定，判决如下：","pjjg":" 一、被告人许水英犯寻衅滋事罪，判处有期徒刑一年四个月。 （刑期从判决执行之日起计算，判决执行以前先行羁押的，羁押一日折抵刑期一日。即自2014年11月10日起至2016年3月9日止。） 二、在案扣押的状布，由扣押机关予以没收。 如不服本判决，可在接到判决书的第二日起十日内，通过本院或者直接向北京市第二中级人民法院提出上诉。书面上诉的，应当提交上诉状正本一份，副本二份。","qw":"北京市东城区人民法院 刑事判决书 （2015）东刑初字第00266号 公诉机关北京市东城区人民检察院。 被告人许水英，女，1957年6月5日。2011年7月因扰乱公共场所秩序被厦门市公安局翔安分局处以警告；2011年12月、2012年7月、8月、2014年3月、8月、10月因扰乱公共场所秩序先后六次被行政拘留各十日；2013年8月，因犯寻衅滋事罪被厦门市翔安区人民法院判处有期徒刑六个月。因涉嫌犯寻衅滋事罪，2014年11月10日被羁押，同年11月24日被逮捕。现羁押在北京市东城区看守所。 指定辩护人王文辉，北京市旷博律师事务所律师。 北京市东城区人民检察院以京东检公诉刑诉（2015）162号起诉书指控被告人许水英犯寻衅滋事罪，于2015年2月13日向本院提起公诉。本院于同日立案，并依法组成合议庭，公开开庭审理了本案。北京市东城区人民检察院指派代理检察员房贺出庭支持公诉，被告人许水英及其辩护人王文辉到庭参加了诉讼。北京世纪佳诺翻译服务有限公司翻译邵亚茹担任闽南语翻译。现已审理终结。 公诉机关指控：2014年11月10日11时许（APEC会议期间），被告人许水英为达到个人目的，在北京市天安门广场国旗杆南侧下跪并施展状布，被当场抓获，现场大量游客围观。 对指控的上述事实，公诉机关向本院提供了以下证据：状布等物证的照片，扣押清单等书证，证人兰×等人的证言，被告人许水英的供述和辩解，案发现场监控录像等视听资料。公诉机关认为，被告人许水英无视国法，在公共场所起哄闹事，造成公共场所秩序严重混乱，其行为触犯了《中华人民共和国刑法》第二百九十三条第一款第（四）项，犯罪事实清楚，证据确实充分，应当以寻衅滋事罪追究其刑事责任。被告人许水英曾因故意犯罪被判处有期徒刑，刑罚执行完毕以后，在五年内再犯应当判处有期徒刑以上刑罚之罪，依据《中华人民共和国刑法》第六十五条第一款的规定，系累犯，应当从重处罚。提请本院依法判处。 审理中，被告人许水英对指控事实不持异议，但辩称自己的行为不构成犯罪。辩护人王文辉认为，本案事出有因；被告人许水英身体残疾，无暴力倾向，此次犯罪危害后果较小；到案后能够如实供述主要犯罪事实，建议法庭对其从轻处罚。 经审理查明，2014年11月10日11时许（APEC会议期间），被告人许水英为达到个人目的，在北京市天安门广场国旗杆南侧下跪并施展状布，被当场抓获，现场大量游客围观。 上述事实，有经法庭质证、认证的如下证据证实： 1、被告人许水英的供述，证实2014年11月10日上午11时许，其来到天安门广场国旗杆前，拿出随身携带的一块状布高举头顶在国旗杆前跪下并大声喊冤，之后过来一名武警将其状布扯下，警察也随后赶来将其控制。 2、证人兰×、张×的证言，证实其二人是北京市东城照相公司的照相员，在上述时间，其二人正在天安门广场南侧照相，11时左右，看见一名女子双手打开一块状布、跪在国旗区南侧护栏处。状布是白布黑字，大小约80＊60cm，周围有多名游客围观。旁边的执勤人员及时将该女子控制后将人带回了公安局。 3、物证照片、扣押决定书及扣押清单证实，现场起获的状布一块已被扣押。 4、到案经过，证实被告人许水英的归案情况。 5、视听资料，证实案发现场的情况。 6、户籍材料、电话查询记录、前科劣迹材料，证实被告人许水英的身份及前科劣迹情况。 本院认为，被告人许水英无视国法，虽曾因违法犯罪行为被行政及刑事处罚，但仍不思悔改，为达个人目的，在公共场所故意制造事端、造成公共秩序严重混乱，其行为已构成寻衅滋事罪，应依法予以惩处。北京市东城区人民检察院指控被告人许水英犯寻衅滋事罪的事实清楚，举证确实、充分，罪名成立。被告人许水英曾因故意犯罪被判处有期徒刑，刑罚执行完毕以后，在五年内再犯应当判处有期徒刑以上刑罚之罪，系累犯，应当从重处罚。鉴于被告人许水英到案后能够如实供述主要犯罪事实，本院对其从轻处罚。辩护人的相关辩护意见，本院予以采纳。据此，本院对被告人许水英依照《中华人民共和国刑法》第二百九十三条第一款第（四）项，第六十五条第一款，第六十四条之规定，判决如下： 一、被告人许水英犯寻衅滋事罪，判处有期徒刑一年四个月。 （刑期从判决执行之日起计算，判决执行以前先行羁押的，羁押一日折抵刑期一日。即自2014年11月10日起至2016年3月9日止。） 二、在案扣押的状布，由扣押机关予以没收。 如不服本判决，可在接到判决书的第二日起十日内，通过本院或者直接向北京市第二中级人民法院提出上诉。书面上诉的，应当提交上诉状正本一份，副本二份。 审判长白崇伟 代理审判员王欣 人民陪审员魏燕 二〇一五年四月十六日 书记员黄冰","writId":"0330bd239211fcc90af8f30480a92b5f89f","writName":"许水英寻衅滋事罪一审刑事判决书"}
