{"ajId":"cd8ffab0-7103-4886-94a9-d667bbdd5d62","ajName":"朱某、李某甲等犯赌博罪一案","ajjbqk":" 经审理查明，2015年5月11日下午及晚上、5月12日下午，被告人朱某、李某甲、田某为牟利，纠集被告人李某乙，由被告人朱某、李某甲安排赌博场地、联系参赌人员、抽取庄风，被告人田某给参赌人员提供资金，被告人李某乙负责望风，在宜兴市新庄街道一鱼棚内、宜城街道陶瓷商城转盘北侧一汽修厂内、宜城街道公园路31号101室，组织张某甲、李某丙、王某甲等人，用麻将牌以“牛牛”形式聚众赌博3次，从中抽头获利共计人民币13900元。其中，在2015年5月12日聚众赌博过程中，民警将其查获，当场查获人民币113300元（包括抽头获利人民币5900元）。 2015年5月12日，被告人朱某、李某甲、田某被公安机关当场抓获，归案后均如实供述了上述事实。2015年6月15日，被告人李某乙向公安机关投案，并如实供述了上述事实。查获的人民币113300元已被公安机关收缴。 上述事实，被告人朱某、李某甲、田某、李某乙在开庭审理过程中亦无异议，且有证人黄某、王某甲、吉某、李某丙、王某乙、张某甲、杨某、刘某、司某、杭某、谢某、周某、张某乙、莫某、李某丁等人的证言笔录，辨认笔录，宜兴市公安局现场检查笔录，宜兴市公安局扣押、收缴物品清单，公安机关侦查人员出具的刑事案件侦破经过、情况说明材料等证据予以证实，足以认定。另有宜兴市公安局行政处罚决定书证实被告人朱某、李某乙曾因违法受行政处罚的事实。 被告人朱某的辩护人提出被告人朱某归案后能如实供述自己的犯罪事实，当庭自愿认罪，建议对其从轻处罚。 被告人李某甲的辩护人提出被告人李某甲系初犯，归案后能如实供述自己的犯罪事实，当庭自愿认罪，建议对其从轻处罚。 被告人田某的辩护人提出被告人田某系初犯，归案后能如实供述自己的犯罪事实，当庭自愿认罪，建议对其从轻处罚，判处缓刑。 ","cpfxgc":"本院认为，被告人朱某、李某甲、田某、李某乙以营利为目的，合伙聚众赌博，并从中抽头获利人民币13900元，其行为均已构成赌博罪，且属共同犯罪，应予惩处。宜兴市人民检察院指控的罪名成立，予以采纳。在共同犯罪中，被告人朱某、李某甲、田某积极组织实施犯罪，起主要作用，系主犯，应当按照其所参与的全部犯罪处罚；被告人李某乙帮助他人实施犯罪，起次要作用，系从犯，依法予以从轻处罚。被告人李某乙能主动向公安机关投案，归案后能如实供述自己的犯罪事实，是自首，依法予以从轻处罚。被告人朱某、李某甲、田某归案后均能如实供述自己的犯罪事实，均予以从轻处罚。四被告人在庭审中均能自愿认罪，均予以从轻处罚。对三辩护人提出的与此相同的辩护意见予以采纳。根据被告人田某的犯罪情节，对其辩护人提出的对被告人田某适用缓刑的辩护意见不予采纳。据此，依照《中华人民共和国刑法》第三百零三条第一款，第二十五条第一款，第二十六条第一款、第四款，第二十七条，第六十七条第一款、第三款，第六十四条的规定，判决如下：","pjjg":" 一、被告人朱某犯赌博罪，判处有期徒刑八个月（刑期从判决执行之日起计算。判决执行前先行羁押的，羁押一日折抵刑期一日，即自2015年5月12日起至2016年1月11日止），并处罚金人民币五万元（罚金于本判决发生法律效力第二日起三十日内缴纳）。 二、被告人李某甲犯赌博罪，判处有期徒刑七个月（刑期从判决执行之日起计算。判决执行前先行羁押的，羁押一日折抵刑期一日，即自2015年5月12日起至2015年12月11日止），并处罚金人民币四万元（罚金于本判决发生法律效力第二日起三十日内缴纳）。 三、被告人田某犯赌博罪，判处有期徒刑七个月（刑期从判决执行之日起计算。判决执行前先行羁押的，羁押一日折抵刑期一日，即自2015年8月26日起至2016年2月15日止），并处罚金人民币四万元（罚金于本判决发生法律效力第二日起三十日内缴纳）。 四、被告人李某乙犯赌博罪，判处拘役五个月（刑期从判决执行之日起计算。判决执行前先行羁押的，羁押一日折抵刑期一日，即自2015年8月26日起至2016年1月25日止），并处罚金人民币三万元（罚金于本判决发生法律效力第二日起三十日内缴纳）。 五、继续追缴四被告人违法所得人民币8000元，予以没收，上缴国库。 如不服本判决，可在接到本判决书的第二日起十日内，通过本院或者直接向江苏省无锡市中级人民法院提出上诉。书面上诉的，应提交上诉状正本一份，副本二份。","qw":"江苏省宜兴市人民法院 刑事判决书 （2015）宜刑初字第605号 公诉机关宜兴市人民检察院。 被告人朱某，无业。2003年6月23日因赌博被宜兴市公安局行政罚款人民币一百元；2014年12月24日因赌博被宜兴市公安局行政拘留五日。因本案于2015年5月12日被抓获，5月13日被刑事拘留，同年6月19日被逮捕。现羁押于无锡市第二看守所。 辩护人万菁，江苏菱方圆律师事务所律师。 被告人李某甲，无业。因本案于2015年5月12日被抓获，5月13日被刑事拘留，同年6月19日被逮捕。现羁押于宜兴市看守所。 辩护人吴兴超，江苏菱方圆律师事务所律师。 被告人田某，无业。因本案于2015年5月12日被抓获，5月13日被刑事拘留，6月19日被宜兴市公安局取保候审，7月3日被宜兴市人民检察院决定取保候审，7月29日被本院决定取保候审，同年8月25日被本院决定逮捕，8月26日被宜兴市公安局执行逮捕。现羁押于宜兴市看守所。 辩护人谈鹏程，江苏环科园律师事务所律师。 被告人李某乙，无业。1998年8月25日因赌博被宜兴市公安局行政罚款人民币二千元；2001年1月9日因赌博被宜兴市公安局行政罚款人民币三千元；2009年6月9日因为赌博提供条件被宜兴市公安局行政拘留十日并处罚款人民币三千元。因本案于2015年6月15日被宜兴市公安局取保候审，7月3日被宜兴市人民检察院决定取保候审，7月27日被本院决定取保候审，同年8月25日被本院决定逮捕，8月26日被宜兴市公安局执行逮捕。现羁押于宜兴市看守所。 宜兴市人民检察院以宜检诉刑诉（2015）734号起诉书指控被告人朱某、李某甲、田某、李某乙犯赌博罪，于2015年7月27日以简易程序向本院提起公诉。本院受理后，认为本案案情复杂，于2015年8月14日变更为普通程序审理，并依法组成合议庭，于2015年8月26日公开开庭审理了本案。宜兴市人民检察院指派检察员陈顺良出庭支持公诉，被告人朱某及其辩护人万菁、被告人李某甲及其辩护人吴兴超、被告人田某及其辩护人谈鹏程、被告人李某乙到庭参加诉讼。现已审理终结。 经审理查明，2015年5月11日下午及晚上、5月12日下午，被告人朱某、李某甲、田某为牟利，纠集被告人李某乙，由被告人朱某、李某甲安排赌博场地、联系参赌人员、抽取庄风，被告人田某给参赌人员提供资金，被告人李某乙负责望风，在宜兴市新庄街道一鱼棚内、宜城街道陶瓷商城转盘北侧一汽修厂内、宜城街道公园路31号101室，组织张某甲、李某丙、王某甲等人，用麻将牌以“牛牛”形式聚众赌博3次，从中抽头获利共计人民币13900元。其中，在2015年5月12日聚众赌博过程中，民警将其查获，当场查获人民币113300元（包括抽头获利人民币5900元）。 2015年5月12日，被告人朱某、李某甲、田某被公安机关当场抓获，归案后均如实供述了上述事实。2015年6月15日，被告人李某乙向公安机关投案，并如实供述了上述事实。查获的人民币113300元已被公安机关收缴。 上述事实，被告人朱某、李某甲、田某、李某乙在开庭审理过程中亦无异议，且有证人黄某、王某甲、吉某、李某丙、王某乙、张某甲、杨某、刘某、司某、杭某、谢某、周某、张某乙、莫某、李某丁等人的证言笔录，辨认笔录，宜兴市公安局现场检查笔录，宜兴市公安局扣押、收缴物品清单，公安机关侦查人员出具的刑事案件侦破经过、情况说明材料等证据予以证实，足以认定。另有宜兴市公安局行政处罚决定书证实被告人朱某、李某乙曾因违法受行政处罚的事实。 被告人朱某的辩护人提出被告人朱某归案后能如实供述自己的犯罪事实，当庭自愿认罪，建议对其从轻处罚。 被告人李某甲的辩护人提出被告人李某甲系初犯，归案后能如实供述自己的犯罪事实，当庭自愿认罪，建议对其从轻处罚。 被告人田某的辩护人提出被告人田某系初犯，归案后能如实供述自己的犯罪事实，当庭自愿认罪，建议对其从轻处罚，判处缓刑。 本院认为，被告人朱某、李某甲、田某、李某乙以营利为目的，合伙聚众赌博，并从中抽头获利人民币13900元，其行为均已构成赌博罪，且属共同犯罪，应予惩处。宜兴市人民检察院指控的罪名成立，予以采纳。在共同犯罪中，被告人朱某、李某甲、田某积极组织实施犯罪，起主要作用，系主犯，应当按照其所参与的全部犯罪处罚；被告人李某乙帮助他人实施犯罪，起次要作用，系从犯，依法予以从轻处罚。被告人李某乙能主动向公安机关投案，归案后能如实供述自己的犯罪事实，是自首，依法予以从轻处罚。被告人朱某、李某甲、田某归案后均能如实供述自己的犯罪事实，均予以从轻处罚。四被告人在庭审中均能自愿认罪，均予以从轻处罚。对三辩护人提出的与此相同的辩护意见予以采纳。根据被告人田某的犯罪情节，对其辩护人提出的对被告人田某适用缓刑的辩护意见不予采纳。据此，依照《中华人民共和国刑法》第三百零三条第一款，第二十五条第一款，第二十六条第一款、第四款，第二十七条，第六十七条第一款、第三款，第六十四条的规定，判决如下： 一、被告人朱某犯赌博罪，判处有期徒刑八个月（刑期从判决执行之日起计算。判决执行前先行羁押的，羁押一日折抵刑期一日，即自2015年5月12日起至2016年1月11日止），并处罚金人民币五万元（罚金于本判决发生法律效力第二日起三十日内缴纳）。 二、被告人李某甲犯赌博罪，判处有期徒刑七个月（刑期从判决执行之日起计算。判决执行前先行羁押的，羁押一日折抵刑期一日，即自2015年5月12日起至2015年12月11日止），并处罚金人民币四万元（罚金于本判决发生法律效力第二日起三十日内缴纳）。 三、被告人田某犯赌博罪，判处有期徒刑七个月（刑期从判决执行之日起计算。判决执行前先行羁押的，羁押一日折抵刑期一日，即自2015年8月26日起至2016年2月15日止），并处罚金人民币四万元（罚金于本判决发生法律效力第二日起三十日内缴纳）。 四、被告人李某乙犯赌博罪，判处拘役五个月（刑期从判决执行之日起计算。判决执行前先行羁押的，羁押一日折抵刑期一日，即自2015年8月26日起至2016年1月25日止），并处罚金人民币三万元（罚金于本判决发生法律效力第二日起三十日内缴纳）。 五、继续追缴四被告人违法所得人民币8000元，予以没收，上缴国库。 如不服本判决，可在接到本判决书的第二日起十日内，通过本院或者直接向江苏省无锡市中级人民法院提出上诉。书面上诉的，应提交上诉状正本一份，副本二份。 审判长王兴鹤 审判员潘明星 人民陪审员陈法林 二〇一五年八月二十六日 书记员吴文燕 本案援引法律条款 《中华人民共和国刑法》： 第三百零三条第一款以营利为目的，聚众赌博或者以赌博为业的，处三年以下有期徒刑、拘役或者管制，并处罚金。 第二十五条第一款共同犯罪是指两人以上共同故意犯罪。 第二十六条第一款组织、领导犯罪集团进行犯罪活动的或者在共同犯罪中起主要作用的，是主犯。 第四款对于第三款规定以外的主犯，应当按照其所参与的或者组织、指挥的全部犯罪处罚。 第二十七条在共同犯罪中起次要或者辅助作用的，是从犯。 对于从犯，应当从轻、减轻处罚或者免除处罚。 第六十七条第一款犯罪以后自动投案，如实供述自己的罪行的，是自首。对于自首的犯罪分子，可以从轻或者减轻处罚。其中，犯罪较轻的，可以免除处罚。 第三款犯罪嫌疑人虽不具有前两款规定的自首情节，但是如实供述罪行的，可以从轻处罚；因其如实供述罪行，避免特别严重后果发生的，可以减轻处罚。 第六十四条犯罪分子违法所得的一切财物，应当予以追缴或者责令退赔；对被害人的合法财产，应当及时返还；违禁品和供犯罪所用的本人财物，应当予以没收。没收的财物和罚金，一律上缴国库，不得挪用和自行处理。","writId":"0412527578537b59daf7701110aded4c67f","writName":"朱某、李某甲等犯赌博罪一审刑事判决书"}
