{"ajId":"3f9aeee0-5842-4cdb-a100-7af1c8ba35ff","ajName":"陈韩氏盗窃罪一案","ajjbqk":" 公诉机关指派公诉人韩飞出庭，指控：1.2017年5月10日11时许、5月11日11时许、5月21日11时许、5月22日10时许、5月24日11时许、5月25日11时许，被告人陈韩氏采取钻围墙缺口等手段先后进入本市西湖区学院路杭州公馆工地，并趁工地无人之际，分别窃得恒美牌氟碳喷涂L型铝板3块和恒美牌氟碳喷涂U型铝板1块（价值共计人民币637元）、恒美牌氟碳喷涂异型铝板1块（价值人民币823元）、铝板若干、涂料桶2只、铝合金门窗材料若干、建筑材料若干。同年5月26日11时许，被告人陈韩氏采取上述相同手段进入杭州公馆工地，并趁工地无人之际盗窃恒美牌氟碳喷涂L型铝板7块和恒美牌氟碳喷涂U型铝板5块（价值共计人民币2482元），后在工地外的河边被蹲守的工地管理人员发现，被告人陈韩氏弃赃逃离现场。被告人陈韩氏在侦查阶段认罪认罚，建议判处其拘役五个月，并处罚金。 被告人陈韩氏对指控事实、罪名及量刑建议没有异议且签字具结，在开庭审理过程中亦无异议。 ","cpfxgc":"本院认为，公诉机关指控被告人陈韩氏犯盗窃罪的事实清楚，证据确实、充分，指控罪名成立。被告人陈韩氏自侦查阶段如实供述犯罪事实，自愿认罪认罚，本院酌情予以从宽处罚。公诉机关量刑建议适当，应予采纳。依照《中华人民共和国刑法》第二百六十四条、第五十二条、第五十三条、第六十四条和《最高人民法院、最高人民检察院关于办理盗窃刑事案件适用法律若干问题的解释》第三条第一款、第十四条之规定，判决如下：","pjjg":" 一、被告人陈韩氏犯盗窃罪，判处拘役五个月，并处罚金人民币一千元（刑期自判决执行之日起计算；执行以前先行羁押的，羁押一日折抵刑期一日，即自2017年5月29日起至2017年10月28日止；罚金限判决生效后十日内缴清）。 二、尚未追回的恒美牌氟碳喷涂L型铝板3块、恒美牌氟碳喷涂U型铝板1块和恒美牌氟碳喷涂异型铝板1块，责令被告人陈韩氏退赔浙江开达装饰工程有限公司。 如不服本判决，可在接到判决书的第二日起十日内通过本院或直接向浙江省杭州市中级人民法院提出上诉。书面上诉的，应当提交上诉状正本一份，副本两份。","qw":"杭州市西湖区人民法院 刑事判决书 （2017）浙0106刑初761号 公诉机关杭州市西湖区人民检察院。 被告人陈韩氏，女，汉族，1969年2月2日出生，因盗窃于2007年10月25日被杭州市公安局西湖区分局行政拘留十日；因盗窃于2008年3月24日被杭州市公安局拱墅区分局行政拘留十四日。 公诉机关以西检公诉刑诉（2017）791号起诉书指控被告人陈韩氏犯盗窃罪。本院适用刑事案件速裁程序，实行独任审判、公开开庭审理了本案。 公诉机关指派公诉人韩飞出庭，指控：1.2017年5月10日11时许、5月11日11时许、5月21日11时许、5月22日10时许、5月24日11时许、5月25日11时许，被告人陈韩氏采取钻围墙缺口等手段先后进入本市西湖区学院路杭州公馆工地，并趁工地无人之际，分别窃得恒美牌氟碳喷涂L型铝板3块和恒美牌氟碳喷涂U型铝板1块（价值共计人民币637元）、恒美牌氟碳喷涂异型铝板1块（价值人民币823元）、铝板若干、涂料桶2只、铝合金门窗材料若干、建筑材料若干。同年5月26日11时许，被告人陈韩氏采取上述相同手段进入杭州公馆工地，并趁工地无人之际盗窃恒美牌氟碳喷涂L型铝板7块和恒美牌氟碳喷涂U型铝板5块（价值共计人民币2482元），后在工地外的河边被蹲守的工地管理人员发现，被告人陈韩氏弃赃逃离现场。被告人陈韩氏在侦查阶段认罪认罚，建议判处其拘役五个月，并处罚金。 被告人陈韩氏对指控事实、罪名及量刑建议没有异议且签字具结，在开庭审理过程中亦无异议。 本院认为，公诉机关指控被告人陈韩氏犯盗窃罪的事实清楚，证据确实、充分，指控罪名成立。被告人陈韩氏自侦查阶段如实供述犯罪事实，自愿认罪认罚，本院酌情予以从宽处罚。公诉机关量刑建议适当，应予采纳。依照《中华人民共和国刑法》第二百六十四条、第五十二条、第五十三条、第六十四条和《最高人民法院、最高人民检察院关于办理盗窃刑事案件适用法律若干问题的解释》第三条第一款、第十四条之规定，判决如下： 一、被告人陈韩氏犯盗窃罪，判处拘役五个月，并处罚金人民币一千元（刑期自判决执行之日起计算；执行以前先行羁押的，羁押一日折抵刑期一日，即自2017年5月29日起至2017年10月28日止；罚金限判决生效后十日内缴清）。 二、尚未追回的恒美牌氟碳喷涂L型铝板3块、恒美牌氟碳喷涂U型铝板1块和恒美牌氟碳喷涂异型铝板1块，责令被告人陈韩氏退赔浙江开达装饰工程有限公司。 如不服本判决，可在接到判决书的第二日起十日内通过本院或直接向浙江省杭州市中级人民法院提出上诉。书面上诉的，应当提交上诉状正本一份，副本两份。 审判员郑颖 二〇一七年九月十三日 书记员张欣鑫","writId":"038cd429aa1a2076cecd51634759a039630","writName":"陈韩氏盗窃罪一审刑事判决书"}
