{"ajId":"96bab3c4-5b27-492a-9e5f-7645fd5d338b","ajName":"吉很使日运输毒品一案","ajjbqk":" 云南省人民检察院昆明铁路运输分院指控：被告人吉很使日于2016年1月至2月期间，指挥、安排蒲红明、游林前、廖永森、白建飞、郭晓熊、范华良、邝任东（均已判刑）分别以体内藏匿的方式，将海洛因共计1826克从缅甸国走私进入中国境内并运往中国内地。2016年6月9日，被告人吉很使日在西昌被民警抓获。针对指控的上述事实，公诉机关提供了相应的证据予以证实。据此，公诉机关认为，被告人吉很使日的行为已触犯《中华人民共和国刑法》第三百四十七条第二款第（一）项、第二十五条的规定，应当以走私、运输毒品罪且系共同犯罪追究其刑事责任。在共同犯罪中，被告人吉很使日起指挥、安排作用，系主犯。被告人吉很使日归案后认罪态度好。据此，公诉机关建议对被告人吉很使日在有期徒刑十五年至死刑幅度内量刑，并诉请本院依法判处。 在法庭审理中，被告人吉很使日及其辩护人对公诉机关指控的罪名及犯罪事实不持异议，但被告人吉很使日辩称其在他人的指挥安排下，仅以电话方式告知“马仔”路线，起次要、辅助作用，不构成主犯。其辩护人以吉很使日仅实施了将毒品交给部分“马仔”吞食并告知运毒路线的行为，本案存在未归案的案外主犯，吉很使日系初犯、偶犯、从犯，且其是在受到殴打、威胁、欺骗的情况下参与本案的，归案后认罪态度好为由，请求法庭对其从轻或减轻处罚。 经审理查明，被告人吉很使日于2016年1月至2月期间，指挥、安排多人以体内带毒的方式，将毒品海洛因共计1826克从缅甸国走私进入中国境内，并运往中国内地。具体犯罪事实如下： 2016年1月，被告人吉很使日指挥、安排蒲红明和游林前从缅甸国走私毒品进入中国境内并运往西昌，二人乘坐出租车行至京昆高速公路永仁方山收费站时，被执勤民警通过仪器从蒲红明体内查获海洛因343克、从游林前体内查获海洛因342克。 2016年1月，被告人吉很使日指挥、安排廖永森运输毒品前往西昌，民警于1月15日在楚雄市“新龙门宾馆”306号房间内查获廖永森携带的海洛因79克、后民警又从廖永森体内查获海洛因30克。 2016年1月，被告人吉很使日指挥、安排白建飞和郭晓熊从缅甸国走私毒品进入中国境内并运往西昌，民警于1月17日在大理市下关镇“云都酒店”409号房间将白建飞、郭晓雄抓获，查获白建飞携带的海洛因185克，后通过仪器检查从白建飞体内查获海洛因20克、从郭晓熊体内查获海洛因162克。 2016年2月，吉很使日指挥、安排范华良和邝任东从缅甸国走私毒品进入中国境内并运往西昌，二人于2月22日乘坐汽车行至京昆高速公路永仁方山收费站时，民警从范华良携带物品及体内查获海洛因337克、从邝任东体内查获海洛因328克。 2016年6月9日11时，民警在四川省西昌市“凉山州骨科医院”住院部58号床位将被告人吉很使日抓获。 上述事实，有下列证据在案证实： 1．公安人员出具的犯罪嫌疑人归案说明材料、安全检查笔录，证实了民警于2016年6月9日在四川省凉山州骨科医院将被告人吉很使日抓获的事实。 2．扣押决定书、扣押清单、随身携带物品清单，证实了被告人吉很使日的随身物品已被公安机关依法扣押的事实。 3．涉案毒品的物证检验鉴定报告、鉴定意见通知书，证实了经公安机关鉴定，被告人吉很使日安排蒲红明、游林前、廖永森、白建飞、郭晓雄、邝任东、范华良分别走私、运输的疑似毒品物中均检出海洛因成分，公安机关已依法将鉴定意见告知了吉很使日的事实。 4．吉很使日常住人口基本信息、其户籍地公安局出具的户籍证明材料，证实了被告人吉很使日在案发时已达到负完全刑事责任年龄及其身份的其他情况。 5．本院（2016）云71刑初70号、76号、89号刑事判决书、昆明铁路运输法院（2016）云7101刑初26号刑事判决书，证实了罪犯邝任东、范华良、蒲红明、游林前、白建飞、郭晓熊、廖永森分别因走私、运输毒品行为被判刑，且判决已生效的事实。 6．犯罪嫌疑人归案情况说明、提取笔录、称量记录、扣押决定书、扣押清单、罪犯廖永森对吉很使日所作的辨认笔录、现场照片及其供述，证实了廖永森受吉很使日的安排将毒品运输至楚雄，后于2016年1月15日在楚雄市“新龙门宾馆”被抓获，民警从其所住房间内查获海洛因79克，从其体内查获海洛因30克的事实。 7．犯罪嫌疑人归案情况说明、提取笔录、称量记录、扣押决定书、扣押清单、证人王某的证言、罪犯蒲红明、游林前分别对吉很使日、郭晓熊所作的辨认笔录、个人行踪分析、宾馆入住登记、现场照片及二人供述，证实了蒲红明、游林前受吉很使日的安排从缅甸国将毒品走私进入中国境内，后于2016年1月14日乘坐出租车途经永仁方山收费站时被抓获，民警从蒲红明体内查获海洛因343克、游林前体内查获海洛因342克的事实。 8．犯罪嫌疑人归案说明、情况说明、提取笔录、称量记录、取样记录、扣押决定书、扣押清单、罪犯白建飞、郭晓熊分别对吉很使日所作的辨认笔录、宾馆入住登记、汽车票、现场照片及二人供述，证实了白建飞、郭晓熊受吉很使日的安排从缅甸国将毒品走私进入中国境内并运往西昌，于2016年1月17日在大理下关被民警抓获，民警从二人所住房间内查获白建飞携带的海洛因185克，后通过仪器检查从白建飞体内查获海洛因20克、从郭晓熊体内查获海洛因162克的事实。 9．犯罪嫌疑人归案情况说明、提取笔录、称量记录、取样记录、扣押决定书、扣押清单、罪犯邝任东、范华良分别对吉很使日所作的辨认笔录、汽车票、活动轨迹、现场照片及二人供述，证实了邝任东、范华良受吉很使日的安排从缅甸国将毒品走私进入中国境内，于2016年2月22日乘坐汽车途经永仁方山收费站时被查获，民警从邝任东体内查获海洛因328克、从范华良携带的物品和体内查获海洛因337克的事实。 10．被告人吉很使日对范华良、邝任东、蒲红明、游林前、白建飞、郭晓熊、廖永森所作的辨认笔录、中国邮政储蓄银行出具的交易明细、活动轨迹、被告人吉很使日的供述，其供述为了获取每月6000元的报酬，其受缅甸老板的指示，安排涉案马仔的路线、指挥马仔将毒品走私进入中国境内，途经南伞、临沧、楚雄、攀枝花前往西昌的事实。吉很使日供述的缅甸老板的情况，未得到在案各罪犯的指认，公安机关亦未能查证属实。 以上证明案件事实的证据，均由公安机关依法收集，并经当庭质证，取证程序合法，内容客观真实，证据之间能相互印证，且与本案相关联，应作为认定案件事实的依据。 ","cpfxgc":"本院认为，被告人吉很使日明知是毒品仍指挥、安排多人将海洛因1826克分多次从缅甸国走私进入中国境内，并分别运往中国内地的行为已触犯国家刑法，构成走私、运输毒品罪，且系共同犯罪。在共同犯罪中，吉很使日安排各罪犯以体内带毒的方式走私毒品入境，并用电话指挥运输毒品的路线，起主要作用，系主犯。吉很使日归案后如实供述了全部犯罪事实，认罪态度好。公诉机关对被告人吉很使日所涉罪名及相关情节的指控事实清楚，证据确实充分，本院予以支持。被告人吉很使日及其辩护人关于本案存在案外主犯，其系从犯的辩解和辩护意见，经查，各罪犯关于他们是受吉很使日的安排予以走私、运输毒品的供述稳定且相互吻合，并与辨认笔录相印证，吉很使日本人也承认其实施了交付毒品、指挥路线的行为，吉很使日供述的他人涉案的情况并未得到查证，根据在案证据能够证实吉很使日在共同犯罪中起到主要作用，应当认定为主犯，故对以上辩解和辩护意见不予采信和采纳。辩护人关于吉很使日是在受到殴打、威胁、欺骗的情况下参与本案的辩护意见，除了其本人的供述外，没有其他证据印证，本院对该辩护意见不予采纳。其辩护人的其他辩护意见，本院已经注意。被告人吉很使日走私、运输毒品数量大，且系主犯，本应予以严惩，但鉴于其归案后如实供述了全部犯罪事实，认罪态度好，结合本案实际情况，本院判定其尚不属于应当判处死刑，必须立即执行的犯罪分子。为惩治毒品犯罪，维护社会管理秩序，保护公民的身心健康，本院根据被告人吉很使日犯罪的事实、性质、情节以及对社会的危害程度，依照《中华人民共和国刑法》第三百四十七条第二款第（一）项、第七款、第二十五条第一款、第二十六条第一款、第四款、第四十八条第一款、第六十七条第三款、第五十七条第一款、第五十九条、第六十四条以及《最高人民法院关于适用财产刑若干问题的规定》第一条之规定，判决如下：","pjjg":" 被告人吉很使日犯走私、运输毒品罪，判处死刑，缓期二年 执行，剥夺政治权利终身，并处没收个人全部财产。 （死刑缓期二年执行的期间，从云南省高级人民法院判决或者裁定核准死刑缓期二年执行的法律文书宣告或送达之日起计算）。 如不服本判决，可在接到判决书的第二日起十日内，通过本院或者直接向云南省高级人民法院提出上诉。书面上诉的，应当提交上诉状正本一份，副本二份。","qw":"吉很使日运输毒品案一审刑事判决书 昆明铁路运输中级法院 刑事判决书 （2016）云71刑初116号 公诉机关云南省人民检察院昆明铁路运输分院。 被告人吉很使日（绰号“龙哥”、“阿龙”），男，1991年4月16日出生于四川省金阳县，彝族，文盲，农民。2016年6月9日因本案被公安机关抓获并被刑事拘留，2016年7月15日被逮捕。现羁押于昆明铁路公安处看守所。 辩护人杨俭、杨莹，云南睿信律师事务所律师。 云南省人民检察院昆明铁路运输分院以云检分院公诉刑诉（2016）109号起诉书指控被告人吉很使日犯走私、运输毒品罪，于2016年9月29日向本院提起公诉。本院于同月30日立案，并依法组成合议庭，于同年11月2日公开开庭审理了本案。云南省人民检察院昆明铁路运输分院指派代理检察员方文琳出庭支持公诉，被告人吉很使日及其辩护人杨俭、杨莹到庭参加诉讼。现已审理终结。 云南省人民检察院昆明铁路运输分院指控：被告人吉很使日于2016年1月至2月期间，指挥、安排蒲红明、游林前、廖永森、白建飞、郭晓熊、范华良、邝任东（均已判刑）分别以体内藏匿的方式，将海洛因共计1826克从缅甸国走私进入中国境内并运往中国内地。2016年6月9日，被告人吉很使日在西昌被民警抓获。针对指控的上述事实，公诉机关提供了相应的证据予以证实。据此，公诉机关认为，被告人吉很使日的行为已触犯《中华人民共和国刑法》第三百四十七条第二款第（一）项、第二十五条的规定，应当以走私、运输毒品罪且系共同犯罪追究其刑事责任。在共同犯罪中，被告人吉很使日起指挥、安排作用，系主犯。被告人吉很使日归案后认罪态度好。据此，公诉机关建议对被告人吉很使日在有期徒刑十五年至死刑幅度内量刑，并诉请本院依法判处。 在法庭审理中，被告人吉很使日及其辩护人对公诉机关指控的罪名及犯罪事实不持异议，但被告人吉很使日辩称其在他人的指挥安排下，仅以电话方式告知“马仔”路线，起次要、辅助作用，不构成主犯。其辩护人以吉很使日仅实施了将毒品交给部分“马仔”吞食并告知运毒路线的行为，本案存在未归案的案外主犯，吉很使日系初犯、偶犯、从犯，且其是在受到殴打、威胁、欺骗的情况下参与本案的，归案后认罪态度好为由，请求法庭对其从轻或减轻处罚。 经审理查明，被告人吉很使日于2016年1月至2月期间，指挥、安排多人以体内带毒的方式，将毒品海洛因共计1826克从缅甸国走私进入中国境内，并运往中国内地。具体犯罪事实如下： 2016年1月，被告人吉很使日指挥、安排蒲红明和游林前从缅甸国走私毒品进入中国境内并运往西昌，二人乘坐出租车行至京昆高速公路永仁方山收费站时，被执勤民警通过仪器从蒲红明体内查获海洛因343克、从游林前体内查获海洛因342克。 2016年1月，被告人吉很使日指挥、安排廖永森运输毒品前往西昌，民警于1月15日在楚雄市“新龙门宾馆”306号房间内查获廖永森携带的海洛因79克、后民警又从廖永森体内查获海洛因30克。 2016年1月，被告人吉很使日指挥、安排白建飞和郭晓熊从缅甸国走私毒品进入中国境内并运往西昌，民警于1月17日在大理市下关镇“云都酒店”409号房间将白建飞、郭晓雄抓获，查获白建飞携带的海洛因185克，后通过仪器检查从白建飞体内查获海洛因20克、从郭晓熊体内查获海洛因162克。 2016年2月，吉很使日指挥、安排范华良和邝任东从缅甸国走私毒品进入中国境内并运往西昌，二人于2月22日乘坐汽车行至京昆高速公路永仁方山收费站时，民警从范华良携带物品及体内查获海洛因337克、从邝任东体内查获海洛因328克。 2016年6月9日11时，民警在四川省西昌市“凉山州骨科医院”住院部58号床位将被告人吉很使日抓获。 上述事实，有下列证据在案证实： 1．公安人员出具的犯罪嫌疑人归案说明材料、安全检查笔录，证实了民警于2016年6月9日在四川省凉山州骨科医院将被告人吉很使日抓获的事实。 2．扣押决定书、扣押清单、随身携带物品清单，证实了被告人吉很使日的随身物品已被公安机关依法扣押的事实。 3．涉案毒品的物证检验鉴定报告、鉴定意见通知书，证实了经公安机关鉴定，被告人吉很使日安排蒲红明、游林前、廖永森、白建飞、郭晓雄、邝任东、范华良分别走私、运输的疑似毒品物中均检出海洛因成分，公安机关已依法将鉴定意见告知了吉很使日的事实。 4．吉很使日常住人口基本信息、其户籍地公安局出具的户籍证明材料，证实了被告人吉很使日在案发时已达到负完全刑事责任年龄及其身份的其他情况。 5．本院（2016）云71刑初70号、76号、89号刑事判决书、昆明铁路运输法院（2016）云7101刑初26号刑事判决书，证实了罪犯邝任东、范华良、蒲红明、游林前、白建飞、郭晓熊、廖永森分别因走私、运输毒品行为被判刑，且判决已生效的事实。 6．犯罪嫌疑人归案情况说明、提取笔录、称量记录、扣押决定书、扣押清单、罪犯廖永森对吉很使日所作的辨认笔录、现场照片及其供述，证实了廖永森受吉很使日的安排将毒品运输至楚雄，后于2016年1月15日在楚雄市“新龙门宾馆”被抓获，民警从其所住房间内查获海洛因79克，从其体内查获海洛因30克的事实。 7．犯罪嫌疑人归案情况说明、提取笔录、称量记录、扣押决定书、扣押清单、证人王某的证言、罪犯蒲红明、游林前分别对吉很使日、郭晓熊所作的辨认笔录、个人行踪分析、宾馆入住登记、现场照片及二人供述，证实了蒲红明、游林前受吉很使日的安排从缅甸国将毒品走私进入中国境内，后于2016年1月14日乘坐出租车途经永仁方山收费站时被抓获，民警从蒲红明体内查获海洛因343克、游林前体内查获海洛因342克的事实。 8．犯罪嫌疑人归案说明、情况说明、提取笔录、称量记录、取样记录、扣押决定书、扣押清单、罪犯白建飞、郭晓熊分别对吉很使日所作的辨认笔录、宾馆入住登记、汽车票、现场照片及二人供述，证实了白建飞、郭晓熊受吉很使日的安排从缅甸国将毒品走私进入中国境内并运往西昌，于2016年1月17日在大理下关被民警抓获，民警从二人所住房间内查获白建飞携带的海洛因185克，后通过仪器检查从白建飞体内查获海洛因20克、从郭晓熊体内查获海洛因162克的事实。 9．犯罪嫌疑人归案情况说明、提取笔录、称量记录、取样记录、扣押决定书、扣押清单、罪犯邝任东、范华良分别对吉很使日所作的辨认笔录、汽车票、活动轨迹、现场照片及二人供述，证实了邝任东、范华良受吉很使日的安排从缅甸国将毒品走私进入中国境内，于2016年2月22日乘坐汽车途经永仁方山收费站时被查获，民警从邝任东体内查获海洛因328克、从范华良携带的物品和体内查获海洛因337克的事实。 10．被告人吉很使日对范华良、邝任东、蒲红明、游林前、白建飞、郭晓熊、廖永森所作的辨认笔录、中国邮政储蓄银行出具的交易明细、活动轨迹、被告人吉很使日的供述，其供述为了获取每月6000元的报酬，其受缅甸老板的指示，安排涉案马仔的路线、指挥马仔将毒品走私进入中国境内，途经南伞、临沧、楚雄、攀枝花前往西昌的事实。吉很使日供述的缅甸老板的情况，未得到在案各罪犯的指认，公安机关亦未能查证属实。 以上证明案件事实的证据，均由公安机关依法收集，并经当庭质证，取证程序合法，内容客观真实，证据之间能相互印证，且与本案相关联，应作为认定案件事实的依据。 本院认为，被告人吉很使日明知是毒品仍指挥、安排多人将海洛因1826克分多次从缅甸国走私进入中国境内，并分别运往中国内地的行为已触犯国家刑法，构成走私、运输毒品罪，且系共同犯罪。在共同犯罪中，吉很使日安排各罪犯以体内带毒的方式走私毒品入境，并用电话指挥运输毒品的路线，起主要作用，系主犯。吉很使日归案后如实供述了全部犯罪事实，认罪态度好。公诉机关对被告人吉很使日所涉罪名及相关情节的指控事实清楚，证据确实充分，本院予以支持。被告人吉很使日及其辩护人关于本案存在案外主犯，其系从犯的辩解和辩护意见，经查，各罪犯关于他们是受吉很使日的安排予以走私、运输毒品的供述稳定且相互吻合，并与辨认笔录相印证，吉很使日本人也承认其实施了交付毒品、指挥路线的行为，吉很使日供述的他人涉案的情况并未得到查证，根据在案证据能够证实吉很使日在共同犯罪中起到主要作用，应当认定为主犯，故对以上辩解和辩护意见不予采信和采纳。辩护人关于吉很使日是在受到殴打、威胁、欺骗的情况下参与本案的辩护意见，除了其本人的供述外，没有其他证据印证，本院对该辩护意见不予采纳。其辩护人的其他辩护意见，本院已经注意。被告人吉很使日走私、运输毒品数量大，且系主犯，本应予以严惩，但鉴于其归案后如实供述了全部犯罪事实，认罪态度好，结合本案实际情况，本院判定其尚不属于应当判处死刑，必须立即执行的犯罪分子。为惩治毒品犯罪，维护社会管理秩序，保护公民的身心健康，本院根据被告人吉很使日犯罪的事实、性质、情节以及对社会的危害程度，依照《中华人民共和国刑法》第三百四十七条第二款第（一）项、第七款、第二十五条第一款、第二十六条第一款、第四款、第四十八条第一款、第六十七条第三款、第五十七条第一款、第五十九条、第六十四条以及《最高人民法院关于适用财产刑若干问题的规定》第一条之规定，判决如下： 被告人吉很使日犯走私、运输毒品罪，判处死刑，缓期二年 执行，剥夺政治权利终身，并处没收个人全部财产。 （死刑缓期二年执行的期间，从云南省高级人民法院判决或者裁定核准死刑缓期二年执行的法律文书宣告或送达之日起计算）。 如不服本判决，可在接到判决书的第二日起十日内，通过本院或者直接向云南省高级人民法院提出上诉。书面上诉的，应当提交上诉状正本一份，副本二份。 审判长秦海云 审判员高洁 审判员刘刚 二〇一六年十二月十三日 书记员王玮莹","writId":"057167e1295e614a252d37346adf699a53d","writName":"吉很使日运输毒品案一审刑事判决书"}
