{"ajId":"e13c8c9b-a346-41ce-89a7-26ce5df240c2","ajName":"陈健康开设赌场一案","ajjbqk":" 阳江市江城区人民检察院指控，被告人陈健康为谋取非法利润，在阳江市海陵试验开发区闸坡镇文化公园内花栏处开设“三公大吃小”赌场来聚众赌博。2018年1月份起被告人于每天中午1时至下午5时，在该处在发牌和“抽水”（抽头渔利），吸引张某1、张某2、蔡某、黄某1、张某3等本地人及外地人参赌，每盘赌注最小为100元，上不封顶，每盘牌被告人从中抽水100元，每天获利约6000多元。至被告人被抓获，该赌场共开设20多天。 公诉机关对上述指控向法庭提交了受案登记表、证人证言、被告人的供述和辩解、辨认笔录等证据，认为被告人的行为已构成开设赌场罪，提请本院依照《中华人民共和国刑法》第三百零三条第二款的规定定罪处罚。 被告人陈健康辩解其只是参与赌博，没有抽水，也没有开设赌场。 被告人陈健康的辩护人认为指控被告人犯开设赌场罪的依据只有张某1、谢某等9名证人的证言，证言不能互相印证，且指控陈健康每天获利6000元，共获利十多万元的证据不足，应认定陈健康不构成开设赌场罪。 经审理查明，被告人陈健康为谋取非法利润，在阳江市海陵试验开发区闸坡镇文化公园内花栏处开设“三公大吃小”赌场进行聚众赌博。2018年1月份起被告人于每天中午1时至下午5时，在该处聚众进行“三公大吃小”赌博，陈健康负责发牌并“抽水”（抽头渔利），吸引张某1、张某2、蔡某、黄某1、张某3等本地人及外地人参赌，每盘赌注最小为100元，上不封顶，每盘牌被告人从中抽水100元，每天获利约6000多元，该赌场共开设20多天，共非法获利180000元。2018年2月12日被告人陈健康被抓获，被扣押现金3550元、多张银行卡、手机一台及小汽车一台（粤Q×××××） 上述事实，有公诉机关提交并经法庭质证、认证的下列证据予以证明： 1、受案登记表、立案决定书 证实：2018年2月12日，海陵分局受理该案；同日决定对该案立案侦查。 2、到案经过 2018年2月12日中午13时许，公安民警在阳江市海陵区闸坡镇照记大排档门口抓获在闸坡镇文化公园里面花栏处涉嫌开设赌场的男子陈健康并将其口头传唤回闸坡派出所办案区调查。 3、拘留证、逮捕决定书、逮捕证及各种通知告知等： 证明：陈健康于2018年2月12日被刑事拘留，2018年3月13日被逮捕。 4、被告人的供述与辩解 2018年2月12日下午13时许，我同我女朋友阮某一起在阳江市海陵区闸坡镇文化公园散步，散完步后就去闸坡照记大排档门口拿车（粤Q×××××）准备去吃饭，这时公安民警就把我查获。我没有在闸坡镇文化公园开设赌场。 很多年之前都认识“阿某1李立富不知道他的真实名字，大家都是叫他“阿某1”，是闸坡镇人，40岁至50岁，身高较瘦，联系电话和住址不详。 5、证人证言 （1）证人阮某的证言 2018年2月12日，我和陈健康驾驶他那辆粤Q×××××福特车到闸坡镇山海渔庄酒店，等陈健康的朋友“大费强”过来饮茶，“大费强”说有事不过来。我和陈健康坐了二个小时，就开车去照记大排档，遇到“肥仔光”聊天约20分钟，我去附近买药。大约过10分钟，我对陈健康说开车搭我去外面吃饭，由于陈的开车技术不好，我对陈讲让我开车，我刚打开车门想进入车就被公安机关带回调查了。 陈健康是我的男朋友，他和我租住海陵区闸坡镇颐景花园C栋11楼C-1101号房。 （2）证人张某1的证言 2018年1月初的时候，陈健康打电话给我告诉我他在闸坡镇文化公园里面的花栏处开设赌场，叫我帮他望风。每日给150元工资我，我当时没有答应。到了2018年1月23日的时候，我经过文化公园里面，看见陈健康在公园的花栏处，并且有七、八名男子在赌“三公大吃小”，陈健康负责抽水，并跟我讲他是老板，于是我参赌了几盘牌，都输了就回去了。 2018年1月15日中午的时候，我经过闸坡镇文化公园里的花栏处，看见一班人在赌博，陈健康负责抽水，这时我已经知道陈健康在闸坡镇文化公园里的花栏开设赌场了，开设的赌场是用扑克牌以赌“三公大吃小”的形式进行赌博的，赌具扑克牌和台、凳子都是陈健康提供的，赌注最小100元一注，没有封顶；陈健康和他聘请的打工仔“雁毅”在赌场派牌。有八家牌在赌台上，每一铺牌赌面有8000元现金，陈健康每铺牌抽水500元，抽水没有上限。在赌场的工作人员有：“阿某1”、“咪浩”、“牛仔”、“雁毅”、“白某”、“黄鳝胜”、“桃稳”；其中阿某1”、“咪浩”、“牛仔”这三人是负责望风的，工资都是150元；“雁毅”派牌；“白某”收拾赌具；“黄鳝胜”、“桃稳”放高利贷；赌完后我看见陈健康发钱给工作人员。陈健康开设的赌场一个小时约赌30手牌，平均一小时抽水10000元，一天七个小时，共约抽水50000元。陈健康开设的赌场每日是赌一场，时间从中午11点至下午17点就散场，之后由“白某”将扑克牌和台、凳子放在公园旁边的公厕里。 辨认笔录：张某1认出陈健康是该赌场老板；辨认出参赌人员黄某2、张某2、蔡某、黄某1、张某3、梁某；指认出陈健康开设赌场地点闸坡镇文化公园花栏处。 （3）证人朱某的证言 那个人在闸坡镇文化公园开设赌场我不认识，但我经常在文化公园经过，会看看他们在赌博，所以我能够认出来。2018年2月10日、11日两天我都在文化公园里看别人赌博，当时我走过去看的时候这名男子就在人群中间开庄、收钱、抽水的，所以我知道这名男子在闸坡镇文化公园里开设赌场。他们是以“三公大吃小”的方式进行聚众赌博的，赌注最少100元，最多我看到5000元。平时这个男子每盘都会抽水，大概抽100元左右。我看到现场有一名年轻人和一名老人在放高利贷，现场赌博的人我不认识。 辨认笔录：朱某辨认出陈健康是在闸坡镇文化公园花栏处开设赌场的男子。 （4）证人梅某1的证言 在闸坡镇文化公园开设赌场的男子是闸坡镇本地一名男子，我认识他但不知道他的名字。我于2018年2月6日中午11时去到在闸坡镇文化公园里面，看到花栏处很多人聚集在那里，我走过去，发现很多人在那里聚赌，这名男子坐在花栏处派牌并抽水收钱，所以我知道这名男子开设赌场。这名男子是以“三公大吃小”的方式进行聚众赌博的，最低是100元一注，参赌人员基本上是本地人和船佬。如果公安不定期现场抓赌，在外望风的人就会通知开赌场的人离开。这个赌场一小时抽水约6000元，赌3个小时抽水的男子可抽水18000元，除去工作人员的工资，估计开设赌场的男子每日抽水15000元。 辨认笔录：梅某1辨认出陈健康是在闸坡镇文化公园花栏处开设赌场的男子。 （5）证人谢某的证言 2018年2月6日中午11时30分许，我同我朋友梅中计一起在闸坡镇文化公园看人赌博，后来民警到现场，就叫我过来反映情况。有一名闸坡本地男子在闸坡镇文化公园开赌档，是以“三公大吃小”的方式进行赌博的。赌博的具体地点是闸坡镇文化公园里面的花栏处。这名男子负责派牌，每一铺牌都抽水收钱，所以知道其是开赌档的。一个小时赌20铺，抽水约6000元，总共赌3个小时，这名男子共抽水18000元，除去望风工资，男子每天获利15000元。 辨认笔录：谢某辨认出陈健康是在闸坡镇文化公园花栏处开设赌场的男子。 （6）证人张某2（“妹头”）的证言 2018年2月初一天的中午13时许，我去闸坡文化公园里面的花栏处，看见很多人在赌“三公大吃小”，当时“狗康”坐在花栏那里，正用扑克牌派牌，我也参赌了。赌了半个小时，输了160元，当日与我一起参赌的人员有“够文”、“阿溪”和一些我不认识的广西佬、闸坡码头的外地人，一个小时赌10手，“狗康”抽水1000元至2000元。第二、第三次去赌的时间我记不清楚了，也有十多人在参赌，我总共在“狗康”的赌场里输了800多元。“狗康”自己派牌，又抽水拿钱，肯定他是老板，赌场是他开的，并且赌具扑克牌和木板也是他提供的。“狗康”开设的赌场有20天，我估计每日抽水10000元，20天“狗康”抽水获利应该有20万元。 辨认笔录：张某2辨认出陈健康是赌场老板；辨认出“阿某1”（李立富）是赌场工作人员；辨认出参赌人员“够文”（张某3）、“阿溪”（蔡某）；指认出陈健康开设赌场地点在闸玻镇文化公园花栏处。 （7）证人蔡某的证言 我知道“狗康”在闸坡镇文化公园里面开设赌场赌“三公大吃小”，我曾经在“狗康”的赌场里赌过两次“三公大吃小”，每次都是“狗康”发牌和抽水收钱，他是赌场老板。“狗康”开设的赌场是2018年1月下旬开始的，共开了20多天，在“狗康”的赌场参赌的主要是广西北海佬和一些外地人，也有本地人在赌了，我认识的有“够文”、“妹头”。“狗康”抽水获利的情况我不清楚。 辨认笔录：蔡某辨认出陈健康是赌场老板；辨认出参赌人员“妹头”（张某2）、“够文”（张某3）；指认陈健康开设赌场地点在闸玻镇文化公园花栏处。 （8）证人黄某1的证言 2018年1月下旬，我去闸坡镇文化公园找我儿子，看见公园的花栏处很多人聚集，“狗康”在用扑克牌派牌赌“三公大吃小”，我赌了四手牌。“狗康”四手牌都抽水，抽了400元。在闸坡镇文化公园花栏处的这个“三公大吃小”赌场是“狗康”开设的，“狗康”负责派牌，从抽水中获利。 辨认笔录：黄某1辩认出陈健康是赌场老板；指认出陈健康开设赌场地点在闸玻镇文化公园花栏处。 （9）证人张某3证言 2018年2月初的一天中午12时许，我步行到闸坡镇文化公园里面，看到很多人聚集在花栏处，陈健康坐在那里派牌，赌“三公大吃小”，“狗康”负责派牌，每盘牌都抽水。我参与赌了10手就回去了。当日与我一起参赌的有“二生”、“妹头”、“阿溪”、“猪肉好”、“阿某2”，还有七、八个外地开船人。 辨认笔录：张某3辨认出陈健康是赌场老板；“阿某1”（李立富）在赌场望风；辨认出参赌人员“妹头”（张某2）、“阿溪”（蔡某）、“二生”（梁某）。 （10）证人杨某的证言 我在海陵事务局当保安，而事务局就在闸坡镇文化公园旁边，一个月前，我看见“阿某3”、“阿某4”、“阿某5”、“阿某6”及三名男子等人在闸坡镇文化公园厕所边开设赌场，基本上至少有20人在这个赌场参赌。我看见“阿某3”在赌场里发牌和抽水，“阿某4”负责放贷，赌场方式是“三公大吃小”，还有“阿某5”、“阿某6”和那三名男子负责望风看水。这个赌场每日12时到16时，每日开一场。每日抽6000元水钱。 辨认笔录：杨某辨认出陈健康是该赌场老板；辨认出参赌人员“二生”（梁某） （11）证人梁某的证言 有一名叫“狗康”的人在闸坡镇文化公园花栏处开设赌场，平时我经常会到闸坡镇文化公园走走，看到他们赌博我也会去看，“狗康”开设的赌场是以“三公大吃小”进行赌博的。大概是在2017年12月中下旬开始在闸坡镇文化公园开设赌场，直到被抓，“狗康”请了一些吸毒的人在赌场的周围和通往闸坡往闸坡镇文化公园的一些主干道上望风。“狗康”一般负责发牌和抽水工作，每盘分7、8家牌，××元，“狗康”一天能抽水6小时，一天最少抽水18000元。 辨认笔录：梁某认出陈健康“狗康”是赌场老板；辨认出“阿某1”（李立富）是赌场工作人员；辨认出参赌人员“阿溪”（蔡某）；辨认出阮某在该赌场收钱并参赌；指认陈健康开设赌场地点在闸玻镇文化公园花栏处。 6、扣押决定书、扣押清单 证明：公安机关扣押被告人陈健康3550元、多张银行卡、锤子品牌手机1台、小汽车一台（红色福克斯品牌粤Q×××××）。 7、行政处罚决定书、告知书和罚没票据。 证明：公安机关对张某2、蔡某、张某1、黄某1、张某3等人在阳江市闸坡镇文化公园花栏处陈健康开设的赌场参与“三公吃大小”赌博的行为进行行政处罚。 8、现场勘验笔录 证明：公安机关对闸坡镇文化公园花栏旁的现场进行勘查情况。 9、户籍证明及违法犯罪查询 陈健康生于1977年5月7日；1996年因犯故意杀人、私藏枪支弹药罪被阳江市中级人民法院判处无期徒刑，2013年3月22日刑满释放；2016年5月15日因吸食毒品被行政拘留十五日，2016年6月2日被责令社区戒毒三年；2016年3月9日至16日开设“大吃小”的赌档被行政拘留二十日。 对被告人及其辩护人辩解意见的评析： 证人张某1证实被告人陈健康告诉其在闸坡镇文化公园花栏处开设赌场，是以“三公吃大小”的方式进行赌博，其本人也参加了赌博，陈健康负责抽水，并称赌博每日约抽水50000元。证人张某2证实其参加了陈健康开设的“三公吃大小”赌场的赌博，赌场由陈健康负责抽水，每日抽水10000元；证人蔡某、黄某1、张某3亦证实他们在陈健康开设的赌场进行赌博，赌场由陈健康负责发牌和抽水，陈健康是赌场老板；证人朱某、梅某1、杨某、梁某亦证实陈健康是赌场老板，负责抽水；杨某称陈健康每日抽水约6000元，梁某称陈健康每日抽水约18000元。上述证人的证言均证实陈健康在闸坡镇文化公园花栏处以“三公吃大小”的方式聚众赌博，并负责发牌和抽水。被告人陈健康是以营利为目的，开设赌场聚众赌博的行为，符合开设赌场罪的犯罪特征，因此本院对公诉机关指控被告人陈健康犯开设赌场罪的犯罪事实予以认定。被告人及其辩护人辩解被告人的行为不构成开设赌场罪的意见理据不成立，本院不予采纳。至被告人开设赌场非法所得的金额，因各证人的证言不一致，从有利于被告人的利益出发，应就低认定其每日抽水营利6000元，开设赌场20天共120000元。 ","cpfxgc":"本院认为，被告人陈健康无视国家法律，以营利目的开设赌场，其行为已构成开设赌场罪，应依照《中华人民共和国刑法》第三百零三条第二款的规定予以处罚。公诉机关指控被告人陈健康犯开设赌场罪，罪名成立。被告人因故意犯罪被判处有期徒刑以上刑罚，刑罚执行完毕以后，在五年以内再犯判处有期徒刑以上刑罚之罪，是累犯，应从重处罚。根据被告人的犯罪情节、社会危害程度及认罪态度等，依照《中华人民共和国刑法》第三百零三条第二款、第六十五条、第六十四条之规定，判决如下：","pjjg":" 一、被告人陈健康犯开设赌场罪，判处有期徒刑一年二个月，并处罚金5000元。 （刑期自判决执行之日起计算，判决执行以前先行羁押的，羁押一日折抵刑期一日，即从2018年2月12日起至2019年4月11日止；罚金限在本判决生效之日起十日内缴纳） 二、追缴被告人陈健康非法所得120000元（扣押被告人3350元从中扣除）。 如不服本判决，可在接到判决书的第二日起十日内，通过本院或者直接向阳江市中级人民法院提出上诉。书面上诉的，应当提交上诉状正本一份，副本三份。","qw":"阳江市江城区人民法院 刑事判决书 （2018）粤1702刑初331号 公诉机关阳江市江城区人民检察院。 被告人陈健康，男，1977年5月7日生，广东省阳江市人，汉族，小学文化，无业，住广东省阳江市海陵岛试验区。因犯故意杀人罪，私藏枪支、弹药罪，于1996年12月18日被阳江市中级人民法院合处执行无期徒刑，附加剥夺政治权利终身；于2013年3月22日刑满释放，附加剥夺政治权利5年。因本案于2018年2月12日被抓获，同日被刑事拘留，同年3月13日被逮捕。现押于阳江市看守所。 指定辩护人林慧芳，广东赢信律师事务所律师。 阳江市江城区人民检察院以江检诉刑诉（2018）248号起诉书指控被告人陈健康犯开设赌场罪，于2018年6月11日向本院提起公诉，本院于次日立案，依法组成合议庭，适用普通程序公开开庭进行了审理。阳江市江城区人民检察院指派检察员梁永周出庭支持公诉，被告人陈健康及其指定辩护人林慧芳到庭参加诉讼。现已审理终结。 阳江市江城区人民检察院指控，被告人陈健康为谋取非法利润，在阳江市海陵试验开发区闸坡镇文化公园内花栏处开设“三公大吃小”赌场来聚众赌博。2018年1月份起被告人于每天中午1时至下午5时，在该处在发牌和“抽水”（抽头渔利），吸引张某1、张某2、蔡某、黄某1、张某3等本地人及外地人参赌，每盘赌注最小为100元，上不封顶，每盘牌被告人从中抽水100元，每天获利约6000多元。至被告人被抓获，该赌场共开设20多天。 公诉机关对上述指控向法庭提交了受案登记表、证人证言、被告人的供述和辩解、辨认笔录等证据，认为被告人的行为已构成开设赌场罪，提请本院依照《中华人民共和国刑法》第三百零三条第二款的规定定罪处罚。 被告人陈健康辩解其只是参与赌博，没有抽水，也没有开设赌场。 被告人陈健康的辩护人认为指控被告人犯开设赌场罪的依据只有张某1、谢某等9名证人的证言，证言不能互相印证，且指控陈健康每天获利6000元，共获利十多万元的证据不足，应认定陈健康不构成开设赌场罪。 经审理查明，被告人陈健康为谋取非法利润，在阳江市海陵试验开发区闸坡镇文化公园内花栏处开设“三公大吃小”赌场进行聚众赌博。2018年1月份起被告人于每天中午1时至下午5时，在该处聚众进行“三公大吃小”赌博，陈健康负责发牌并“抽水”（抽头渔利），吸引张某1、张某2、蔡某、黄某1、张某3等本地人及外地人参赌，每盘赌注最小为100元，上不封顶，每盘牌被告人从中抽水100元，每天获利约6000多元，该赌场共开设20多天，共非法获利180000元。2018年2月12日被告人陈健康被抓获，被扣押现金3550元、多张银行卡、手机一台及小汽车一台（粤Q×××××） 上述事实，有公诉机关提交并经法庭质证、认证的下列证据予以证明： 1、受案登记表、立案决定书 证实：2018年2月12日，海陵分局受理该案；同日决定对该案立案侦查。 2、到案经过 2018年2月12日中午13时许，公安民警在阳江市海陵区闸坡镇照记大排档门口抓获在闸坡镇文化公园里面花栏处涉嫌开设赌场的男子陈健康并将其口头传唤回闸坡派出所办案区调查。 3、拘留证、逮捕决定书、逮捕证及各种通知告知等： 证明：陈健康于2018年2月12日被刑事拘留，2018年3月13日被逮捕。 4、被告人的供述与辩解 2018年2月12日下午13时许，我同我女朋友阮某一起在阳江市海陵区闸坡镇文化公园散步，散完步后就去闸坡照记大排档门口拿车（粤Q×××××）准备去吃饭，这时公安民警就把我查获。我没有在闸坡镇文化公园开设赌场。 很多年之前都认识“阿某1李立富不知道他的真实名字，大家都是叫他“阿某1”，是闸坡镇人，40岁至50岁，身高较瘦，联系电话和住址不详。 5、证人证言 （1）证人阮某的证言 2018年2月12日，我和陈健康驾驶他那辆粤Q×××××福特车到闸坡镇山海渔庄酒店，等陈健康的朋友“大费强”过来饮茶，“大费强”说有事不过来。我和陈健康坐了二个小时，就开车去照记大排档，遇到“肥仔光”聊天约20分钟，我去附近买药。大约过10分钟，我对陈健康说开车搭我去外面吃饭，由于陈的开车技术不好，我对陈讲让我开车，我刚打开车门想进入车就被公安机关带回调查了。 陈健康是我的男朋友，他和我租住海陵区闸坡镇颐景花园C栋11楼C-1101号房。 （2）证人张某1的证言 2018年1月初的时候，陈健康打电话给我告诉我他在闸坡镇文化公园里面的花栏处开设赌场，叫我帮他望风。每日给150元工资我，我当时没有答应。到了2018年1月23日的时候，我经过文化公园里面，看见陈健康在公园的花栏处，并且有七、八名男子在赌“三公大吃小”，陈健康负责抽水，并跟我讲他是老板，于是我参赌了几盘牌，都输了就回去了。 2018年1月15日中午的时候，我经过闸坡镇文化公园里的花栏处，看见一班人在赌博，陈健康负责抽水，这时我已经知道陈健康在闸坡镇文化公园里的花栏开设赌场了，开设的赌场是用扑克牌以赌“三公大吃小”的形式进行赌博的，赌具扑克牌和台、凳子都是陈健康提供的，赌注最小100元一注，没有封顶；陈健康和他聘请的打工仔“雁毅”在赌场派牌。有八家牌在赌台上，每一铺牌赌面有8000元现金，陈健康每铺牌抽水500元，抽水没有上限。在赌场的工作人员有：“阿某1”、“咪浩”、“牛仔”、“雁毅”、“白某”、“黄鳝胜”、“桃稳”；其中阿某1”、“咪浩”、“牛仔”这三人是负责望风的，工资都是150元；“雁毅”派牌；“白某”收拾赌具；“黄鳝胜”、“桃稳”放高利贷；赌完后我看见陈健康发钱给工作人员。陈健康开设的赌场一个小时约赌30手牌，平均一小时抽水10000元，一天七个小时，共约抽水50000元。陈健康开设的赌场每日是赌一场，时间从中午11点至下午17点就散场，之后由“白某”将扑克牌和台、凳子放在公园旁边的公厕里。 辨认笔录：张某1认出陈健康是该赌场老板；辨认出参赌人员黄某2、张某2、蔡某、黄某1、张某3、梁某；指认出陈健康开设赌场地点闸坡镇文化公园花栏处。 （3）证人朱某的证言 那个人在闸坡镇文化公园开设赌场我不认识，但我经常在文化公园经过，会看看他们在赌博，所以我能够认出来。2018年2月10日、11日两天我都在文化公园里看别人赌博，当时我走过去看的时候这名男子就在人群中间开庄、收钱、抽水的，所以我知道这名男子在闸坡镇文化公园里开设赌场。他们是以“三公大吃小”的方式进行聚众赌博的，赌注最少100元，最多我看到5000元。平时这个男子每盘都会抽水，大概抽100元左右。我看到现场有一名年轻人和一名老人在放高利贷，现场赌博的人我不认识。 辨认笔录：朱某辨认出陈健康是在闸坡镇文化公园花栏处开设赌场的男子。 （4）证人梅某1的证言 在闸坡镇文化公园开设赌场的男子是闸坡镇本地一名男子，我认识他但不知道他的名字。我于2018年2月6日中午11时去到在闸坡镇文化公园里面，看到花栏处很多人聚集在那里，我走过去，发现很多人在那里聚赌，这名男子坐在花栏处派牌并抽水收钱，所以我知道这名男子开设赌场。这名男子是以“三公大吃小”的方式进行聚众赌博的，最低是100元一注，参赌人员基本上是本地人和船佬。如果公安不定期现场抓赌，在外望风的人就会通知开赌场的人离开。这个赌场一小时抽水约6000元，赌3个小时抽水的男子可抽水18000元，除去工作人员的工资，估计开设赌场的男子每日抽水15000元。 辨认笔录：梅某1辨认出陈健康是在闸坡镇文化公园花栏处开设赌场的男子。 （5）证人谢某的证言 2018年2月6日中午11时30分许，我同我朋友梅中计一起在闸坡镇文化公园看人赌博，后来民警到现场，就叫我过来反映情况。有一名闸坡本地男子在闸坡镇文化公园开赌档，是以“三公大吃小”的方式进行赌博的。赌博的具体地点是闸坡镇文化公园里面的花栏处。这名男子负责派牌，每一铺牌都抽水收钱，所以知道其是开赌档的。一个小时赌20铺，抽水约6000元，总共赌3个小时，这名男子共抽水18000元，除去望风工资，男子每天获利15000元。 辨认笔录：谢某辨认出陈健康是在闸坡镇文化公园花栏处开设赌场的男子。 （6）证人张某2（“妹头”）的证言 2018年2月初一天的中午13时许，我去闸坡文化公园里面的花栏处，看见很多人在赌“三公大吃小”，当时“狗康”坐在花栏那里，正用扑克牌派牌，我也参赌了。赌了半个小时，输了160元，当日与我一起参赌的人员有“够文”、“阿溪”和一些我不认识的广西佬、闸坡码头的外地人，一个小时赌10手，“狗康”抽水1000元至2000元。第二、第三次去赌的时间我记不清楚了，也有十多人在参赌，我总共在“狗康”的赌场里输了800多元。“狗康”自己派牌，又抽水拿钱，肯定他是老板，赌场是他开的，并且赌具扑克牌和木板也是他提供的。“狗康”开设的赌场有20天，我估计每日抽水10000元，20天“狗康”抽水获利应该有20万元。 辨认笔录：张某2辨认出陈健康是赌场老板；辨认出“阿某1”（李立富）是赌场工作人员；辨认出参赌人员“够文”（张某3）、“阿溪”（蔡某）；指认出陈健康开设赌场地点在闸玻镇文化公园花栏处。 （7）证人蔡某的证言 我知道“狗康”在闸坡镇文化公园里面开设赌场赌“三公大吃小”，我曾经在“狗康”的赌场里赌过两次“三公大吃小”，每次都是“狗康”发牌和抽水收钱，他是赌场老板。“狗康”开设的赌场是2018年1月下旬开始的，共开了20多天，在“狗康”的赌场参赌的主要是广西北海佬和一些外地人，也有本地人在赌了，我认识的有“够文”、“妹头”。“狗康”抽水获利的情况我不清楚。 辨认笔录：蔡某辨认出陈健康是赌场老板；辨认出参赌人员“妹头”（张某2）、“够文”（张某3）；指认陈健康开设赌场地点在闸玻镇文化公园花栏处。 （8）证人黄某1的证言 2018年1月下旬，我去闸坡镇文化公园找我儿子，看见公园的花栏处很多人聚集，“狗康”在用扑克牌派牌赌“三公大吃小”，我赌了四手牌。“狗康”四手牌都抽水，抽了400元。在闸坡镇文化公园花栏处的这个“三公大吃小”赌场是“狗康”开设的，“狗康”负责派牌，从抽水中获利。 辨认笔录：黄某1辩认出陈健康是赌场老板；指认出陈健康开设赌场地点在闸玻镇文化公园花栏处。 （9）证人张某3证言 2018年2月初的一天中午12时许，我步行到闸坡镇文化公园里面，看到很多人聚集在花栏处，陈健康坐在那里派牌，赌“三公大吃小”，“狗康”负责派牌，每盘牌都抽水。我参与赌了10手就回去了。当日与我一起参赌的有“二生”、“妹头”、“阿溪”、“猪肉好”、“阿某2”，还有七、八个外地开船人。 辨认笔录：张某3辨认出陈健康是赌场老板；“阿某1”（李立富）在赌场望风；辨认出参赌人员“妹头”（张某2）、“阿溪”（蔡某）、“二生”（梁某）。 （10）证人杨某的证言 我在海陵事务局当保安，而事务局就在闸坡镇文化公园旁边，一个月前，我看见“阿某3”、“阿某4”、“阿某5”、“阿某6”及三名男子等人在闸坡镇文化公园厕所边开设赌场，基本上至少有20人在这个赌场参赌。我看见“阿某3”在赌场里发牌和抽水，“阿某4”负责放贷，赌场方式是“三公大吃小”，还有“阿某5”、“阿某6”和那三名男子负责望风看水。这个赌场每日12时到16时，每日开一场。每日抽6000元水钱。 辨认笔录：杨某辨认出陈健康是该赌场老板；辨认出参赌人员“二生”（梁某） （11）证人梁某的证言 有一名叫“狗康”的人在闸坡镇文化公园花栏处开设赌场，平时我经常会到闸坡镇文化公园走走，看到他们赌博我也会去看，“狗康”开设的赌场是以“三公大吃小”进行赌博的。大概是在2017年12月中下旬开始在闸坡镇文化公园开设赌场，直到被抓，“狗康”请了一些吸毒的人在赌场的周围和通往闸坡往闸坡镇文化公园的一些主干道上望风。“狗康”一般负责发牌和抽水工作，每盘分7、8家牌，××元，“狗康”一天能抽水6小时，一天最少抽水18000元。 辨认笔录：梁某认出陈健康“狗康”是赌场老板；辨认出“阿某1”（李立富）是赌场工作人员；辨认出参赌人员“阿溪”（蔡某）；辨认出阮某在该赌场收钱并参赌；指认陈健康开设赌场地点在闸玻镇文化公园花栏处。 6、扣押决定书、扣押清单 证明：公安机关扣押被告人陈健康3550元、多张银行卡、锤子品牌手机1台、小汽车一台（红色福克斯品牌粤Q×××××）。 7、行政处罚决定书、告知书和罚没票据。 证明：公安机关对张某2、蔡某、张某1、黄某1、张某3等人在阳江市闸坡镇文化公园花栏处陈健康开设的赌场参与“三公吃大小”赌博的行为进行行政处罚。 8、现场勘验笔录 证明：公安机关对闸坡镇文化公园花栏旁的现场进行勘查情况。 9、户籍证明及违法犯罪查询 陈健康生于1977年5月7日；1996年因犯故意杀人、私藏枪支弹药罪被阳江市中级人民法院判处无期徒刑，2013年3月22日刑满释放；2016年5月15日因吸食毒品被行政拘留十五日，2016年6月2日被责令社区戒毒三年；2016年3月9日至16日开设“大吃小”的赌档被行政拘留二十日。 对被告人及其辩护人辩解意见的评析： 证人张某1证实被告人陈健康告诉其在闸坡镇文化公园花栏处开设赌场，是以“三公吃大小”的方式进行赌博，其本人也参加了赌博，陈健康负责抽水，并称赌博每日约抽水50000元。证人张某2证实其参加了陈健康开设的“三公吃大小”赌场的赌博，赌场由陈健康负责抽水，每日抽水10000元；证人蔡某、黄某1、张某3亦证实他们在陈健康开设的赌场进行赌博，赌场由陈健康负责发牌和抽水，陈健康是赌场老板；证人朱某、梅某1、杨某、梁某亦证实陈健康是赌场老板，负责抽水；杨某称陈健康每日抽水约6000元，梁某称陈健康每日抽水约18000元。上述证人的证言均证实陈健康在闸坡镇文化公园花栏处以“三公吃大小”的方式聚众赌博，并负责发牌和抽水。被告人陈健康是以营利为目的，开设赌场聚众赌博的行为，符合开设赌场罪的犯罪特征，因此本院对公诉机关指控被告人陈健康犯开设赌场罪的犯罪事实予以认定。被告人及其辩护人辩解被告人的行为不构成开设赌场罪的意见理据不成立，本院不予采纳。至被告人开设赌场非法所得的金额，因各证人的证言不一致，从有利于被告人的利益出发，应就低认定其每日抽水营利6000元，开设赌场20天共120000元。 本院认为，被告人陈健康无视国家法律，以营利目的开设赌场，其行为已构成开设赌场罪，应依照《中华人民共和国刑法》第三百零三条第二款的规定予以处罚。公诉机关指控被告人陈健康犯开设赌场罪，罪名成立。被告人因故意犯罪被判处有期徒刑以上刑罚，刑罚执行完毕以后，在五年以内再犯判处有期徒刑以上刑罚之罪，是累犯，应从重处罚。根据被告人的犯罪情节、社会危害程度及认罪态度等，依照《中华人民共和国刑法》第三百零三条第二款、第六十五条、第六十四条之规定，判决如下： 一、被告人陈健康犯开设赌场罪，判处有期徒刑一年二个月，并处罚金5000元。 （刑期自判决执行之日起计算，判决执行以前先行羁押的，羁押一日折抵刑期一日，即从2018年2月12日起至2019年4月11日止；罚金限在本判决生效之日起十日内缴纳） 二、追缴被告人陈健康非法所得120000元（扣押被告人3350元从中扣除）。 如不服本判决，可在接到判决书的第二日起十日内，通过本院或者直接向阳江市中级人民法院提出上诉。书面上诉的，应当提交上诉状正本一份，副本三份。 审判长许振秋 人民陪审员杨飞圣 人民陪审员沙开有 二〇一八年八月三十日 法官助理梁效伟 书记员许冬梅 附相关法律条文 《中华人民共和国刑法》 第三百零三条第二款开设赌场的，处三年以下有期徒刑、拘役或者管制，并处罚金；情节严重的，处三年以上十年以下有期徒刑，并处罚金。 第六十五条被判处有期徒刑以上刑罚的犯罪分子，刑罚执行完毕或者赦免以后，在五年以内再犯应当判处有期徒刑以上刑罚之罪的，是累犯，应当从重处罚，但是过失犯罪和不满十八周岁的人犯罪的除外。 前款规定的期限，对于被假释的犯罪分子，从假释期满之日起计算。 第六十四条犯罪分子违法所得的一切财物，应当予以追缴或者责令退赔；对被害人的合法财产，应当及时返还；违禁品和供犯罪所用的本人财物，应当予以没收。没收的财物和罚金，一律上缴国库，不得挪用和自行处理。","writId":"0102e21df6fa7639a69f8cbd68df63925bd","writName":"陈健康开设赌场一审刑事判决书"}
