{"ajId":"398b6104-b00c-4026-b25a-c84a26a335be","ajName":"石礁非法吸收公众存款一案","ajjbqk":" 北京市朝阳区人民检察院指控，2014年至2015年间，被告人石礁伙同他人，在北京市朝阳区等地，以中联信安（北京）投资担保有限公司等名义，向社会不特定的公众公开宣传其公司的“如意季”、“如意年”等P2P融资借贷理财项目，并承诺返本付息，吸引投资人同其公司签订《信用咨询和管理服务协议》，非法吸收公众资金共计人民币2000余万元。被告人石礁于2018年1月12日被民警抓获。 北京市朝阳区人民检察院向本院移送了证人证言、书证、被告人供述等证据材料，指控被告人石礁的行为构成非法吸收公众存款罪，且数额巨大，提请本院依照《中华人民共和国刑法》第一百七十六条第一款之规定，予以惩处。 被告人石礁对指控事实及罪名无异议。辩护人的辩护意见为，石礁有自首、退赔情节，建议减轻处罚并适用缓刑。 经审理查明： 2014年至2015年间，被告人石礁以投资中联信安（北京）投资担保有限公司理财产品可返本付息为由，在北京市朝阳区等地，向郭某某等38名投资人吸收资金人民币2000余万元，造成投资人经济损失人民币900余万元。石礁于2018年1月12日经民警电话通知到案。公安机关轮候查封石礁房产2处、河北中林建筑机械有限公司土地使用权1处，扣押石礁手机1部、票据1包。石礁退缴人民币200万元。 以上事实，有经庭审举证、质证，本院予以确认的投资人郭某某等人的证言、报案材料，证人张某某的证言，协议书，对账单，司法会计鉴定意见书，收条，谅解书，查封手续，工商材料，到案经过，工作记录，户籍材料及被告人石礁的供述等证据予以证实，足以认定。 ","cpfxgc":"本院认为，被告人石礁公开向社会公众吸收资金，扰乱金融秩序，数额巨大，其行为已构成非法吸收公众存款罪，依法应予惩处。北京市朝阳区人民检察院指控石礁犯非法吸收公众存款罪的事实清楚，证据确实、充分，指控罪名成立。鉴于石礁有自首、退赔情节，认罪认罚，本院对其予以从轻处罚。责令石礁退赔投资人的经济损失。在案款物，一并处理。辩护人所提对石礁减轻处罚并适用缓刑的辩护意见，经查，石礁犯罪数额巨大，虽有自首、退赔情节，但投资人仍有巨额经济损失难以挽回，不能减轻处罚或适用缓刑，本院对此辩护意见不予采纳。其他辩护意见，本院予以采纳。综上，根据石礁犯罪的事实、犯罪的性质、情节和对于社会的危害程度，本院依照《中华人民共和国刑法》第一百七十六条第一款、第六十七条第一款、第六十一条、第四十五条、第四十七条、第五十二条、第五十三条、第六十四条、《中华人民共和国刑事诉讼法》第十五条及《最高人民法院关于审理非法集资刑事案件具体应用法律若干问题的解释》第一条、第二条、第三条之规定，判决如下：","pjjg":" 一、被告人石礁犯非法吸收公众存款罪，判处有期徒刑三年，罚金人民币十五万元（刑期从判决执行之日起计算；判决执行以前先行羁押的，羁押一日折抵刑期一日。即自2018年1月12日起至2021年1月11日止。罚金于本判决发生法律效力后三个月内缴纳）。 二、责令被告人石礁退赔投资人的经济损失［含在案人民币二百万元及轮候查封被告人石礁在遵化市华明北路某座底商房产（房权证号遵镇字第×××号）、被告人石礁在遵化市石人沟油路东房产（房权证号遵镇字第×××号）、河北中林建筑机械有限公司在遵化市某园区的土地使用权及扣押被告人石礁手机一部之变价款。投资人名单另附］。 三、在案扣押票据一包，发还被告人石礁。 如不服本判决，可在接到判决书的第二日起十日内，通过本院或者直接向北京市第三中级人民法院提出上诉。书面上诉的，应当提交上诉状正本一份，副本二份。","qw":"北京市朝阳区人民法院 刑事判决书 （2018）京0105刑初2779号 公诉机关北京市朝阳区人民检察院。 被告人石礁，男，汉族，1990年8月5日出生于河北省遵化市，公民身份号码×××，大学文化，原系中联信安（北京）投资担保有限公司负责人，户籍地河北省遵化市。因涉嫌犯非法吸收公众存款罪，于2018年1月12日被刑事拘留，同年2月14日被逮捕。现羁押于北京市朝阳区看守所。 辩护人屈献庄，北京市恒顿律师事务所律师。 北京市朝阳区人民检察院以京朝检公诉刑诉（2018）2778号起诉书指控被告人石礁犯非法吸收公众存款罪，于2018年12月12日向本院提起公诉；并以京朝检公诉刑变诉（2019）60号变更起诉决定书，于2019年4月29日变更起诉。本院依法组成合议庭，公开开庭审理了本案。北京市朝阳区人民检察院指派检察员吕晋出庭支持公诉。被告人石礁及其辩护人屈献庄到庭参加诉讼。现已审理终结。 北京市朝阳区人民检察院指控，2014年至2015年间，被告人石礁伙同他人，在北京市朝阳区等地，以中联信安（北京）投资担保有限公司等名义，向社会不特定的公众公开宣传其公司的“如意季”、“如意年”等P2P融资借贷理财项目，并承诺返本付息，吸引投资人同其公司签订《信用咨询和管理服务协议》，非法吸收公众资金共计人民币2000余万元。被告人石礁于2018年1月12日被民警抓获。 北京市朝阳区人民检察院向本院移送了证人证言、书证、被告人供述等证据材料，指控被告人石礁的行为构成非法吸收公众存款罪，且数额巨大，提请本院依照《中华人民共和国刑法》第一百七十六条第一款之规定，予以惩处。 被告人石礁对指控事实及罪名无异议。辩护人的辩护意见为，石礁有自首、退赔情节，建议减轻处罚并适用缓刑。 经审理查明： 2014年至2015年间，被告人石礁以投资中联信安（北京）投资担保有限公司理财产品可返本付息为由，在北京市朝阳区等地，向郭某某等38名投资人吸收资金人民币2000余万元，造成投资人经济损失人民币900余万元。石礁于2018年1月12日经民警电话通知到案。公安机关轮候查封石礁房产2处、河北中林建筑机械有限公司土地使用权1处，扣押石礁手机1部、票据1包。石礁退缴人民币200万元。 以上事实，有经庭审举证、质证，本院予以确认的投资人郭某某等人的证言、报案材料，证人张某某的证言，协议书，对账单，司法会计鉴定意见书，收条，谅解书，查封手续，工商材料，到案经过，工作记录，户籍材料及被告人石礁的供述等证据予以证实，足以认定。 本院认为，被告人石礁公开向社会公众吸收资金，扰乱金融秩序，数额巨大，其行为已构成非法吸收公众存款罪，依法应予惩处。北京市朝阳区人民检察院指控石礁犯非法吸收公众存款罪的事实清楚，证据确实、充分，指控罪名成立。鉴于石礁有自首、退赔情节，认罪认罚，本院对其予以从轻处罚。责令石礁退赔投资人的经济损失。在案款物，一并处理。辩护人所提对石礁减轻处罚并适用缓刑的辩护意见，经查，石礁犯罪数额巨大，虽有自首、退赔情节，但投资人仍有巨额经济损失难以挽回，不能减轻处罚或适用缓刑，本院对此辩护意见不予采纳。其他辩护意见，本院予以采纳。综上，根据石礁犯罪的事实、犯罪的性质、情节和对于社会的危害程度，本院依照《中华人民共和国刑法》第一百七十六条第一款、第六十七条第一款、第六十一条、第四十五条、第四十七条、第五十二条、第五十三条、第六十四条、《中华人民共和国刑事诉讼法》第十五条及《最高人民法院关于审理非法集资刑事案件具体应用法律若干问题的解释》第一条、第二条、第三条之规定，判决如下： 一、被告人石礁犯非法吸收公众存款罪，判处有期徒刑三年，罚金人民币十五万元（刑期从判决执行之日起计算；判决执行以前先行羁押的，羁押一日折抵刑期一日。即自2018年1月12日起至2021年1月11日止。罚金于本判决发生法律效力后三个月内缴纳）。 二、责令被告人石礁退赔投资人的经济损失［含在案人民币二百万元及轮候查封被告人石礁在遵化市华明北路某座底商房产（房权证号遵镇字第×××号）、被告人石礁在遵化市石人沟油路东房产（房权证号遵镇字第×××号）、河北中林建筑机械有限公司在遵化市某园区的土地使用权及扣押被告人石礁手机一部之变价款。投资人名单另附］。 三、在案扣押票据一包，发还被告人石礁。 如不服本判决，可在接到判决书的第二日起十日内，通过本院或者直接向北京市第三中级人民法院提出上诉。书面上诉的，应当提交上诉状正本一份，副本二份。 审判长付想兵 人民陪审员白玉萍 人民陪审员常文煜 二〇一九年五月二十四日 书记员沈紫薇","writId":"006bd678bdb4f966b8c17f3c2a5fb814928","writName":"石礁非法吸收公众存款一审刑事判决书"}
