{"ajId":"2bd6fb52-6d01-4e42-ae11-f39ec18025aa","ajName":"陈某走私、贩卖、运输、制造毒品一案","ajjbqk":" 公诉机关指控：2016年8月31日9时许，被告人林平正在武汉市青山区117街坊钢花综合市场，趁公民于某某不备之机，从其随身携带的红色布袋内扒得红色钱包一个，内有现金人民币65元，华为牌G620-L75型手机1部。经鉴定，被盗手机价值人民币220元。 涉案赃款赃物已起获并发还被害人。 公诉机关认为被告人林平正具有累犯的从重处罚情节及如实供述犯罪事实的从轻处罚情节，建议在有期徒刑六个月至八个月的量刑幅度内判处被告人林平正刑罚，并处罚金。 被告人林平正对公诉机关指控的事实、罪名、证据及量刑建议没有异议且签字具结，在开庭审理过程中亦无异议。 ","cpfxgc":"本院认为，公诉机关指控被告人林平正犯盗窃罪的事实清楚，证据确实、充分，指控罪名成立，量刑建议适当，应予采纳。被告人林平正曾因犯盗窃罪被判处过有期徒刑，在刑罚执行完毕后，五年内再犯应当判处有期徒刑以上刑罚之罪，系累犯，依法应当从重处罚。被告人林平正具有如实供述犯罪事实和当庭自愿认罪的从轻处罚情节。据此，依照《中华人民共和国刑法》第二百六十四条、第六十五条第一款、第六十七条第三款、第五十二条、第五十三条的规定，判决如下：","pjjg":" 被告人林平正犯盗窃罪，判处有期徒刑七个月，并处罚金人民币1，000元（未缴纳）。 （刑期从判决执行之日起计算。判决执行以前先行羁押的，羁押一日折抵刑期一日。即自2016年8月31日起至2017年3月30日止。罚金款于本判决生效后十日内缴纳，期满不缴纳的，强制缴纳。） 如不服本判决，可在接到判决书的第二日起十日内，通过本院或者直接向湖北省武汉市中级人民法院提出上诉。书面上诉的，应当提交上诉状正本一份，副本二份。","qw":"林平正盗窃一审刑事判决书 湖北省武汉市青山区人民法院 刑事判决书 （2016）鄂0107刑初490号 公诉机关湖北省武汉市青山区人民检察院。 被告人林平正。2015年6月，因犯盗窃罪被湖北省武汉东湖新技术开发区人民法院判处有期徒刑八个月，并处罚金人民币1，000元，于2015年7月17日刑满释放。现因涉嫌犯盗窃罪，于2016年8月31日被武汉市公安局青山区分局（钢城分局）刑事拘留，同年9月13日被逮捕。 公诉机关以武青检刑诉（2016）499号起诉书指控被告人林平正犯盗窃罪。本院适用刑事案件速裁程序，实行独任审判，公开开庭审理了本案。 公诉机关指控：2016年8月31日9时许，被告人林平正在武汉市青山区117街坊钢花综合市场，趁公民于某某不备之机，从其随身携带的红色布袋内扒得红色钱包一个，内有现金人民币65元，华为牌G620-L75型手机1部。经鉴定，被盗手机价值人民币220元。 涉案赃款赃物已起获并发还被害人。 公诉机关认为被告人林平正具有累犯的从重处罚情节及如实供述犯罪事实的从轻处罚情节，建议在有期徒刑六个月至八个月的量刑幅度内判处被告人林平正刑罚，并处罚金。 被告人林平正对公诉机关指控的事实、罪名、证据及量刑建议没有异议且签字具结，在开庭审理过程中亦无异议。 本院认为，公诉机关指控被告人林平正犯盗窃罪的事实清楚，证据确实、充分，指控罪名成立，量刑建议适当，应予采纳。被告人林平正曾因犯盗窃罪被判处过有期徒刑，在刑罚执行完毕后，五年内再犯应当判处有期徒刑以上刑罚之罪，系累犯，依法应当从重处罚。被告人林平正具有如实供述犯罪事实和当庭自愿认罪的从轻处罚情节。据此，依照《中华人民共和国刑法》第二百六十四条、第六十五条第一款、第六十七条第三款、第五十二条、第五十三条的规定，判决如下： 被告人林平正犯盗窃罪，判处有期徒刑七个月，并处罚金人民币1，000元（未缴纳）。 （刑期从判决执行之日起计算。判决执行以前先行羁押的，羁押一日折抵刑期一日。即自2016年8月31日起至2017年3月30日止。罚金款于本判决生效后十日内缴纳，期满不缴纳的，强制缴纳。） 如不服本判决，可在接到判决书的第二日起十日内，通过本院或者直接向湖北省武汉市中级人民法院提出上诉。书面上诉的，应当提交上诉状正本一份，副本二份。 审判员刘俊 二〇一六年十一月二十二日 书记员李小波","writId":"056bc83a48581e8ae2f60a0ce7cdbca52d8","writName":"林平正盗窃一审刑事判决书"}
