{"ajId":"8b91e3c8-06f4-48c9-a616-1779c45d12c4","ajName":"邵阳县阳光石材有限公司、张耀风非法占用农用地罪一案","ajjbqk":" 湖南省邵阳县人民检察院指控：邵阳县阳光石材有限公司于2013年12月19日成立，法定代表人及实际管理人均为张耀风。2013年10月份以来，邵阳县阳光石材有限公司在未办理国土用地手续的情况下，租用邵阳县霞塘云乡真如庵村村委会及农户的集体土地修建采石场。经邵阳县国土资源局认定，除去矿权面积，邵阳县阳光石材有限公司非法占用土地38.29亩，其中基本农田33.664亩、自然保留地2.526亩、林地2.1亩。经鉴定，邵阳县阳光石材有限公司占用的33.664亩耕地的耕地质量损毁程度为特别严重。公诉机关当庭宣读并出示了证人谢某1、肖某1、肖某2、谢某2、肖某3、肖某4、谢某3、肖某5、张绍红的证言，耕地质量损毁程度鉴定意见书，情况说明，身份证复印件，营业执照，采矿许可证，组织机构代码证，安全生产许可证，税务登记证，股份转让协议书，合同书，邵阳县阳光石材有限公司用地测绘，地类确认报告，基要农田确认报告，国土资源行政处罚告知书，情况说明，证明，税收完税证明，抓获经过，刑事判决书，被告人张耀风的供述和辩解及户籍资料等证据证明，指控被告单位邵阳县阳光石材有限公司及被告人张耀风犯非法占用农用地罪。请本院依法判处。 被告人张耀风及被告单位的诉讼代表人张绍红均辩称邵阳县阳光石材有限公司采石场占用的地方不是农田。 经审理查明：邵阳县阳光石材有限公司于2013年开始筹建，股东包括被告人张耀风及张绍红在内共九人，实际管理人为张耀风。2013年8月10日，邵阳县阳光石材有限公司与邵阳县霞塘云乡真如庵村及责任地的农户签订协议，以一年200元一亩的价格租用集体土地，同年10月，邵阳县阳光石材有限公司在未办理国土用地手续的情况下，擅自在邵阳县霞塘云乡真如庵村非法占用矿权范围以外的农田建采石场。2013年12月19日，邵阳县阳光石材有限公司正式注册成立，法人代表系被告人张耀风。2014年6月30日，邵阳县阳光石材有限公司股东进行股份转让，公司由张耀风、张绍红所有，其中，张耀风占股份80％，张绍红占股份20％。2014年9月25日，邵阳县阳光石材有限公司正式取得《中华人民共和国采矿许可证》。2014年10月份，邵阳县阳光石材有限公司开始生产，将机械设备及开采出来的石材、石料堆放在非法占用的矿权范围以外的农田上。除去矿权面积，邵阳县阳光石材有限公司共非法占用土地38.29亩，其中基本农田33.664亩、自然保留地2.526亩、林地2.1亩。至案发，邵阳县阳光石材有限公司占用的33.664亩耕地的耕作层和田间基础设施全部被破坏，现已无法耕种农作物，耕地质量损毁程度特别严重。 2015年12月29日中午11时许，长沙铁路公安处邵阳车站派出所民警在邵阳县汽车总站售票厅内将被告人张耀风抓获。 上述事实有下列经庭审质证并经查证属实的证据证明： 1、营业执照证明，邵阳县阳光石材有限公司于2013年12月19日成立，法定代表人为张耀风，住所地邵阳县霞塘云乡真如庵村，经营范围为建筑石料用灰岩露天开采、加工、销售； 2、采矿许可证证明，邵阳县阳光石材有限公司矿区面积为0.0154平方公里，并注明了矿区范围拐点坐标； 3、组织机构代码证证明，邵阳县阳光石材有限公司的代码为08915557-7。 4、安全生产许可证证明，2015年6月2日邵阳县阳光石材有限公司在湖南省安全生产监督管理局办理了安全生产许可证； 5、税务登记证证明，邵阳县阳光石材有限公司办理税务登记的情况； 6、股份转让协议书证明，邵阳县阳光石材有限公司股东于2014年6月30日进行股份转让，公司由张耀风、张绍红所有，其中，张耀风占股份80％，张绍红占股份20％； 7、石头山租赁合同书证明，阳光采石场于2013年8月10日就采石场用地与邵阳县霞塘云乡真如庵村村民委员会签订了合同，由阳光采石场租用真如庵村、村民土地共计24.73亩，租期为20年，其中山土每年租价为200元； 8、邵阳县阳光石材有限公司用地测绘证明，邵阳县阳光石材有限公司原采矿区红内线总面积为25.66亩，其中基本农田0.185亩，自然保留地1.5亩，林地23.975亩；邵阳县阳光石材有限公司地块一用地范围示意图，红内线总面积38.29亩，其中基本农田33.664亩、自然保留地2.526亩、林地2.1亩； 9、国土资源行政处罚告知书、情况说明证明，邵阳县阳光石材公司擅自占用矿外土地38.29亩用于建采石场，邵阳县国土资源局于2015年7月7日对邵阳县阳光石材有限公司非法占地行为进行行政处罚：一、责令邵阳县阳光石材有限公司立即停止非法占地行为，退还非法占用的土地，限期30天内拆除地上新建的建筑物；二、对邵阳县阳光石材有限公司非法占用基本农田33.69亩、自然保留地2.526亩的行为并处47万元人民币的罚款，邵阳县阳光石材有限公司至今未履行该行政处罚，2015年9月邵阳县国土资源局依法将案件移送邵阳县公安局查处； 10、邵阳县地方税务局第一税务分局证明及税收完税证明证明，邵阳县阳光石材有限公司于2014年在邵阳县地税局缴纳了耕地占用税2万元，2015年缴纳了4万元，2016年缴纳了6万元； 11、地类确认报告证明，红线范围内邵阳县阳光石材有限公司占地范围面积38.29亩，根据图例，其中基本农田33.664亩，自然保留地2.526亩，林地2.1亩； 12、基本农田确认报告证明，红线内用地范围面积38.29亩，根据图例黄色区域为基本农田，面积33.664亩； 13、邵阳市国土资源局邵国地资耕地损鉴字（2015）12号耕地质量损毁程度鉴定意见及情况说明证明，邵阳县阳光石材有限公司在霞塘云真如庵村占用的38.29亩土地中33.664亩耕地的耕作层和田间基础设施全部被破坏，现已无法耕种农作物，耕地质量损毁程度特别严重； 15、证人谢某1的证言证明，他是霞塘云乡真如庵村的村民，阳光采石场占用真如庵村12多亩地，占用了他家八分地，其中有六分是责任土，租金是是400元一亩，采石场的山角下是责任土，由于年轻人都不在家，责任土都种树了； 16、证人肖某1的证言证明，阳光采石场是2013年开始修建，2014年建成投产的，采石场座落在邵阳县霞塘云乡真如庵村麻子冲，占用了其村里的责任土和荒山，采石场租用了他家0.21亩责任土，租金是每年50多元，租期是20年，现在这责任土已被挖掉了，看不见了； 17、证人肖某2的证言证明，阳光采石场占用了他家4分面积的责任土，租金是是400元一亩，租期是20年，采石场用来堆放石材和石料，已经全部毁坏了，要耕种是不可能的了； 18、证人谢某2的证言证明，阳光采石场座落在邵阳县霞塘云乡真如庵村麻子冲，占用了其村里的责任土和荒山，采石场租用了他家1亩多责任土，租金每年500多元，租期是20年，公司用作堆放石料和机械了； 19、证人肖某4的证言证明，阳光采石场的法定代表人是张耀风，占九股，他妻子张绍红占一股，采石场租了30亩石山，24亩责任土，24亩责任土已被占用了，用来放采石场的机械和堆放石料； 20、证人谢某3的证言证明，阳光采石场座落在邵阳县霞塘云乡真如庵村麻子冲，占用了他们肖家片村民的石山和部分土地用作开采石材，租赁了他们组1.6亩荒山，责任土都是荒废了的，没有进行耕作和种植； 21、证人肖某5的证言证明，阳光采石场座落在邵阳县霞塘云乡真如庵村麻子冲，占用了他一分地，原来是猪饲料地，也就是用来种植红薯等，后来出来了就荒废了，租给阳光采石场时是荒废了的，没有种农作物等，现在堆了打碎的石子和机械设备； 22、证人肖某3的证言证明，阳光采石场是2013年10月份修建的，座落在邵阳县霞塘云乡真如庵村麻子冲，占用的责任土有肖家片责任土13.27亩，谢家片责任土11.46亩，都是到户的责任土，都属于农用地，刚分到户时，在家还种植一些农作物，还栽了橘子树，但最近几年，劳动力都出去了，没有栽树，也没有种植农作物，都是荒芜的，现责任土都被整平了，用来放采石场的机械和堆放石料； 23、证人张绍红的证言证明，邵阳县霞塘云乡阳光石材有限公司是2013年开始筹建的，法人代表由张耀风才担任至今，原始股东有她、蒋某1、张耀风、谢某4、邓某、蒋某2，2014年6月30日，他们股东之间进行了股份转让并签订了股份转让协议，股份转让后张耀风占80％的股份，她占20％的股份，公司租赁土地和生产都是由张耀风负责，公司于2014年9月25日正式取得《中华人民共和国采矿许可证》； 24、被告人张耀风的供述和辩解证明，他系邵阳县阳光石材有限公司的法人代表，公司地点在邵阳县霞塘云乡真如庵村麻子冲，公司共租赁了30亩石山，租金是一年12000元，租期是20年，另外还租赁真如庵村谢家片和肖家片共20多亩么户的责任土，每亩是一年400元租金，2014年10月份，公司就开始生产，将挖出来的土方填埋在占用的土地上，到2015年4月份的时候，就差不多占用了现在国土局所测量的面积了。他没有到国土资源局查阅承租土地的性质，不晓得是耕地，乡政府、国土所也没有要他停工，直到2015年7月7日，县国土局才书面通知他，责令停产，收到县国土局的通知十多天后公司就停工了，其中2014年交了2万元的耕地占用税，2015年交了4万元的耕地占用税，2016年交了6万元的耕地占用税； 25、抓获经过证明，长沙铁路公安处邵阳车站派出所民警于2015年12月29日中午11时许在邵阳县汽车总站售票厅内抓获被告人张耀风； 26、刑事判决书证明，张耀风因犯非法买卖枪支、弹药罪于2007年6月30日被湖南省邵阳县人民法院判处有期徒刑三年，缓刑五年； 27、户籍证明证实被告人张耀风的身份信息。 ","cpfxgc":"本院认为：被告单位邵阳县阳光石材有限公司，被告人张耀风作为单位直接负责的主管人员和直接责任人员违反土地管理法规，非法占用耕地，改变被占用土地用途，数量较大，造成耕地大量毁坏，其行为均已构成非法占用农用地罪；被告人归案后如实供述了自己的罪行，是坦白，可从轻处罚；被告人有犯罪前科，应酌情从重处罚；被告人张耀风及被告单位的诉讼代表人张绍红均辩称邵阳县阳光石材有限公司采石场占用的地方不是农田的辩护理由与本案查明的事实不符，本院不予采纳。据此，依照《中华人民共和国刑法》第三百四十二条，第三百四十六条，第六十七条第三款，第五十二条，第五十三条之规定，判决如下：","pjjg":" 一、被告单位邵阳县阳光石材有限公司犯非法占用农用地罪，判处罚金十万元（限判决生效后十日内缴纳）； 二、被告人张耀风犯非法占用农用地罪，判处有期徒刑一年，并处罚金二万元。 （刑期自判决执行之日起计算。罚金限判决生效后十日内缴纳。） 如不服本判决，可在接到判决书的第二日起十日内，通过本院或者直接向湖南省邵阳市中级人民法院提出上诉。书面上诉的，应当提交上诉状正本一份，副本二份。","qw":"湖南省邵阳县人民法院 刑事判决书 （2017）湘0523刑初149号 公诉机关湖南省邵阳县人民检察院。 被告单位邵阳县阳光石材有限公司，组织机构代码08915557-7，单位地址邵阳县霞塘云乡真如庵村，法定代表人张耀风。 诉讼代表人张绍红，女，1975年5月9日出生，汉族，邵阳县阳光石材有限公司股东，户籍地重庆市万盛区，现住邵阳县。 被告人张耀风，男，1970年7月25日出生于湖南省邵阳县，汉族，经商，高中文化，住邵阳县；因犯非法买卖枪支、弹药罪，2007年6月30日被判处有期徒刑三年，缓刑五年；因涉嫌非法占用农用地罪，2015年12月29日被刑事拘留，同日被取保候审，经邵阳县人民检察院决定，2017年1月20日被取保候审，经本院决定，2017年6月1日，继续被取保候审。 湖南省邵阳县人民检察院以邵县检公诉刑诉（2017）81号起诉书指控被告单位邵阳县阳光石材有限公司、被告人张耀风犯非法占用农用地罪，于2017年6月1日向本院提起公诉。本院依法组成合议庭，公开开庭进行了审理。湖南省邵阳县人民检察院指派检察员孙艳波出庭支持公诉，被告人张耀风到庭参加诉讼。现已审理终结。 湖南省邵阳县人民检察院指控：邵阳县阳光石材有限公司于2013年12月19日成立，法定代表人及实际管理人均为张耀风。2013年10月份以来，邵阳县阳光石材有限公司在未办理国土用地手续的情况下，租用邵阳县霞塘云乡真如庵村村委会及农户的集体土地修建采石场。经邵阳县国土资源局认定，除去矿权面积，邵阳县阳光石材有限公司非法占用土地38.29亩，其中基本农田33.664亩、自然保留地2.526亩、林地2.1亩。经鉴定，邵阳县阳光石材有限公司占用的33.664亩耕地的耕地质量损毁程度为特别严重。公诉机关当庭宣读并出示了证人谢某1、肖某1、肖某2、谢某2、肖某3、肖某4、谢某3、肖某5、张绍红的证言，耕地质量损毁程度鉴定意见书，情况说明，身份证复印件，营业执照，采矿许可证，组织机构代码证，安全生产许可证，税务登记证，股份转让协议书，合同书，邵阳县阳光石材有限公司用地测绘，地类确认报告，基要农田确认报告，国土资源行政处罚告知书，情况说明，证明，税收完税证明，抓获经过，刑事判决书，被告人张耀风的供述和辩解及户籍资料等证据证明，指控被告单位邵阳县阳光石材有限公司及被告人张耀风犯非法占用农用地罪。请本院依法判处。 被告人张耀风及被告单位的诉讼代表人张绍红均辩称邵阳县阳光石材有限公司采石场占用的地方不是农田。 经审理查明：邵阳县阳光石材有限公司于2013年开始筹建，股东包括被告人张耀风及张绍红在内共九人，实际管理人为张耀风。2013年8月10日，邵阳县阳光石材有限公司与邵阳县霞塘云乡真如庵村及责任地的农户签订协议，以一年200元一亩的价格租用集体土地，同年10月，邵阳县阳光石材有限公司在未办理国土用地手续的情况下，擅自在邵阳县霞塘云乡真如庵村非法占用矿权范围以外的农田建采石场。2013年12月19日，邵阳县阳光石材有限公司正式注册成立，法人代表系被告人张耀风。2014年6月30日，邵阳县阳光石材有限公司股东进行股份转让，公司由张耀风、张绍红所有，其中，张耀风占股份80％，张绍红占股份20％。2014年9月25日，邵阳县阳光石材有限公司正式取得《中华人民共和国采矿许可证》。2014年10月份，邵阳县阳光石材有限公司开始生产，将机械设备及开采出来的石材、石料堆放在非法占用的矿权范围以外的农田上。除去矿权面积，邵阳县阳光石材有限公司共非法占用土地38.29亩，其中基本农田33.664亩、自然保留地2.526亩、林地2.1亩。至案发，邵阳县阳光石材有限公司占用的33.664亩耕地的耕作层和田间基础设施全部被破坏，现已无法耕种农作物，耕地质量损毁程度特别严重。 2015年12月29日中午11时许，长沙铁路公安处邵阳车站派出所民警在邵阳县汽车总站售票厅内将被告人张耀风抓获。 上述事实有下列经庭审质证并经查证属实的证据证明： 1、营业执照证明，邵阳县阳光石材有限公司于2013年12月19日成立，法定代表人为张耀风，住所地邵阳县霞塘云乡真如庵村，经营范围为建筑石料用灰岩露天开采、加工、销售； 2、采矿许可证证明，邵阳县阳光石材有限公司矿区面积为0.0154平方公里，并注明了矿区范围拐点坐标； 3、组织机构代码证证明，邵阳县阳光石材有限公司的代码为08915557-7。 4、安全生产许可证证明，2015年6月2日邵阳县阳光石材有限公司在湖南省安全生产监督管理局办理了安全生产许可证； 5、税务登记证证明，邵阳县阳光石材有限公司办理税务登记的情况； 6、股份转让协议书证明，邵阳县阳光石材有限公司股东于2014年6月30日进行股份转让，公司由张耀风、张绍红所有，其中，张耀风占股份80％，张绍红占股份20％； 7、石头山租赁合同书证明，阳光采石场于2013年8月10日就采石场用地与邵阳县霞塘云乡真如庵村村民委员会签订了合同，由阳光采石场租用真如庵村、村民土地共计24.73亩，租期为20年，其中山土每年租价为200元； 8、邵阳县阳光石材有限公司用地测绘证明，邵阳县阳光石材有限公司原采矿区红内线总面积为25.66亩，其中基本农田0.185亩，自然保留地1.5亩，林地23.975亩；邵阳县阳光石材有限公司地块一用地范围示意图，红内线总面积38.29亩，其中基本农田33.664亩、自然保留地2.526亩、林地2.1亩； 9、国土资源行政处罚告知书、情况说明证明，邵阳县阳光石材公司擅自占用矿外土地38.29亩用于建采石场，邵阳县国土资源局于2015年7月7日对邵阳县阳光石材有限公司非法占地行为进行行政处罚：一、责令邵阳县阳光石材有限公司立即停止非法占地行为，退还非法占用的土地，限期30天内拆除地上新建的建筑物；二、对邵阳县阳光石材有限公司非法占用基本农田33.69亩、自然保留地2.526亩的行为并处47万元人民币的罚款，邵阳县阳光石材有限公司至今未履行该行政处罚，2015年9月邵阳县国土资源局依法将案件移送邵阳县公安局查处； 10、邵阳县地方税务局第一税务分局证明及税收完税证明证明，邵阳县阳光石材有限公司于2014年在邵阳县地税局缴纳了耕地占用税2万元，2015年缴纳了4万元，2016年缴纳了6万元； 11、地类确认报告证明，红线范围内邵阳县阳光石材有限公司占地范围面积38.29亩，根据图例，其中基本农田33.664亩，自然保留地2.526亩，林地2.1亩； 12、基本农田确认报告证明，红线内用地范围面积38.29亩，根据图例黄色区域为基本农田，面积33.664亩； 13、邵阳市国土资源局邵国地资耕地损鉴字（2015）12号耕地质量损毁程度鉴定意见及情况说明证明，邵阳县阳光石材有限公司在霞塘云真如庵村占用的38.29亩土地中33.664亩耕地的耕作层和田间基础设施全部被破坏，现已无法耕种农作物，耕地质量损毁程度特别严重； 15、证人谢某1的证言证明，他是霞塘云乡真如庵村的村民，阳光采石场占用真如庵村12多亩地，占用了他家八分地，其中有六分是责任土，租金是是400元一亩，采石场的山角下是责任土，由于年轻人都不在家，责任土都种树了； 16、证人肖某1的证言证明，阳光采石场是2013年开始修建，2014年建成投产的，采石场座落在邵阳县霞塘云乡真如庵村麻子冲，占用了其村里的责任土和荒山，采石场租用了他家0.21亩责任土，租金是每年50多元，租期是20年，现在这责任土已被挖掉了，看不见了； 17、证人肖某2的证言证明，阳光采石场占用了他家4分面积的责任土，租金是是400元一亩，租期是20年，采石场用来堆放石材和石料，已经全部毁坏了，要耕种是不可能的了； 18、证人谢某2的证言证明，阳光采石场座落在邵阳县霞塘云乡真如庵村麻子冲，占用了其村里的责任土和荒山，采石场租用了他家1亩多责任土，租金每年500多元，租期是20年，公司用作堆放石料和机械了； 19、证人肖某4的证言证明，阳光采石场的法定代表人是张耀风，占九股，他妻子张绍红占一股，采石场租了30亩石山，24亩责任土，24亩责任土已被占用了，用来放采石场的机械和堆放石料； 20、证人谢某3的证言证明，阳光采石场座落在邵阳县霞塘云乡真如庵村麻子冲，占用了他们肖家片村民的石山和部分土地用作开采石材，租赁了他们组1.6亩荒山，责任土都是荒废了的，没有进行耕作和种植； 21、证人肖某5的证言证明，阳光采石场座落在邵阳县霞塘云乡真如庵村麻子冲，占用了他一分地，原来是猪饲料地，也就是用来种植红薯等，后来出来了就荒废了，租给阳光采石场时是荒废了的，没有种农作物等，现在堆了打碎的石子和机械设备； 22、证人肖某3的证言证明，阳光采石场是2013年10月份修建的，座落在邵阳县霞塘云乡真如庵村麻子冲，占用的责任土有肖家片责任土13.27亩，谢家片责任土11.46亩，都是到户的责任土，都属于农用地，刚分到户时，在家还种植一些农作物，还栽了橘子树，但最近几年，劳动力都出去了，没有栽树，也没有种植农作物，都是荒芜的，现责任土都被整平了，用来放采石场的机械和堆放石料； 23、证人张绍红的证言证明，邵阳县霞塘云乡阳光石材有限公司是2013年开始筹建的，法人代表由张耀风才担任至今，原始股东有她、蒋某1、张耀风、谢某4、邓某、蒋某2，2014年6月30日，他们股东之间进行了股份转让并签订了股份转让协议，股份转让后张耀风占80％的股份，她占20％的股份，公司租赁土地和生产都是由张耀风负责，公司于2014年9月25日正式取得《中华人民共和国采矿许可证》； 24、被告人张耀风的供述和辩解证明，他系邵阳县阳光石材有限公司的法人代表，公司地点在邵阳县霞塘云乡真如庵村麻子冲，公司共租赁了30亩石山，租金是一年12000元，租期是20年，另外还租赁真如庵村谢家片和肖家片共20多亩么户的责任土，每亩是一年400元租金，2014年10月份，公司就开始生产，将挖出来的土方填埋在占用的土地上，到2015年4月份的时候，就差不多占用了现在国土局所测量的面积了。他没有到国土资源局查阅承租土地的性质，不晓得是耕地，乡政府、国土所也没有要他停工，直到2015年7月7日，县国土局才书面通知他，责令停产，收到县国土局的通知十多天后公司就停工了，其中2014年交了2万元的耕地占用税，2015年交了4万元的耕地占用税，2016年交了6万元的耕地占用税； 25、抓获经过证明，长沙铁路公安处邵阳车站派出所民警于2015年12月29日中午11时许在邵阳县汽车总站售票厅内抓获被告人张耀风； 26、刑事判决书证明，张耀风因犯非法买卖枪支、弹药罪于2007年6月30日被湖南省邵阳县人民法院判处有期徒刑三年，缓刑五年； 27、户籍证明证实被告人张耀风的身份信息。 本院认为：被告单位邵阳县阳光石材有限公司，被告人张耀风作为单位直接负责的主管人员和直接责任人员违反土地管理法规，非法占用耕地，改变被占用土地用途，数量较大，造成耕地大量毁坏，其行为均已构成非法占用农用地罪；被告人归案后如实供述了自己的罪行，是坦白，可从轻处罚；被告人有犯罪前科，应酌情从重处罚；被告人张耀风及被告单位的诉讼代表人张绍红均辩称邵阳县阳光石材有限公司采石场占用的地方不是农田的辩护理由与本案查明的事实不符，本院不予采纳。据此，依照《中华人民共和国刑法》第三百四十二条，第三百四十六条，第六十七条第三款，第五十二条，第五十三条之规定，判决如下： 一、被告单位邵阳县阳光石材有限公司犯非法占用农用地罪，判处罚金十万元（限判决生效后十日内缴纳）； 二、被告人张耀风犯非法占用农用地罪，判处有期徒刑一年，并处罚金二万元。 （刑期自判决执行之日起计算。罚金限判决生效后十日内缴纳。） 如不服本判决，可在接到判决书的第二日起十日内，通过本院或者直接向湖南省邵阳市中级人民法院提出上诉。书面上诉的，应当提交上诉状正本一份，副本二份。 审判长尹邦武 审判员唐志刚 人民陪审员张加飞 二〇一七年七月十一日 书记员谢辉辉 附法律条文： 《中华人民共和国刑法》 第三百四十二条违反土地管理法规，非法占用耕地、林地等农用地，改变被占用土地用途，数量较大，造成耕地、林地等农用地大量毁坏的，处五年以下有期徒刑或者拘役，并处或者单处罚金。 第三百四十六条单位犯本节第三百三十八条至第三百四十五条规定之罪的，对单位判处罚金，并对其直接负责的主管人员和其他直接责任人员，依照本节各该条的规定处罚。 第五十二条判处罚金，应当根据犯罪情节决定罚金数额。 第五十三条罚金在判决指定的期限内一次或者分期缴纳。期满不缴纳的，强制缴纳。对于不能全部缴纳罚金的，人民法院在任何时候发现被执行人有可以执行的财产，应当随时追缴。如果由于遭遇不能抗拒的灾祸缴纳确实有困难的，可以酌情减少或者免除。 第六十七条犯罪以后自动投案，如实供述自己的罪行的，是自首。对于自首的犯罪分子，可以从轻或者减轻处罚。其中，犯罪较轻的，可以免除处罚。 被采取强制措施的犯罪嫌疑人、被告人和正在服刑的罪犯，如实供述司法机关还未掌握的本人其他罪行的，以自首论。 犯罪嫌疑人虽不具有前两款规定的自首情节，但是如实供述自己罪行的，可以从轻处罚；因其如实供述自己罪行，避免特别严重后果发生的，可以减轻处罚。","writId":"030753335ebf38021eb582969ab444bab3c","writName":"邵阳县阳光石材有限公司、张耀风非法占用农用地罪一审刑事判决书"}
