{"ajId":"adfabbf2-4475-4756-945e-e381aaabf0a0","ajName":"范某、胡某2等开设赌场罪一案","ajjbqk":" 肥东县人民检察院指控：自2016年6、7月份至同年12月16日期间，被告人胡某2等人在肥东县店埠镇龙西村河南组村民张某1家、胡大郢组胡某1家、山王四组刘某家、杨坝村北湾组赵某家等处以推牌九的方式开设赌场。被告人范某于2016年12月初入股该赌场。赌场每天参赌人员五十人左右，按照庄家赢钱的5-10％抽取“水钱”。期间，被告人胡某2、范某等人从中非法抽头获利数万元。 被告人王某5等人在上述赌场内专门负责看管水箱、收取头子钱，被告人程某、金某等人负责“望风”和接送参赌人员，三名被告人均以每天结算的方式从赌场领取高额工资，期间王某5非法获利一万元左右；程某、金某非法获利各四千元左右。 2016年12月16日22时许，肥东县公安局治安大队民警现场查获位于肥东县店埠镇龙西村河南组村民张某1家的赌场，查获赌资31500元、装有32300元头子钱的水箱和赌具牌九、大板等。 案发后，被告人胡某2退缴违法所得15000元；王某5退缴违法所得10000元；程某、金某退缴违法所得各4000元。 公诉机关认为，被告人范某、胡某2伙同他人以营利为目的，开设赌场聚众赌博，并从中牟利；被告人王某5、程某、金某等人明知他人开设赌场而参与赌场看水箱、望风、接送参赌人员等服务，从中领取高额固定工资。上述五名被告人的行为均触犯了《中华人民共和国刑法》第三百零三条第二款、第二十五条之规定，应当以开设赌场罪追究其刑事责任，且属共同犯罪。针对指控的犯罪事实，公诉机关提供了相应的证据。 被告人范某、胡某2、王某5、程某、金某对起诉书指控的犯罪事实和公诉机关提供的证据均无异议。 经审理查明：自2016年6、7月份至同年12月16日期间，被告人胡某2等人在肥东县店埠镇龙西村河南组张某1家、胡大郢组胡某1家、山王四组刘某家、杨坝村北湾组赵某家等处以推牌九的方式开设赌。被告人范某于2016年12月初入股该赌场。赌场每天有参赌人员五十人左右，按照庄家赢钱的5-10％抽取“水钱”。期间，被告人胡某2、范某等人从中非法抽头获利数万元。被告人王某5等人在上述赌场内专门负责看管水箱、收取头子钱，被告人程某、金某等人负责“望风”和接送参赌人员，被告人王某5、程某、金某均以每天结算的方式从赌场领取高额工资，期间王某5非法获利一万元左右，程某、金某各非法获利四千元左右。 2016年12月16日22时许，肥东县公安局治安大队民警现场查获位于肥东县店埠镇龙西村河南组张某1家的赌场，查获赌资31500元、装有32300元头子钱的水箱和赌具牌九、大板等。 另查明，2017年2月20日，被告人范某在肥东县店埠镇包公大道和沿河东路附近被抓获，到案后能如实供述其主要罪行；同年5月5日，被告人王某5、程某主动到肥东县公安局投案，到案后均能如实供述自己的犯罪事实；同年5月8日，被告人胡某2、金某主动到肥东县公安局投案，到案后均能如实供述自己的犯罪事实。案发后，被告人胡某2退缴违法所得15000元；王某5退缴违法所得10000元；程某、金某各退缴违法所得4000元；审理期间，范某退缴违法所得6000元。 上述事实，有下列经庭审举证、质证的证据证实： 户籍信息、归案经过、现金缴款单、刑事判决书、前科查询等书证，同案人陈某、同案犯程某、谢某、吴某、王某2、王某3的供述，证人王某4、刘某、胡某1、赵某、张某1、李某1、李某2、王某1、张某2、余某、武某等人的证言，被告人范某、胡某2、王某5、程某、金某的供述与辩解，勘验、检查、辨认笔录，现场图、照片等证据。 被告人对认定上述事实的证据不持异议，本院对上述证据的证明力依法予以确认。 ","cpfxgc":"本院认为，被告人范某、胡某2伙同他人以营利为目的，开设赌场，聚众赌博，并从中牟利；被告人王某5、程某、金某等人明知他人开设赌场而参与看管水箱、望风、接送参赌人员等活动，从中领取高额固定工资，五名被告人的行为均已构成开设赌场罪，且属共同犯罪。在共同犯罪中，被告人范某、胡某2起主要作用，是主犯，应当按照其所参与的全部犯罪处罚。被告人范某参与开设赌场时间相较于胡某2短，所起作用相对较小，可酌情从轻处罚；被告人王某5、程某、金某起次要作用，是从犯，应当从轻处罚。被告人范某到案后能如实供述其主要罪行，是坦白，依法可从轻处罚；被告人胡某2、王某5、程某、金某自动投案，到案后均能如实供述自己的罪行，是自首，可从轻处罚；被告人范某、胡某2、王某5、程某、金某退缴违法所得，可酌情从轻处罚。依照《中华人民共和国刑法》第三百零三条第二款、第二十五条第一款、第二十六条第一款、第四款、第二十七条、第六十四条、第六十七条第一款、第三款、第七十二条第一款、第三款、第七十三条第二款、第三款之规定，判决如下：","pjjg":" 一、被告人胡某2犯开设赌场罪，判处有期徒刑一年五个月，缓刑一年五个月，并处罚金人民币四万元； （缓刑考验期限，从判决确定之日起计算。） 二、被告人范某犯开设赌场罪，判处有期徒刑十个月，缓刑一年，并处罚金人民币二万元； （缓刑考验期限，从判决确定之日起计算。） 三、被告人王某5犯开设赌场罪，判处有期徒刑十个月，缓刑一年，并处罚金人民币三万元； （缓刑考验期限，从判决确定之日起计算。） 四、被告人程某犯开设赌场罪，判处有期徒刑八个月，缓刑一年，并处罚金人民币二万元； （缓刑考验期限，从判决确定之日起计算。） 五、被告人金某犯开设赌场罪，判处有期徒刑八个月，缓刑一年，并处罚金人民币二万元； （缓刑考验期限，从判决确定之日起计算。） 六、对被告人范某、胡某2、王某5、程某、金某退缴的违法所得予以没收。 如不服本判决，可在接到判决书的第二日起十日内，通过本院或者直接向安徽省合肥市中级人民法院提出上诉。书面上诉的，应当提交上诉状正本一份，副本三份。","qw":"范某、胡某2等开设赌场罪一审刑事判决书 安徽省肥东县人民法院 刑事判决书 （2017）皖0122刑初178号 公诉机关肥东县人民检察院。 被告人胡某2，男，1980年9月10日出生于安徽省肥东县，汉族，中专文化，无业，户籍地安徽省肥东县，后迁至江苏省南京市江宁区。因涉嫌犯开设赌场罪，于2017年5月8日被肥东县公安局取保候审，同年5月23经被肥东县人民检察院决定被取保候审。 被告人范某（绰号“范小多”），女，1970年8月13日出生于肥东县，汉族，初中文化，无业，户籍地安徽省肥东县，现住本县，2008年12月曾因赌博被肥东县公安局行政拘留十五日。现因涉嫌犯开设赌场罪，于2017年2月21日被肥东县公安局刑事拘留，同年3月28日经肥东县人民检察院批准被逮捕，现羁押于合肥市女子看守所。 被告人王某5，男，1990年2月8日出生于安徽省肥东县，汉族，高中文化，无业，户籍地安徽省肥东县，现住安徽省肥东县。现因涉嫌犯开设赌场罪，于2017年5月5日被肥东县公安局取保候审，同年5月23日经肥东县人民检察院决定被取保候审。 被告人程某（绰号“老程”），男，1966年11月7日出生于安徽省肥东县，汉族，初中文化，农民，住安肥东县，现因涉嫌犯开设赌场罪，于2017年5月5日被肥东县公安局取保候审，同年5月23日经肥东县人民检察院决定被取保候审。 被告人金某（绰号“眼睛”），男，1989年1月29日出生于安徽省肥东县，汉族，初中文化，无业，户籍地肥东县，现住安徽省肥东县。现因涉嫌犯开设赌场罪，于2017年5月8日被肥东县公安局取保候审，同年5月23日经肥东县人民检察院决定被取保候审。 肥东县人民检察院以肥检公诉刑诉［2017］158号起诉书指控被告人范某、胡某2、王某5、程某、金某犯开设赌场罪，于2017年5月27日向本院提起公诉。本院受理后，依法适用简易程序，实行独任审判，于2017年6月5日公开开庭审理了本案。肥东县人民检察院指派检察员胡红霞出庭支持公诉，被告人范某、胡某2、王某5、程某、金某到庭参加诉讼。本案现已审理终结。 肥东县人民检察院指控：自2016年6、7月份至同年12月16日期间，被告人胡某2等人在肥东县店埠镇龙西村河南组村民张某1家、胡大郢组胡某1家、山王四组刘某家、杨坝村北湾组赵某家等处以推牌九的方式开设赌场。被告人范某于2016年12月初入股该赌场。赌场每天参赌人员五十人左右，按照庄家赢钱的5-10％抽取“水钱”。期间，被告人胡某2、范某等人从中非法抽头获利数万元。 被告人王某5等人在上述赌场内专门负责看管水箱、收取头子钱，被告人程某、金某等人负责“望风”和接送参赌人员，三名被告人均以每天结算的方式从赌场领取高额工资，期间王某5非法获利一万元左右；程某、金某非法获利各四千元左右。 2016年12月16日22时许，肥东县公安局治安大队民警现场查获位于肥东县店埠镇龙西村河南组村民张某1家的赌场，查获赌资31500元、装有32300元头子钱的水箱和赌具牌九、大板等。 案发后，被告人胡某2退缴违法所得15000元；王某5退缴违法所得10000元；程某、金某退缴违法所得各4000元。 公诉机关认为，被告人范某、胡某2伙同他人以营利为目的，开设赌场聚众赌博，并从中牟利；被告人王某5、程某、金某等人明知他人开设赌场而参与赌场看水箱、望风、接送参赌人员等服务，从中领取高额固定工资。上述五名被告人的行为均触犯了《中华人民共和国刑法》第三百零三条第二款、第二十五条之规定，应当以开设赌场罪追究其刑事责任，且属共同犯罪。针对指控的犯罪事实，公诉机关提供了相应的证据。 被告人范某、胡某2、王某5、程某、金某对起诉书指控的犯罪事实和公诉机关提供的证据均无异议。 经审理查明：自2016年6、7月份至同年12月16日期间，被告人胡某2等人在肥东县店埠镇龙西村河南组张某1家、胡大郢组胡某1家、山王四组刘某家、杨坝村北湾组赵某家等处以推牌九的方式开设赌。被告人范某于2016年12月初入股该赌场。赌场每天有参赌人员五十人左右，按照庄家赢钱的5-10％抽取“水钱”。期间，被告人胡某2、范某等人从中非法抽头获利数万元。被告人王某5等人在上述赌场内专门负责看管水箱、收取头子钱，被告人程某、金某等人负责“望风”和接送参赌人员，被告人王某5、程某、金某均以每天结算的方式从赌场领取高额工资，期间王某5非法获利一万元左右，程某、金某各非法获利四千元左右。 2016年12月16日22时许，肥东县公安局治安大队民警现场查获位于肥东县店埠镇龙西村河南组张某1家的赌场，查获赌资31500元、装有32300元头子钱的水箱和赌具牌九、大板等。 另查明，2017年2月20日，被告人范某在肥东县店埠镇包公大道和沿河东路附近被抓获，到案后能如实供述其主要罪行；同年5月5日，被告人王某5、程某主动到肥东县公安局投案，到案后均能如实供述自己的犯罪事实；同年5月8日，被告人胡某2、金某主动到肥东县公安局投案，到案后均能如实供述自己的犯罪事实。案发后，被告人胡某2退缴违法所得15000元；王某5退缴违法所得10000元；程某、金某各退缴违法所得4000元；审理期间，范某退缴违法所得6000元。 上述事实，有下列经庭审举证、质证的证据证实： 户籍信息、归案经过、现金缴款单、刑事判决书、前科查询等书证，同案人陈某、同案犯程某、谢某、吴某、王某2、王某3的供述，证人王某4、刘某、胡某1、赵某、张某1、李某1、李某2、王某1、张某2、余某、武某等人的证言，被告人范某、胡某2、王某5、程某、金某的供述与辩解，勘验、检查、辨认笔录，现场图、照片等证据。 被告人对认定上述事实的证据不持异议，本院对上述证据的证明力依法予以确认。 本院认为，被告人范某、胡某2伙同他人以营利为目的，开设赌场，聚众赌博，并从中牟利；被告人王某5、程某、金某等人明知他人开设赌场而参与看管水箱、望风、接送参赌人员等活动，从中领取高额固定工资，五名被告人的行为均已构成开设赌场罪，且属共同犯罪。在共同犯罪中，被告人范某、胡某2起主要作用，是主犯，应当按照其所参与的全部犯罪处罚。被告人范某参与开设赌场时间相较于胡某2短，所起作用相对较小，可酌情从轻处罚；被告人王某5、程某、金某起次要作用，是从犯，应当从轻处罚。被告人范某到案后能如实供述其主要罪行，是坦白，依法可从轻处罚；被告人胡某2、王某5、程某、金某自动投案，到案后均能如实供述自己的罪行，是自首，可从轻处罚；被告人范某、胡某2、王某5、程某、金某退缴违法所得，可酌情从轻处罚。依照《中华人民共和国刑法》第三百零三条第二款、第二十五条第一款、第二十六条第一款、第四款、第二十七条、第六十四条、第六十七条第一款、第三款、第七十二条第一款、第三款、第七十三条第二款、第三款之规定，判决如下： 一、被告人胡某2犯开设赌场罪，判处有期徒刑一年五个月，缓刑一年五个月，并处罚金人民币四万元； （缓刑考验期限，从判决确定之日起计算。） 二、被告人范某犯开设赌场罪，判处有期徒刑十个月，缓刑一年，并处罚金人民币二万元； （缓刑考验期限，从判决确定之日起计算。） 三、被告人王某5犯开设赌场罪，判处有期徒刑十个月，缓刑一年，并处罚金人民币三万元； （缓刑考验期限，从判决确定之日起计算。） 四、被告人程某犯开设赌场罪，判处有期徒刑八个月，缓刑一年，并处罚金人民币二万元； （缓刑考验期限，从判决确定之日起计算。） 五、被告人金某犯开设赌场罪，判处有期徒刑八个月，缓刑一年，并处罚金人民币二万元； （缓刑考验期限，从判决确定之日起计算。） 六、对被告人范某、胡某2、王某5、程某、金某退缴的违法所得予以没收。 如不服本判决，可在接到判决书的第二日起十日内，通过本院或者直接向安徽省合肥市中级人民法院提出上诉。书面上诉的，应当提交上诉状正本一份，副本三份。 审判员张正兵 二〇一七年六月六日 书记员宣扬 附本案适用的法律条文： 《中华人民共和国刑法》 第三百零三条以营利为目的，聚众赌博或者以赌博为业的，处三年以下有期徒刑、拘役或者管制，并处罚金。 开设赌场的，处三年以下有期徒刑、拘役或者管制，并处罚金；情节严重的，处三年以上十年以下有期徒刑，并处罚金。 第二十五条共同犯罪是指二人以上共同故意犯罪。 二人以上共同过失犯罪，不以共同犯罪论处；应当负刑事责任的，按照他们所犯的罪分别处罚。 第二十六条组织、领导犯罪集团进行犯罪活动的或者在共同犯罪中起主要作用的，是主犯。 三人以上为共同实施犯罪而组成的较为固定的犯罪组织，是犯罪集团。 对组织、领导犯罪集团的首要分子，按照集团所犯的全部罪行处罚。 对于第三款规定以外的主犯，应当按照其所参与的或者组织、指挥的全部犯罪处罚。 第二十七条在共同犯罪中起次要或者辅助作用的，是从犯。 对于从犯，应当从轻、减轻处罚或者免除处罚。 第六十四条犯罪分子违法所得的一切财物，应当予以追缴或者责令退赔；对被害人的合法财产，应当及时返还；违禁品和供犯罪所用的本人财物，应当予以没收。没收的财物和罚金，一律上缴国库，不得挪用和自行处理。 第六十七条犯罪以后自动投案，如实供述自己的罪行的，是自首。对于自首的犯罪分子，可以从轻或者减轻处罚。其中，犯罪较轻的，可以免除处罚。 被采取强制措施的犯罪嫌疑人、被告人和正在服刑的罪犯，如实供述司法机关还未掌握的本人其他罪行的，以自首论。 犯罪嫌疑人虽不具有前两款规定的自首情节，但是如实供述自己罪行的，可以从轻处罚；因其如实供述自己罪行，避免特别严重后果发生的，可以减轻处罚。 第七十二条对于被判处拘役、三年以下有期徒刑的犯罪分子，同时符合下列条件的，可以宣告缓刑，对其中不满十八周岁的人、怀孕的妇女和已满七十五周岁的人，应当宣告缓刑： （一）犯罪情节较轻； （二）有悔罪表现； （三）没有再犯罪的危险； （四）宣告缓刑对所居住社区没有重大不某影响。 宣告缓刑，可以根据犯罪情况，同时禁止犯罪分子在缓刑考验期限内从事特定活动，进入特定区域、场所，接触特定的人。 被宣告缓刑的犯罪分子，如果被判处附加刑，附加刑仍须执行。 第七十三条拘役的缓刑考验期限为原判刑期以上一年以下，但是不能少于二个月。 有期徒刑的缓刑考验期限为原判刑期以上五年以下，但是不能少于一年。 缓刑考验期限，从判决确定之日起计算。","writId":"052e78f4151d5bacece5fc638ceba165c18","writName":"范某、胡某2等开设赌场罪一审刑事判决书"}
