{"ajId":"c1d4b93b-f9eb-475e-adb3-2aafe954c7d9","ajName":"丁某某交通肇事一案","ajjbqk":" 上海市浦东新区人民检察院指控，2013年11月1日9时20分许，李某驾驶无号牌电动两轮车（载乘郁某某）沿上海市浦东新区年家浜路南侧非机动车道由西向东行驶至文康路东约30米处，遇一小型汽车停在该处非机动车道内，遂驾车借道至相邻机动车道内继续向东行驶，适遇被告人丁某某驾驶临时行驶车号牌为沪GCXXXX小型轿车沿年家浜路由西向东行驶至此，沪GCXXXX小型轿车右侧前部与无号牌电动两轮车左侧后部发生碰撞，无号牌电动两轮车失控后驶至对方向机动车道，遇潘某驾驶号牌为苏ABXXXX小型轿车沿年家浜路由东向西行驶至此，无号牌电动两轮车又与苏ABXXXX小型轿车左侧前部发生碰撞，造成李某受伤，车辆损坏。事故发生后，被告人丁某某驾车向东逃逸。经鉴定，被害人李某因交通事故致颈6、7水平脊髓损伤，遗留截瘫（双下肢肌力0级），已构成重伤。经交通警察支队认定，被告人丁某某驾驶机动车遇非机动车借用相邻机动车道行驶时，未减速让行，且事故发生后驾车逃逸，负本起事故的主要责任。针对上述事实，公诉机关提供了相关的证据，并认为被告人丁某某的行为触犯了《中华人民共和国刑法》第一百三十三条的规定，应当以交通肇事罪追究刑事责任。 被告人丁某某辩解其没有逃逸，不应负事故的主要责任，故不构成交通肇事罪。 辩护人认为被告人丁某某没有逃逸，不应认定负事故的主要责任，不构成交通肇事罪。 经审理查明，2013年11月1日9时20分许，李某驾驶无号牌电动两轮车（载乘郁某某）沿上海市浦东新区年家浜路南侧非机动车道由西向东行驶至文康路东约30米处，遇一小型汽车停在该处非机动车道内，遂驾车借道至相邻机动车道内继续向东行驶，适遇被告人丁某某驾驶临时行驶车号牌为沪GCXXXX小型轿车沿年家浜路由西向东行驶至此，沪GCXXXX小型轿车右侧前部与无号牌电动两轮车左侧后部发生碰撞，无号牌电动两轮车失控后驶至对方向机动车道，遇潘某驾驶号牌为苏ABXXXX小型轿车沿年家浜路由东向西行驶至此，无号牌电动两轮车又与苏ABXXXX小型轿车左侧前部发生碰撞，造成李某受伤，车辆损坏。事故发生后，被告人丁某某驾车向东逃逸。经鉴定，被害人李某因交通事故致颈6、7水平脊髓损伤，遗留截瘫（双下肢肌力0级），已构成重伤。经上海市公安局浦东分局交通警察支队认定，被告人丁某某驾驶机动车遇非机动车借用相邻机动车道行驶时，未减速让行，且事故发生后驾车逃逸，负本起事故的主要责任。 案发后，被告人丁某某赔偿被害人李某人民币45，000元。 上述事实，有经庭审质证的下列证据证实： 1、被害人李某的陈述笔录，证实2013年11月1日9时20分许，其驾驶电动两轮车（载乘郁某某）沿年家浜路由西向东行驶至文康路东侧处发生交通事故，后其清醒过来时已经在医院的事实。 2、证人郁某某的证言笔录，证实2013年11月1日9时20分许，其乘坐李某驾驶的电动两轮车沿年家浜路由西向东行驶至文康路东约30米处，遇一小型汽车停在该处，李某遂驾车借道继续向东行驶，适遇一辆白色小型轿车同方向从其左侧超过时碰擦李某驾驶的电动两轮车，李某驾驶的电动两轮车失控后向左前方摔倒出去，与沿年家浜路由东向西行驶至此的一辆蓝色轿车发生碰撞，造成李某受伤，事故发生后，白色小型轿车没有停车直接驾车离开的事实。 3、证人胡某某的证言笔录，证实2013年11月1日9时20分许，其驾驶大型客车沿年家浜路由西向东行驶至文康路东侧，看见前面一辆由西向东行驶的电动两轮车歪歪斜斜的驶向由东向西的机动车道，与沿年家浜路由东向西行驶至此的一辆轿车发生碰撞，同时看见一辆白色小型轿车没有停车直接驾车由西向东驶离的事实。 4、证人潘某的证言笔录，证实2013年11月1日9时20分许，其驾驶号牌为苏ABXXXX的小型轿车沿年家浜路由东向西行驶至文康路东侧，看见由西向东的一辆电动两轮车在一辆白色小型轿车之前歪歪斜斜的，后白色小型轿车碰擦电动两轮车，电动两轮车驶向其车道并与其驾驶的小型轿车发生碰撞，白色小型轿车未停车直接驾车离开的事实。 5、证人朱某某的证言笔录，证实案发时其在年家浜路南侧看见一辆轿车停在道路南侧非机动车道内，一辆电动两轮车沿年家浜路由西向东行驶至此借道至相邻机动车道内继续向东行驶，一辆同方向行驶的白色小型轿车碰擦电动两轮车，电动两轮车失控后驶至对方向机动车道，白色小型轿车未停车直接驾车离开的事实。 6、证人张某某的证言笔录，证实案发后蓝色轿车驾驶员下车让其拨打120救护电话救人，并让其追逃跑的车辆，后其驾驶电动自行车追但没有追到逃跑车辆的事实。 7、道路交通事故现场勘查笔录、道路交通事故照片，证实交通事故现场和相关车辆的情况。 8、户籍人员基本信息、驾驶人信息、车辆信息、机动车驾驶证，证实本案相关人员的户籍、驾驶证和车辆行驶证等信息。 9、复旦大学上海医学院司法鉴定中心司法鉴定意见书，证实被害人李某因交通事故致颈6、7水平脊髓损伤，遗留截瘫（双下肢肌力0级），已构成重伤的事实。 10、复旦大学上海医学院司法鉴定中心检验报告书，证实悬挂临时行驶车号牌沪GCXXXX的小型轿车符合国家《机动车运行安全技术条件》的标准，该小型轿车右侧前部与未见悬挂号牌电动两轮车左侧后部相碰撞的形态可以成立的事实。 11、上海市公安局浦东分局交通警察支队道路交通事故认定书，证实被告人丁某某驾驶机动车遇非机动车借用相邻机动车道行驶时，未减速让行，且事故发生后驾车逃逸，负本起事故主要责任的事实。 12、公安机关出具的案发及抓获经过、视听资料，证实本案的案发和被告人丁某某到案经过的情况。 13、被告人丁某某的供述笔录，证实被告人丁某某到案后供述于2013年11月1日9时许，其驾驶临时行驶车号牌为沪GCXXXX的白色小型轿车沿年家浜路由西向东行驶至文康路东侧处，右侧非机动车道停放着一辆小型汽车，有一辆同方向行驶的电动两轮车借道至机动车道内，其驾车超越时碰擦电动两轮车，并看到电动两轮车向右侧偏了一下，其未停车直接驾车向东行驶，后从其左侧行驶的一辆轿车驾驶员指了指他，其就打开其车左前门的车窗，该驾驶员对其讲车辆在前面出事故了，其听后认为没有看到电动两轮车倒地，不会有事，所以就驾车直接回到了其居住的小区，等其停好车后下车发现轿车右侧有新鲜擦痕，知道是刚才碰擦电动两轮车造成的。 14、公安机关出具的受案回执，证实被告人丁某某于2013年11月3日因其车辆不见曾向公安机关报案的事实。 ","cpfxgc":"本院认为，被告人丁某某违反交通运输管理法规，发生重大事故，致一人重伤，负事故的主要责任，且在肇事后逃逸，依照《中华人民共和国刑法》第一百三十三条的规定，已构成交通肇事罪，应处三年以下有期徒刑。公诉机关指控被告人丁某某犯交通肇事罪的事实清楚，证据确实、充分，罪名成立。关于被告人丁某某及辩护人认为没有逃逸，不应认定负事故的主要责任，不构成交通肇事罪的意见，与本院审理查明的案件事实、证据和法律的规定相悖，本院依法不予采信。被告人丁某某到案后尚能如实供述犯罪事实，依照《中华人民共和国刑法》第六十七条第三款的规定，可以从轻处罚。被告人丁某某赔偿被害人李某人民币45，000元，可以酌情从轻处罚。本院为保障交通运输安全，维护公共安全，判决如下：","pjjg":" 被告人丁某某犯交通肇事罪，判处有期徒刑一年六个月。 （刑期从判决执行之日起计算；判决执行以前先行羁押的，羁押一日折抵刑期一日，即自2014年12月9日起至2016年5月24日止。） 如不服本判决，可在接到判决书的第二日起十日内，通过本院或者直接向上海市第一中级人民法院提出上诉。书面上诉的，应当提交上诉状正本一份，副本二份。","qw":"上海市浦东新区人民法院 刑事判决书 （2014）浦刑初字第5362号 公诉机关上海市浦东新区人民检察院。 被告人丁某某。 辩护人杨超，上海永联律师事务所律师。 上海市浦东新区人民检察院以沪浦检刑诉（2014）4699号起诉书指控被告人丁某某犯交通肇事罪，于2014年11月13日向本院提起公诉。本院于同日立案后，依法组成合议庭，公开开庭审理了本案。上海市浦东新区人民检察院指派检察员王某某、代理检察员顾某某出庭支持公诉，被告人丁某某及辩护人杨超到庭参加诉讼。现已审理终结。 上海市浦东新区人民检察院指控，2013年11月1日9时20分许，李某驾驶无号牌电动两轮车（载乘郁某某）沿上海市浦东新区年家浜路南侧非机动车道由西向东行驶至文康路东约30米处，遇一小型汽车停在该处非机动车道内，遂驾车借道至相邻机动车道内继续向东行驶，适遇被告人丁某某驾驶临时行驶车号牌为沪GCXXXX小型轿车沿年家浜路由西向东行驶至此，沪GCXXXX小型轿车右侧前部与无号牌电动两轮车左侧后部发生碰撞，无号牌电动两轮车失控后驶至对方向机动车道，遇潘某驾驶号牌为苏ABXXXX小型轿车沿年家浜路由东向西行驶至此，无号牌电动两轮车又与苏ABXXXX小型轿车左侧前部发生碰撞，造成李某受伤，车辆损坏。事故发生后，被告人丁某某驾车向东逃逸。经鉴定，被害人李某因交通事故致颈6、7水平脊髓损伤，遗留截瘫（双下肢肌力0级），已构成重伤。经交通警察支队认定，被告人丁某某驾驶机动车遇非机动车借用相邻机动车道行驶时，未减速让行，且事故发生后驾车逃逸，负本起事故的主要责任。针对上述事实，公诉机关提供了相关的证据，并认为被告人丁某某的行为触犯了《中华人民共和国刑法》第一百三十三条的规定，应当以交通肇事罪追究刑事责任。 被告人丁某某辩解其没有逃逸，不应负事故的主要责任，故不构成交通肇事罪。 辩护人认为被告人丁某某没有逃逸，不应认定负事故的主要责任，不构成交通肇事罪。 经审理查明，2013年11月1日9时20分许，李某驾驶无号牌电动两轮车（载乘郁某某）沿上海市浦东新区年家浜路南侧非机动车道由西向东行驶至文康路东约30米处，遇一小型汽车停在该处非机动车道内，遂驾车借道至相邻机动车道内继续向东行驶，适遇被告人丁某某驾驶临时行驶车号牌为沪GCXXXX小型轿车沿年家浜路由西向东行驶至此，沪GCXXXX小型轿车右侧前部与无号牌电动两轮车左侧后部发生碰撞，无号牌电动两轮车失控后驶至对方向机动车道，遇潘某驾驶号牌为苏ABXXXX小型轿车沿年家浜路由东向西行驶至此，无号牌电动两轮车又与苏ABXXXX小型轿车左侧前部发生碰撞，造成李某受伤，车辆损坏。事故发生后，被告人丁某某驾车向东逃逸。经鉴定，被害人李某因交通事故致颈6、7水平脊髓损伤，遗留截瘫（双下肢肌力0级），已构成重伤。经上海市公安局浦东分局交通警察支队认定，被告人丁某某驾驶机动车遇非机动车借用相邻机动车道行驶时，未减速让行，且事故发生后驾车逃逸，负本起事故的主要责任。 案发后，被告人丁某某赔偿被害人李某人民币45，000元。 上述事实，有经庭审质证的下列证据证实： 1、被害人李某的陈述笔录，证实2013年11月1日9时20分许，其驾驶电动两轮车（载乘郁某某）沿年家浜路由西向东行驶至文康路东侧处发生交通事故，后其清醒过来时已经在医院的事实。 2、证人郁某某的证言笔录，证实2013年11月1日9时20分许，其乘坐李某驾驶的电动两轮车沿年家浜路由西向东行驶至文康路东约30米处，遇一小型汽车停在该处，李某遂驾车借道继续向东行驶，适遇一辆白色小型轿车同方向从其左侧超过时碰擦李某驾驶的电动两轮车，李某驾驶的电动两轮车失控后向左前方摔倒出去，与沿年家浜路由东向西行驶至此的一辆蓝色轿车发生碰撞，造成李某受伤，事故发生后，白色小型轿车没有停车直接驾车离开的事实。 3、证人胡某某的证言笔录，证实2013年11月1日9时20分许，其驾驶大型客车沿年家浜路由西向东行驶至文康路东侧，看见前面一辆由西向东行驶的电动两轮车歪歪斜斜的驶向由东向西的机动车道，与沿年家浜路由东向西行驶至此的一辆轿车发生碰撞，同时看见一辆白色小型轿车没有停车直接驾车由西向东驶离的事实。 4、证人潘某的证言笔录，证实2013年11月1日9时20分许，其驾驶号牌为苏ABXXXX的小型轿车沿年家浜路由东向西行驶至文康路东侧，看见由西向东的一辆电动两轮车在一辆白色小型轿车之前歪歪斜斜的，后白色小型轿车碰擦电动两轮车，电动两轮车驶向其车道并与其驾驶的小型轿车发生碰撞，白色小型轿车未停车直接驾车离开的事实。 5、证人朱某某的证言笔录，证实案发时其在年家浜路南侧看见一辆轿车停在道路南侧非机动车道内，一辆电动两轮车沿年家浜路由西向东行驶至此借道至相邻机动车道内继续向东行驶，一辆同方向行驶的白色小型轿车碰擦电动两轮车，电动两轮车失控后驶至对方向机动车道，白色小型轿车未停车直接驾车离开的事实。 6、证人张某某的证言笔录，证实案发后蓝色轿车驾驶员下车让其拨打120救护电话救人，并让其追逃跑的车辆，后其驾驶电动自行车追但没有追到逃跑车辆的事实。 7、道路交通事故现场勘查笔录、道路交通事故照片，证实交通事故现场和相关车辆的情况。 8、户籍人员基本信息、驾驶人信息、车辆信息、机动车驾驶证，证实本案相关人员的户籍、驾驶证和车辆行驶证等信息。 9、复旦大学上海医学院司法鉴定中心司法鉴定意见书，证实被害人李某因交通事故致颈6、7水平脊髓损伤，遗留截瘫（双下肢肌力0级），已构成重伤的事实。 10、复旦大学上海医学院司法鉴定中心检验报告书，证实悬挂临时行驶车号牌沪GCXXXX的小型轿车符合国家《机动车运行安全技术条件》的标准，该小型轿车右侧前部与未见悬挂号牌电动两轮车左侧后部相碰撞的形态可以成立的事实。 11、上海市公安局浦东分局交通警察支队道路交通事故认定书，证实被告人丁某某驾驶机动车遇非机动车借用相邻机动车道行驶时，未减速让行，且事故发生后驾车逃逸，负本起事故主要责任的事实。 12、公安机关出具的案发及抓获经过、视听资料，证实本案的案发和被告人丁某某到案经过的情况。 13、被告人丁某某的供述笔录，证实被告人丁某某到案后供述于2013年11月1日9时许，其驾驶临时行驶车号牌为沪GCXXXX的白色小型轿车沿年家浜路由西向东行驶至文康路东侧处，右侧非机动车道停放着一辆小型汽车，有一辆同方向行驶的电动两轮车借道至机动车道内，其驾车超越时碰擦电动两轮车，并看到电动两轮车向右侧偏了一下，其未停车直接驾车向东行驶，后从其左侧行驶的一辆轿车驾驶员指了指他，其就打开其车左前门的车窗，该驾驶员对其讲车辆在前面出事故了，其听后认为没有看到电动两轮车倒地，不会有事，所以就驾车直接回到了其居住的小区，等其停好车后下车发现轿车右侧有新鲜擦痕，知道是刚才碰擦电动两轮车造成的。 14、公安机关出具的受案回执，证实被告人丁某某于2013年11月3日因其车辆不见曾向公安机关报案的事实。 本院认为，被告人丁某某违反交通运输管理法规，发生重大事故，致一人重伤，负事故的主要责任，且在肇事后逃逸，依照《中华人民共和国刑法》第一百三十三条的规定，已构成交通肇事罪，应处三年以下有期徒刑。公诉机关指控被告人丁某某犯交通肇事罪的事实清楚，证据确实、充分，罪名成立。关于被告人丁某某及辩护人认为没有逃逸，不应认定负事故的主要责任，不构成交通肇事罪的意见，与本院审理查明的案件事实、证据和法律的规定相悖，本院依法不予采信。被告人丁某某到案后尚能如实供述犯罪事实，依照《中华人民共和国刑法》第六十七条第三款的规定，可以从轻处罚。被告人丁某某赔偿被害人李某人民币45，000元，可以酌情从轻处罚。本院为保障交通运输安全，维护公共安全，判决如下： 被告人丁某某犯交通肇事罪，判处有期徒刑一年六个月。 （刑期从判决执行之日起计算；判决执行以前先行羁押的，羁押一日折抵刑期一日，即自2014年12月9日起至2016年5月24日止。） 如不服本判决，可在接到判决书的第二日起十日内，通过本院或者直接向上海市第一中级人民法院提出上诉。书面上诉的，应当提交上诉状正本一份，副本二份。 审判长李俊 代理审判员蒋华 人民陪审员严中南 二〇一五年二月六日 书记员周琴华 附：相关法律条文 附：相关的法律条文 《中华人民共和国刑法》 第一百三十三条违反交通运输管理法规，因而发生重大事故，致人重伤、死亡或者使公私财产遭受重大损失的，处三年以下有期徒刑或者拘役；交通运输肇事后逃逸或者有其他特别恶劣情节的，处三年以上七年以下有期徒刑；因逃逸致人死亡的，处七年以上有期徒刑。 第六十七条第三款犯罪嫌疑人虽不具有前两款规定的自首情节，但是如实供述自己罪行的，可以从轻处罚；因其如实供述自己罪行，避免特别严重后果发生的，可以减轻处罚。","writId":"031e03f50b90868cce480184d3e5dbf8b4e","writName":"丁某某交通肇事一审刑事判决书"}
