{"ajId":"88a6f46f-565e-4bf8-943e-68208145820b","ajName":"白丹、周超开设赌场一案","ajjbqk":" 郑州高新技术产业开发区人民检察院指控：自2015年3月份以来，被告人白丹与被告人周超，以营利目的，在郑州经济技术开发区朝凤路1号亚太花园北侧门面房开设赌场，2015年6月份以来，被告人江丽梅与被告人梁甲坤为赌博提供赌具，多次组织、招引他人采用德州扑克方式在此聚众赌博。2015年6月17日11时30分左右，该赌场被民警查获，当场抓获赌场负责人白丹、周超、聚众赌博组织者江丽梅、梁甲坤、李京京，张利明以及参加赌博的人员（参加赌博人员另案处理），其中被告人李京京负责记账和销售筹码，被告人张利明负责望风，现场查获赌资21万元。 为证明该指控事实，公诉机关向本院提供了被告人白丹、周超、江丽梅、梁甲坤、李京京、张利明的供述；证人刘凤阳、付某、王某、刘某等人的证言；辨认笔录；物证照片；户籍证明、无前科证明、到案经过、扣押和发还物品清单、pos机签购单、罚没缴款通知书及票据等证据，据此认为被告人白丹、周超、江丽梅、梁甲坤、李京京、张利明的行为已构成开设赌场罪，建议对被告人白丹判处有期徒刑三年，缓刑五年，并处罚金人民币五万元。建议对被告人周超判处有期徒刑三年，缓刑五年，并处罚金人民币五万元。建议对被告人江丽梅判处有期徒刑二年，缓刑三年，并处罚金人民币三万元，建议对被告人梁甲坤判处有期徒刑二年，缓刑三年，并处罚金人民币三万元，建议对被告人李京京判处有期徒刑一年，缓刑二年，并处罚金人民币一万元，建议对被告人张利明判处有期徒刑一年，缓刑二年，并处罚金人民币一万元。 经法庭审理查明的事实、证据与指控的事实、证据相同，被告人白丹、周超、江丽梅、梁甲坤、李京京、张利明对起诉书指控的事实、证据及量刑建议均不持异议，且签字具结，本院予以确认。 ","cpfxgc":"本院认为，公诉机关指控被告人白丹、周超、江丽梅、梁甲坤、李京京、张利明犯开设赌场罪，罪名及提出的量刑建议成立，依法予以支持。有以下量刑情节：（1）在共同犯罪中，被告人白丹、周超起主要作用，系主犯；（2）其余四被告人在共同犯罪中起辅助作用，系从犯，但被告人江丽梅、梁甲坤较被告人李京京、张利明在从犯中所起作用较大，量刑时予以考虑；（3）六被告人认罪被告人到案后如实供述，自愿认罪认罚，依法可从轻处罚。综合全案量刑情节，依照《中华人民共和国刑法》第二百六十四条、第二十五条第一款、第二十六条第一款、第四款、第二十七条、第五十二条、第五十三条、第六十七条第三款、第七十二条第一款、第三款、第七十三条第二款、第三款之规定，判决如下：","pjjg":" 被告人白丹犯开设赌场罪，判处有期徒刑三年，缓刑五年，并处罚金人民币五万元。 被告人周超犯开设赌场罪，判处有期徒刑三年，缓刑五年，并处罚金人民币五万元。 被告人江丽梅犯开设赌场罪，判处有期徒刑二年，缓刑三年，并处罚金人民币三万元， 被告人梁甲坤犯开设赌场罪，判处有期徒刑二年，缓刑三年，并处罚金人民币三万元， 被告人李京京犯开设赌场罪，判处有期徒刑一年，缓刑二年，并处罚金人民币一万元， 被告人张利明犯开设赌场罪，判处有期徒刑一年，缓刑二年，并处罚金人民币一万元 （以上各被告人缓刑考验的期限均从判决确定之日起计算。罚金均自判决生效之日起十日内缴纳。） 如不服本判决，可在接到判决书的第二日起十日内，通过本院或者直接向河南省郑州市中级人民法院提出上诉。书面上诉的，应当提交上诉状正本一份，副本二份。","qw":"河南省郑州高新技术产业开发区人民法院 刑事判决书 （2018）豫0191刑初1277号 公诉机关河南省郑州高新技术产业开发区人民检察院。 被告人白丹，男，1983年6月13日出生于河南登封市，汉族，大学专科文化程度，无业，户籍地河南省登封市。因涉嫌犯开设赌场罪，于2015年6月18日被郑州市公安局经济技术开发区分局刑事拘留，同年7月3日被取保候审。 被告人周超，男，1985年2月24日出生于河南项城市，汉族，大学专科文化程度，无业，户籍地河南省项城市。因涉嫌犯开设赌场罪，于2015年6月18日被郑州市公安局经济技术开发区分局刑事拘留，同年7月3日被取保候审。 被告人江丽梅，女，1977年6月4日出生于浙江省永嘉县，汉族，初中文化程度，无业，户籍地浙江省永嘉县，因涉嫌犯开设赌场罪，于2015年6月18日被郑州市公安局经济技术开发区分局刑事拘留，同年7月1日被取保候审。 被告人梁甲坤，男，1982年12月15日出生于河南省辉县，汉族，大学本科文化程度，无业，户籍地河南省郑州市。因涉嫌犯开设赌场罪，于2015年6月18日被郑州市公安局经济技术开发区分局刑事拘留，同年7月15日被取保候审。 被告人李京京，女，1989年11月9日出生于河南省荥阳市，汉族，中专文化程度，户籍地河南省荥阳市。因涉嫌犯开设赌场罪，于2015年6月18日被郑州市公安局经济技术开发区分局刑事拘留，同年7月15日被取保候审。 被告人张利明，男，1987年3月7日出生于河南省洛宁县，汉族，初中文化程度，无业，户籍地河南省洛宁县。因涉嫌犯开设赌场罪，于2015年6月18日被郑州市公安局经济技术开发区分局刑事拘留，同年7月3日被取保候审。 郑州高新技术产业开发区人民检察院以郑开检公诉刑诉［2018］506号起诉书指控被告人白丹、周超、江丽梅、梁甲坤、李京京、张利明犯开设赌场罪，向本院提起公诉，并建议本院适用速裁程序审理。本院决定适用速裁程序，实行独任审判，公开开庭审理了本案。郑州高新技术产业开发区人民检察院检察员周斌出庭支持公诉，被告人白丹、周超、江丽梅、梁甲坤、李京京、张利明到庭参加诉讼。现已审理终结。 郑州高新技术产业开发区人民检察院指控：自2015年3月份以来，被告人白丹与被告人周超，以营利目的，在郑州经济技术开发区朝凤路1号亚太花园北侧门面房开设赌场，2015年6月份以来，被告人江丽梅与被告人梁甲坤为赌博提供赌具，多次组织、招引他人采用德州扑克方式在此聚众赌博。2015年6月17日11时30分左右，该赌场被民警查获，当场抓获赌场负责人白丹、周超、聚众赌博组织者江丽梅、梁甲坤、李京京，张利明以及参加赌博的人员（参加赌博人员另案处理），其中被告人李京京负责记账和销售筹码，被告人张利明负责望风，现场查获赌资21万元。 为证明该指控事实，公诉机关向本院提供了被告人白丹、周超、江丽梅、梁甲坤、李京京、张利明的供述；证人刘凤阳、付某、王某、刘某等人的证言；辨认笔录；物证照片；户籍证明、无前科证明、到案经过、扣押和发还物品清单、pos机签购单、罚没缴款通知书及票据等证据，据此认为被告人白丹、周超、江丽梅、梁甲坤、李京京、张利明的行为已构成开设赌场罪，建议对被告人白丹判处有期徒刑三年，缓刑五年，并处罚金人民币五万元。建议对被告人周超判处有期徒刑三年，缓刑五年，并处罚金人民币五万元。建议对被告人江丽梅判处有期徒刑二年，缓刑三年，并处罚金人民币三万元，建议对被告人梁甲坤判处有期徒刑二年，缓刑三年，并处罚金人民币三万元，建议对被告人李京京判处有期徒刑一年，缓刑二年，并处罚金人民币一万元，建议对被告人张利明判处有期徒刑一年，缓刑二年，并处罚金人民币一万元。 经法庭审理查明的事实、证据与指控的事实、证据相同，被告人白丹、周超、江丽梅、梁甲坤、李京京、张利明对起诉书指控的事实、证据及量刑建议均不持异议，且签字具结，本院予以确认。 本院认为，公诉机关指控被告人白丹、周超、江丽梅、梁甲坤、李京京、张利明犯开设赌场罪，罪名及提出的量刑建议成立，依法予以支持。有以下量刑情节：（1）在共同犯罪中，被告人白丹、周超起主要作用，系主犯；（2）其余四被告人在共同犯罪中起辅助作用，系从犯，但被告人江丽梅、梁甲坤较被告人李京京、张利明在从犯中所起作用较大，量刑时予以考虑；（3）六被告人认罪被告人到案后如实供述，自愿认罪认罚，依法可从轻处罚。综合全案量刑情节，依照《中华人民共和国刑法》第二百六十四条、第二十五条第一款、第二十六条第一款、第四款、第二十七条、第五十二条、第五十三条、第六十七条第三款、第七十二条第一款、第三款、第七十三条第二款、第三款之规定，判决如下： 被告人白丹犯开设赌场罪，判处有期徒刑三年，缓刑五年，并处罚金人民币五万元。 被告人周超犯开设赌场罪，判处有期徒刑三年，缓刑五年，并处罚金人民币五万元。 被告人江丽梅犯开设赌场罪，判处有期徒刑二年，缓刑三年，并处罚金人民币三万元， 被告人梁甲坤犯开设赌场罪，判处有期徒刑二年，缓刑三年，并处罚金人民币三万元， 被告人李京京犯开设赌场罪，判处有期徒刑一年，缓刑二年，并处罚金人民币一万元， 被告人张利明犯开设赌场罪，判处有期徒刑一年，缓刑二年，并处罚金人民币一万元 （以上各被告人缓刑考验的期限均从判决确定之日起计算。罚金均自判决生效之日起十日内缴纳。） 如不服本判决，可在接到判决书的第二日起十日内，通过本院或者直接向河南省郑州市中级人民法院提出上诉。书面上诉的，应当提交上诉状正本一份，副本二份。 审判员孟灵军 二〇一八年十一月十三日 书记员冯雪","writId":"02163940a30aa3f294fd713511ced0b456e","writName":"白丹、周超开设赌场一审刑事判决书"}
