{"ajId":"8b93165a-25ce-4f44-9aac-03917d00e44b","ajName":"刘某某走私、贩卖、运输、制造毒品一案","ajjbqk":" 经审理查明，2017年11月6日20时许，被告人刘某某与购毒人员张某某经事先电话约定，在本市普陀区连亮路XXX弄XXX号门口将1.01克白色晶体以人民币600元的价格贩卖给张某某后，被民警人赃俱获。后民警又从被告人刘某某位于本市普陀区连亮路XXX弄XXX号XXX室家中查获两包分别重0.21克、0.72克的白色晶体。经鉴定，从上述三包白色晶体中均检出甲基苯丙胺成分。 上述事实，被告人刘某某及辩护人在开庭审理过程中均无异议，且有证人张某某、邱某、薛某某、孙某某的证言及张某某、邱某的辨认笔录，手机通话记录截图，涉案毒品、毒资及案发地点的照片，上海市公安局杨浦分局搜查笔录、扣押笔录、扣押清单、毒品称重笔录及称重照片，上海市毒品检验中心检验报告，公安机关出具的工作情况记录，被告人刘某某的供述等证据证实，足以确认。 公诉机关根据上述证据指控被告人刘某某的行为已构成贩卖毒品罪。被告人刘某某到案后能如实供述自己的罪行，依法可从轻处罚。建议判处被告人刘某某有期徒刑八个月，罚金人民币一千元。 被告人刘某某对指控事实、罪名及量刑建议没有异议，且在律师何冬梅在场的情况下签字具结，在开庭审理过程中亦无异议。 ","cpfxgc":"本院认为，被告人刘某某贩卖甲基苯丙胺1.01克，其行为已构成贩卖毒品罪，从被告人刘某某家中查获的0.93克甲基苯丙胺一并计入贩卖毒品数量。公诉机关指控的罪名成立，对被告人刘某某依法应予处罚。被告人刘某某到案后如实供述自己的罪行且自愿认罪认罚，依法可以从轻处罚。公诉机关量刑建议适当，应予采纳。为严肃国法，维护社会管理秩序，依照《中华人民共和国刑法》第三百四十七条第一、四款，第六十七条第三款，第六十四条之规定，判决如下：","pjjg":" 一、被告人刘某某犯贩卖毒品罪，判处有期徒刑八个月，罚金人民币一千元； （刑期从判决执行之日起计算。判决执行以前先行羁押的，羁押一日折抵刑期一日，即自2017年11月6日起至2018年7月5日止。罚金自本判决发生法律效力之日起十日内缴纳。） 二、查获的毒品、毒资均予没收。 如不服本判决，可在接到判决书的第二日起十日内，通过本院或者直接向上海市第二中级人民法院提出上诉。书面上诉的，应当提交上诉状正本一份，副本一份。","qw":"上海市杨浦区人民法院 刑事判决书 （2018）沪0110刑初55号 公诉机关上海市杨浦区人民检察院。 被告人刘某某，男，1956年10月18日出生，汉族，户籍在上海市普陀区，住上海市普陀区。 辩护人陈昌伟，上海利好律师事务所律师。 上海市杨浦区人民检察院以沪杨检公诉刑诉（2018）59号起诉书指控被告人刘某某犯贩卖毒品罪，于2018年1月17日向本院提起公诉。经上海市第二中级人民法院指定本院审判，本院依法适用简易程序，实行独任审判，公开开庭审理了本案。上海市杨浦区人民检察院指派检察员李某出庭支持公诉，被告人刘某某及上海市杨浦区法律援助中心为其指派的辩护人陈昌伟到庭参加诉讼。现已审理终结。 经审理查明，2017年11月6日20时许，被告人刘某某与购毒人员张某某经事先电话约定，在本市普陀区连亮路XXX弄XXX号门口将1.01克白色晶体以人民币600元的价格贩卖给张某某后，被民警人赃俱获。后民警又从被告人刘某某位于本市普陀区连亮路XXX弄XXX号XXX室家中查获两包分别重0.21克、0.72克的白色晶体。经鉴定，从上述三包白色晶体中均检出甲基苯丙胺成分。 上述事实，被告人刘某某及辩护人在开庭审理过程中均无异议，且有证人张某某、邱某、薛某某、孙某某的证言及张某某、邱某的辨认笔录，手机通话记录截图，涉案毒品、毒资及案发地点的照片，上海市公安局杨浦分局搜查笔录、扣押笔录、扣押清单、毒品称重笔录及称重照片，上海市毒品检验中心检验报告，公安机关出具的工作情况记录，被告人刘某某的供述等证据证实，足以确认。 公诉机关根据上述证据指控被告人刘某某的行为已构成贩卖毒品罪。被告人刘某某到案后能如实供述自己的罪行，依法可从轻处罚。建议判处被告人刘某某有期徒刑八个月，罚金人民币一千元。 被告人刘某某对指控事实、罪名及量刑建议没有异议，且在律师何冬梅在场的情况下签字具结，在开庭审理过程中亦无异议。 本院认为，被告人刘某某贩卖甲基苯丙胺1.01克，其行为已构成贩卖毒品罪，从被告人刘某某家中查获的0.93克甲基苯丙胺一并计入贩卖毒品数量。公诉机关指控的罪名成立，对被告人刘某某依法应予处罚。被告人刘某某到案后如实供述自己的罪行且自愿认罪认罚，依法可以从轻处罚。公诉机关量刑建议适当，应予采纳。为严肃国法，维护社会管理秩序，依照《中华人民共和国刑法》第三百四十七条第一、四款，第六十七条第三款，第六十四条之规定，判决如下： 一、被告人刘某某犯贩卖毒品罪，判处有期徒刑八个月，罚金人民币一千元； （刑期从判决执行之日起计算。判决执行以前先行羁押的，羁押一日折抵刑期一日，即自2017年11月6日起至2018年7月5日止。罚金自本判决发生法律效力之日起十日内缴纳。） 二、查获的毒品、毒资均予没收。 如不服本判决，可在接到判决书的第二日起十日内，通过本院或者直接向上海市第二中级人民法院提出上诉。书面上诉的，应当提交上诉状正本一份，副本一份。 审判员孙斯汀 二〇一八年一月三十日 书记员周薇 附：相关法律条文 《中华人民共和国刑法》 第三百四十七条走私、贩卖、运输、制造毒品，无论数量多少，都应当追究刑事责任，予以刑事处罚。 …… 走私、贩卖、运输、制造鸦片不满二百克、海洛因或者甲基苯丙胺不满十克或者其他少量毒品的，处三年以下有期徒刑、拘役或者管制，并处罚金；情节严重的，处三年以上七年以下有期徒刑，并处罚金。 …… 第六十七条…… 犯罪嫌疑人虽不具有前两款规定的自首情节，但是如实供述自己罪行的，可以从轻处罚；因其如实供述自己罪行，避免特别严重后果发生的，可以减轻处罚。 第六十四条犯罪分子违法所得的一切财物，应当予以追缴或者责令退赔；对被害人的合法财产，应当及时返还；违禁品和供犯罪所用的本人财物，应当予以没收。没收的财物和罚金，一律上缴国库，不得挪用和自行处理。","writId":"051aa4b333ddf438e3fa3dbd6a4a64d2ea3","writName":"刘某某走私、贩卖、运输、制造毒品一审刑事判决书"}
