{"ajId":"9ce20cb6-b48c-431a-85f1-57415ca8ef74","ajName":"许×盗窃罪一案","ajjbqk":" 北京市海淀区人民检察院起诉书指控： 2014年11月27日至12月1日，被告人许×在位于本市海淀区的北京林业大学内，趁教室无人之机，多次窃取学生放置在座位上的财物，其中： 一、2014年11月27日，在学研大厦A0107号教室，窃取被害人涂×（男，23岁）钱包1个，包内有现金人民币600元，以及交通卡等物。赃款物均未起获。 二、2014年11月30日，在2教610教室，窃取被害人王×（女，21岁）迪士尼牌米老鼠型手表1块，经鉴定价值人民币450元。赃物已起获发还。 三、2014年12月1日，在2教404教室，窃取被害人袁×（女，23岁）布包1个，包内有现金人民币200元，以及证件、银行卡等物。赃款物均未起获。 2014年12月14日，被告人许×再次至北京林业大学教学楼内伺机作案时被学校保安发现并控制，并于次日被公安机关传唤，后如实供述了犯罪事实。 上述事实，被告人许×在开庭审理过程中亦无异议，并有被告人许×的供述与辩解，被害人涂×、王×、袁×的陈述，证人杨×的证言，接受刑事案件登记表，到案经过，辨认笔录，照片，价格鉴定结论书，身份证明等证据证实，足以认定。 ","cpfxgc":"本院认为，被告人许×以非法占有为目的，多次盗窃他人财物，其行为已构成盗窃罪，应予惩处。北京市海淀区人民检察院指控被告人许×犯盗窃罪的事实清楚，证据确实充分，指控罪名成立。鉴于被告人许×在到案后及庭审过程中均能如实供认犯罪事实，认罪态度较好，本院依法对其从轻处罚。对其辩护人的相关辩护意见酌予采纳。依照《中华人民共和国刑法》第二百六十四条、第六十七条第三款、第五十三条、第六十四条之规定，判决如下：","pjjg":" 一、被告人许×犯盗窃罪，判处有期徒刑八个月，罚金人民币二千元。 （刑期从判决执行之日起计算。判决执行以前先行羁押的，羁押一日折抵刑期一日，即自2014年12月14日起至2015年8月13日止；罚金限自本判决生效之次日起十日内缴纳） 二、被告人许×退赔被害人涂×人民币六百元，退赔被害人袁×人民币二百元。 如不服本判决，可在接到本判决书的第二日起十日内，通过本院或者直接向北京市第一中级人民法院提出上诉。书面上诉的，应提交上诉状正本一份，副本一份。","qw":"北京市海淀区人民法院 刑事判决书 （2015）海刑初字第1538号 公诉机关北京市海淀区人民检察院。 被告人许×，男，1985年7月23日。因涉嫌犯盗窃罪，于2014年12月14日被羁押，2015年1月21日被逮捕。现羁押在北京市海淀区看守所。 辩护人孙晓敏，北京维京律师事务所律师。 北京市海淀区人民检察院以京海检公诉刑诉（2015）1211号起诉书指控被告人许×犯盗窃罪，于2015年6月30日向本院提起公诉。本院依法适用简易程序，实行独任审判，公开开庭审理了本案。北京市海淀区人民检察院指派代理检察员吴睿德出庭支持公诉，被告人许×及其辩护人孙晓敏到庭参加诉讼。现已审理终结。 北京市海淀区人民检察院起诉书指控： 2014年11月27日至12月1日，被告人许×在位于本市海淀区的北京林业大学内，趁教室无人之机，多次窃取学生放置在座位上的财物，其中： 一、2014年11月27日，在学研大厦A0107号教室，窃取被害人涂×（男，23岁）钱包1个，包内有现金人民币600元，以及交通卡等物。赃款物均未起获。 二、2014年11月30日，在2教610教室，窃取被害人王×（女，21岁）迪士尼牌米老鼠型手表1块，经鉴定价值人民币450元。赃物已起获发还。 三、2014年12月1日，在2教404教室，窃取被害人袁×（女，23岁）布包1个，包内有现金人民币200元，以及证件、银行卡等物。赃款物均未起获。 2014年12月14日，被告人许×再次至北京林业大学教学楼内伺机作案时被学校保安发现并控制，并于次日被公安机关传唤，后如实供述了犯罪事实。 上述事实，被告人许×在开庭审理过程中亦无异议，并有被告人许×的供述与辩解，被害人涂×、王×、袁×的陈述，证人杨×的证言，接受刑事案件登记表，到案经过，辨认笔录，照片，价格鉴定结论书，身份证明等证据证实，足以认定。 本院认为，被告人许×以非法占有为目的，多次盗窃他人财物，其行为已构成盗窃罪，应予惩处。北京市海淀区人民检察院指控被告人许×犯盗窃罪的事实清楚，证据确实充分，指控罪名成立。鉴于被告人许×在到案后及庭审过程中均能如实供认犯罪事实，认罪态度较好，本院依法对其从轻处罚。对其辩护人的相关辩护意见酌予采纳。依照《中华人民共和国刑法》第二百六十四条、第六十七条第三款、第五十三条、第六十四条之规定，判决如下： 一、被告人许×犯盗窃罪，判处有期徒刑八个月，罚金人民币二千元。 （刑期从判决执行之日起计算。判决执行以前先行羁押的，羁押一日折抵刑期一日，即自2014年12月14日起至2015年8月13日止；罚金限自本判决生效之次日起十日内缴纳） 二、被告人许×退赔被害人涂×人民币六百元，退赔被害人袁×人民币二百元。 如不服本判决，可在接到本判决书的第二日起十日内，通过本院或者直接向北京市第一中级人民法院提出上诉。书面上诉的，应提交上诉状正本一份，副本一份。 代理审判员郭晟 二〇一五年七月十五日 书记员谢思凡","writId":"031e0c29387de7f445adf6d7991b4e96a19","writName":"许×盗窃罪一审刑事判决书"}
