{"ajId":"32950a8f-df98-47b7-9018-64a44408581d","ajName":"许某某诈骗一案","ajjbqk":" 天津市河西区人民检察院指控，2017年3月26日被告人许某某经预谋来到天津市河西区南京路21号华为体验馆内，慌称出售未开封的苹果7手机，将手机模型冒充真机出售，骗取董某人民币5080元，以微信转账方式支付。2017年12月19日，被告人许某某被公安民警抓获。 上述事实，被告人许某某在开庭审理过程中无异议，且表示认罪。并有被害人董某的陈述，证人赵某、牛某等人的证言，微信转账截图、现场监控录像等书证，江苏省常熟市人民法院（2017）苏0581刑初1704号刑事判决书及释放证明，公安机关出具的辨认笔录、案件来源及抓获经过等证据证实，足以认定。 ","cpfxgc":"本院认为，被告人许某某以非法占有为目的，骗取他人钱款人民币5000余元，数额较大，其行为已构成诈骗罪。天津市河西区人民检察院指控被告人许某某犯诈骗罪，事实清楚、证据确实、充分，罪名成立，本院予以支持。被告人许某某到案后能如实供述自己的犯罪事实，依法可以从轻处罚。为严肃国家法律，维护社会经济管理秩序，保护公民合法财产不受侵犯，依照《中华人民共和国刑法》第二百六十六条、第六十七条第三款、第六十四条之规定，判决如下：","pjjg":" 一、被告人许某某犯诈骗罪，判处有期徒刑十个月，罚金人民币三千元。 （刑期从判决执行之日起计算。判决执行以前先行羁押的，羁押一日折抵刑期一日，即自2017年12月19日起至2018年10月18日止。） 二、责令被告人许某某退赔赃款人民币5080元，发还被害人董文宇。 如不服本判决，可在接到判决书的第二日起十日内，通过本院或者直接向天津市第二中级人民法院提出上诉。书面上诉的，应交上诉状正本一份，副本两份。","qw":"天津市河西区人民法院 刑事判决书 （2018）津0103刑初229号 公诉机关天津市河西区人民检察院。 被告人许某某，男，1985年12月17日出生于陕西省榆林市，汉族，高中文化，无职业。在津无固定住所，。2017年11月因犯有诈骗罪被判处有期徒刑七个月，罚金人民币二千元。2017年12月19日刑满释放。2017年12月19日被刑事拘留，2018年1月19日因涉嫌犯有诈骗罪被依法逮捕，现羁押于天津市河西区看守所。 天津市河西区人民检察院以津西检公诉刑诉［2018］200号起诉书指控被告人许某某犯有诈骗罪，于2018年5月8日向本院提起公诉，并提出量刑建议。本院依法适用简易程序，实行独任审判，公开开庭审理了本案。天津市河西区人民检察院指派检察员刘杰出庭支持公诉，被告人许某某到庭参加了诉讼。现已审理终结。 天津市河西区人民检察院指控，2017年3月26日被告人许某某经预谋来到天津市河西区南京路21号华为体验馆内，慌称出售未开封的苹果7手机，将手机模型冒充真机出售，骗取董某人民币5080元，以微信转账方式支付。2017年12月19日，被告人许某某被公安民警抓获。 上述事实，被告人许某某在开庭审理过程中无异议，且表示认罪。并有被害人董某的陈述，证人赵某、牛某等人的证言，微信转账截图、现场监控录像等书证，江苏省常熟市人民法院（2017）苏0581刑初1704号刑事判决书及释放证明，公安机关出具的辨认笔录、案件来源及抓获经过等证据证实，足以认定。 本院认为，被告人许某某以非法占有为目的，骗取他人钱款人民币5000余元，数额较大，其行为已构成诈骗罪。天津市河西区人民检察院指控被告人许某某犯诈骗罪，事实清楚、证据确实、充分，罪名成立，本院予以支持。被告人许某某到案后能如实供述自己的犯罪事实，依法可以从轻处罚。为严肃国家法律，维护社会经济管理秩序，保护公民合法财产不受侵犯，依照《中华人民共和国刑法》第二百六十六条、第六十七条第三款、第六十四条之规定，判决如下： 一、被告人许某某犯诈骗罪，判处有期徒刑十个月，罚金人民币三千元。 （刑期从判决执行之日起计算。判决执行以前先行羁押的，羁押一日折抵刑期一日，即自2017年12月19日起至2018年10月18日止。） 二、责令被告人许某某退赔赃款人民币5080元，发还被害人董文宇。 如不服本判决，可在接到判决书的第二日起十日内，通过本院或者直接向天津市第二中级人民法院提出上诉。书面上诉的，应交上诉状正本一份，副本两份。 （此页无正文） 审判员王健 二〇一八年五月十八日 法官助理张文雅 书记员王娟 本案引用的法律条文 《中华人民共和国刑法》 第六十四条犯罪分子违法所得的一切财物，应当予以追缴或者责令退赔；对被害人的合法财产，应当及时返还；违禁品和供犯罪所用的本人财物，应当予以没收。没收的财物和罚金，一律上缴国库，不得挪用和自行处理。 第六十七条第三款犯罪嫌疑人虽不具有前两款规定的自首情节，但是如实供述自己罪行的，可以从轻处罚；因其如实供述自己罪行，避免特别严重后果发生的，可以减轻处罚。 第二百六十六条诈骗公私财物，数额较大的，处三年以下有期徒刑、拘役或者管制，并处或者单处罚金；数额巨大或者有其他严重情节的，处三年以上十年以下有期徒刑，并处罚金；数额特别巨大或者有其他特别严重情节的，处十年以上有期徒刑或者无期徒刑，并处罚金或者没收财产。本法另有规定的，依照规定。","writId":"0618025bccde1738c630f5a6c333e5b9cb0","writName":"许某某诈骗一审刑事判决书"}
