{"ajId":"5857cf3e-85ad-4f66-ad3a-585880af79c2","ajName":"木塔尔·阿布来提盗窃罪一案","ajjbqk":" 北京市海淀区人民检察院指控： 一、2017年12月8日18时许，被告人木塔尔·阿布来提在本市海淀区北京林业大学内，从被害人张某（女，20岁）的衣兜内窃取三星手机一部。现涉案手机未起获。 二、2017年12月17日18时许，被告人木塔尔·阿布来提在本市海淀区北京语言大学清宴楼食堂内，从被害人王某1（女，23岁）的衣兜内窃取苹果664G手机一部。现涉案手机未起获。 三、2018年3月4日12时许，被告人木塔尔·阿布来提在本市海淀区学院路苏宁电器一楼门前，从被害人王某2（女，22岁）的衣兜内窃取价值人民币2323元的vivoX2064G手机一部。现涉案手机未起获。 四、2018年3月4日12时许，被告人木塔尔·阿布来提在本市海淀区中国农业大学东校区南门外的天桥附近，从被害人黄某（女，24岁）的衣兜内窃取价值人民币2410元的苹果6S64G手机一部。现涉案手机未起获。 五、2018年3月5日12时许，被告人木塔尔·阿布来提在本市朝阳区长安驿附近711超市旁，从被害人赵某（女，29岁）的衣兜内窃取苹果牌手机一部。现涉案手机已起获并发还。 被告人木塔尔·阿布来提于2018年3月6日被公安机关抓获归案，后如实供述了上述犯罪事实。 针对上述指控，检察机关向本院提供了相应的证据材料，认为被告人木塔尔·阿布来提的行为触犯了《中华人民共和国刑法》第二百六十四条之规定，构成盗窃罪，提请本院依法对被告人木塔尔·阿布来提定罪处罚。 被告人木塔尔·阿布来提对起诉书指控的事实和罪名均未提出异议。其辩护人认为，被告人木塔尔·阿布来提认罪态度好，且部分赃物已经起获并发还，希望法庭对他从轻处罚。 经审理查明： 一、被告人木塔尔·阿布来提于2017年12月8日18时许，在本市海淀区北京林业大学内，从被害人张某的衣兜内窃取三星手机一部。现涉案手机未起获。 二、被告人木塔尔·阿布来提于2017年12月17日18时许，在本市海淀区北京语言大学清宴楼食堂内，从被害人王某1的衣兜内窃取苹果664G手机一部。现涉案手机未起获。 三、被告人木塔尔·阿布来提于2018年3月4日12时许，在本市海淀区学院路苏宁电器一楼门前，从被害人王某2的衣兜内窃取价值人民币2323元的vivoX2064G手机一部。现涉案手机未起获。 四、被告人木塔尔·阿布来提于2018年3月4日12时许，在本市海淀区中国农业大学东校区南门外的天桥附近，从被害人黄某的衣兜内窃取价值人民币2410元的苹果6S64G手机一部。现涉案手机未起获。 五、被告人木塔尔·阿布来提于2018年3月5日12时许，在本市朝阳区长安驿附近711超市旁，从被害人赵某的衣兜内窃取苹果牌手机一部。现涉案手机已起获并发还。 被告人木塔尔·阿布来提于2018年3月6日被公安机关抓获归案，后如实供述了上述犯罪事实。在庭审结束后，被告人木塔尔·阿布来提在其家属帮助下向法庭缴纳了人民币4733元作为退赔款。 上述事实，被告人被告人木塔尔·阿布来提及其辩护人在开庭审理过程中亦无异议，并有被告人被告人木塔尔·阿布来提的供述，被害人张某、王某1、王某2、黄某的陈述，证人姜某、胡某的证言，受案登记表，辨认笔录，价格认定结论书，现场监控录像，体检材料，到案经过，前科材料，户籍材料等证据证实，足以认定。 ","cpfxgc":"本院认为，被告人木塔尔·阿布来提以非法占有为目的，多次扒窃他人财物，且数额较大，其行为已构成盗窃罪。北京市海淀区人民检察院指控被告人木塔尔·阿布来提犯盗窃罪的事实清楚，证据确实充分，指控罪名成立。被告人木塔尔·阿布来提曾因故意犯罪被判处有期徒刑，在刑罚执行完毕后五年内再犯应当判处有期徒刑以上刑罚之罪，系累犯，应当从重处罚；被告人木塔尔·阿布来提如实供述自己的罪行，认罪态度较好，且部分赃物已经起获并发还，另其家属帮助其向法庭缴纳了退赔款，本院对其依法从轻处罚，对辩护人的上述辩护意见酌予采纳。依照《中华人民共和国刑法》第二百六十四条、第六十七条第三款、第五十三条、第六十四条之规定，判决如下：","pjjg":" 一、被告人木塔尔·阿布来提犯盗窃罪，判处有期徒刑九个月，罚金人民币二千元。 （刑期从判决执行之日起计算；判决执行以前先行羁押的，羁押一日折抵刑期一日，即自2018年3月6日起至2018年12月5日止。罚金已缴纳。） 二、在案扣押的人民币四千七百三十三元，其中人民币二千三百二十三元发还被害人王某2，人民币二千四百一十元发还被害人黄某。 如不服本判决，可在接到判决书的第二日起十日内，通过本院或者直接向北京市第一中级人民法院提出上诉。书面上诉的，应当提交上诉状正本一份，副本一份。","qw":"北京市海淀区人民法院 刑事判决书 （2018）京0108刑初1028号 公诉机关北京市海淀区人民检察院。 被告人木塔尔·阿布来提，男，1989年10月21日出生，公民身份号码×××，维吾尔族，小学肄业，无职业，户籍所在地新疆维吾尔自治区柯坪县。曾因犯盗窃罪，于2013年5月3日被北京市朝阳区人民法院判处有期徒刑六个月，并处罚金人民币一千元，于2013年9月12日刑满释放；因犯盗窃罪，于2015年7月9日被北京市朝阳区人民法院判处有期徒刑八个月，并处罚金人民币二千元，于2015年11月12日刑满释放；因犯盗窃罪，于2017年2月22日被北京市东城区人民法院判处有期徒刑九个月，并处罚金人民币一千元，于2017年7月30日刑满释放。现因涉嫌犯盗窃罪，于2018年3月6日被羁押，同年4月5日被逮捕。现羁押于北京市海淀区看守所。 辩护人焦岭，北京晋熙律师事务所律师。 北京市海淀区人民检察院以京海检公诉刑诉（2018）337号起诉书、京海检公诉刑追诉（2018）11号追加起诉决定书指控被告人木塔尔·阿布来提犯盗窃罪，向本院提起公诉。本院于2018年5月24日立案，并依法组成合议庭，公开开庭审理了本案。北京市海淀区人民检察院指派检察员林洁出庭支持公诉，被告人木塔尔·阿布来提及其辩护人焦岭、维语翻译米吉提·阿布拉到庭参加了诉讼，现已审理终结。 北京市海淀区人民检察院指控： 一、2017年12月8日18时许，被告人木塔尔·阿布来提在本市海淀区北京林业大学内，从被害人张某（女，20岁）的衣兜内窃取三星手机一部。现涉案手机未起获。 二、2017年12月17日18时许，被告人木塔尔·阿布来提在本市海淀区北京语言大学清宴楼食堂内，从被害人王某1（女，23岁）的衣兜内窃取苹果664G手机一部。现涉案手机未起获。 三、2018年3月4日12时许，被告人木塔尔·阿布来提在本市海淀区学院路苏宁电器一楼门前，从被害人王某2（女，22岁）的衣兜内窃取价值人民币2323元的vivoX2064G手机一部。现涉案手机未起获。 四、2018年3月4日12时许，被告人木塔尔·阿布来提在本市海淀区中国农业大学东校区南门外的天桥附近，从被害人黄某（女，24岁）的衣兜内窃取价值人民币2410元的苹果6S64G手机一部。现涉案手机未起获。 五、2018年3月5日12时许，被告人木塔尔·阿布来提在本市朝阳区长安驿附近711超市旁，从被害人赵某（女，29岁）的衣兜内窃取苹果牌手机一部。现涉案手机已起获并发还。 被告人木塔尔·阿布来提于2018年3月6日被公安机关抓获归案，后如实供述了上述犯罪事实。 针对上述指控，检察机关向本院提供了相应的证据材料，认为被告人木塔尔·阿布来提的行为触犯了《中华人民共和国刑法》第二百六十四条之规定，构成盗窃罪，提请本院依法对被告人木塔尔·阿布来提定罪处罚。 被告人木塔尔·阿布来提对起诉书指控的事实和罪名均未提出异议。其辩护人认为，被告人木塔尔·阿布来提认罪态度好，且部分赃物已经起获并发还，希望法庭对他从轻处罚。 经审理查明： 一、被告人木塔尔·阿布来提于2017年12月8日18时许，在本市海淀区北京林业大学内，从被害人张某的衣兜内窃取三星手机一部。现涉案手机未起获。 二、被告人木塔尔·阿布来提于2017年12月17日18时许，在本市海淀区北京语言大学清宴楼食堂内，从被害人王某1的衣兜内窃取苹果664G手机一部。现涉案手机未起获。 三、被告人木塔尔·阿布来提于2018年3月4日12时许，在本市海淀区学院路苏宁电器一楼门前，从被害人王某2的衣兜内窃取价值人民币2323元的vivoX2064G手机一部。现涉案手机未起获。 四、被告人木塔尔·阿布来提于2018年3月4日12时许，在本市海淀区中国农业大学东校区南门外的天桥附近，从被害人黄某的衣兜内窃取价值人民币2410元的苹果6S64G手机一部。现涉案手机未起获。 五、被告人木塔尔·阿布来提于2018年3月5日12时许，在本市朝阳区长安驿附近711超市旁，从被害人赵某的衣兜内窃取苹果牌手机一部。现涉案手机已起获并发还。 被告人木塔尔·阿布来提于2018年3月6日被公安机关抓获归案，后如实供述了上述犯罪事实。在庭审结束后，被告人木塔尔·阿布来提在其家属帮助下向法庭缴纳了人民币4733元作为退赔款。 上述事实，被告人被告人木塔尔·阿布来提及其辩护人在开庭审理过程中亦无异议，并有被告人被告人木塔尔·阿布来提的供述，被害人张某、王某1、王某2、黄某的陈述，证人姜某、胡某的证言，受案登记表，辨认笔录，价格认定结论书，现场监控录像，体检材料，到案经过，前科材料，户籍材料等证据证实，足以认定。 本院认为，被告人木塔尔·阿布来提以非法占有为目的，多次扒窃他人财物，且数额较大，其行为已构成盗窃罪。北京市海淀区人民检察院指控被告人木塔尔·阿布来提犯盗窃罪的事实清楚，证据确实充分，指控罪名成立。被告人木塔尔·阿布来提曾因故意犯罪被判处有期徒刑，在刑罚执行完毕后五年内再犯应当判处有期徒刑以上刑罚之罪，系累犯，应当从重处罚；被告人木塔尔·阿布来提如实供述自己的罪行，认罪态度较好，且部分赃物已经起获并发还，另其家属帮助其向法庭缴纳了退赔款，本院对其依法从轻处罚，对辩护人的上述辩护意见酌予采纳。依照《中华人民共和国刑法》第二百六十四条、第六十七条第三款、第五十三条、第六十四条之规定，判决如下： 一、被告人木塔尔·阿布来提犯盗窃罪，判处有期徒刑九个月，罚金人民币二千元。 （刑期从判决执行之日起计算；判决执行以前先行羁押的，羁押一日折抵刑期一日，即自2018年3月6日起至2018年12月5日止。罚金已缴纳。） 二、在案扣押的人民币四千七百三十三元，其中人民币二千三百二十三元发还被害人王某2，人民币二千四百一十元发还被害人黄某。 如不服本判决，可在接到判决书的第二日起十日内，通过本院或者直接向北京市第一中级人民法院提出上诉。书面上诉的，应当提交上诉状正本一份，副本一份。 审判长于洋 人民陪审员郝淑军 人民陪审员高秀明 二〇一八年六月二十八日 书记员杜鹃","writId":"0132c99f811332140aad899d91d8e974a63","writName":"木塔尔·阿布来提盗窃罪一审刑事判决书"}
