{"ajId":"ea9c5e35-0a5d-4c99-8452-4ee3b3fb303d","ajName":"郭年龙犯交通肇事罪一案","ajjbqk":" 公诉机关指控：2017年1月4日，被告人郭年龙驾驶川A72SXX号小型客车由成都住乐山方向行驶。当日8时30分许，当车行至成乐高速公路59千米260米路段时，郭年龙因超速行驶，骑轧车道分界线行驶，加之观察不力，操作不当，造成车辆失控，与前方客货车道正常行驶的由庄传友驾驶的川AQl6XX号大型普通客车及高速公路护栏发生碰撞，致川AQl6XX号大型普通客车被撞击后、跨越高速公路中心护栏驶向对向车道，与在对面客货车道上由宋某某驾驶的川U685XX（川U08XX挂）号重型半挂牵引车（挂车）迎面相撞。该道路交通事故造成庄传友、宋某某当场死亡，U685XX（川U08XX挂）号重型半挂牵引车乘车人刘林，川AQ16XX号大型普通客车乘车人颜某某、罗某某、阿罗某某、阿罗某某、郭某、武某某，岳某某、康某某、莫某某、李某某、彭某、李某某、代某某、汪某某、罗某某受伤以及三车和道路设施受损。川公交高（成乐）认字［2017］第5180094201700XXX号道路交通事故认定书，认定：当事人郭年龙承担此事故全部责任，庄某某、宋某某、刘某，颜某某、罗某某、阿罗某某、阿罗某某、郭某、武某某，岳某某、康某某、莫某某、李某某、彭某、李某某、代某某、汪某某、罗某某不承担此事故责任。 认定上述事实的主要证据有物证、书证、证人证言、被害人陈述、被告人供述和辩解、鉴定意见、勘验、检查笔录等。 公诉机关认为，被告人郭年龙违反交通运输法规，因而发生重大交通事故，致二人死亡，承担事故全部责任，其行为已触犯《中华人民共和国刑法》第一百三十三条之规定，犯罪事实清楚，证据确实、充分，应当以交通肇事罪追究其刑事责任。根据《中华人民共和国刑事诉讼法》第一百七十二条之规定，提起公诉，请依法判处。 被告人郭年龙对指控其驾驶车辆发生交通事故的事实无异议，但认为其不应承担事故的全部责任，事故中大客车也存在操作不当等因素，才导致该事故的发生。 被告人郭年龙的辩护人对起诉书指控被告人郭年龙驾驶车辆发生交通事故的事实无异议，但认为本案的事故责任认定书认定人员与侦查人员系同一人，违反法律规定，程序违法，同时责任比例划分明显不当，与客观事实不符，不应当予以采信。被害人庄传友存在遇紧急情况操作不当、酒驾等情节，对本案事故的发生也存在一定的责任，被告人郭年龙在本案中应承担主要或同等责任。同时被告人郭年龙具有自首、初犯、偶犯等情节，请求人民法院综合上述情节，在对事故责任重新划分的基础上对被告人郭年龙作出有罪或无罪判决。 经审理查明：2017年1月4日，被告人郭年龙驾驶川A72SXX号小型客车由成都住乐山方向行驶。当日8时30分许，当该车行至成乐高速公路59千米260米路段时，郭年龙因超速行驶，骑轧车道分界线行驶，加之观察不力，操作不当，造成车辆失控，与前方客货车道正常行驶的由被害人庄某某驾驶的川AQl6XX号大型普通客车及高速公路护栏发生碰撞，致川AQl6XX号大型普通客车被撞击后、跨越高速公路中心护栏驶入对向车道，与在对面客货车道上由被害人宋嘉荣驾驶的川U685XX（川U08XX挂）号重型半挂牵引车（挂车）迎面相撞。该道路交通事故造成庄某某、宋某某当场死亡，U685XX（川U08XX挂）号重型半挂牵引车乘车人暨被害人刘某，川AQ16XX号大型普通客车乘车人暨被害人颜某某、罗某某、阿罗某某、阿罗某某、郭某、武某某，岳某某、康某某、莫某某、李某某、彭某、李某某、代某某、汪某某、罗某某受伤以及三车和道路设施受损。2017年2月8日四川省公安厅交通警察总队高速公路支队成乐大队作出川公交高（成乐）认字［2017］第51800942017000XX号道路交通事故认定书，认定：当事人郭年龙承担此事故全部责任，庄某某、宋某某、刘某，颜某某、罗某某、阿罗某某、阿罗某某、郭某、武某某，岳某某、康某某、莫某某、李某某、彭某、李某某、代某某、汪某某、罗某某不承担此事故责任。后被告人郭年龙对该事故认定书结论申请复核，2017年2月17日，由四川省公安厅交通警察总队高速公路支队作出公交高不受字［2017］第003号道路交通事故认定复核不予受理通知书：根据公安部《道路交通事故处理程序规定》第五十二条第二款“人民检察院对交通肇事犯罪嫌疑人批准逮捕，复核申请不予受理”的规定，决定不予受理，由人民法院依法进行审理并作出判决。 另查明，案发后被告人郭年龙在得知他人已报警后留在事故现场等待处理，归案后如实供述了事发经过。 还查明，被告人郭年龙所驾驶的肇事车辆川A72SXX号车未投保交强险和商业第三责任险。案发后二名死者家属已另行提起民事诉讼，被告人郭年龙目前尚未赔偿本案中的被害人任何经济损失。 上述事实有经质证、认证的以下证据予以证实： 一、书证、物证 1、受案登记表、立案决定书，主要证实案件受理情况。 2、拘留证、逮捕证，证实被告人郭年龙的强制措施情况。 3、受理事故案件登记表，主要证实出警情况； 4、到案情况说明，主要证实案发经过以及郭年龙在得知他人报警后仍在现场等待处理，归案后如实供述了案发经过。 5、身份证、行驶证、车辆信息等材料，主要证实事故车辆的登记信息。 6、人员户籍信息，主要证实被告人郭年龙、死者以及伤者的身份信息。 7、保险单复印件，主要证实事故车辆川AQl6XX号大型普通客车和川U685XX（川U08XX挂）号重型半挂牵引车的投保信息。 8、驾驶员血样提取登记表，主要证实被告人郭年龙未酒后和毒后驾驶。 9、车载设备情况说明，证实川AQ16XX号车辆设备已在事故中损坏，无法提取录像。 10、道路交通事故认定书，证实经四川省公安厅交通警察总队高速公路支队成乐大队认定，经现场勘查和调查，根据事故现场照片、现场图、现场勘查笔录、检验鉴定报告和当事人笔录等证据确认：郭年龙的行为违反了《中华人民共和国道路交通安全法》第四十二条第一款：“机动车上道路行驶”，不得超过限速标志标明的最高时速。在没有限速标志的路段，动车在高速公路上行驶，不得有下列行为：（三）骑、轧行道分界线或者在路肩膀上行驶。”之规定，是造成此次事故的全部原因，庄某某、宋某某、刘某，颜某某、罗某某、阿罗某某、阿罗某某、郭某、武某某，岳某某、康某某、莫某某、李某某、彭某、李某某、代某某、汪某某、罗某某无违法行为。认定郭年龙承担此事故全部责任，庄某某、宋某某、刘某，颜某某、罗某某、阿罗某某、阿罗某某、郭某、武某某，岳某某、康某某、莫某某、李某某、彭某、李某某、代某某、汪某某、罗某某不承担此事故责任。 11、不予受理通知书，证实被告人郭年龙申请复核，后由四川省公安厅交通警察总队高速公路支队作出公交高不受字［2017］第003号道路交通事故认定复核不予受理通知书：根据公安部《道路交通事故处理程序规定》第五十二条第二款“人民检察院对交通肇事犯罪嫌疑人批准逮捕，复核申请不予受理”的规定，决定不予受理，由人民法院依法进行审理并作出判决。 二、被害人陈述 1、阿罗某某、康某某、阿罗某某、岳某某、李某某、彭某、罗某某陈述，主要证实事发时乘坐川AQ16XX客车，未看见事发经过。 2、罗某某的陈述，主要证实事发时乘坐川AQ16XX客车，看见一辆小车从客车左前方冲向客车右方，两车离的很近。 3、刘某的陈述 我和宋某某系师兄关系，事发时乘坐宋某某驾驶的川U685XX号水泥罐车拉水泥前往崇州，我坐在副驾驶，当车行驶至彭山路段时，看见对面的大客车冲过中间防护栏撞上我们的车，就被撞倒路边水沟中去了。当时我们车上拉了30吨水泥，车速大概在80码，当时路况很好，没有雾没有下雨，天气也不错。 4、武某某的陈述 案发当天我乘坐川AQ16XX客车从成都到乐山，我坐在第一排靠过道位置，事发时我听到砰的一声撞击声，然后看到一辆白色小车突然就横在大客车前方，随即大客车就向左飞起来一下冲到对面车道立即与对面货车相撞。天气阴、能见度好，车流小。 5、代某某的陈述 我乘坐川AQ16XX客车从成都到乐山，我坐在驾驶员后面第一排的位置，当车行驶至彭山收费站时，有一辆小车从左侧超过我乘坐的大客车，跟着两辆车就相撞了，大客车往中央隔离带冲到对面车道上，又发生了撞击，我就失去了知觉。 6、汪某某的陈述 我乘坐川AQ16XX客车从成都到乐山，事发时，大客车正常行驶在中间，突然听到砰一声，一小车从左边冲到客车前方，又拉到右边护栏，反弹到客车右前，致使我们的车向左冲出去撞到了对面车，之后我受伤送医院了。 7、罗某某的陈述 我坐在川AQ16XX客车第一排，事发时，突然听到砰一声，然后一辆白色小车飞快地从左边甩到大客车前面的防护栏，然后打转转，之后客车就冲到了对面与另一货车相撞。事发时，客车是正常行驶在中间车道，事故完全是由那个失控的小车引起的。 三、被告人郭年龙的供述与辩解 2017年1月4日上午7时35分左右，我驾驶川A72SXX号车从龙潭绕城上高速路，过彭山收费站后看见前方一辆银色大客车，它车速较慢，在距它20米左右我从快车道超车，超一半时我发现车有点向大客车偏，我点了一下刹车，车就失控开到大客车前方并撞上应急车道护栏，当时事发突然我车失控，我重点放在我车上，没有发现大客车的情况，车停后，我左脚卡车上，大概5分钟后出来，马上我到车后方架警示牌，过了一会救护车就来了，我就没报警，随后警方进入，我全程配合工作。 四、事故现场勘查记录、现场图、交通事故照片，证实案发现场情况。 五、司法鉴定意见书 1、鼎诚司鉴定［2017］毒鉴眉字第006号鉴定检验报告书，证实郭年龙血液中酒精浓度小于1.0㎎／100ml。 2、鼎诚司鉴定［2017］毒鉴眉字第007号鉴定检验报告书，证实宋嘉荣血液中酒精浓度小于1.0㎎／100ml。 3、鼎诚司鉴定［2017］毒鉴眉字第008号鉴定检验报告书，证实庄传友血液中检出酒精成分，其浓度为7.4㎎／100ml。 4、鼎诚司鉴定［2017］病鉴字第0003、0004号法医病理学鉴定意见书，证实死者宋某某符合道路交通事故致颅脑损失合并胸部损伤死亡；死者庄某某符合道路交通事故致颅脑损失合并胸部、腹部损伤死亡。 5、华科所［2017］机鉴字成乐高速0100XX号、0100XX号、0100XX号鉴定意见书，主要证实川A72SXX号小型轿车、川AQl6XX号大型普通客车、川U685XX川U08XX挂）号重型半挂牵引车的车辆情况。 6、华科所［2017］机鉴字成乐高速01001号司法鉴定意见书，证实川A72SXX号小型轿车事故前平均行驶速度为123km／h-129km／h。 7、眉公（物）检（理化）字［2017］20号理化检验报告书，证实川A72SXX号小型轿车轮毂上粘附的可疑塑料碎片与川AQ16XX大型客车保险杠塑料样本种类相同，但红外光谱有差异。 六、视听资料，证实案发现场监控视频，其中被告人郭年龙正驾驶肇事车辆轧行道分界线行驶。 关于本案控辩双方所争议的被告人郭年龙是否应承担事故全部责任的问题，本院认为，事故认定书无论从其制作主体还是内容形式，均属于刑事诉讼中的书证类型，因此对事故认定书的审查同样应围绕刑事证据的“三性”原则来进行。本案的事故认定书程序合法，内容客观真实，且能与在案的被害人陈述、被告人供述、勘查笔录等证据相互印证，符合刑事证据的“三性”原则，同时在案的证据以及被告人所提供的证据都不足以证实该事故中客车驾驶员一方存在操作不当、酒驾等行为，也不能证实事故认定书的责任划分存在比例不当，故本院对川公交高（成乐）认字［2017］第51800942017000XX号道路交通事故认定书予以采信。 ","cpfxgc":"本院认为，被告人郭年龙违反交通运输管理法规，在道路上驾驶机动车辆，发生致二人死亡、多人受伤，且负事故全部责任的交通事故，情节特别恶劣，其行为已触犯刑律，构成交通肇事罪，应予惩处。公诉机关指控的罪名成立。被告人郭年龙案发后，明知他人报警而在现场等待，归案后如实供述了自己的犯罪事实，系自首，依法可从轻或减轻处罚。被告人郭年龙及其辩护人所提出的上述相同意见与查明事实相符，应予以采纳；其余辩护意见与查明的事实不符的，不予采纳。为此，根据被告人郭年龙的犯罪事实、犯罪的性质、情节以及对于社会的危害程度，依照《中华人民共和国刑法》第一百三十三条、第六十七条第一款、第四十五条、第四十七条、第六十一条和最高人民法院《关于审理交通肇事刑事案件具体应用法律若干问题的解释》第一条、第四条第一款第（一）项的规定，判决如下：","pjjg":" 被告人郭年龙犯交通肇事罪，判处有期徒刑三年。 （刑期从判决执行之日起计算。判决执行以前先行羁押的，羁押一日折抵刑期一日。即自2017年2月10日起至2020年2月9日止。） 如不服本判决，可在接到判决书的第二日起十日内，通过本院或直接向四川省乐山市中级人民法院提出上诉。书面上诉的，应当提交上诉状正本一份，副本二份。","qw":"郭年龙犯交通肇事罪一审刑事判决书 四川省乐山市市中区人民法院 刑事判决书 （2017）川1102刑初158号 公诉机关乐山市市中区人民检察院。 被告人郭年龙，男，1981年12月22日出生于四川省内江市，汉族，高中文化，个体户，户籍所在地四川省成都市成华区。因涉嫌犯交通肇事罪，于2017年2月10日被刑事拘留，同年2月16日被执行逮捕。现羁押于乐山市看守所。 辩护人杨再万，四川汇滔律师事务所律师。 辩护人胥文佳，四川汇滔律师事务所律师。 乐山市市中区人民检察院以乐市中检公诉刑诉（2017）152号起诉书指控被告人郭年龙犯交通肇事罪于2017年5月26日向本院提起公诉，本院于同日立案，依法组成合议庭，适用普通程序，公开开庭审理了本案。公诉机关指派检察员段旭红出庭支持公诉。被告人郭年龙及其辩护人杨再万、胥文佳、侦查人员邱宇到庭参加诉讼。现已审理终结。 公诉机关指控：2017年1月4日，被告人郭年龙驾驶川A72SXX号小型客车由成都住乐山方向行驶。当日8时30分许，当车行至成乐高速公路59千米260米路段时，郭年龙因超速行驶，骑轧车道分界线行驶，加之观察不力，操作不当，造成车辆失控，与前方客货车道正常行驶的由庄传友驾驶的川AQl6XX号大型普通客车及高速公路护栏发生碰撞，致川AQl6XX号大型普通客车被撞击后、跨越高速公路中心护栏驶向对向车道，与在对面客货车道上由宋某某驾驶的川U685XX（川U08XX挂）号重型半挂牵引车（挂车）迎面相撞。该道路交通事故造成庄传友、宋某某当场死亡，U685XX（川U08XX挂）号重型半挂牵引车乘车人刘林，川AQ16XX号大型普通客车乘车人颜某某、罗某某、阿罗某某、阿罗某某、郭某、武某某，岳某某、康某某、莫某某、李某某、彭某、李某某、代某某、汪某某、罗某某受伤以及三车和道路设施受损。川公交高（成乐）认字［2017］第5180094201700XXX号道路交通事故认定书，认定：当事人郭年龙承担此事故全部责任，庄某某、宋某某、刘某，颜某某、罗某某、阿罗某某、阿罗某某、郭某、武某某，岳某某、康某某、莫某某、李某某、彭某、李某某、代某某、汪某某、罗某某不承担此事故责任。 认定上述事实的主要证据有物证、书证、证人证言、被害人陈述、被告人供述和辩解、鉴定意见、勘验、检查笔录等。 公诉机关认为，被告人郭年龙违反交通运输法规，因而发生重大交通事故，致二人死亡，承担事故全部责任，其行为已触犯《中华人民共和国刑法》第一百三十三条之规定，犯罪事实清楚，证据确实、充分，应当以交通肇事罪追究其刑事责任。根据《中华人民共和国刑事诉讼法》第一百七十二条之规定，提起公诉，请依法判处。 被告人郭年龙对指控其驾驶车辆发生交通事故的事实无异议，但认为其不应承担事故的全部责任，事故中大客车也存在操作不当等因素，才导致该事故的发生。 被告人郭年龙的辩护人对起诉书指控被告人郭年龙驾驶车辆发生交通事故的事实无异议，但认为本案的事故责任认定书认定人员与侦查人员系同一人，违反法律规定，程序违法，同时责任比例划分明显不当，与客观事实不符，不应当予以采信。被害人庄传友存在遇紧急情况操作不当、酒驾等情节，对本案事故的发生也存在一定的责任，被告人郭年龙在本案中应承担主要或同等责任。同时被告人郭年龙具有自首、初犯、偶犯等情节，请求人民法院综合上述情节，在对事故责任重新划分的基础上对被告人郭年龙作出有罪或无罪判决。 经审理查明：2017年1月4日，被告人郭年龙驾驶川A72SXX号小型客车由成都住乐山方向行驶。当日8时30分许，当该车行至成乐高速公路59千米260米路段时，郭年龙因超速行驶，骑轧车道分界线行驶，加之观察不力，操作不当，造成车辆失控，与前方客货车道正常行驶的由被害人庄某某驾驶的川AQl6XX号大型普通客车及高速公路护栏发生碰撞，致川AQl6XX号大型普通客车被撞击后、跨越高速公路中心护栏驶入对向车道，与在对面客货车道上由被害人宋嘉荣驾驶的川U685XX（川U08XX挂）号重型半挂牵引车（挂车）迎面相撞。该道路交通事故造成庄某某、宋某某当场死亡，U685XX（川U08XX挂）号重型半挂牵引车乘车人暨被害人刘某，川AQ16XX号大型普通客车乘车人暨被害人颜某某、罗某某、阿罗某某、阿罗某某、郭某、武某某，岳某某、康某某、莫某某、李某某、彭某、李某某、代某某、汪某某、罗某某受伤以及三车和道路设施受损。2017年2月8日四川省公安厅交通警察总队高速公路支队成乐大队作出川公交高（成乐）认字［2017］第51800942017000XX号道路交通事故认定书，认定：当事人郭年龙承担此事故全部责任，庄某某、宋某某、刘某，颜某某、罗某某、阿罗某某、阿罗某某、郭某、武某某，岳某某、康某某、莫某某、李某某、彭某、李某某、代某某、汪某某、罗某某不承担此事故责任。后被告人郭年龙对该事故认定书结论申请复核，2017年2月17日，由四川省公安厅交通警察总队高速公路支队作出公交高不受字［2017］第003号道路交通事故认定复核不予受理通知书：根据公安部《道路交通事故处理程序规定》第五十二条第二款“人民检察院对交通肇事犯罪嫌疑人批准逮捕，复核申请不予受理”的规定，决定不予受理，由人民法院依法进行审理并作出判决。 另查明，案发后被告人郭年龙在得知他人已报警后留在事故现场等待处理，归案后如实供述了事发经过。 还查明，被告人郭年龙所驾驶的肇事车辆川A72SXX号车未投保交强险和商业第三责任险。案发后二名死者家属已另行提起民事诉讼，被告人郭年龙目前尚未赔偿本案中的被害人任何经济损失。 上述事实有经质证、认证的以下证据予以证实： 一、书证、物证 1、受案登记表、立案决定书，主要证实案件受理情况。 2、拘留证、逮捕证，证实被告人郭年龙的强制措施情况。 3、受理事故案件登记表，主要证实出警情况； 4、到案情况说明，主要证实案发经过以及郭年龙在得知他人报警后仍在现场等待处理，归案后如实供述了案发经过。 5、身份证、行驶证、车辆信息等材料，主要证实事故车辆的登记信息。 6、人员户籍信息，主要证实被告人郭年龙、死者以及伤者的身份信息。 7、保险单复印件，主要证实事故车辆川AQl6XX号大型普通客车和川U685XX（川U08XX挂）号重型半挂牵引车的投保信息。 8、驾驶员血样提取登记表，主要证实被告人郭年龙未酒后和毒后驾驶。 9、车载设备情况说明，证实川AQ16XX号车辆设备已在事故中损坏，无法提取录像。 10、道路交通事故认定书，证实经四川省公安厅交通警察总队高速公路支队成乐大队认定，经现场勘查和调查，根据事故现场照片、现场图、现场勘查笔录、检验鉴定报告和当事人笔录等证据确认：郭年龙的行为违反了《中华人民共和国道路交通安全法》第四十二条第一款：“机动车上道路行驶”，不得超过限速标志标明的最高时速。在没有限速标志的路段，动车在高速公路上行驶，不得有下列行为：（三）骑、轧行道分界线或者在路肩膀上行驶。”之规定，是造成此次事故的全部原因，庄某某、宋某某、刘某，颜某某、罗某某、阿罗某某、阿罗某某、郭某、武某某，岳某某、康某某、莫某某、李某某、彭某、李某某、代某某、汪某某、罗某某无违法行为。认定郭年龙承担此事故全部责任，庄某某、宋某某、刘某，颜某某、罗某某、阿罗某某、阿罗某某、郭某、武某某，岳某某、康某某、莫某某、李某某、彭某、李某某、代某某、汪某某、罗某某不承担此事故责任。 11、不予受理通知书，证实被告人郭年龙申请复核，后由四川省公安厅交通警察总队高速公路支队作出公交高不受字［2017］第003号道路交通事故认定复核不予受理通知书：根据公安部《道路交通事故处理程序规定》第五十二条第二款“人民检察院对交通肇事犯罪嫌疑人批准逮捕，复核申请不予受理”的规定，决定不予受理，由人民法院依法进行审理并作出判决。 二、被害人陈述 1、阿罗某某、康某某、阿罗某某、岳某某、李某某、彭某、罗某某陈述，主要证实事发时乘坐川AQ16XX客车，未看见事发经过。 2、罗某某的陈述，主要证实事发时乘坐川AQ16XX客车，看见一辆小车从客车左前方冲向客车右方，两车离的很近。 3、刘某的陈述 我和宋某某系师兄关系，事发时乘坐宋某某驾驶的川U685XX号水泥罐车拉水泥前往崇州，我坐在副驾驶，当车行驶至彭山路段时，看见对面的大客车冲过中间防护栏撞上我们的车，就被撞倒路边水沟中去了。当时我们车上拉了30吨水泥，车速大概在80码，当时路况很好，没有雾没有下雨，天气也不错。 4、武某某的陈述 案发当天我乘坐川AQ16XX客车从成都到乐山，我坐在第一排靠过道位置，事发时我听到砰的一声撞击声，然后看到一辆白色小车突然就横在大客车前方，随即大客车就向左飞起来一下冲到对面车道立即与对面货车相撞。天气阴、能见度好，车流小。 5、代某某的陈述 我乘坐川AQ16XX客车从成都到乐山，我坐在驾驶员后面第一排的位置，当车行驶至彭山收费站时，有一辆小车从左侧超过我乘坐的大客车，跟着两辆车就相撞了，大客车往中央隔离带冲到对面车道上，又发生了撞击，我就失去了知觉。 6、汪某某的陈述 我乘坐川AQ16XX客车从成都到乐山，事发时，大客车正常行驶在中间，突然听到砰一声，一小车从左边冲到客车前方，又拉到右边护栏，反弹到客车右前，致使我们的车向左冲出去撞到了对面车，之后我受伤送医院了。 7、罗某某的陈述 我坐在川AQ16XX客车第一排，事发时，突然听到砰一声，然后一辆白色小车飞快地从左边甩到大客车前面的防护栏，然后打转转，之后客车就冲到了对面与另一货车相撞。事发时，客车是正常行驶在中间车道，事故完全是由那个失控的小车引起的。 三、被告人郭年龙的供述与辩解 2017年1月4日上午7时35分左右，我驾驶川A72SXX号车从龙潭绕城上高速路，过彭山收费站后看见前方一辆银色大客车，它车速较慢，在距它20米左右我从快车道超车，超一半时我发现车有点向大客车偏，我点了一下刹车，车就失控开到大客车前方并撞上应急车道护栏，当时事发突然我车失控，我重点放在我车上，没有发现大客车的情况，车停后，我左脚卡车上，大概5分钟后出来，马上我到车后方架警示牌，过了一会救护车就来了，我就没报警，随后警方进入，我全程配合工作。 四、事故现场勘查记录、现场图、交通事故照片，证实案发现场情况。 五、司法鉴定意见书 1、鼎诚司鉴定［2017］毒鉴眉字第006号鉴定检验报告书，证实郭年龙血液中酒精浓度小于1.0㎎／100ml。 2、鼎诚司鉴定［2017］毒鉴眉字第007号鉴定检验报告书，证实宋嘉荣血液中酒精浓度小于1.0㎎／100ml。 3、鼎诚司鉴定［2017］毒鉴眉字第008号鉴定检验报告书，证实庄传友血液中检出酒精成分，其浓度为7.4㎎／100ml。 4、鼎诚司鉴定［2017］病鉴字第0003、0004号法医病理学鉴定意见书，证实死者宋某某符合道路交通事故致颅脑损失合并胸部损伤死亡；死者庄某某符合道路交通事故致颅脑损失合并胸部、腹部损伤死亡。 5、华科所［2017］机鉴字成乐高速0100XX号、0100XX号、0100XX号鉴定意见书，主要证实川A72SXX号小型轿车、川AQl6XX号大型普通客车、川U685XX川U08XX挂）号重型半挂牵引车的车辆情况。 6、华科所［2017］机鉴字成乐高速01001号司法鉴定意见书，证实川A72SXX号小型轿车事故前平均行驶速度为123km／h-129km／h。 7、眉公（物）检（理化）字［2017］20号理化检验报告书，证实川A72SXX号小型轿车轮毂上粘附的可疑塑料碎片与川AQ16XX大型客车保险杠塑料样本种类相同，但红外光谱有差异。 六、视听资料，证实案发现场监控视频，其中被告人郭年龙正驾驶肇事车辆轧行道分界线行驶。 关于本案控辩双方所争议的被告人郭年龙是否应承担事故全部责任的问题，本院认为，事故认定书无论从其制作主体还是内容形式，均属于刑事诉讼中的书证类型，因此对事故认定书的审查同样应围绕刑事证据的“三性”原则来进行。本案的事故认定书程序合法，内容客观真实，且能与在案的被害人陈述、被告人供述、勘查笔录等证据相互印证，符合刑事证据的“三性”原则，同时在案的证据以及被告人所提供的证据都不足以证实该事故中客车驾驶员一方存在操作不当、酒驾等行为，也不能证实事故认定书的责任划分存在比例不当，故本院对川公交高（成乐）认字［2017］第51800942017000XX号道路交通事故认定书予以采信。 本院认为，被告人郭年龙违反交通运输管理法规，在道路上驾驶机动车辆，发生致二人死亡、多人受伤，且负事故全部责任的交通事故，情节特别恶劣，其行为已触犯刑律，构成交通肇事罪，应予惩处。公诉机关指控的罪名成立。被告人郭年龙案发后，明知他人报警而在现场等待，归案后如实供述了自己的犯罪事实，系自首，依法可从轻或减轻处罚。被告人郭年龙及其辩护人所提出的上述相同意见与查明事实相符，应予以采纳；其余辩护意见与查明的事实不符的，不予采纳。为此，根据被告人郭年龙的犯罪事实、犯罪的性质、情节以及对于社会的危害程度，依照《中华人民共和国刑法》第一百三十三条、第六十七条第一款、第四十五条、第四十七条、第六十一条和最高人民法院《关于审理交通肇事刑事案件具体应用法律若干问题的解释》第一条、第四条第一款第（一）项的规定，判决如下： 被告人郭年龙犯交通肇事罪，判处有期徒刑三年。 （刑期从判决执行之日起计算。判决执行以前先行羁押的，羁押一日折抵刑期一日。即自2017年2月10日起至2020年2月9日止。） 如不服本判决，可在接到判决书的第二日起十日内，通过本院或直接向四川省乐山市中级人民法院提出上诉。书面上诉的，应当提交上诉状正本一份，副本二份。 审判长杨泳 审判员胡芮芯 人民陪审员陈守仁 二〇一七年九月二十七日 书记员唐玮 附：本案适用法律条文 《中华人民共和国刑法》 第一百三十三条违反交通运输管理法规，因而发生重大事故，致人重伤、死亡或者使公私财产遭受重大损失的，处三年以下有期徒刑或者拘役；交通运输肇事后逃逸或者有其他特别恶劣情节的，处三年以上七年以下有期徒刑；因逃逸致人死亡的，处七年以上有期徒刑。 第六十七条犯罪以后自动投案，如实供述自己的罪行的，是自首。对于自首的犯罪分子，可以从轻或者减轻处罚。其中，犯罪较轻的，可以免除处罚。 …… …… 第四十五条有期徒刑的期限，除本法第五十条、第六十九条规定外，为六个月以上十五年以下。 第四十七条有期徒刑的刑期，从判决执行之日起计算；判决执行以前先行羁押的，羁押一日折抵刑期一日。 第六十一条对于犯罪分子决定刑罚的时候，应当根据犯罪的事实、犯罪的性质、情节和对于社会的危害程度，依照本法的有关规定判处。","writId":"019aec5012d9a7a27f8d1391a86521ab19b","writName":"郭年龙犯交通肇事罪一审刑事判决书"}
