{"ajId":"88e9e8e8-5cb2-4cf5-b060-ad8be45f9327","ajName":"李某甲走私、贩卖、运输、制造毒品罪一案","ajjbqk":" 山西省武乡县人民检察院指控称，被告人李某甲购买毒品甲卡西酮（俗称“筋儿”）后，除自己吸食外，分装成小包以每包50元到100元不等的价格向多人多次出售： 1、2016年4月到2017年3月，被告人李某甲在其家中以每包50元的价格向曹某出售甲卡西酮4次共4包，每包重0.3克，共计1.2克。 2、2016年12月到2017年3月，被告人李某甲在其家中以每包100元的价格向李某乙出售甲卡西酮5次共5包。 3、2017年2月，被告人李某甲在其家中以每包100元的价格向邱建辉出售甲卡西酮1包。 4、2016年3月到4月期间，被告人李某甲在其家中以每包100元的价格向赵宏伟出售甲卡西酮1包。 2017年3月12日晚，武乡县公安局在武乡县墨镫乡戈北坪村李某甲的家中将被告人李某甲抓获，从其穿着的上衣口袋查获疑似毒品8包，净重6.66克。经鉴定，该8包疑似毒品均检出甲卡西酮及咖啡因成分。综上所述，被告人李某甲贩卖毒品11次，贩卖甲卡西酮共计7.8克。针对上述指控事实，公诉机关当庭提交并出示了吸毒工具等物证、受案登记表、户籍证明等书证、证人曹某、李某乙等的证言、现场勘查笔录、鉴定意见以及被告人的供述与辩解等相关证据材料，并据此指控被告人李某甲违反国家对毒品的管制规定，向多人多次出售毒品，应当以贩卖毒品罪追究其刑事责任，并建议判处被告人李某甲有期徒刑三年至四年，并处罚金。 被告人李某甲对公诉机关指控的犯罪事实、罪名及当庭出示的证据均无异议，且当庭自愿认罪。 经审理查明，被告人李某甲购买毒品甲卡西酮（俗称“筋儿”）后，除自己吸食外，分装成小包在其家中以每包50元到100元不等的价格向4人11次出售，其中2016年4月到2017年3月，向曹某出售甲卡西酮4次共4包，每包重0.3克，共计1.2克；2016年12月到2017年3月，向李某乙出售甲卡西酮5次共5包；2017年2月，向邱建辉出售甲卡西酮1包；2016年3月到4月期间，向赵宏伟出售甲卡西酮1包。2017年3月12日晚，武乡县公安局在其家中将其抓获，从穿着的上衣口袋查获疑似毒品8包，净重6.66克。经鉴定，该8包疑似毒品均检出甲卡西酮及咖啡因成分。 上述事实，有公诉机关当庭提交，并经法庭举证、质证的下列证据予以证明： 1、受案登记表及立案决定书证明：2017年3月13日下午，武乡县公安局在办理吸食毒品案件时，发现李某甲有贩卖毒品的嫌疑，于2017年3月13日对被告人李某甲贩卖毒品案立案侦查。 2、查获证明证实：武乡县公安局民警程宏伟、魏高伟于2017年3月12日晚21时20分在武乡县墨镫乡戈北坪村进行集中清查时，在李某甲家中当场查获，并在其上衣内搜出毒品8包。 3、证人曹某证言证明：我与李某甲是同学关系。我在李某甲手里买过四次毒品筋儿，每次50元价格买的，共花了200元现金，每次买毒品都是在他家。2016年4月份，听说李某甲卖筋儿，就和他以50元钱的价格买了一包吸了。2017年3月11日中午在李某甲家购买了50元的筋儿，约0、3至0、4克左右。 4、证人李某乙证言证明：我在李某甲手里购买过五次毒品“筋儿”，每次都是100元的价格，共花了500元现金。2016年12月份左右去了他家以100元的价格买了1包，2017年3月5、6号是最后一次向李某甲购买毒品。 5、证人邱某证言证明：2017年刚过了正月十五，我一个人又去李某甲处买过一次，买了100元钱的筋儿。 6、证人赵某证言证明：我在李某甲那购买过毒品，2016年3、4月份左右，就这一次，100元一小包，是从他口袋里拿出的毒品。 7、证人王某证言证明：李某甲是我的丈夫，今年过年见他在墨镫乡戈北坪家中吸过，他说吸的面儿。 8、武乡县公安局现场检测报告书证明：经对李某甲、曹某、李某乙尿液检测，结果呈阳性；邱某、赵某、刘某结果呈阴性。 9、长治市公安司法鉴定中心（长01）公鉴（毒化）字［2017］181号检验报告证明：委托单位武乡县公安局；送检人：苗艳军、李杰；检验开始日期：2017年4月14日；检验地点：长治市公安局司法鉴定中心；检验意见：经鉴定，送检的编号为1-8号的检材中均检出甲卡西酮及咖啡因成分。 10、辨认笔录证明：曹某从12张照片中辨认出9号照片是李某甲，9号照片确为李某甲；赵某从12张照片中辨认出5号照片是李某甲，5号照片确为李某甲。 11、武乡县公安局扣押物品、文件清单及照片证明：扣押被告人李某甲疑似毒品8包，吸毒工具一套（玻璃瓶和黄色盖子），手机一部（OPPO），锡纸2张。 12、毒品称重记录证明：武乡县公安局民警裴春云、代腾飞对从李某甲处查获的毒品进行称重，8包毒品共计净重6.66克。 13、武乡县公安局行政处罚决定书证明：曹某因吸食毒品被武乡县公安局给予行政拘留十日的行政处罚；李某乙因吸食毒品被武乡县公安局给予伍佰元罚款的行政处罚。 14、户籍证明证实：被告人李某甲，男，1981年7月26日出生，汉族，住山西武乡县墨镫乡。 15、被告人李某甲的供述与辩解证明：我的毒品是向洪水镇村养猪场那儿有个50多岁的妇女处买的，去年买了至少五、六千元的毒品，今年买了四五千元的毒品。曹某向我购买过3、4次毒品，前几次有的给我20元钱，有的就吸上些毒品，2017年3月12日晚上我给了他2包毒品，他向我红包支付100元钱。我向马堡村“焦斌孩”、李某乙、李某出售过毒品，还向马堡煤矿“邱老二”（邱某的弟弟）、赵某出售过毒品。交易方式有红包有现金，交易地点有的在我家，有的送到他们要的地方。我每次在南台猪场老马那儿购买10克毒品，去年是700元10克，今年是500元10克，回到家分成15至17份，每份装到一个小袋子里，以每小包50元出售，买10克的时候，每次能赚6、7小包。具体买了多少次我记不清了，有时三四天一次，有时十几天买一次。我还从洪水镇闫家庄村一个叫张＊的人那儿购买过三次毒品，他二十来岁，手机尾号4444。 上述证据来源合法，内容确实、充分，证据之间相互印证，足以证明本案事实，依法予以认定。 ","cpfxgc":"本院认为，被告人李某甲违反国家对毒品的管制规定，明知是毒品而向多人多次出售，其行为构成贩卖毒品罪，公诉机关指控的罪名成立。被告人李某甲到案后如实供述犯罪事实，当庭自愿认罪，依法可以从轻处罚。查获的毒品6.66克依法予以销毁。吸毒工具一套（玻璃瓶和黄色盖子）、手机一部（OPPO）、锡纸2张依法予以没收，上缴国库。综上，根据被告人李某甲的犯罪事实、犯罪性质、情节以及对社会的危害程度，依照《中华人民共和国刑法》第三百四十七条第四款、第六十七条、第六十四条、第六十一条、第五十二条、第五十三条、最高人民法院《关于审理毒品案件定罪量刑标准有关问题的解释》第三条第四项之规定，判决如下：","pjjg":" 一、被告人李某甲犯贩卖毒品罪，判处有期徒刑三年，并处罚金人民币4000元。 （刑期从判决执行之日起计算。判决执行以前先行羁押的，羁押一日折抵刑期一日，即自2017年3月14日起至2020年3月13日止。罚金自判决生效之日起三十日内缴纳。） 二、查获的毒品依法予以销毁。 三、扣押的吸毒工具、手机一部、锡纸2张依法予以没收，上缴国库。 如不服本判决，可在接到判决书的第二日起十日内，通过本院或者直接向山西省长治市中级人民法院提出上诉。书面上诉的，应当提交上诉状正本一份，副本二份。","qw":"李某甲走私、贩卖、运输、制造毒品罪一审刑事判决书 山西省武乡县人民法院 刑事判决书 （2017）晋0429刑初43号 公诉机关山西省武乡县人民检察院。 被告人李某甲，男，1981年7月26日出生，汉族，初中文化，农民。因涉嫌犯贩卖毒品罪于2017年3月14日被刑事拘留，同年4月20日被逮捕。现羁押于武乡县看守所。 山西省武乡县人民检察院以武检刑刑诉［2017］33号起诉书指控被告人李某甲犯贩卖毒品罪，于2017年7月12日向本院提起公诉。本院审查后依法组成合议庭，公开开庭审理了本案。武乡县人民检察院指派检察员武勇、王敏出庭支持公诉，被告人李某甲等到庭参加诉讼。现已审理终结。 山西省武乡县人民检察院指控称，被告人李某甲购买毒品甲卡西酮（俗称“筋儿”）后，除自己吸食外，分装成小包以每包50元到100元不等的价格向多人多次出售： 1、2016年4月到2017年3月，被告人李某甲在其家中以每包50元的价格向曹某出售甲卡西酮4次共4包，每包重0.3克，共计1.2克。 2、2016年12月到2017年3月，被告人李某甲在其家中以每包100元的价格向李某乙出售甲卡西酮5次共5包。 3、2017年2月，被告人李某甲在其家中以每包100元的价格向邱建辉出售甲卡西酮1包。 4、2016年3月到4月期间，被告人李某甲在其家中以每包100元的价格向赵宏伟出售甲卡西酮1包。 2017年3月12日晚，武乡县公安局在武乡县墨镫乡戈北坪村李某甲的家中将被告人李某甲抓获，从其穿着的上衣口袋查获疑似毒品8包，净重6.66克。经鉴定，该8包疑似毒品均检出甲卡西酮及咖啡因成分。综上所述，被告人李某甲贩卖毒品11次，贩卖甲卡西酮共计7.8克。针对上述指控事实，公诉机关当庭提交并出示了吸毒工具等物证、受案登记表、户籍证明等书证、证人曹某、李某乙等的证言、现场勘查笔录、鉴定意见以及被告人的供述与辩解等相关证据材料，并据此指控被告人李某甲违反国家对毒品的管制规定，向多人多次出售毒品，应当以贩卖毒品罪追究其刑事责任，并建议判处被告人李某甲有期徒刑三年至四年，并处罚金。 被告人李某甲对公诉机关指控的犯罪事实、罪名及当庭出示的证据均无异议，且当庭自愿认罪。 经审理查明，被告人李某甲购买毒品甲卡西酮（俗称“筋儿”）后，除自己吸食外，分装成小包在其家中以每包50元到100元不等的价格向4人11次出售，其中2016年4月到2017年3月，向曹某出售甲卡西酮4次共4包，每包重0.3克，共计1.2克；2016年12月到2017年3月，向李某乙出售甲卡西酮5次共5包；2017年2月，向邱建辉出售甲卡西酮1包；2016年3月到4月期间，向赵宏伟出售甲卡西酮1包。2017年3月12日晚，武乡县公安局在其家中将其抓获，从穿着的上衣口袋查获疑似毒品8包，净重6.66克。经鉴定，该8包疑似毒品均检出甲卡西酮及咖啡因成分。 上述事实，有公诉机关当庭提交，并经法庭举证、质证的下列证据予以证明： 1、受案登记表及立案决定书证明：2017年3月13日下午，武乡县公安局在办理吸食毒品案件时，发现李某甲有贩卖毒品的嫌疑，于2017年3月13日对被告人李某甲贩卖毒品案立案侦查。 2、查获证明证实：武乡县公安局民警程宏伟、魏高伟于2017年3月12日晚21时20分在武乡县墨镫乡戈北坪村进行集中清查时，在李某甲家中当场查获，并在其上衣内搜出毒品8包。 3、证人曹某证言证明：我与李某甲是同学关系。我在李某甲手里买过四次毒品筋儿，每次50元价格买的，共花了200元现金，每次买毒品都是在他家。2016年4月份，听说李某甲卖筋儿，就和他以50元钱的价格买了一包吸了。2017年3月11日中午在李某甲家购买了50元的筋儿，约0、3至0、4克左右。 4、证人李某乙证言证明：我在李某甲手里购买过五次毒品“筋儿”，每次都是100元的价格，共花了500元现金。2016年12月份左右去了他家以100元的价格买了1包，2017年3月5、6号是最后一次向李某甲购买毒品。 5、证人邱某证言证明：2017年刚过了正月十五，我一个人又去李某甲处买过一次，买了100元钱的筋儿。 6、证人赵某证言证明：我在李某甲那购买过毒品，2016年3、4月份左右，就这一次，100元一小包，是从他口袋里拿出的毒品。 7、证人王某证言证明：李某甲是我的丈夫，今年过年见他在墨镫乡戈北坪家中吸过，他说吸的面儿。 8、武乡县公安局现场检测报告书证明：经对李某甲、曹某、李某乙尿液检测，结果呈阳性；邱某、赵某、刘某结果呈阴性。 9、长治市公安司法鉴定中心（长01）公鉴（毒化）字［2017］181号检验报告证明：委托单位武乡县公安局；送检人：苗艳军、李杰；检验开始日期：2017年4月14日；检验地点：长治市公安局司法鉴定中心；检验意见：经鉴定，送检的编号为1-8号的检材中均检出甲卡西酮及咖啡因成分。 10、辨认笔录证明：曹某从12张照片中辨认出9号照片是李某甲，9号照片确为李某甲；赵某从12张照片中辨认出5号照片是李某甲，5号照片确为李某甲。 11、武乡县公安局扣押物品、文件清单及照片证明：扣押被告人李某甲疑似毒品8包，吸毒工具一套（玻璃瓶和黄色盖子），手机一部（OPPO），锡纸2张。 12、毒品称重记录证明：武乡县公安局民警裴春云、代腾飞对从李某甲处查获的毒品进行称重，8包毒品共计净重6.66克。 13、武乡县公安局行政处罚决定书证明：曹某因吸食毒品被武乡县公安局给予行政拘留十日的行政处罚；李某乙因吸食毒品被武乡县公安局给予伍佰元罚款的行政处罚。 14、户籍证明证实：被告人李某甲，男，1981年7月26日出生，汉族，住山西武乡县墨镫乡。 15、被告人李某甲的供述与辩解证明：我的毒品是向洪水镇村养猪场那儿有个50多岁的妇女处买的，去年买了至少五、六千元的毒品，今年买了四五千元的毒品。曹某向我购买过3、4次毒品，前几次有的给我20元钱，有的就吸上些毒品，2017年3月12日晚上我给了他2包毒品，他向我红包支付100元钱。我向马堡村“焦斌孩”、李某乙、李某出售过毒品，还向马堡煤矿“邱老二”（邱某的弟弟）、赵某出售过毒品。交易方式有红包有现金，交易地点有的在我家，有的送到他们要的地方。我每次在南台猪场老马那儿购买10克毒品，去年是700元10克，今年是500元10克，回到家分成15至17份，每份装到一个小袋子里，以每小包50元出售，买10克的时候，每次能赚6、7小包。具体买了多少次我记不清了，有时三四天一次，有时十几天买一次。我还从洪水镇闫家庄村一个叫张＊的人那儿购买过三次毒品，他二十来岁，手机尾号4444。 上述证据来源合法，内容确实、充分，证据之间相互印证，足以证明本案事实，依法予以认定。 本院认为，被告人李某甲违反国家对毒品的管制规定，明知是毒品而向多人多次出售，其行为构成贩卖毒品罪，公诉机关指控的罪名成立。被告人李某甲到案后如实供述犯罪事实，当庭自愿认罪，依法可以从轻处罚。查获的毒品6.66克依法予以销毁。吸毒工具一套（玻璃瓶和黄色盖子）、手机一部（OPPO）、锡纸2张依法予以没收，上缴国库。综上，根据被告人李某甲的犯罪事实、犯罪性质、情节以及对社会的危害程度，依照《中华人民共和国刑法》第三百四十七条第四款、第六十七条、第六十四条、第六十一条、第五十二条、第五十三条、最高人民法院《关于审理毒品案件定罪量刑标准有关问题的解释》第三条第四项之规定，判决如下： 一、被告人李某甲犯贩卖毒品罪，判处有期徒刑三年，并处罚金人民币4000元。 （刑期从判决执行之日起计算。判决执行以前先行羁押的，羁押一日折抵刑期一日，即自2017年3月14日起至2020年3月13日止。罚金自判决生效之日起三十日内缴纳。） 二、查获的毒品依法予以销毁。 三、扣押的吸毒工具、手机一部、锡纸2张依法予以没收，上缴国库。 如不服本判决，可在接到判决书的第二日起十日内，通过本院或者直接向山西省长治市中级人民法院提出上诉。书面上诉的，应当提交上诉状正本一份，副本二份。 审判长李秀清 人民陪审员崔忠平 人民陪审员段志明 二〇一七年八月十四日 书记员魏佳鑫","writId":"0600ede0e6333c4ad1c3cd65fc459405340","writName":"李某甲走私、贩卖、运输、制造毒品罪一审刑事判决书"}
