{"ajId":"fe50bfc9-38f7-4e63-b5ae-3369a71fed83","ajName":"易某盗窃一案","ajjbqk":" 岳阳市云溪区人民检察院指控，2011年下半年，被告人易某利用自己以前是电工，对岳化金盆新村电力熟悉的便利条件，在自己家门面房后面的配电房私接一根电线至自己家中使用，而后又将窃取来的电以每年1500元的价格卖给“靓妆”美发店的老板宋某某，并收取了宋某某1500元的电费。以每年800元的价格将电卖给“嘉嘉”批零超市的老板刘某某，并收取了刘某某800元的电费。以每月2200元的价格将电卖给了“太阳网吧”，并从“太阳网吧”收取电费55000元，除去易某交给云溪农网的电费3306.14元，易某得利51693.86元。2012年7月份，易某把窃取来的电免费给“经典”形象设计美容美发店的老板使用。至2013年9月底，易某共得利53993.86元。具体事实如下： 1、2011年下半年，被告人易某在金盆社区新村租了一家门面卖渔具，后来易某发现在门面后面有一个配电房，配电房加了锁，但是门缝比较大。易某就在配电房私自接了一根电线，然后穿过马路把电线牵到自己住的原工商银行的房子里面使用。 2、宋某某在金盆社区新村经营“靓妆”美容美发店，生意比较好，用电量比较大。2011年7月份，被告人易某找到宋某某说他可以给宋某某接一根岳化的电。之后易某给宋某某接了一根岳化的电，并要宋某某每年给他1500元的电费，宋某某在2012年年底的时候给了易某电费人民币1500元。 3、刘某某在金盆新村经营“嘉嘉”批零超市，使用云溪农网的电，但是农网的电经常停电，刘某某就经常拉着冰箱去被告人易某家用电。2011年年底易某的妻子就对刘某某说这样比较累，让易某给刘某某接一根岳化的电，刘某某一开始没有答应。后来刘某某家中用电比较多，刘某某就找易某接了一根岳化的电，易某让刘某某每年交800元的电费。2012年年底，易某在刘某某的超市拿了4条黄芙蓉王香烟（每条206元），刘某某也没有找易某要钱，烟钱就和要给易某的800元电费相抵了。 4、2011年7月份，被告人易某在新村一家餐馆吃饭时和“太阳网吧”的老板说了自己可以接通岳化的电，网吧的老板也正有此意。易某就给网吧接了一根岳化的电线让网吧使用。易某让网吧每个月给自己2200元的电费，易某给网吧缴纳网吧使用的云溪农网的电费，剩余的钱归易某所有。至2013年10月1日，易某共从网吧收取25个月的电费，共55000的电费，除去帮网吧交云溪农网的3306.14元的电费，易某得利51693.86元。 5、2012年7月份，被告人易某和卢某某闲聊的时候，卢某某说用云溪农网的电，经常停电。易某就对卢某某说他可以给卢某某接一根岳化的电使用，之后易某给卢某某接了岳化的电，卢某某的儿子经营的“经典”美容美发店也使用了易某接的岳化的电，由于易某与卢某某关系好，易某没有找卢某某要过钱。 2013年11月29日，被告人易某主动到岳阳市公安局云溪分局汪家岭派出所投案，并如实供述了其涉嫌盗窃罪的全部事实。 2013年12月24日，被告人易某退还了人民币20000元给中石化巴陵分公司岳化社区管理中心能源管理所。 在本院审理过程中，被告人易某主动退出赃款人民币33993.86元。 被告人易某所在岳阳市云溪区司法局出具了书面调查评估意见书，认为被告人易某平常表现较好，忠厚老实，与邻里关系和睦，犯罪前无不良行为，居住地居委会、司法所认为矫正环境较好，同意对其进行监管教育，由于其盗窃数额巨大，建议对被告人易某慎用缓刑。 上述事实，被告人易某在开庭审理过程中亦无异议，且有被告人易某的到案经过、户籍证明材料、扣押物品决定书及扣押物品清单、收条、用户电量电价电费明细表、报案材料、指认笔录、电话查询单等书证、证人宋某某、刘某某、刘某某、吕某某、杨某、方某某、刘某某等人的证言、被告人易某的供述和辩解、岳阳市云溪区司法局出具的调查评估意见书等相关证据材料在卷佐证，足以认定。 ","cpfxgc":"本院认为，被告人易某以非法占有为目的，窃取正在使用的电力，数额巨大，其行为已构成盗窃罪。公诉机关指控的事实清楚，证据确实、充分，罪名成立。被告人易某主动到公安机关投案，并如实供述了自己的全部犯罪事实，属自首，依法可以从轻或者减轻处罚；且其主动退出了全部赃款，可酌情从轻处罚；被告人易某所在岳阳市云溪区司法局证实对被告人易某有监管帮教条件，且确实不致再危害社会，对被告人易某可适用缓刑。 综上所述，本院依照《中华人民共和国刑法》第二百六十四条、第六十七条第一款、第七十二条第一、三款、第七十三条第二、三款、第六十四条之规定，判决如下：","pjjg":" 一、被告人易某犯盗窃罪，判处有期徒刑二年，缓刑三年，并处罚金人民币一万五千元（缓刑考验期从判决确定之日起计算。罚金已缴纳）。 责令被告人易某自本判决书生效之日起10日内持判决书到岳阳市云溪区司法局报到，接受社区矫正。 二、追缴被告人易某违法所得人民币五万三千九百九十三元八角六分，返还被害单位中石化巴陵分公司岳化社区管理中心能源管理所。 如不服本判决，可在接到判决书的第二日起十日内，通过本院或者直接向湖南省岳阳市中级人民法院提出上诉。书面上诉的，应当提交上诉状正本一份，副本二份。","qw":"湖南省岳阳市云溪区人民法院 刑事判决书 （2014）云刑初字第9号 公诉机关岳阳市云溪区人民检察院。 被告人易某，男，1968年2月7日出生，汉族，初中文化，个体工商户。因涉嫌犯盗窃罪，2013年11月30日被岳阳市公安局云溪分局刑事拘留，同年12月13日被逮捕。现羁押于岳阳市云溪区看守所。 岳阳市云溪区人民检察院以岳云检刑诉（2014）第5号起诉书于2014年1月14日指控被告人易某犯盗窃罪，向本院提起公诉。本院受理后，依法适用简易程序，实行独任审判，公开开庭进行了审理。岳阳市云溪区人民检察院指派检察员李旭出庭支持公诉。被告人易某到庭参加了诉讼。本案现已审理终结。 岳阳市云溪区人民检察院指控，2011年下半年，被告人易某利用自己以前是电工，对岳化金盆新村电力熟悉的便利条件，在自己家门面房后面的配电房私接一根电线至自己家中使用，而后又将窃取来的电以每年1500元的价格卖给“靓妆”美发店的老板宋某某，并收取了宋某某1500元的电费。以每年800元的价格将电卖给“嘉嘉”批零超市的老板刘某某，并收取了刘某某800元的电费。以每月2200元的价格将电卖给了“太阳网吧”，并从“太阳网吧”收取电费55000元，除去易某交给云溪农网的电费3306.14元，易某得利51693.86元。2012年7月份，易某把窃取来的电免费给“经典”形象设计美容美发店的老板使用。至2013年9月底，易某共得利53993.86元。具体事实如下： 1、2011年下半年，被告人易某在金盆社区新村租了一家门面卖渔具，后来易某发现在门面后面有一个配电房，配电房加了锁，但是门缝比较大。易某就在配电房私自接了一根电线，然后穿过马路把电线牵到自己住的原工商银行的房子里面使用。 2、宋某某在金盆社区新村经营“靓妆”美容美发店，生意比较好，用电量比较大。2011年7月份，被告人易某找到宋某某说他可以给宋某某接一根岳化的电。之后易某给宋某某接了一根岳化的电，并要宋某某每年给他1500元的电费，宋某某在2012年年底的时候给了易某电费人民币1500元。 3、刘某某在金盆新村经营“嘉嘉”批零超市，使用云溪农网的电，但是农网的电经常停电，刘某某就经常拉着冰箱去被告人易某家用电。2011年年底易某的妻子就对刘某某说这样比较累，让易某给刘某某接一根岳化的电，刘某某一开始没有答应。后来刘某某家中用电比较多，刘某某就找易某接了一根岳化的电，易某让刘某某每年交800元的电费。2012年年底，易某在刘某某的超市拿了4条黄芙蓉王香烟（每条206元），刘某某也没有找易某要钱，烟钱就和要给易某的800元电费相抵了。 4、2011年7月份，被告人易某在新村一家餐馆吃饭时和“太阳网吧”的老板说了自己可以接通岳化的电，网吧的老板也正有此意。易某就给网吧接了一根岳化的电线让网吧使用。易某让网吧每个月给自己2200元的电费，易某给网吧缴纳网吧使用的云溪农网的电费，剩余的钱归易某所有。至2013年10月1日，易某共从网吧收取25个月的电费，共55000的电费，除去帮网吧交云溪农网的3306.14元的电费，易某得利51693.86元。 5、2012年7月份，被告人易某和卢某某闲聊的时候，卢某某说用云溪农网的电，经常停电。易某就对卢某某说他可以给卢某某接一根岳化的电使用，之后易某给卢某某接了岳化的电，卢某某的儿子经营的“经典”美容美发店也使用了易某接的岳化的电，由于易某与卢某某关系好，易某没有找卢某某要过钱。 2013年11月29日，被告人易某主动到岳阳市公安局云溪分局汪家岭派出所投案，并如实供述了其涉嫌盗窃罪的全部事实。 2013年12月24日，被告人易某退还了人民币20000元给中石化巴陵分公司岳化社区管理中心能源管理所。 在本院审理过程中，被告人易某主动退出赃款人民币33993.86元。 被告人易某所在岳阳市云溪区司法局出具了书面调查评估意见书，认为被告人易某平常表现较好，忠厚老实，与邻里关系和睦，犯罪前无不良行为，居住地居委会、司法所认为矫正环境较好，同意对其进行监管教育，由于其盗窃数额巨大，建议对被告人易某慎用缓刑。 上述事实，被告人易某在开庭审理过程中亦无异议，且有被告人易某的到案经过、户籍证明材料、扣押物品决定书及扣押物品清单、收条、用户电量电价电费明细表、报案材料、指认笔录、电话查询单等书证、证人宋某某、刘某某、刘某某、吕某某、杨某、方某某、刘某某等人的证言、被告人易某的供述和辩解、岳阳市云溪区司法局出具的调查评估意见书等相关证据材料在卷佐证，足以认定。 本院认为，被告人易某以非法占有为目的，窃取正在使用的电力，数额巨大，其行为已构成盗窃罪。公诉机关指控的事实清楚，证据确实、充分，罪名成立。被告人易某主动到公安机关投案，并如实供述了自己的全部犯罪事实，属自首，依法可以从轻或者减轻处罚；且其主动退出了全部赃款，可酌情从轻处罚；被告人易某所在岳阳市云溪区司法局证实对被告人易某有监管帮教条件，且确实不致再危害社会，对被告人易某可适用缓刑。 综上所述，本院依照《中华人民共和国刑法》第二百六十四条、第六十七条第一款、第七十二条第一、三款、第七十三条第二、三款、第六十四条之规定，判决如下： 一、被告人易某犯盗窃罪，判处有期徒刑二年，缓刑三年，并处罚金人民币一万五千元（缓刑考验期从判决确定之日起计算。罚金已缴纳）。 责令被告人易某自本判决书生效之日起10日内持判决书到岳阳市云溪区司法局报到，接受社区矫正。 二、追缴被告人易某违法所得人民币五万三千九百九十三元八角六分，返还被害单位中石化巴陵分公司岳化社区管理中心能源管理所。 如不服本判决，可在接到判决书的第二日起十日内，通过本院或者直接向湖南省岳阳市中级人民法院提出上诉。书面上诉的，应当提交上诉状正本一份，副本二份。 代理审判员刘芳 二0一四年一月二十二日 书记员丁咪","writId":"009423f96fdeadee3814b7fb11be36777a8","writName":"易某盗窃案案一审刑事判决书"}
