{"ajId":"7e62e466-a584-4737-8dbc-b6c3fd3f558d","ajName":"刘某某用资金罪一案","ajjbqk":" 经审理查明： 2015年11月2日，被告人刘某某利用其在徐州市泉山区奎山物业服务中心（由徐州市泉山区奎山办事处奎果居民委员设立的集体所有制企业）负责财务管理、工资发放等职务上的便利，将该服务中心收取的奎园小区业主缴纳的物业服务费10万元挪至其华泰证券账户用于股票投资。 2017年2月17日，被告人刘某某经公安机关电话传唤到案。 上述事实，被告人刘某某及辩护人不持异议，且有公诉机关提供，经当庭举证、质证，本院确认的徐州市泉山区奎山物业服务中心、徐州市金龙物业管理有限公司等单位工商登记资料、徐州市金龙物业管理有限公司（已更名为徐州成功物业管理有限公司）委托徐州市泉山区奎山物业服务中心进行物业管理的物业服务合同、委托书、解除委托通知书、被告人刘某某职务任免文件、收入证明及明细、徐州市泉山区奎山物业服务中心银行账户交易记录、刘某某的交通银行账户交易明细及华泰证券账户信息、交易明细、物业费缴费情况统计表、相关文件、合同等书证材料；证人苗某、夏某、郑某1、张某1等人的证言；被告人刘某某的供述和辩解；公安机关出具的到案情况说明、发破案经过；被告人刘某某的户籍及现实表现证明等证据证实，足以认定。 ","cpfxgc":"本院认为，被告人刘某某身为公司、企业工作人员，利用职务上的便利，挪用本单位资金进行营利活动，数额较大，其行为已构成挪用资金罪，依法应处以三年以下有期徒刑或者拘役。公诉机关指控被告人刘某某犯挪用资金罪的事实清楚，证据确实、充分，指控罪名成立，本院予以支持。关于辩护人提出的被告人刘某某具有自首情节的意见，经查，被告人刘某某案发后自动投案，如实供述了办案单位尚未掌握的犯罪事实，虽其对行为性质有所辩解，但不影响自首的成立，辩护人的该意见本院予以采纳，依法对被告人刘某某予以从轻处罚。综上，为保护公司、企业及其他单位财产权利，惩罚犯罪，根据被告人刘某某的犯罪事实、犯罪性质、情节、对社会的危害程度以及其认罪、悔罪表现，依照《中华人民共和国刑法》第二百七十二条第一款、第六十七条第一款之规定，判决如下：","pjjg":" 被告人刘某某犯挪用资金罪，判处有期徒刑十个月。 （刑期从判决执行之日起计算。判决执行以前先行羁押的，羁押一日折抵刑期一日。即自2017年2月17日起至2017年12月16日止。） 如不服本判决，可在接到判决书的第二日起十日内，通过本院或者直接向江苏省徐州市中级人民法院提出上诉。书面上诉的，应当提交上诉状正本一份，副本二份。","qw":"江苏省徐州市泉山区人民法院 刑事判决书 （2017）苏0311刑初480号 公诉机关徐州市泉山区人民检察院。 被告人刘某某，男，1972年12月28日出生，汉族，高中文化，xxxxxxxxxxxxxxxxxxxxx，住徐州市泉山区，户籍地徐州市泉山区。因涉嫌犯职务侵占罪于2017年2月17日被刑事拘留，同年3月24日被逮捕。现羁押于徐州市看守所。 辩护人何燕燕，江苏彭邦律师事务所律师。 徐州市泉山区人民检察院以泉检诉刑诉（2017）416号起诉书指控被告人刘某某涉嫌犯挪用资金罪，于2017年11月30日向本院提起公诉。本院依法组成合议庭，适用简易程序，公开开庭审理了本案。徐州市泉山区人民检察院指派副检察长张春玉、代理检察员王郭莎出庭支持公诉，被告人刘某某、辩护人何燕燕到庭参加诉讼，现已审理终结。 经审理查明： 2015年11月2日，被告人刘某某利用其在徐州市泉山区奎山物业服务中心（由徐州市泉山区奎山办事处奎果居民委员设立的集体所有制企业）负责财务管理、工资发放等职务上的便利，将该服务中心收取的奎园小区业主缴纳的物业服务费10万元挪至其华泰证券账户用于股票投资。 2017年2月17日，被告人刘某某经公安机关电话传唤到案。 上述事实，被告人刘某某及辩护人不持异议，且有公诉机关提供，经当庭举证、质证，本院确认的徐州市泉山区奎山物业服务中心、徐州市金龙物业管理有限公司等单位工商登记资料、徐州市金龙物业管理有限公司（已更名为徐州成功物业管理有限公司）委托徐州市泉山区奎山物业服务中心进行物业管理的物业服务合同、委托书、解除委托通知书、被告人刘某某职务任免文件、收入证明及明细、徐州市泉山区奎山物业服务中心银行账户交易记录、刘某某的交通银行账户交易明细及华泰证券账户信息、交易明细、物业费缴费情况统计表、相关文件、合同等书证材料；证人苗某、夏某、郑某1、张某1等人的证言；被告人刘某某的供述和辩解；公安机关出具的到案情况说明、发破案经过；被告人刘某某的户籍及现实表现证明等证据证实，足以认定。 本院认为，被告人刘某某身为公司、企业工作人员，利用职务上的便利，挪用本单位资金进行营利活动，数额较大，其行为已构成挪用资金罪，依法应处以三年以下有期徒刑或者拘役。公诉机关指控被告人刘某某犯挪用资金罪的事实清楚，证据确实、充分，指控罪名成立，本院予以支持。关于辩护人提出的被告人刘某某具有自首情节的意见，经查，被告人刘某某案发后自动投案，如实供述了办案单位尚未掌握的犯罪事实，虽其对行为性质有所辩解，但不影响自首的成立，辩护人的该意见本院予以采纳，依法对被告人刘某某予以从轻处罚。综上，为保护公司、企业及其他单位财产权利，惩罚犯罪，根据被告人刘某某的犯罪事实、犯罪性质、情节、对社会的危害程度以及其认罪、悔罪表现，依照《中华人民共和国刑法》第二百七十二条第一款、第六十七条第一款之规定，判决如下： 被告人刘某某犯挪用资金罪，判处有期徒刑十个月。 （刑期从判决执行之日起计算。判决执行以前先行羁押的，羁押一日折抵刑期一日。即自2017年2月17日起至2017年12月16日止。） 如不服本判决，可在接到判决书的第二日起十日内，通过本院或者直接向江苏省徐州市中级人民法院提出上诉。书面上诉的，应当提交上诉状正本一份，副本二份。 审判长孙磊明 审判员黎方 人民陪审员苏征社 二〇一七年十二月十五日 书记员张彬","writId":"039b670212ce1c782ee1b95a7d6537c0c8d","writName":"刘某某用资金罪一审刑事判决书"}
