{"ajId":"56b20072-3463-4872-adbf-879d1b963e99","ajName":"李洪湖非法经营罪一案","ajjbqk":" 北京市昌平区人民检察院指控，2012年11月9日至2013年6月19日期间，被告人李洪湖伙同李××（另案处理）在北京市昌平区回龙观镇等地，在没有真实交易的情况下，多次以虚构价格的方式使用POS机为信用卡持卡人刷卡套现，套现金额达1000余万元。2013年6月19日，被告人李洪湖在北京市昌平区回龙观城铁处被当场查获。公诉机关认为被告人李洪湖的行为触犯了《中华人民共和国刑法》第二百二十五之规定，应当以非法经营罪追究其刑事责任，提请依法惩处。 在法庭审理中，被告人李洪湖对公诉机关指控的为他人刷卡套现的基本事实没有异议，并表示自愿认罪，但认为李××可能在其不知情的情况下使用POS机单独为他人刷卡套现，因此其非法经营数额没有1000余万。 经审理查明，2012年11月至2013年6月19日期间，被告人李洪湖伙同李××（另案处理）在北京市昌平区回龙观镇等地，在没有真实交易的情况下，多次以虚构价格的方式使用POS机为信用卡持卡人刷卡套现，套现金额达1000余万元。2013年6月19日，被告人李洪湖被查获。 上述事实，有证人李××、王×1、王×2的证言及辨认笔录，公安机关出具的接报案及到案经过，搜查笔录，扣押清单，照片，POS机签购单，POS机的开户资料及交易记录，银行卡交易明细，工作说明及被告人身份证明材料等证据在案佐证，足以认定。 ","cpfxgc":"本院认为，被告人李洪湖违反国家规定，使用销售点终端机具，以虚构交易的方式向信用卡持有人直接支付现金，扰乱市场秩序，情节特别严重，其行为已构成非法经营罪，依法应予惩处。北京市昌平区人民检察院指控被告人李洪湖犯非法经营罪的事实清楚，证据确实充分，罪名成立。根据本案POS机交易记录、签购单等证据，结合被告人李洪湖的供述可以计算出被告人非法经营数额为1000余万元，被告人李洪湖的辩解无证据予以支持，故其辩解本院不予采纳。被告人李洪湖到案后能够如实供述大部分犯罪事实，虽对犯罪数额有异议，但有一定的认罪态度，酌情对其从轻处罚。依据《中华人民共和国刑法》第二百二十五条第（四）项，第二十五条第一款，第五十二条，第五十三条，第六十四条之规定，判决如下：","pjjg":" 一、被告人李洪湖犯非法经营罪，判处有期徒刑五年六个月，并处罚金人民币十五万元。 （刑期从判决执行之日起计算。判决执行以前先行羁押的，羁押一日折抵刑期一日，即自2013年6月19日起至2018年12月18日止。罚金于判决生效后缴纳）。 二、随案移送POS机四台、POS机签购单一百七十八张、手机二部、广告十七张、银行交易明细八张、中国工商银行卡一张（卡号×××）、中国建设银行卡一张（卡号×××）、账本一本予以没收；中国工商银行卡一张（卡号×××）发还被告人李洪湖。 三、继续追缴被告人李洪湖的违法所得，予以没收。 如不服本判决，应在接到判决书的第二日起十日内，通过本院或者直接向北京市第一中级人民法院提出上诉。书面上诉的，应当提交上诉状正本一份，副本二份。","qw":"北京市昌平区人民法院 刑事判决书 （2014）昌刑初字第116号 公诉机关北京市昌平区人民检察院。 被告人李洪湖（别名李萌），男，25岁（1989年2月12日出生）。因涉嫌犯非法经营罪于2013年6月19日被羁押，同年7月27日被逮捕，现羁押于北京市昌平区看守所。 北京市昌平区人民检察院以京昌检刑诉（2013）1041号起诉书指控被告人李洪湖犯非法经营罪，于2013年12月25日向本院提起公诉。本院依法组成合议庭，公开开庭审理了本案。北京市昌平区人民检察院指派代理检察员王喜君出庭支持公诉。被告人李洪湖到庭参加诉讼。本案现已审理终结。 北京市昌平区人民检察院指控，2012年11月9日至2013年6月19日期间，被告人李洪湖伙同李××（另案处理）在北京市昌平区回龙观镇等地，在没有真实交易的情况下，多次以虚构价格的方式使用POS机为信用卡持卡人刷卡套现，套现金额达1000余万元。2013年6月19日，被告人李洪湖在北京市昌平区回龙观城铁处被当场查获。公诉机关认为被告人李洪湖的行为触犯了《中华人民共和国刑法》第二百二十五之规定，应当以非法经营罪追究其刑事责任，提请依法惩处。 在法庭审理中，被告人李洪湖对公诉机关指控的为他人刷卡套现的基本事实没有异议，并表示自愿认罪，但认为李××可能在其不知情的情况下使用POS机单独为他人刷卡套现，因此其非法经营数额没有1000余万。 经审理查明，2012年11月至2013年6月19日期间，被告人李洪湖伙同李××（另案处理）在北京市昌平区回龙观镇等地，在没有真实交易的情况下，多次以虚构价格的方式使用POS机为信用卡持卡人刷卡套现，套现金额达1000余万元。2013年6月19日，被告人李洪湖被查获。 上述事实，有证人李××、王×1、王×2的证言及辨认笔录，公安机关出具的接报案及到案经过，搜查笔录，扣押清单，照片，POS机签购单，POS机的开户资料及交易记录，银行卡交易明细，工作说明及被告人身份证明材料等证据在案佐证，足以认定。 本院认为，被告人李洪湖违反国家规定，使用销售点终端机具，以虚构交易的方式向信用卡持有人直接支付现金，扰乱市场秩序，情节特别严重，其行为已构成非法经营罪，依法应予惩处。北京市昌平区人民检察院指控被告人李洪湖犯非法经营罪的事实清楚，证据确实充分，罪名成立。根据本案POS机交易记录、签购单等证据，结合被告人李洪湖的供述可以计算出被告人非法经营数额为1000余万元，被告人李洪湖的辩解无证据予以支持，故其辩解本院不予采纳。被告人李洪湖到案后能够如实供述大部分犯罪事实，虽对犯罪数额有异议，但有一定的认罪态度，酌情对其从轻处罚。依据《中华人民共和国刑法》第二百二十五条第（四）项，第二十五条第一款，第五十二条，第五十三条，第六十四条之规定，判决如下： 一、被告人李洪湖犯非法经营罪，判处有期徒刑五年六个月，并处罚金人民币十五万元。 （刑期从判决执行之日起计算。判决执行以前先行羁押的，羁押一日折抵刑期一日，即自2013年6月19日起至2018年12月18日止。罚金于判决生效后缴纳）。 二、随案移送POS机四台、POS机签购单一百七十八张、手机二部、广告十七张、银行交易明细八张、中国工商银行卡一张（卡号×××）、中国建设银行卡一张（卡号×××）、账本一本予以没收；中国工商银行卡一张（卡号×××）发还被告人李洪湖。 三、继续追缴被告人李洪湖的违法所得，予以没收。 如不服本判决，应在接到判决书的第二日起十日内，通过本院或者直接向北京市第一中级人民法院提出上诉。书面上诉的，应当提交上诉状正本一份，副本二份。 审判长刘晓燕 人民陪审员梁建 人民陪审员周海燕 二〇一四年四月十六日 书记员谢恩琦","writId":"0522cf061d12a298ffa9298510846933c73","writName":"李洪湖非法经营罪一审刑事判决书"}
