{"ajId":"12e574f3-aec3-43ce-ba61-55003fb30d86","ajName":"被告人陈辉贩卖毒品罪一案","ajjbqk":" 公诉机关指控，2017年5月15日22时许，被告人陈辉在沈阳市铁西区某街15号4-4-1室，以人民币1500元的价格将一袋甲基苯丙胺（冰毒）贩卖给果某，获利100元。经检验，涉案毒品重量4.56克。 上述事实，被告人陈辉在庭审过程中亦无异议，且有检察机关向法庭提供，并经庭审举证、质证的证人果某证言，公安机关出具的涉案毒品照片、毒品称量记录、辨认笔录、扣押清单、辨认地点照片，辽宁大学司法鉴定中心司法鉴定意见书，沈阳市铁西区人民法院（2015）沈铁西刑初字第242号刑事判决书等证据予以证明。本案事实清楚，证据确实、充分，足以认定。 ","cpfxgc":"本院认为，被告人陈辉向他人贩卖毒品，其行为已构成贩卖毒品罪。公诉机关指控的罪名成立，本院予以确认。鉴于被告人在刑罚执行完毕后五年内又犯罪，系累犯，又系毒品再犯，依法应从重处罚。考虑被告人能够如实供述自己的罪行，依法可予以从轻处罚。依照《中华人民共和国刑法》第三百四十七条第一款、第四款、第三百五十六条、第六十五条第一款、第六十七条第三款、第五十三条、第六十四条之规定，判决如下：","pjjg":" 被告人陈辉犯贩卖毒品罪，判处有期徒刑一年九个月，并处罚金人民币三万元。 （刑期从判决执行之日起计算。判决执行以前先行羁押的，羁押一日折抵刑期一日，即自2017年5月16日起至2019年2月15日止，罚金款于本判决发生法律效力后10日内交纳。） 如不服本判决，可于接到判决书之次日起10日内，通过本院或者直接向沈阳市中级人民法院提出上诉，书面上诉的，应交上诉状正本1份，副本2份。","qw":"沈阳市铁西区人民法院 刑事判决书 （2017）辽0106刑初538号 公诉机关沈阳市铁西区人民检察院。 被告人陈辉，男，1962年11月6日出生于沈阳市，汉族，初中文化，无职业，住沈阳市铁西区。曾于1981年因强奸罪被判处有期徒刑八年；于1988年因故意伤害罪被判处有期徒刑三年；于2001年因持有假币罪被判处有期徒刑一年六个月；于2011年因贩卖毒品罪被判处有期徒刑十个月；于2014年因贩卖毒品罪被判处有期徒刑七个月；于2015年因贩卖毒品罪被判处有期徒刑十一个月。因涉嫌犯贩卖毒品罪于2017年5月16日被刑事拘留，同年5月26日被依法逮捕。现羁押于沈阳市铁西区看守所。 沈阳市铁西区人民检察院以沈西检公诉刑诉［2017］456号起诉书，指控被告人陈辉犯贩卖毒品罪，于2017年8月8日向本院提起公诉。本院受理后，依法适用简易程序，实行独任审判，公开开庭审理了本案。沈阳市铁西区人民检察院指派检察员林琳出庭支持公诉。被告人陈辉到庭参加诉讼。现已审理终结。 公诉机关指控，2017年5月15日22时许，被告人陈辉在沈阳市铁西区某街15号4-4-1室，以人民币1500元的价格将一袋甲基苯丙胺（冰毒）贩卖给果某，获利100元。经检验，涉案毒品重量4.56克。 上述事实，被告人陈辉在庭审过程中亦无异议，且有检察机关向法庭提供，并经庭审举证、质证的证人果某证言，公安机关出具的涉案毒品照片、毒品称量记录、辨认笔录、扣押清单、辨认地点照片，辽宁大学司法鉴定中心司法鉴定意见书，沈阳市铁西区人民法院（2015）沈铁西刑初字第242号刑事判决书等证据予以证明。本案事实清楚，证据确实、充分，足以认定。 本院认为，被告人陈辉向他人贩卖毒品，其行为已构成贩卖毒品罪。公诉机关指控的罪名成立，本院予以确认。鉴于被告人在刑罚执行完毕后五年内又犯罪，系累犯，又系毒品再犯，依法应从重处罚。考虑被告人能够如实供述自己的罪行，依法可予以从轻处罚。依照《中华人民共和国刑法》第三百四十七条第一款、第四款、第三百五十六条、第六十五条第一款、第六十七条第三款、第五十三条、第六十四条之规定，判决如下： 被告人陈辉犯贩卖毒品罪，判处有期徒刑一年九个月，并处罚金人民币三万元。 （刑期从判决执行之日起计算。判决执行以前先行羁押的，羁押一日折抵刑期一日，即自2017年5月16日起至2019年2月15日止，罚金款于本判决发生法律效力后10日内交纳。） 如不服本判决，可于接到判决书之次日起10日内，通过本院或者直接向沈阳市中级人民法院提出上诉，书面上诉的，应交上诉状正本1份，副本2份。 审判员张志强 二〇一七年八月二十八日 书记员王瑞琪","writId":"037c497f54c7284ca93fe7d996b0bc7964f","writName":"被告人陈辉贩卖毒品罪一审刑事判决书"}
