{"ajId":"de03f1c0-1d89-4ebd-8a2d-48fc9fefd6cc","ajName":"万红燕走私、贩卖、运输、制造毒品罪一案","ajjbqk":" 苏州市吴中区人民检察院指控：被告人万红燕于2017年8月4日上午，为谋取私利，在苏州市吴中区木渎镇翠坊桥附近以人民币400元的价格向熊某、王某贩卖毒品甲基苯丙胺（冰毒）0.85克。 被告人万红燕归案后如实供述了以上事实。 以上事实，被告人万红燕在开庭审理过程中亦无异议，并有公诉机关提供的发破案经过、抓获经过，证人王某、熊某的证言笔录、辨认笔录，手机微信截图，微信转账记录及短信记录，被告人万红艳的户籍证明、行政处罚决定书等证据予以证实，足以认定。 ","cpfxgc":"本院认为，被告人万红燕贩卖毒品甲基苯丙胺0.85克，其行为已构成贩卖毒品罪。公诉机关指控被告人万红燕犯贩卖毒品罪的罪名成立，予以支持。被告人万红燕归案后如实供述罪行，可以从轻处罚。据此，依照《中华人民共和国刑法》第三百四十七条第一、四款，第六十七条第三款，第六十四条之规定，判决如下：","pjjg":" 一、被告人万红燕犯贩卖毒品罪，判处有期徒刑六个月，并处罚金人民币二千元。 （刑期从判决执行之日起计算。判决执行以前先行羁押的，羁押一日折抵刑期一日，即自2017年9月7起至2018年3月6日止；罚金于本判决生效后即缴纳并上缴国库。） 二、追缴被告人万红燕的违法所得人民币四百元予以没收并上缴国库。 服本判决，可在接到判决书的第二日起十日内，通过本院或者直接向江苏省苏州市中级人民法院提出上诉。书面上诉的，应当提交上诉状正本一份，副本二份。","qw":"苏州市吴中区人民法院 刑事判决书 （2017）苏0506刑初1161号 公诉机关苏州市吴中区人民检察院。 被告人万红燕，女，1982年8月2日出生于江苏省扬州市，汉族，小学文化，无业，住江苏省扬州市江都区。曾因吸食毒品于2014年6月24日被苏州市公安局吴中分局决定行政拘留十日；又因吸食毒品于2016年7月1日被苏州市公安局吴中分局决定行政拘留十五日，并于2016年7月4日被苏州市公安局吴中分局决定社区戒毒三年；再因吸食毒品于2017年8月23日被苏州市公安局吴中分局决定行政拘留十五日。因涉嫌犯贩卖毒品罪于2017年9月7日被刑事拘留，同年10月13日被逮捕。现羁押于苏州市第四看守所。 苏州市吴中区人民检察院以吴检诉刑诉（2017）1236号起诉书指控被告人万红燕犯贩卖毒品罪，于2017年12月18日向本院提起公诉。本院适用简易程序，实行独任审判，公开开庭审理了本案。苏州市吴中区人民检察院指派检察员罗娜、董庆出庭支持公诉。被告人万红燕到庭参加诉讼。现已审理终结。 苏州市吴中区人民检察院指控：被告人万红燕于2017年8月4日上午，为谋取私利，在苏州市吴中区木渎镇翠坊桥附近以人民币400元的价格向熊某、王某贩卖毒品甲基苯丙胺（冰毒）0.85克。 被告人万红燕归案后如实供述了以上事实。 以上事实，被告人万红燕在开庭审理过程中亦无异议，并有公诉机关提供的发破案经过、抓获经过，证人王某、熊某的证言笔录、辨认笔录，手机微信截图，微信转账记录及短信记录，被告人万红艳的户籍证明、行政处罚决定书等证据予以证实，足以认定。 本院认为，被告人万红燕贩卖毒品甲基苯丙胺0.85克，其行为已构成贩卖毒品罪。公诉机关指控被告人万红燕犯贩卖毒品罪的罪名成立，予以支持。被告人万红燕归案后如实供述罪行，可以从轻处罚。据此，依照《中华人民共和国刑法》第三百四十七条第一、四款，第六十七条第三款，第六十四条之规定，判决如下： 一、被告人万红燕犯贩卖毒品罪，判处有期徒刑六个月，并处罚金人民币二千元。 （刑期从判决执行之日起计算。判决执行以前先行羁押的，羁押一日折抵刑期一日，即自2017年9月7起至2018年3月6日止；罚金于本判决生效后即缴纳并上缴国库。） 二、追缴被告人万红燕的违法所得人民币四百元予以没收并上缴国库。 服本判决，可在接到判决书的第二日起十日内，通过本院或者直接向江苏省苏州市中级人民法院提出上诉。书面上诉的，应当提交上诉状正本一份，副本二份。 审判员张寅 二〇一七年十二月二十六日 法官助理张宝轩 书记员马捷","writId":"01092c42eef168ee4aeca87bbb0dda0d711","writName":"万红燕走私、贩卖、运输、制造毒品罪一审刑事判决书"}
