{"ajId":"582ea21b-dadf-407e-8828-c4a772a6c34e","ajName":"周某走私、贩卖、运输、制造毒品一案","ajjbqk":" 上海市黄浦区人民检察院指控，被告人周某于2018年5月17日15时许经微信联系，将5板铝箔气泡包装的淡蓝色圆形药片（每板10粒，共计净重9.85克，经鉴定检出氟硝西泮成分）以人民币900元的价格贩卖给购毒人员王某1（另行处理），王微信转账支付了钱款。随即，周某通过闪送将上述药片快递至约定地点本市山东中路XXX号给王某1，被守候的民警当场查获。经侦查，公安人员于同日在本市东体育会路XXX号丙单元XXX室将被告人周某抓获，并在该处缴获淡蓝色圆形药片803板（共计净重1592.65克，经鉴定检出氟硝西泮成分）。 公诉机关认为，被告人周某的行为已触犯《中华人民共和国刑法》第三百四十七条第一款、第四款、第三百五十七条之规定，应当以贩卖毒品罪追究刑事责任。系毒品再犯，适用《中华人民共和国刑法》第三百五十六条，应从重处罚。被告人周某到案后如实供述了作案事实，适用《中华人民共和国刑法》第六十七条第三款，可以从轻处罚。建议对被告人判处拘役五至六个月，并处罚金。 上述事实，有证人王某1、王2、王3、王某4的证言；公安机关出具的搜查笔录，扣押清单，称量笔录，工作情况；相关微信聊天、转账记录，闪送订单，毒品照片，视听资料光盘；上海市公安局缉毒处收缴毒品专用单据；上海市计量器具强制检定中心检定证书；上海市毒品检验中心检验报告；被告人周某的前科材料及供述等证据证实，足以认定。 被告人周某对公诉机关指控的事实、罪名等均无异议，本院在告知有关法律规定及可能导致的法律后果后，被告人表示自愿认罪。辩护人提出被告人到案后如实供述，认罪悔罪态度较好等，希望对被告人从轻处罚。 ","cpfxgc":"本院认为，被告人周某明知是毒品而予以贩卖，其行为已构成贩卖毒品罪，依法应予刑事处罚。公诉机关指控被告人周某犯贩卖毒品罪的事实清楚，证据确实充分，指控罪名成立，本院予以支持。被告人系毒品再犯，从重处罚。鉴于其到案后能如实供述自己的罪行，依法可从轻处罚。辩护人的相关辩护意见可予采纳。据此，依照《中华人民共和国刑法》第三百四十七条第一款、第四款，第三百五十七条，第三百五十六条，第六十七条第三款，第五十二条，第五十三条，第六十四条之规定，判决如下：","pjjg":" 一、被告人周某犯贩卖毒品罪，判处拘役四个月十日，并处罚金人民币一千元。 （刑期从判决执行之日起计算。判决执行以前先行羁押的，羁押一日折抵刑期一日，即自2018年5月17日起至2018年9月26日止。罚金自判决生效后第二日起十日内缴纳。） 二、违法所得予以追缴，扣押在案的毒品予以没收。 如不服本判决，可在接到判决书的第二日起十日内，通过本院或者直接向上海市第二中级人民法院提出上诉。书面上诉的，应当提交上诉状正本一份，副本一份。","qw":"上海市黄浦区人民法院 刑事判决书 （2018）沪0101刑初622号 公诉机关上海市黄浦区人民检察院。 被告人周某，男，1984年9月23日出生，汉族，户籍在本市，暂住本市东体育会路＊＊＊号＊单元＊＊＊室；曾因犯贩卖毒品罪于2017年11月被上海市虹口区。 辩护人许铭强，上海市汇盛律师事务所律师。 上海市黄浦区人民检察院以沪黄检一部刑诉（2018）21号起诉书指控被告人周某犯贩卖毒品罪，于2018年8月22日向本院提起公诉。本院决定依法适用简易程序，实行独任审判，公开开庭审理了本案。上海市黄浦区人民检察院指派检察员王5出庭支持公诉，被告人周某及其辩护人许铭强到庭参加诉讼。现已审理终结。 上海市黄浦区人民检察院指控，被告人周某于2018年5月17日15时许经微信联系，将5板铝箔气泡包装的淡蓝色圆形药片（每板10粒，共计净重9.85克，经鉴定检出氟硝西泮成分）以人民币900元的价格贩卖给购毒人员王某1（另行处理），王微信转账支付了钱款。随即，周某通过闪送将上述药片快递至约定地点本市山东中路XXX号给王某1，被守候的民警当场查获。经侦查，公安人员于同日在本市东体育会路XXX号丙单元XXX室将被告人周某抓获，并在该处缴获淡蓝色圆形药片803板（共计净重1592.65克，经鉴定检出氟硝西泮成分）。 公诉机关认为，被告人周某的行为已触犯《中华人民共和国刑法》第三百四十七条第一款、第四款、第三百五十七条之规定，应当以贩卖毒品罪追究刑事责任。系毒品再犯，适用《中华人民共和国刑法》第三百五十六条，应从重处罚。被告人周某到案后如实供述了作案事实，适用《中华人民共和国刑法》第六十七条第三款，可以从轻处罚。建议对被告人判处拘役五至六个月，并处罚金。 上述事实，有证人王某1、王2、王3、王某4的证言；公安机关出具的搜查笔录，扣押清单，称量笔录，工作情况；相关微信聊天、转账记录，闪送订单，毒品照片，视听资料光盘；上海市公安局缉毒处收缴毒品专用单据；上海市计量器具强制检定中心检定证书；上海市毒品检验中心检验报告；被告人周某的前科材料及供述等证据证实，足以认定。 被告人周某对公诉机关指控的事实、罪名等均无异议，本院在告知有关法律规定及可能导致的法律后果后，被告人表示自愿认罪。辩护人提出被告人到案后如实供述，认罪悔罪态度较好等，希望对被告人从轻处罚。 本院认为，被告人周某明知是毒品而予以贩卖，其行为已构成贩卖毒品罪，依法应予刑事处罚。公诉机关指控被告人周某犯贩卖毒品罪的事实清楚，证据确实充分，指控罪名成立，本院予以支持。被告人系毒品再犯，从重处罚。鉴于其到案后能如实供述自己的罪行，依法可从轻处罚。辩护人的相关辩护意见可予采纳。据此，依照《中华人民共和国刑法》第三百四十七条第一款、第四款，第三百五十七条，第三百五十六条，第六十七条第三款，第五十二条，第五十三条，第六十四条之规定，判决如下： 一、被告人周某犯贩卖毒品罪，判处拘役四个月十日，并处罚金人民币一千元。 （刑期从判决执行之日起计算。判决执行以前先行羁押的，羁押一日折抵刑期一日，即自2018年5月17日起至2018年9月26日止。罚金自判决生效后第二日起十日内缴纳。） 二、违法所得予以追缴，扣押在案的毒品予以没收。 如不服本判决，可在接到判决书的第二日起十日内，通过本院或者直接向上海市第二中级人民法院提出上诉。书面上诉的，应当提交上诉状正本一份，副本一份。 审判员唐鸿发 二〇一八年九月三日 书记员胡霁雯 附：相关法律条文 附：相关的法律条文 《中华人民共和国刑法》 第三百四十七条走私、贩卖、运输、制造毒品，无论数量多少，都应当追究刑事责任，予以刑事处罚。 走私、贩卖、运输、制造鸦片不满二百克、海洛因或者甲基苯丙胺不满十克或者其他少量毒品的，处三年以下有期徒刑、拘役或者管制，并处罚金；情节严重的，处三年以上七年以下有期徒刑，并处罚金。 第三百五十七条本法所称的毒品，是指鸦片、海洛因、甲基苯丙胺（冰毒）、吗啡、大麻、可卡因以及国家规定管制的其他能够使人形成瘾癖的麻醉药品和精神药品。 第三百五十六条因走私、贩卖、运输、制造、非法持有毒品罪被判过刑，又犯本节规定之罪的，从重处罚。 第六十七条 犯罪嫌疑人虽不具有前两款规定的自首情节，但是如实供述自己罪行的，可以从轻处罚；因其如实供述自己罪行，避免特别严重后果发生的，可以减轻处罚。 第五十二条判处罚金，应当根据犯罪情节决定罚金数额。 第五十三条罚金在判决指定的期限内一次或者分期缴纳。期满不缴纳的，强制缴纳。对于不能全部缴纳罚金的，人民法院在任何时候发现被执行人有可以执行的财产，应当随时追缴。 由于遭遇不能抗拒的灾祸等原因缴纳确实有困难的，经人民法院裁定，可以延期缴纳、酌情减少或者免除。 第六十四条犯罪分子违法所得的一切财物，应当予以追缴或者责令退赔；对被害人的合法财产，应当及时返还；违禁品和供犯罪所用的本人财物，应当予以没收。没收的财物和罚金，一律上缴国库，不得挪用和自行处理。","writId":"0283640734abd7fa495fe72ef405939e270","writName":"周某走私、贩卖、运输、制造毒品一审刑事判决书"}
