{"ajId":"fe1ac3f6-51d8-42ef-82d9-0722d160bb7a","ajName":"陆某、陶某犯敲诈勒索罪、盗窃罪一案","ajjbqk":" 公诉机关指控被告人陆某、陶某有下列犯罪事实： 2005年8月8日晚，被告人陆某、陶某经预谋，在嘉善宾馆附近以叫车为名打蔡春红电话。蔡驾驶苏J×××××无营运证的轿车至嘉善宾馆，两被告人上车（陶某坐副驾驶位置，陆某坐后排）后让蔡驶往惠民方向。车行至嘉善县惠民镇曙光村的村道时，被告人陶某拔取车钥匙，冒充“客管所”的工作人员捉黑车，要求蔡交出行驶证、驾驶证等物并将其推到副驾驶位置由陶自己驾驶车辆。后陶将蔡手中装有证件、现金500余元等物的袋子交给陆某。至嘉善县魏塘镇施家路处，两被告人扣下行驶证并要求蔡第二天以5000元赎回，两人然后下车离开。次日，两被告人连续给蔡打电话要其交钱，后双方将金额降至3000元并约定在嘉善宾馆交钱。由于蔡报警，被告人陶某至嘉善宾馆未拿到钱，后又逃跑。 案发后，赃款人民币500元被扣押并已由发还被害人。 上述事实，二被告人在开庭审理过程中亦无异议。 被告人陶某的辩护人的辩护意见是：被告人的部分犯罪属未遂，认罪态度较好，其家属又能积极退赃，故建议对被告人陶某从轻处罚。 证明以上事实的证据有：受害人蔡春红的陈述及辨认笔录，抓获经过，常住人口登记表，刑事判决书及劳动教养决定书，情况说明，收条及扣押物品清单，二被告人在公安机关的交代。 本案事实清楚，证据确实充分，故足以认定。 ","cpfxgc":"本院认为，被告人陆某、陶某以非法占有为目的，对被害人使用要挟的方法，强行索取公民财物达人民币3500元，数额属较大，其中3000元因意志以外的原因而未得逞，二被告人的行为均已构成敲诈勒索罪。公诉机关所指控的罪名成立。二被告人在实施的共同犯罪过程中，其中敲诈勒索的3000元因二被告人意志以外的原因而未得逞，系未遂，依法予以从轻处罚；被告人陆某曾因犯盗窃罪被宣告缓刑，但在缓刑考验期内犯新罪，应撤销缓刑，予以数罪并罚；被告人陶某有前科，依法予以酌情从重处罚；鉴于二被告人归案后认罪态度较好，被告人陶某的家属又能积极退赃，可酌情从轻处罚。根据《中华人民共和国刑法》第二百七十四条、第二十三条、第二十五条第一款、第七十七条第一款、第六十一条规定，判决如下：","pjjg":" 一、被告人陆某犯敲诈勒索罪，判处有期徒刑七个月；前犯盗窃罪，判处有期徒刑一年，缓刑二年，并处罚金10000元；撤消前罪适用的缓刑，数罪实行并罚，决定执行有期徒刑一年三个月，并处罚金10000元（罚金限判决生效后即缴纳）。 （刑期从判决执行之日起计算。判决执行以前先行羁押的，羁押一日折抵刑期一日，即自2005年8月11日起至2006年11月10日止） 二、被告人陶某犯敲诈勒索罪，判处有期徒刑七个月。 （刑期从判决执行之日起计算。判决执行以前先行羁押的，羁押一日折抵刑期一日，即自2005年8月11日起至2006年4月10日止） 如不服本判决，可在接到判决书的第二日起十日内，通过本院或者直接向浙江省嘉兴市中级人民法院提出上诉。书面上诉的，应当提交上诉状正本一份，副本二份。","qw":"浙江省嘉善县人民法院 刑事判决书 （2005）善刑初字第431号 公诉机关浙江省嘉善县人民检察院。 被告人陆某，曾用名：陆丽光，男，1982年11月10日出生，身份证号码：310228198211100471，汉族，上海市金山区人，初中文化程度，工人，住上海市金山区枫泾镇新元村10组6040号。2005年5月10日因犯盗窃罪被上海市金山区人民法院判处有期徒刑一年，缓刑二年。2005年8月11日因涉嫌犯抢劫、敲诈勒索罪被嘉善县公安局刑事拘留，同月31日被依法逮捕。现羁押于嘉善县看守所。 被告人陶某，男，1979年10月30日出生，身份证号码：310228197910300435，汉族，上海市金山区人，初中文化程度，汽车司机，住上海市金山区枫泾镇长征村9组3075号。2001年4月2日因寻衅滋事被上海市劳动教养管理委员会决定劳动教养一年。2005年8月11日因涉嫌犯抢劫、敲诈勒索罪被嘉善县公安局刑事拘留，同月31日被依法逮捕。现羁押于嘉善县看守所。 辩护人徐波，浙江开红律师事务所律师。 嘉善县人民检察院以（2005）善检刑诉字第394号起诉书指控被告人陆某、陶某犯敲诈勒索罪，于2005年10月24日向本院提起公诉。本院依法适用简易程序，实行独任审判，于2005年11月7日公开开庭审理了本案。嘉善县人民检察院未派员出庭支持公诉，被告人陆某、陶某及被告人陶某的辩护人到庭参加了诉讼。本案现已审理终结。 公诉机关指控被告人陆某、陶某有下列犯罪事实： 2005年8月8日晚，被告人陆某、陶某经预谋，在嘉善宾馆附近以叫车为名打蔡春红电话。蔡驾驶苏J×××××无营运证的轿车至嘉善宾馆，两被告人上车（陶某坐副驾驶位置，陆某坐后排）后让蔡驶往惠民方向。车行至嘉善县惠民镇曙光村的村道时，被告人陶某拔取车钥匙，冒充“客管所”的工作人员捉黑车，要求蔡交出行驶证、驾驶证等物并将其推到副驾驶位置由陶自己驾驶车辆。后陶将蔡手中装有证件、现金500余元等物的袋子交给陆某。至嘉善县魏塘镇施家路处，两被告人扣下行驶证并要求蔡第二天以5000元赎回，两人然后下车离开。次日，两被告人连续给蔡打电话要其交钱，后双方将金额降至3000元并约定在嘉善宾馆交钱。由于蔡报警，被告人陶某至嘉善宾馆未拿到钱，后又逃跑。 案发后，赃款人民币500元被扣押并已由发还被害人。 上述事实，二被告人在开庭审理过程中亦无异议。 被告人陶某的辩护人的辩护意见是：被告人的部分犯罪属未遂，认罪态度较好，其家属又能积极退赃，故建议对被告人陶某从轻处罚。 证明以上事实的证据有：受害人蔡春红的陈述及辨认笔录，抓获经过，常住人口登记表，刑事判决书及劳动教养决定书，情况说明，收条及扣押物品清单，二被告人在公安机关的交代。 本案事实清楚，证据确实充分，故足以认定。 本院认为，被告人陆某、陶某以非法占有为目的，对被害人使用要挟的方法，强行索取公民财物达人民币3500元，数额属较大，其中3000元因意志以外的原因而未得逞，二被告人的行为均已构成敲诈勒索罪。公诉机关所指控的罪名成立。二被告人在实施的共同犯罪过程中，其中敲诈勒索的3000元因二被告人意志以外的原因而未得逞，系未遂，依法予以从轻处罚；被告人陆某曾因犯盗窃罪被宣告缓刑，但在缓刑考验期内犯新罪，应撤销缓刑，予以数罪并罚；被告人陶某有前科，依法予以酌情从重处罚；鉴于二被告人归案后认罪态度较好，被告人陶某的家属又能积极退赃，可酌情从轻处罚。根据《中华人民共和国刑法》第二百七十四条、第二十三条、第二十五条第一款、第七十七条第一款、第六十一条规定，判决如下： 一、被告人陆某犯敲诈勒索罪，判处有期徒刑七个月；前犯盗窃罪，判处有期徒刑一年，缓刑二年，并处罚金10000元；撤消前罪适用的缓刑，数罪实行并罚，决定执行有期徒刑一年三个月，并处罚金10000元（罚金限判决生效后即缴纳）。 （刑期从判决执行之日起计算。判决执行以前先行羁押的，羁押一日折抵刑期一日，即自2005年8月11日起至2006年11月10日止） 二、被告人陶某犯敲诈勒索罪，判处有期徒刑七个月。 （刑期从判决执行之日起计算。判决执行以前先行羁押的，羁押一日折抵刑期一日，即自2005年8月11日起至2006年4月10日止） 如不服本判决，可在接到判决书的第二日起十日内，通过本院或者直接向浙江省嘉兴市中级人民法院提出上诉。书面上诉的，应当提交上诉状正本一份，副本二份。 审判员吕学强 二〇〇五年十一月七日 书记员郁晓波","writId":"0199c3e3406809654faa8640037f9721362","writName":"陆某、陶某犯敲诈勒索罪、盗窃罪一审刑事判决书"}
