{"ajId":"409e5c38-9384-492b-852b-b211e8e6bd65","ajName":"张洋犯职务侵占罪一案","ajjbqk":" 佛山市顺德区人民检察院指控称，被告人张某于2013年6月入职佛山某某科技有限公司（于2013年9月22日更名为广东顺德某某科技有限公司，以下简称“某某公司”），在该公司任职营运员，负责该公司在佛山市禅城区设置的58台自动售货机的营运工作，包括补充货物和回收货款并上交公司。2013年7月至2013年10月期间，被告人张某多次利用职务便利，从自动售货机上回收货款后私自侵占部分货款不上交公司，累计侵占货款人民币36102.55元。2013年11月21日，公安机关在佛山市顺德区伦教街道荔村某某商务有限公司内抓获被告人张某。案发后，被告人张某一方向被害人一方赔偿了人民币36102.55元。 针对上述指控的犯罪事实，公诉机关提交了下列证据予以证明：抓获经过；被告人张某的供述及对涉案现场的指认笔录；被害单位工作人员梁某某的报案陈述及对被告人张某的辨认笔录；证人童某某、某某的证言；证人游某某、王某某的证言及对被告人张某的辨认笔录；搜查笔录；对账单、销售出库单、收据；任职证明；劳动合同书；企业机读档案登记资料、营业执照；变更公告函、核准变更登记通知书；禅城线收货与收款情况统计表；和解协议、收据、谅解书；被告人张某的户籍证明。 公诉机关据此认为被告人张某无视国家法律，身为公司人员，利用职务上的便利，将本单位财物占为己有，其行为触犯了《中华人民共和国刑法》第二百七十一条第一款，犯罪事实清楚，证据确实、充分，应当以职务侵占罪追究其刑事责任。根据《中华人民共和国刑事诉讼法》第一百七十二条的规定，提请本院依法判处。 被告人张某对公诉机关指控的犯罪事实、证据无异议。 经审理查明，公诉机关指控被告人张某犯职务侵占罪的事实清楚，据以指控犯罪事实的证据经当庭质证，确实、充分，本院予以确认。 ","cpfxgc":"本院认为，被告人张某无视国家法律，以非法占有为目的，利用职务之便，将本单位财物非法占为己有，数额较大，其行为已构成职务侵占罪。佛山市顺德区人民检察院指控被告人张某犯职务侵占罪，罪名成立。被告人张某归案后如实供述自己的犯罪事实，依法可以从轻处罚。鉴于案发后被告人家属已将赃款退还被害单位并取得谅解，对被告人张某可酌情从轻处罚。综上，根据被告人的犯罪事实、情节及对社会的危害程度，依照《中华人民共和国刑法》第二百七十一条第一款、第六十七条第三款、第七十二条第一款、第七十三条第二款及第三款的规定，判决如下：","pjjg":" 被告人张某犯职务侵占罪，判处有期徒刑六个月，缓刑一年。 （缓刑考验期限，从判决确定之日起计算。） 如不服本判决，可在接到判决书的第二日起十日内，通过本院或者直接向广东省佛山市中级人民法院提出上诉。书面上诉的，应当提交上诉状正本一份，副本二份。","qw":"广东省佛山市顺德区人民法院 刑事判决书 （2014）佛顺法刑初字第1433号 公诉机关佛山市顺德区人民检察院。 被告人张某，男。因涉嫌犯职务侵占罪于2013年11月21日被刑事拘留，同年12月26日被逮捕，2014年1月7日被佛山市顺德区公安局取保候审，2014年5月7日被佛山市顺德区人民检察院继续取保候审，2014年5月20日被本院继续取保候审。 佛山市顺德区人民检察院以佛顺检刑诉（2014）997号起诉书指控被告人张某犯职务侵占罪，于2014年5月14日向本院提起公诉。本院依法适用简易程序，实行独任审判，公开开庭审理了本案。佛山市顺德区人民检察院指派检察员莫志宇出庭支持公诉，被告人张某到庭参加诉讼。本案现已审理终结。 佛山市顺德区人民检察院指控称，被告人张某于2013年6月入职佛山某某科技有限公司（于2013年9月22日更名为广东顺德某某科技有限公司，以下简称“某某公司”），在该公司任职营运员，负责该公司在佛山市禅城区设置的58台自动售货机的营运工作，包括补充货物和回收货款并上交公司。2013年7月至2013年10月期间，被告人张某多次利用职务便利，从自动售货机上回收货款后私自侵占部分货款不上交公司，累计侵占货款人民币36102.55元。2013年11月21日，公安机关在佛山市顺德区伦教街道荔村某某商务有限公司内抓获被告人张某。案发后，被告人张某一方向被害人一方赔偿了人民币36102.55元。 针对上述指控的犯罪事实，公诉机关提交了下列证据予以证明：抓获经过；被告人张某的供述及对涉案现场的指认笔录；被害单位工作人员梁某某的报案陈述及对被告人张某的辨认笔录；证人童某某、某某的证言；证人游某某、王某某的证言及对被告人张某的辨认笔录；搜查笔录；对账单、销售出库单、收据；任职证明；劳动合同书；企业机读档案登记资料、营业执照；变更公告函、核准变更登记通知书；禅城线收货与收款情况统计表；和解协议、收据、谅解书；被告人张某的户籍证明。 公诉机关据此认为被告人张某无视国家法律，身为公司人员，利用职务上的便利，将本单位财物占为己有，其行为触犯了《中华人民共和国刑法》第二百七十一条第一款，犯罪事实清楚，证据确实、充分，应当以职务侵占罪追究其刑事责任。根据《中华人民共和国刑事诉讼法》第一百七十二条的规定，提请本院依法判处。 被告人张某对公诉机关指控的犯罪事实、证据无异议。 经审理查明，公诉机关指控被告人张某犯职务侵占罪的事实清楚，据以指控犯罪事实的证据经当庭质证，确实、充分，本院予以确认。 本院认为，被告人张某无视国家法律，以非法占有为目的，利用职务之便，将本单位财物非法占为己有，数额较大，其行为已构成职务侵占罪。佛山市顺德区人民检察院指控被告人张某犯职务侵占罪，罪名成立。被告人张某归案后如实供述自己的犯罪事实，依法可以从轻处罚。鉴于案发后被告人家属已将赃款退还被害单位并取得谅解，对被告人张某可酌情从轻处罚。综上，根据被告人的犯罪事实、情节及对社会的危害程度，依照《中华人民共和国刑法》第二百七十一条第一款、第六十七条第三款、第七十二条第一款、第七十三条第二款及第三款的规定，判决如下： 被告人张某犯职务侵占罪，判处有期徒刑六个月，缓刑一年。 （缓刑考验期限，从判决确定之日起计算。） 如不服本判决，可在接到判决书的第二日起十日内，通过本院或者直接向广东省佛山市中级人民法院提出上诉。书面上诉的，应当提交上诉状正本一份，副本二份。 审判员孙庆煌 二〇一四年五月二十六日 书记员郑惠明 附本案相关法律规定： 《中华人民共和国刑法》 第二百七十一条公司、企业或者其他单位的人员，利用职务上的便利，将本单位财物非法占为己有，数额较大的，处五年以下有期徒刑或者拘役；数额巨大的，处五年以上有期徒刑，可以并处没收财产。 国有公司、企业或者其他国有单位中从事公务的人员和国有公司、企业或者其他国有单位委派到非国有公司、企业以及其他单位从事公务的人员有前款行为的，依照本法第三百八十二条、第三百八十三条的规定定罪处罚。 第六十七条犯罪以后自动投案，如实供述自己的罪行的，是自首。对于自首的犯罪分子，可以从轻或者减轻处罚。其中，犯罪较轻的，可以免除处罚。 被采取强制措施的犯罪嫌疑人、被告人和正在服刑的罪犯，如实供述司法机关还未掌握的本人其他罪行的，以自首论。 犯罪嫌疑人虽不具有前两款规定的自首情节，但是如实供述自己罪行的，可以从轻处罚；因其如实供述自己罪行，避免特别严重后果发生的，可以减轻处罚。 第七十二条对于被判处拘役、三年以下有期徒刑的犯罪分子，同时符合下列条件的，可以宣告缓刑，对其中不满十八周岁的人、怀孕的妇女和已满七十五周岁的人，应当宣告缓刑： （一）犯罪情节较轻； （二）有悔罪表现； （三）没有再犯罪的危险； （四）宣告缓刑对所居住社区没有重大不良影响。 宣告缓刑，可以根据犯罪情况，同时禁止犯罪分子在缓刑考验期限内从事特定活动，进入特定区域、场所，接触特定的人。 被宣告缓刑的犯罪分子，如果被判处附加刑，附加刑仍须执行。 第七十三条拘役的缓刑考验期限为原判刑期以上一年以下，但是不能少于二个月。 有期徒刑的缓刑考验期限为原判刑期以上五年以下，但是不能少于一年。 缓刑考验期限，从判决确定之日起计算。","writId":"06537f99a1080b5c61ed752b023b6b47a78","writName":"张洋犯职务侵占罪一审刑事判决书"}
