{"ajId":"ac23bdcb-fad2-4d08-aaf4-b188e59dcce6","ajName":"廖志锋危险驾驶一案","ajjbqk":" 宁波市鄞州区人民检察院指控：2013年7月至2014年8月份，被告人王军在宁波市奉化区松岙镇兰某的暂住房、鄞州区塘溪镇华山村147-1暂住房内，在明知被害人卓某（2006年5月9日出生）系未满14周岁幼女的情况下，仍多次对其实施奸淫。为证实以上指控事实，公诉机关向法庭提供了被害人卓某的陈述，证人兰某，饶某的证言，指认笔录及照片，提取笔录及接受证据清单，U盘及照片打印件，保证书，病历资料，被害人卓某的身份证明，情况说明，抓获经过，被告人王军的身份证明及供述等证据。公诉机关认为被告人王军明知是幼女仍多次与其发生性关系，情节恶劣，其行为已构成强奸罪，提请本院依照《中华人民共和国刑法》第二百三十六条第一款、第二款、第三款第（一）项之规定予以判处。 被告人王军辩称，其与被害人卓某的生殖器仅接触过一次，并进行了拍照，不知道这样的行为是否构成公诉机关指控的强奸罪。 被告人王军的辩护人对公诉机关指控的罪名无异议，但辩称被告人王军仅有一次与被害人发生性关系，且其不属于与被害人共同家庭生活关系的人员，故公诉机关对于被告人实施多次强奸，且情节恶劣的指控证据不足，应不予认定。 经审理查明，被告人王军与被害人卓某的母亲兰某于2011年相识，后发展为男女朋友，并在一起共同生活。2013年7月至2014年8月份，被告人王军在明知被害人卓某（2006年5月9日出生）系未满14周岁幼女的情况下，至宁波市奉化区松岙镇兰某的暂住房及宁波市鄞州区塘溪镇华山村147-1暂住房内，多次对卓某实施奸淫。案发后，被害人卓某被确诊为处女膜5点处见陈旧性裂伤。 2016年9月6日10时许，被告人王军在四川省宜宾县观音镇飞虎村群力组朱某家中被民警抓获。 上述事实，有公诉机关提交，并经法庭质证、认证的下列证据予以证明： 1．被害人卓某的陈述，证实其平时与母亲兰某一起在奉化松岙生活，母亲的前男友王军在鄞州区塘溪镇一家工厂上班，有自己的工厂宿舍，有时候也会到松岙来住，平时其都称呼王军为“爸爸”。2013年7月份开始，王军会对其动手动脚，摸其胸部、屁股及下体，后直接脱掉其衣裤，将下体放入其下体里面，过一会儿再拿出来，王军“欺负”其以后，其会拿东西擦拭屁股，有时候也会感觉痛，这样的事情发生过十几次，但其从来不敢反抗的事实； 2．证人兰某的证言，证实其是被害人卓某的母亲，于2011年认识被告人王军，后开始交往，其与女儿卓某在奉化松岙居住，有时也与王军一起住在鄞州塘溪。2015年3月22日，其发现王军与前妻还保持联系及偷拍女儿卓某洗澡的视频，非常生气，让王军写下一份保证书，后其在整理房间时发现一个U盘，里面有部分照片涉及王军侵犯女儿卓某的事实； 3．证人饶某的证言，证实被告人王军曾在位于宁波市鄞州区塘溪镇华山村的繁荣公司工作，并住在厂里宿舍的事实； 4．指认笔录及照片，证实被害人卓某指认鄞州区塘溪镇华山村繁荣公司职工宿舍系案发现场的事实； 5．提取笔录及接受证据清单，证实公安机关从兰某处提取一个黑色U盘及一份保证书的事实； 6．U盘及照片打印件，证实U盘内有被告人王军奸淫被害人卓某的照片，卓某擦拭下体及洗澡视频的事实； 7．保证书，证实2015年3月22日，被告人王军出具的一份保证书，其中有“以后不再奸淫兰某之女卓某”等字句的事实； 8．病历资料，证实被害人卓某案发后就医，被确诊处女膜5点处见陈旧性裂伤的事实； 9．被害人卓某的身份证明，证实被害人卓某出生于2006年5月9日的事实； 10．情况说明，证实公安机关无法查证被告人王军的前科情况； 11．身份证明，证实被告人的身份情况； 12．抓获经过，证实被告人的到案情况； 13．被告人王军的当庭供述，证实2011年开始，其与兰某相识，并发展为男女朋友，其在明知被害人卓某（兰某之女）系2006年出生的情况下，于2014年8月的某一天在鄞州区塘溪镇华山村其暂住的工厂宿舍内，奸淫了被害人卓某，并进行拍照。其保存了一个U盘，内有大量不雅视频及照片，包括被害人卓某被奸淫的照片及洗澡的视频等事实。 被告人王军辩称其不知道这样的行为是否构成强奸罪。本院认为，法律规定奸淫幼女的犯罪特征是：幼女的年龄必须是不满十四周岁；一般地说，不论行为人采用什么手段，也不论幼女是否同意，只要与幼女发生了性的行为，就构成犯罪；只要双方生殖器接触，即视为强奸既遂。故被告人的辩解意见与法律规定不符，本院不予采纳。 被告人王军及其辩护人均辩称其仅有一次与被害人卓某发生性关系，并进行了拍照。经查，被告人王军在侦查阶段一直否认曾奸淫过被害人，在庭审中虽承认仅发生过一次奸淫行为，其供述不稳定，且一直存在反复，有避重就轻的嫌疑，故本院不予采信。公诉机关指控被告人王军多次实施奸淫被害人卓某，首先有被害人卓某的陈述，较为稳定，可以比较完整的还原案件事实，且能指认现场，证实被害人不止一次前往王军的宿舍；其次有发生在不同时间的被害人卓某洗澡及用毛巾擦拭下体的视频，与被害人卓某的陈述相互印证，可以证实被告人王军在不同时间段偷窥被害人卓某隐私，并进行拍摄，用以满足其特殊欲望；最后有被害人卓某的病历资料，能证实被害人曾遭受过侵害，且已造成陈旧性伤害的事实。综上所述，上述证据能形成一条完整的证据链，证实被告人王军多次奸淫被害人的事实，故被告人王军及其辩护人的辩解及辩护意见，本院均不予采纳。 被告人王军的辩护人还辩称其不属于与被害人共同家庭生活关系的人员。经查，被告人王军虽与被害人卓某没有直接的血缘关系，但与被害人的母亲兰某属于男女朋友，三人在一起共同生活，被害人卓某也以“爸爸”称呼王军，故其辩护人就此提出的辩护意见，本院不予采纳。 综上所述，被告人王军多次与未满十二周岁的幼女发生性关系，严重侵犯幼女的身心健康，且其利用“爸爸”的身份实施犯罪，更加重了幼女的心理创伤，对被害人的成长带来极为不利的影响，应认定为情节恶劣。故被告人王军及其辩护人辩称公诉机关指控情节恶劣证据不足的辩护意见，与查明的事实和法律不符，本院均不予采纳。 ","cpfxgc":"本院认为，被告人王军明知对方是未满十四周岁的幼女，而多次与之发生性关系，情节恶劣，其行为已构成强奸罪。公诉机关指控的罪名成立。根据被告人犯罪的事实、犯罪的性质、情节和对社会的危害程度，依照《中华人民共和国刑法》第二百三十六条第二款、第三款第（一）项、第五十六条第一款、第五十五条第一款、第六十一条之规定，判决如下：","pjjg":" 被告人王军犯强奸罪，判处有期徒刑十一年，剥夺政治权利一年（刑期从判决执行之日起计算。判决执行以前先行羁押的，羁押一日折抵刑期一日，即自2016年9月6日起至2027年9月5日止）。 如不服本判决，可在接到判决书的第二日起十日内，通过本院或者直接向浙江省宁波市中级人民法院提出上诉。书面上诉的，应当提交上诉状正本一份，副本二份。","qw":"王军强奸一审刑事判决书 浙江省宁波市鄞州区人民法院 刑事判决书 （2017）浙0212刑初113号 公诉机关浙江省宁波市鄞州区人民检察院。 被告人王军，男，1978年8月14日出生于四川省宜宾县，汉族，初中文化，无业，住四川省宜宾县。因涉嫌犯强奸罪于2016年9月6日被宁波市公安局鄞州分局刑事拘留，同年10月13日被逮捕。现羁押于宁波市海曙区看守所。 辩护人魏文通、胡蝶飞，北京炜衡（宁波）律师事务所律师。 宁波市鄞州区人民检察院以甬鄞检刑诉（2017）1号起诉书指控被告人王军犯强奸罪，于2017年1月10日向本院提起公诉。本院于同日立案，依法组成合议庭，因涉及个人隐私，故不公开开庭审理了本案。宁波市鄞州区人民检察院指派检察员王聪出庭支持公诉，被告人王军及其辩护人魏文通、胡蝶飞，被害人的法定代理人兰某到庭参加了诉讼。现已审理终结。 宁波市鄞州区人民检察院指控：2013年7月至2014年8月份，被告人王军在宁波市奉化区松岙镇兰某的暂住房、鄞州区塘溪镇华山村147-1暂住房内，在明知被害人卓某（2006年5月9日出生）系未满14周岁幼女的情况下，仍多次对其实施奸淫。为证实以上指控事实，公诉机关向法庭提供了被害人卓某的陈述，证人兰某，饶某的证言，指认笔录及照片，提取笔录及接受证据清单，U盘及照片打印件，保证书，病历资料，被害人卓某的身份证明，情况说明，抓获经过，被告人王军的身份证明及供述等证据。公诉机关认为被告人王军明知是幼女仍多次与其发生性关系，情节恶劣，其行为已构成强奸罪，提请本院依照《中华人民共和国刑法》第二百三十六条第一款、第二款、第三款第（一）项之规定予以判处。 被告人王军辩称，其与被害人卓某的生殖器仅接触过一次，并进行了拍照，不知道这样的行为是否构成公诉机关指控的强奸罪。 被告人王军的辩护人对公诉机关指控的罪名无异议，但辩称被告人王军仅有一次与被害人发生性关系，且其不属于与被害人共同家庭生活关系的人员，故公诉机关对于被告人实施多次强奸，且情节恶劣的指控证据不足，应不予认定。 经审理查明，被告人王军与被害人卓某的母亲兰某于2011年相识，后发展为男女朋友，并在一起共同生活。2013年7月至2014年8月份，被告人王军在明知被害人卓某（2006年5月9日出生）系未满14周岁幼女的情况下，至宁波市奉化区松岙镇兰某的暂住房及宁波市鄞州区塘溪镇华山村147-1暂住房内，多次对卓某实施奸淫。案发后，被害人卓某被确诊为处女膜5点处见陈旧性裂伤。 2016年9月6日10时许，被告人王军在四川省宜宾县观音镇飞虎村群力组朱某家中被民警抓获。 上述事实，有公诉机关提交，并经法庭质证、认证的下列证据予以证明： 1．被害人卓某的陈述，证实其平时与母亲兰某一起在奉化松岙生活，母亲的前男友王军在鄞州区塘溪镇一家工厂上班，有自己的工厂宿舍，有时候也会到松岙来住，平时其都称呼王军为“爸爸”。2013年7月份开始，王军会对其动手动脚，摸其胸部、屁股及下体，后直接脱掉其衣裤，将下体放入其下体里面，过一会儿再拿出来，王军“欺负”其以后，其会拿东西擦拭屁股，有时候也会感觉痛，这样的事情发生过十几次，但其从来不敢反抗的事实； 2．证人兰某的证言，证实其是被害人卓某的母亲，于2011年认识被告人王军，后开始交往，其与女儿卓某在奉化松岙居住，有时也与王军一起住在鄞州塘溪。2015年3月22日，其发现王军与前妻还保持联系及偷拍女儿卓某洗澡的视频，非常生气，让王军写下一份保证书，后其在整理房间时发现一个U盘，里面有部分照片涉及王军侵犯女儿卓某的事实； 3．证人饶某的证言，证实被告人王军曾在位于宁波市鄞州区塘溪镇华山村的繁荣公司工作，并住在厂里宿舍的事实； 4．指认笔录及照片，证实被害人卓某指认鄞州区塘溪镇华山村繁荣公司职工宿舍系案发现场的事实； 5．提取笔录及接受证据清单，证实公安机关从兰某处提取一个黑色U盘及一份保证书的事实； 6．U盘及照片打印件，证实U盘内有被告人王军奸淫被害人卓某的照片，卓某擦拭下体及洗澡视频的事实； 7．保证书，证实2015年3月22日，被告人王军出具的一份保证书，其中有“以后不再奸淫兰某之女卓某”等字句的事实； 8．病历资料，证实被害人卓某案发后就医，被确诊处女膜5点处见陈旧性裂伤的事实； 9．被害人卓某的身份证明，证实被害人卓某出生于2006年5月9日的事实； 10．情况说明，证实公安机关无法查证被告人王军的前科情况； 11．身份证明，证实被告人的身份情况； 12．抓获经过，证实被告人的到案情况； 13．被告人王军的当庭供述，证实2011年开始，其与兰某相识，并发展为男女朋友，其在明知被害人卓某（兰某之女）系2006年出生的情况下，于2014年8月的某一天在鄞州区塘溪镇华山村其暂住的工厂宿舍内，奸淫了被害人卓某，并进行拍照。其保存了一个U盘，内有大量不雅视频及照片，包括被害人卓某被奸淫的照片及洗澡的视频等事实。 被告人王军辩称其不知道这样的行为是否构成强奸罪。本院认为，法律规定奸淫幼女的犯罪特征是：幼女的年龄必须是不满十四周岁；一般地说，不论行为人采用什么手段，也不论幼女是否同意，只要与幼女发生了性的行为，就构成犯罪；只要双方生殖器接触，即视为强奸既遂。故被告人的辩解意见与法律规定不符，本院不予采纳。 被告人王军及其辩护人均辩称其仅有一次与被害人卓某发生性关系，并进行了拍照。经查，被告人王军在侦查阶段一直否认曾奸淫过被害人，在庭审中虽承认仅发生过一次奸淫行为，其供述不稳定，且一直存在反复，有避重就轻的嫌疑，故本院不予采信。公诉机关指控被告人王军多次实施奸淫被害人卓某，首先有被害人卓某的陈述，较为稳定，可以比较完整的还原案件事实，且能指认现场，证实被害人不止一次前往王军的宿舍；其次有发生在不同时间的被害人卓某洗澡及用毛巾擦拭下体的视频，与被害人卓某的陈述相互印证，可以证实被告人王军在不同时间段偷窥被害人卓某隐私，并进行拍摄，用以满足其特殊欲望；最后有被害人卓某的病历资料，能证实被害人曾遭受过侵害，且已造成陈旧性伤害的事实。综上所述，上述证据能形成一条完整的证据链，证实被告人王军多次奸淫被害人的事实，故被告人王军及其辩护人的辩解及辩护意见，本院均不予采纳。 被告人王军的辩护人还辩称其不属于与被害人共同家庭生活关系的人员。经查，被告人王军虽与被害人卓某没有直接的血缘关系，但与被害人的母亲兰某属于男女朋友，三人在一起共同生活，被害人卓某也以“爸爸”称呼王军，故其辩护人就此提出的辩护意见，本院不予采纳。 综上所述，被告人王军多次与未满十二周岁的幼女发生性关系，严重侵犯幼女的身心健康，且其利用“爸爸”的身份实施犯罪，更加重了幼女的心理创伤，对被害人的成长带来极为不利的影响，应认定为情节恶劣。故被告人王军及其辩护人辩称公诉机关指控情节恶劣证据不足的辩护意见，与查明的事实和法律不符，本院均不予采纳。 本院认为，被告人王军明知对方是未满十四周岁的幼女，而多次与之发生性关系，情节恶劣，其行为已构成强奸罪。公诉机关指控的罪名成立。根据被告人犯罪的事实、犯罪的性质、情节和对社会的危害程度，依照《中华人民共和国刑法》第二百三十六条第二款、第三款第（一）项、第五十六条第一款、第五十五条第一款、第六十一条之规定，判决如下： 被告人王军犯强奸罪，判处有期徒刑十一年，剥夺政治权利一年（刑期从判决执行之日起计算。判决执行以前先行羁押的，羁押一日折抵刑期一日，即自2016年9月6日起至2027年9月5日止）。 如不服本判决，可在接到判决书的第二日起十日内，通过本院或者直接向浙江省宁波市中级人民法院提出上诉。书面上诉的，应当提交上诉状正本一份，副本二份。 审判长舒杰 人民陪审员朱君妩 人民陪审员徐慧娥 二〇一七年四月五日 书记员孙琦","writId":"0587c04f66f29aaee134755736e980cc802","writName":"王军强奸一审刑事判决书"}
