{"ajId":"93570801-980f-4b8f-99ac-3707e8948a51","ajName":"王丕志诈骗一案","ajjbqk":" 公诉机关指控，2018年9月9日，被告人王丕志在本市东城区簋街花家怡园餐厅内，承诺帮助被害人袁某1购买中石化加油卡并开具增值税专用发票为由，骗取被害人好处费人民币10万元。被告人王丕志于2019年1月6日自动投案，赃款已退还。 上述事实，被告人王丕志及其辩护人在开庭审理过程中亦无异议，并有公安机关出具的受案登记表，到案经过，工作说明，辨认笔录，微信聊天截图，银行账户交易明细，司法鉴定意见书，谅解书，电话录音及录音记录，证人何某、商某、袁某2、陈某、王某、傅某的证言，被害人袁某1的陈述，被告人王丕志的供述及身份证明材料等证据证实，足以认定。 ","cpfxgc":"本院认为，被告人王丕志以非法占有为目的，诈骗他人财物，数额巨大，其行为侵犯了公民的财产权利，已构成诈骗罪，依法应予刑罚处罚。北京市东城区人民检察院指控的事实清楚，举证确实、充分，指控罪名成立。鉴于被告人王丕志犯罪以后自动投案，到案后如实供述自己的罪行，系自首，已退赔全部违法所得并取得被害人谅解，且预缴罚金，本院依法对其减轻处罚并宣告缓刑。辩护人的合理辩护意见，本院予以采纳。综上，本院为严肃国法，保护公民的财产权利不受侵犯，对被告人王丕志依照《中华人民共和国刑法》第二百六十六条，第五十二条，第七十二条，第七十三条第二、三款，第六十七条第一款及最高人民法院《关于处理自首和立功具体应用法律若干问题的解释》第一条之规定，判决如下：","pjjg":" 被告人王丕志犯诈骗罪，判处有期徒刑一年六个月，缓刑二年，并处罚金人民币二万元（缓刑考验期限，从判决确定之日起计算。罚金已缴纳）。 如不服本判决，可在接到判决书的第二日起十日内，通过本院或者直接向北京市第二中级人民法院提出上诉。书面上诉的，应当提交上诉状正本一份，副本二份。","qw":"北京市东城区人民法院 刑事判决书 （2019）京0101刑初213号 公诉机关北京市东城区人民检察院。 被告人王丕志，男，1979年4月6日出生于辽宁省抚顺市，公民身份号码×××，汉族，研究生文化，无业，住北京市通州区；因涉嫌犯诈骗罪于2019年1月6日被刑事拘留，同年1月17日被取保候审。 辩护人赫雷，辽宁红枫律师事务所律师。 北京市东城区人民检察院以京东检公诉刑诉［2019］155号起诉书指控被告人王丕志犯诈骗罪，于2019年3月28日向本院提起公诉。本院依法适用简易程序，实行独任审判，公开开庭审理了本案。北京市东城区人民检察院指派检察员王蕾蕾出庭支持公诉。被告人王丕志及其辩护人赫雷到庭参加诉讼。现已审理终结。 公诉机关指控，2018年9月9日，被告人王丕志在本市东城区簋街花家怡园餐厅内，承诺帮助被害人袁某1购买中石化加油卡并开具增值税专用发票为由，骗取被害人好处费人民币10万元。被告人王丕志于2019年1月6日自动投案，赃款已退还。 上述事实，被告人王丕志及其辩护人在开庭审理过程中亦无异议，并有公安机关出具的受案登记表，到案经过，工作说明，辨认笔录，微信聊天截图，银行账户交易明细，司法鉴定意见书，谅解书，电话录音及录音记录，证人何某、商某、袁某2、陈某、王某、傅某的证言，被害人袁某1的陈述，被告人王丕志的供述及身份证明材料等证据证实，足以认定。 本院认为，被告人王丕志以非法占有为目的，诈骗他人财物，数额巨大，其行为侵犯了公民的财产权利，已构成诈骗罪，依法应予刑罚处罚。北京市东城区人民检察院指控的事实清楚，举证确实、充分，指控罪名成立。鉴于被告人王丕志犯罪以后自动投案，到案后如实供述自己的罪行，系自首，已退赔全部违法所得并取得被害人谅解，且预缴罚金，本院依法对其减轻处罚并宣告缓刑。辩护人的合理辩护意见，本院予以采纳。综上，本院为严肃国法，保护公民的财产权利不受侵犯，对被告人王丕志依照《中华人民共和国刑法》第二百六十六条，第五十二条，第七十二条，第七十三条第二、三款，第六十七条第一款及最高人民法院《关于处理自首和立功具体应用法律若干问题的解释》第一条之规定，判决如下： 被告人王丕志犯诈骗罪，判处有期徒刑一年六个月，缓刑二年，并处罚金人民币二万元（缓刑考验期限，从判决确定之日起计算。罚金已缴纳）。 如不服本判决，可在接到判决书的第二日起十日内，通过本院或者直接向北京市第二中级人民法院提出上诉。书面上诉的，应当提交上诉状正本一份，副本二份。 （此页无文本） 审判员黄艳淼 二〇一九年四月四日 法官助理何改芹 书记员李秋月","writId":"02432635659058e23619d1fbdc78b8351bd","writName":"王丕志诈骗一审刑事判决书"}
