{"ajId":"dc67ee7d-7778-4bbf-be80-fccafe269e13","ajName":"钱某某盗窃一案","ajjbqk":" 杭州市富阳区人民检察院指控，2016年11月-12月间，被告人钱某某至杭州市富阳区富春街道南园路、春秋南路等地，采用技术开锁的方式，实施盗窃作案4次，窃得现金、黄金首饰等物，共计价值人民币17691.5元。 1．2016年11月8日下午，被告人钱某某至杭州市富阳区富春街道南园路7幢306室，采用技术开锁的方式，侵入被害人许某的家中，被正在房内的被害人发现后逃离现场。 2．2016年11月16日下午，被告人钱某某至杭州市富阳区富春街道春秋南路26幢601室，采用同样方式侵入被害人盛某家中，并撬开写字台抽屉，窃得被害人放在抽屉内的现金人民币7500元和黄金戒指3枚（价值人民币7260元），合计价值人民币14760元。 3．2016年12月20日上午，被告人钱某某至杭州市富阳区富春街道春秋南路38幢402室，采用同样方式侵入被害人张某家中，窃得被害人张某现金人民币2000元及黄金耳环1对（价值人民币931.5元）、玉1块（无法估价）等物，合计价值人民币2931.5元。 4．2016年12月28日下午，被告人钱某某至杭州市富阳区富春街道春秋南路31号407室，采用同样方式，侵入被害人邹某家中，推门侵入卧室后，被正在家中睡觉的被害人发现后逃离现场。 针对上述指控事实，杭州市富阳区人民检察院当庭宣读、出示了被害人许某、盛某、张某、邹某的陈述，被告人钱某某的供述和辩解，现场勘验笔录、现场平面示意图及照片、情况说明，辨认笔录及照片，监控视频及截图、照片，价格认定结论书、价格认定不予通知书，杭州市公安局富阳区分局扣押笔录、扣押决定书、扣押清单及照片，接受证据清单、发票复印，刑事判决书、劳动教养决定书、刑满释放证明书、释放通知书，被告人钱某某的户籍证明、到案经过等证据，认为被告人钱某某以非法占有为目的，多次入户盗窃，数额较大，其行为应当以盗窃罪追究其刑事责任。被告人钱某某在有期徒刑刑罚执行完毕后五年内再犯应当判处有期徒刑以上刑罚之罪，系累犯。提请本院适用《中华人民共和国刑法》第二百六十四条，第六十五条之规定处罚。 被告人钱某某辩称，指控事实中第1次仅与户主讲了几句话；第2次盗窃属实，但仅窃得现金人民币2200元，没有黄金戒子；第3、4次不实，其在12月份未来过富阳。 经审理查明，1．2016年11月8日下午，被告人钱某某至杭州市富阳区富春街道南园路7幢306室，采用技术开锁的方式，欲侵入被害人许某的家中时，被正在房内的被害人发现后逃离现场。 2．2016年11月16日下午，被告人钱某某至杭州市富阳区富春街道春秋南路26幢601室，采用同样方式侵入被害人盛某家中，并撬开写字台抽屉，窃得被害人放在抽屉内的现金人民币7500元和黄金戒指3枚（价值人民币7260元），合计价值人民币14760元。 3．2016年12月28日下午，被告人钱某某至杭州市富阳区富春街道春秋南路31号407室，采用同样方式，侵入被害人邹某家中，推门侵入卧室后，被正在家中睡觉的被害人发现后逃离现场。 综上，被告人钱某某实施入户盗窃3次，合计窃得财物价值人民币14760元。 2017年1月4日，公安机关抓获被告人钱某某归案，扣押随身的疑似技术开锁工具一套、大锡纸盒内锡纸条73根，小塑料盒内锡纸条38根。 上述事实，有公诉机关提交并经当庭质证的下列证据证明： 1、被害人许某的陈述，在卷证明2016年11月8日下午13时20分左右，其在位于南园路7幢306室家中睡觉，听到外面有人在敲门，其没有理，过了一会儿，听到有人在撬门，其就去开门，打开后发现有一个男子站在门口，其问该男子是干什么的，该男子说是来找人的，说有一个他认识的人住在这里，然后就走了，其发现大门锁芯内有一根金黄色的铜丝，所以就确定对方肯定是小偷。小偷没有进入到家里，家里没有东西被偷。当时对方就一个人，身高170cm，头发不长，40岁左右，上身穿土黄色上衣，裤子是深色的，讲普通话，鞋子没有看清楚，带了一把伞的事实情况；辨认笔录及照片，在卷证明2017年1月7日，被害人许某从公安机关提供的照片中辨认出被告人钱某某就是那天来敲其家大门、撬门锁男子的事实情况； 2、被害人盛某的陈述，在卷证明2016年11月16日中午12时30分许，其和妻子吃中饭从春秋南路26幢601室家外出散步，下午15时许回到家中。发现房间里写字台桌子的抽屉被撬，里面的7500元现金与三只金戒子被偷了。三只戒指中其中一只是20多年前130元一克以1900多元在老街上购买的方戒，有老凤祥的字样，空心的，发票找不到了；另外两只也是全黄金的，中间自己打过，是圆形的，大概也是20年前购买的，没有发票，重量和价值记不清了。大门都是好的，出门的时候反保险好的，开门进来的时候只转了一圈就开进来了，小偷可能是开锁进来的，但没有什么痕迹的事实情况； 3、被害人张某的陈述，在卷证明2016年12月20日早上7点10分左右，其父亲从位于富阳区富春街道春秋南路38幢402室的家中出去，当时看过放在抽屉里的钱包内的钱还在的，出门的时候把防盗门保险的。当天下午4点30分左右，其第一个回家，发现门锁没有保险，之后其父母相继回家，没有出去过，一直到21日早上8点左右，其打开放在次卧电脑桌抽屉里的棕色钱包，发现里面的2000元左右的现金不见了，都是100元面额的。其母亲发现放在主卧室床头柜抽屉里的一对黄金耳环和一块玉被偷了，耳环是千足金的，重4克，10多年前买来以700多元价格买来的，玉是哈拉菩萨状的，3年前从缅甸以300多元的价格买来的。家里皮包的拉链都被拉开了，衣柜里也被翻动过了，门锁没有被撬的痕迹的事实情况；附接受证据清单、发票复印件，在卷证明张某提交黄金耳环的发票的事实情况； 4、被害人邹某的陈述，在卷证明其和男朋友及另一个同事租住在富阳区春秋南路31幢407室的一套三室一厅一厨一卫的套房内。2016年12月28日中午13时20分左右，其一个人在主卧睡觉，听到外面有人敲门，就走到客厅从防盗大门的猫眼往外看，发现是一个40来岁的陌生男子在门外敲门，其没有开门，继续回房间里睡觉。之后隔了两三分钟左右，又有人来敲门了，其也没有去管。13时30分左右，其在床上听到外面防盗门被打开的声音，然后是很轻的脚步声，其从床上坐了起来，这时主卧室的房门被打开了，其看到了之前敲门的那个男子，对方看到其在卧室好像也吓了一跳，然后转身逃走了。其因为害怕也没有追出去。该男子170公分左右，40岁左右，体型中等，短发，不戴眼镜，深色上衣和裤子，脸型瘦瘦的，小眼睛，现场没有翻动的事实情况；附辨认笔录及照片，在卷证明2017年1月7日，被害人邹某从公安机关提供的照片中辨认出被告人钱某某就是开门进其房间的人的事实情况； 5、被告人钱某某的供述和辩解，在卷证明其归案后供述2016年来过富阳二、三次，来找我朋友杨顺成，他是在城东市场卖水果的，找了三趟没有找到。另供述随身黑色单肩包内一套工具和两盒锡纸条，本来就装在香烟盒里的，系捡来的情况； 6、现场勘验笔录、现场平面示意图及照片，在卷证明2016年12月28日，杭州市公安局富阳区分局刑事科学技术室对富阳区春秋南路31号407室盗窃案现场进行了勘验，记录了现场情况，未发现异常；现场勘验笔录、现场方位示意图及照片，在卷证明2016年11月8日，杭州市公安局富阳区分局刑事科学技术室对富阳区富春街道南园路7幢306室盗窃案现场进行了勘验，记录了现场情况，该室防盗门呈锁合状，门锁完好。现场勘验后，派出所提取锡箔纸两张；现场勘查笔录、现场图及照片，在卷证明2016.11.16民警对杭州市富阳区富春街道春秋南路26幢601室进行现场勘查，将盗窃地理位置方位等予以固定，其中大门门锁完好，在对西南侧房间进行勘测发现房间靠西墙边有一写字台抽屉呈开启状，抽屉锁头呈上锁状态，抽屉上有撬压痕迹的事实情况； 7、监控视频及截图、照片，在卷证明2016年11月8日13时22分被告人钱某某出现在南园路路面监控内；2016年11月16日12时47分出现在春秋南路第二幼儿园附近，12时48分穿过春秋南路，13时16分反方向横穿过春秋南路，13时19分经过回春路；2016年12月20日13时33分被告人钱某某出现在南园路上，13时43分出现在春秋南路与体育场路路口；2016年12月28日13时被告人钱某某出现在春秋南路，后在迎春路30号、春秋南路29号附近边弄堂口、体育场路9号弄堂、清幽弄1号等地出现至15时的事实情况； 8、价格认定结论书，在卷证明经杭州市富阳区价格认证中心鉴定，被盗财物合计人民币8191.5元；价格认定不予通知书，在卷证明被盗玉不符合受理条件，不予受理的事实情况； 9、扣押笔录、扣押决定书、扣押清单及照片，在卷证明2017年1月4日，杭州市公安局富阳区分局城西派出所民警在被告人钱某某随身携带的黑色单肩包内发现疑似技术开锁工具一套、大小两个橙色塑料盒，疑似开锁工具和小塑料盒藏于一只空的硬壳中华香烟盒内，其中大塑料盒内有锡纸条73根，小塑料盒内有锡纸条38根，民警将上述物品拍照后予以扣押的事实情况； 10刑事判决书、劳动教养决定书、刑满释放证明书、释放通知书，在卷证明被告人钱某某的前科情况； 11、归案情况，在卷证明2017年1月4日9时许，被告人钱某某在杭州地铁一号线客运中心站接受盘查时被地铁公安分局翁梅站派出所民警抓获的事实情况； 12、户籍证明，在卷证明被告人钱某某的基本身份情况。 上述证据，经庭审质证无疑，本院予以确认。 关于公诉机关指控，2016年12月20日上午，被告人钱某某至杭州市富阳区富春街道春秋南路38幢402室，采用同样方式侵入被害人张某家中，窃得被害人张某现金人民币2000元及黄金耳环1对、玉1块等物之事实，经查，仅有被害人张某的陈述，在卷证明其位于富阳区富春街道春秋南路38幢402室的家中被窃情况，以及监控视频及截图、照片，在卷证明2016年12月20日13时33分，被告人钱某某出现在南园路上，13时43分出现在春秋南路与体育场路路口，尚不足以证实系被告人钱某某实施该项盗窃行为，故本院不予认定。 关于被告人钱某某在庭审中提出的指控事实中第1次仅与户主讲了几句话；第2次仅窃得现金人民币2200元，没有黄金戒子；其在12月份未来过富阳之辩解，经查不实，本院不予采信。 ","cpfxgc":"本院认为，被告人钱某某以非法占有为目的，多次入户盗窃他人财物，数额较大，其行为已构成盗窃罪，应依法予以惩处。公诉机关指控的事实和罪名成立。被告人钱某某在有期徒刑刑罚执行完毕后五年内再犯应当判处有期徒刑以上刑罚之罪，系累犯，依法应从重处罚。根据被告人钱某某的犯罪事实、性质、社会危害程度及认罪表现等，依法确定其刑罚。据此，依照《中华人民共和国刑法》第二百六十四条，第六十五条第一款，第五十二条，第五十三条，第六十一条，第六十四条之规定，判决如下：","pjjg":" 一、被告人钱某某犯盗窃罪，判处有期徒刑一年六个月，并处罚金人民币五千元。 （刑期自判决执行之日起计算，判决执行以前先行羁押的，羁押一日折抵刑期一日，即刑期自2017年1月4日起至2018年7月3日止，罚金限于本判决生效之日十日内缴纳）。 二、扣押在案的作案工具技术开锁工具一套、锡纸条，予以收缴销毁；责令被告人钱某某退赔被害人盛三元损失人民币14760元。 如不服本判决，可在接到判决书的第二日起十日内，通过本院或者直接向浙江省杭州市中级人民法院提出上诉。书面上诉的，应交上诉状正本一份，副本二份。","qw":"钱某某盗窃一审刑事判决书 杭州市富阳区人民法院 刑事判决书 （2017）浙0111刑初215号 公诉机关杭州市富阳区人民检察院。 被告人钱某某，男，1974年4月24日出生，汉族，文化程度小学，户籍所在地安徽省池州市东至县。1991年9月因盗窃被安徽省安庆市劳动教养管理委员会决定劳动教养三年；1996年10月22日因犯盗窃罪被上海金山县人民法院判处有期徒刑八年，剥夺政治权利二年；2003年1月22日因犯盗窃罪被浙江省平湖市人民法院判处有期徒刑一年八个月，并处罚金人民币1500元；2004年12月8日因犯盗窃罪被浙江省嘉善县人民法院判处有期徒刑十个月，并处罚金人民币2000元；2005年8月30日因盗窃被浙江省绍兴市人民政府劳动教养委员会劳动教养二年六个月；2008年1月3日因盗窃被江苏省南通市劳动教养管理委员会劳动教养一年三个月；2009年4月10日因盗窃被上海市劳动教养管理委员会劳动教养一年三个月；2012年7月27日因犯盗窃罪被富阳市人民法院判处有期徒刑八个月，并处罚金人民币1500元；2015年5月4日因犯盗窃罪、伪造居民身份证罪被杭州市富阳区人民法院判处有期徒刑一年六个月，并处罚金人民币3000元，于2016年5月24日刑满释放。因本案于2017年1月4日被杭州市公安局富阳区分局刑事拘留，同年2月7日被依法逮捕。现押杭州市富阳区看守所。 杭州市富阳区人民检察院以富检公诉刑诉［2017］227号起诉书指控被告人钱某某犯盗窃罪，于2017年3月22日向本院提起公诉。本院经审查于次日受理后，依法组成合议庭，于2017年4月24日、5月31日公开开庭进行了审理。杭州市富阳区人民检察院指派检察员章满群、代理检察员俞某出庭支持公诉，被告人钱某某到庭参加诉讼。现已审理终结。 杭州市富阳区人民检察院指控，2016年11月-12月间，被告人钱某某至杭州市富阳区富春街道南园路、春秋南路等地，采用技术开锁的方式，实施盗窃作案4次，窃得现金、黄金首饰等物，共计价值人民币17691.5元。 1．2016年11月8日下午，被告人钱某某至杭州市富阳区富春街道南园路7幢306室，采用技术开锁的方式，侵入被害人许某的家中，被正在房内的被害人发现后逃离现场。 2．2016年11月16日下午，被告人钱某某至杭州市富阳区富春街道春秋南路26幢601室，采用同样方式侵入被害人盛某家中，并撬开写字台抽屉，窃得被害人放在抽屉内的现金人民币7500元和黄金戒指3枚（价值人民币7260元），合计价值人民币14760元。 3．2016年12月20日上午，被告人钱某某至杭州市富阳区富春街道春秋南路38幢402室，采用同样方式侵入被害人张某家中，窃得被害人张某现金人民币2000元及黄金耳环1对（价值人民币931.5元）、玉1块（无法估价）等物，合计价值人民币2931.5元。 4．2016年12月28日下午，被告人钱某某至杭州市富阳区富春街道春秋南路31号407室，采用同样方式，侵入被害人邹某家中，推门侵入卧室后，被正在家中睡觉的被害人发现后逃离现场。 针对上述指控事实，杭州市富阳区人民检察院当庭宣读、出示了被害人许某、盛某、张某、邹某的陈述，被告人钱某某的供述和辩解，现场勘验笔录、现场平面示意图及照片、情况说明，辨认笔录及照片，监控视频及截图、照片，价格认定结论书、价格认定不予通知书，杭州市公安局富阳区分局扣押笔录、扣押决定书、扣押清单及照片，接受证据清单、发票复印，刑事判决书、劳动教养决定书、刑满释放证明书、释放通知书，被告人钱某某的户籍证明、到案经过等证据，认为被告人钱某某以非法占有为目的，多次入户盗窃，数额较大，其行为应当以盗窃罪追究其刑事责任。被告人钱某某在有期徒刑刑罚执行完毕后五年内再犯应当判处有期徒刑以上刑罚之罪，系累犯。提请本院适用《中华人民共和国刑法》第二百六十四条，第六十五条之规定处罚。 被告人钱某某辩称，指控事实中第1次仅与户主讲了几句话；第2次盗窃属实，但仅窃得现金人民币2200元，没有黄金戒子；第3、4次不实，其在12月份未来过富阳。 经审理查明，1．2016年11月8日下午，被告人钱某某至杭州市富阳区富春街道南园路7幢306室，采用技术开锁的方式，欲侵入被害人许某的家中时，被正在房内的被害人发现后逃离现场。 2．2016年11月16日下午，被告人钱某某至杭州市富阳区富春街道春秋南路26幢601室，采用同样方式侵入被害人盛某家中，并撬开写字台抽屉，窃得被害人放在抽屉内的现金人民币7500元和黄金戒指3枚（价值人民币7260元），合计价值人民币14760元。 3．2016年12月28日下午，被告人钱某某至杭州市富阳区富春街道春秋南路31号407室，采用同样方式，侵入被害人邹某家中，推门侵入卧室后，被正在家中睡觉的被害人发现后逃离现场。 综上，被告人钱某某实施入户盗窃3次，合计窃得财物价值人民币14760元。 2017年1月4日，公安机关抓获被告人钱某某归案，扣押随身的疑似技术开锁工具一套、大锡纸盒内锡纸条73根，小塑料盒内锡纸条38根。 上述事实，有公诉机关提交并经当庭质证的下列证据证明： 1、被害人许某的陈述，在卷证明2016年11月8日下午13时20分左右，其在位于南园路7幢306室家中睡觉，听到外面有人在敲门，其没有理，过了一会儿，听到有人在撬门，其就去开门，打开后发现有一个男子站在门口，其问该男子是干什么的，该男子说是来找人的，说有一个他认识的人住在这里，然后就走了，其发现大门锁芯内有一根金黄色的铜丝，所以就确定对方肯定是小偷。小偷没有进入到家里，家里没有东西被偷。当时对方就一个人，身高170cm，头发不长，40岁左右，上身穿土黄色上衣，裤子是深色的，讲普通话，鞋子没有看清楚，带了一把伞的事实情况；辨认笔录及照片，在卷证明2017年1月7日，被害人许某从公安机关提供的照片中辨认出被告人钱某某就是那天来敲其家大门、撬门锁男子的事实情况； 2、被害人盛某的陈述，在卷证明2016年11月16日中午12时30分许，其和妻子吃中饭从春秋南路26幢601室家外出散步，下午15时许回到家中。发现房间里写字台桌子的抽屉被撬，里面的7500元现金与三只金戒子被偷了。三只戒指中其中一只是20多年前130元一克以1900多元在老街上购买的方戒，有老凤祥的字样，空心的，发票找不到了；另外两只也是全黄金的，中间自己打过，是圆形的，大概也是20年前购买的，没有发票，重量和价值记不清了。大门都是好的，出门的时候反保险好的，开门进来的时候只转了一圈就开进来了，小偷可能是开锁进来的，但没有什么痕迹的事实情况； 3、被害人张某的陈述，在卷证明2016年12月20日早上7点10分左右，其父亲从位于富阳区富春街道春秋南路38幢402室的家中出去，当时看过放在抽屉里的钱包内的钱还在的，出门的时候把防盗门保险的。当天下午4点30分左右，其第一个回家，发现门锁没有保险，之后其父母相继回家，没有出去过，一直到21日早上8点左右，其打开放在次卧电脑桌抽屉里的棕色钱包，发现里面的2000元左右的现金不见了，都是100元面额的。其母亲发现放在主卧室床头柜抽屉里的一对黄金耳环和一块玉被偷了，耳环是千足金的，重4克，10多年前买来以700多元价格买来的，玉是哈拉菩萨状的，3年前从缅甸以300多元的价格买来的。家里皮包的拉链都被拉开了，衣柜里也被翻动过了，门锁没有被撬的痕迹的事实情况；附接受证据清单、发票复印件，在卷证明张某提交黄金耳环的发票的事实情况； 4、被害人邹某的陈述，在卷证明其和男朋友及另一个同事租住在富阳区春秋南路31幢407室的一套三室一厅一厨一卫的套房内。2016年12月28日中午13时20分左右，其一个人在主卧睡觉，听到外面有人敲门，就走到客厅从防盗大门的猫眼往外看，发现是一个40来岁的陌生男子在门外敲门，其没有开门，继续回房间里睡觉。之后隔了两三分钟左右，又有人来敲门了，其也没有去管。13时30分左右，其在床上听到外面防盗门被打开的声音，然后是很轻的脚步声，其从床上坐了起来，这时主卧室的房门被打开了，其看到了之前敲门的那个男子，对方看到其在卧室好像也吓了一跳，然后转身逃走了。其因为害怕也没有追出去。该男子170公分左右，40岁左右，体型中等，短发，不戴眼镜，深色上衣和裤子，脸型瘦瘦的，小眼睛，现场没有翻动的事实情况；附辨认笔录及照片，在卷证明2017年1月7日，被害人邹某从公安机关提供的照片中辨认出被告人钱某某就是开门进其房间的人的事实情况； 5、被告人钱某某的供述和辩解，在卷证明其归案后供述2016年来过富阳二、三次，来找我朋友杨顺成，他是在城东市场卖水果的，找了三趟没有找到。另供述随身黑色单肩包内一套工具和两盒锡纸条，本来就装在香烟盒里的，系捡来的情况； 6、现场勘验笔录、现场平面示意图及照片，在卷证明2016年12月28日，杭州市公安局富阳区分局刑事科学技术室对富阳区春秋南路31号407室盗窃案现场进行了勘验，记录了现场情况，未发现异常；现场勘验笔录、现场方位示意图及照片，在卷证明2016年11月8日，杭州市公安局富阳区分局刑事科学技术室对富阳区富春街道南园路7幢306室盗窃案现场进行了勘验，记录了现场情况，该室防盗门呈锁合状，门锁完好。现场勘验后，派出所提取锡箔纸两张；现场勘查笔录、现场图及照片，在卷证明2016.11.16民警对杭州市富阳区富春街道春秋南路26幢601室进行现场勘查，将盗窃地理位置方位等予以固定，其中大门门锁完好，在对西南侧房间进行勘测发现房间靠西墙边有一写字台抽屉呈开启状，抽屉锁头呈上锁状态，抽屉上有撬压痕迹的事实情况； 7、监控视频及截图、照片，在卷证明2016年11月8日13时22分被告人钱某某出现在南园路路面监控内；2016年11月16日12时47分出现在春秋南路第二幼儿园附近，12时48分穿过春秋南路，13时16分反方向横穿过春秋南路，13时19分经过回春路；2016年12月20日13时33分被告人钱某某出现在南园路上，13时43分出现在春秋南路与体育场路路口；2016年12月28日13时被告人钱某某出现在春秋南路，后在迎春路30号、春秋南路29号附近边弄堂口、体育场路9号弄堂、清幽弄1号等地出现至15时的事实情况； 8、价格认定结论书，在卷证明经杭州市富阳区价格认证中心鉴定，被盗财物合计人民币8191.5元；价格认定不予通知书，在卷证明被盗玉不符合受理条件，不予受理的事实情况； 9、扣押笔录、扣押决定书、扣押清单及照片，在卷证明2017年1月4日，杭州市公安局富阳区分局城西派出所民警在被告人钱某某随身携带的黑色单肩包内发现疑似技术开锁工具一套、大小两个橙色塑料盒，疑似开锁工具和小塑料盒藏于一只空的硬壳中华香烟盒内，其中大塑料盒内有锡纸条73根，小塑料盒内有锡纸条38根，民警将上述物品拍照后予以扣押的事实情况； 10刑事判决书、劳动教养决定书、刑满释放证明书、释放通知书，在卷证明被告人钱某某的前科情况； 11、归案情况，在卷证明2017年1月4日9时许，被告人钱某某在杭州地铁一号线客运中心站接受盘查时被地铁公安分局翁梅站派出所民警抓获的事实情况； 12、户籍证明，在卷证明被告人钱某某的基本身份情况。 上述证据，经庭审质证无疑，本院予以确认。 关于公诉机关指控，2016年12月20日上午，被告人钱某某至杭州市富阳区富春街道春秋南路38幢402室，采用同样方式侵入被害人张某家中，窃得被害人张某现金人民币2000元及黄金耳环1对、玉1块等物之事实，经查，仅有被害人张某的陈述，在卷证明其位于富阳区富春街道春秋南路38幢402室的家中被窃情况，以及监控视频及截图、照片，在卷证明2016年12月20日13时33分，被告人钱某某出现在南园路上，13时43分出现在春秋南路与体育场路路口，尚不足以证实系被告人钱某某实施该项盗窃行为，故本院不予认定。 关于被告人钱某某在庭审中提出的指控事实中第1次仅与户主讲了几句话；第2次仅窃得现金人民币2200元，没有黄金戒子；其在12月份未来过富阳之辩解，经查不实，本院不予采信。 本院认为，被告人钱某某以非法占有为目的，多次入户盗窃他人财物，数额较大，其行为已构成盗窃罪，应依法予以惩处。公诉机关指控的事实和罪名成立。被告人钱某某在有期徒刑刑罚执行完毕后五年内再犯应当判处有期徒刑以上刑罚之罪，系累犯，依法应从重处罚。根据被告人钱某某的犯罪事实、性质、社会危害程度及认罪表现等，依法确定其刑罚。据此，依照《中华人民共和国刑法》第二百六十四条，第六十五条第一款，第五十二条，第五十三条，第六十一条，第六十四条之规定，判决如下： 一、被告人钱某某犯盗窃罪，判处有期徒刑一年六个月，并处罚金人民币五千元。 （刑期自判决执行之日起计算，判决执行以前先行羁押的，羁押一日折抵刑期一日，即刑期自2017年1月4日起至2018年7月3日止，罚金限于本判决生效之日十日内缴纳）。 二、扣押在案的作案工具技术开锁工具一套、锡纸条，予以收缴销毁；责令被告人钱某某退赔被害人盛三元损失人民币14760元。 如不服本判决，可在接到判决书的第二日起十日内，通过本院或者直接向浙江省杭州市中级人民法院提出上诉。书面上诉的，应交上诉状正本一份，副本二份。 审判长周渭军 人民陪审员朱燕妮 人民陪审员史济亚 二〇一七年六月七日 书记员何韵致","writId":"05037681aeb7510fd615531ba04b902ac78","writName":"钱某某盗窃一审刑事判决书"}
