{"ajId":"2082dc69-64de-461d-8d23-6cd9445e8954","ajName":"刘冬泽强奸一案","ajjbqk":" 经审理查明，2016年9月16日19时许，被告人刘冬泽在宁波市鄞州区龙观乡山下村公路遇到单独散步的被害人叶某，欲强行与叶某发生性关系，遂拿出随身携带的水果刀，从背后用刀顶在叶某的颈部，并用言语威逼等手段逼迫叶某走至山下公路旁的一处田地，欲将叶某拖至花木丛中实施强奸，后叶某在纠缠反抗中，趁被告人刘冬泽找寻掉落的眼镜之际，成功逃脱。 2016年9月18日，被告人刘冬泽在鄞州区龙观乡雪岙村的家中被民警抓获。案发后，被告人刘冬泽已赔偿被害人叶某的经济损失，并取得了被害人的谅解。 上述事实，被告人刘冬泽在开庭审理过程中亦无异议，且有被害人叶某的陈述，证人刘某，4的证言，现场勘验检查工作记录及照片，身体检查笔录，医院伤情检查通知单，辨认笔录及照片，情况说明，谅解书，抓获经过，被告人的户籍证明等证据证实，足以认定。 ","cpfxgc":"本院认为，被告人刘冬泽违背妇女意志，以暴力、胁迫等手段强行与妇女发生性关系，其行为已构成强奸罪。公诉机关指控的罪名成立。被告人刘冬泽已经着手实施犯罪，因意志以外的原因而未得逞，是犯罪未遂，依法可以比照既遂犯减轻处罚。被告人刘冬泽归案后能如实供述自己的罪行，依法可以从轻处罚。案发后被告人刘冬泽能赔偿被害人的经济损失，并得到被害人的谅解，可酌情从轻处罚。根据本案中被告人犯罪的事实、性质、情节和对社会的危害程度，依照《中华人民共和国刑法》第二百三十六条第一款、第二十三条、第六十七条第三款、第六十一条之规定，判决如下：","pjjg":" 被告人刘冬泽犯强奸罪，判处有期徒刑一年八个月（刑期从判决执行之日起计算。判决执行以前先行羁押的，羁押一日折抵刑期一日，即自2016年9月18日起至2018年5月17日止）。 如不服本判决，可在接到判决书的第二日起十日内，通过本院或者直接向浙江省宁波市中级人民法院提出上诉。书面上诉的，应当提交上诉状正本一份，副本二份。","qw":"浙江省宁波市鄞州区人民法院 刑事判决书 （2016）浙0212刑初1547号 公诉机关浙江省宁波市鄞州区人民检察院。 被告人刘冬泽，男，1995年12月27日出生于浙江省宁波市，汉族，高中文化，公司职员，住宁波市鄞州区。因涉嫌犯强奸罪于2016年9月18日被宁波市公安局鄞州分局传唤，次日被刑事拘留，同月29日被逮捕。现羁押于宁波市鄞州区看守所。 宁波市鄞州区人民检察院以甬鄞检刑诉（2016）1474号起诉书指控被告人刘冬泽犯强奸罪，于2016年11月4日向本院提起公诉。本院于同日立案，依法组成合议庭，适用简易程序，因涉及个人隐私，故不公开开庭审理了本案。宁波市鄞州区人民检察院检察员方誉烨、被告人刘冬泽到庭参加了诉讼。现已审理终结。 经审理查明，2016年9月16日19时许，被告人刘冬泽在宁波市鄞州区龙观乡山下村公路遇到单独散步的被害人叶某，欲强行与叶某发生性关系，遂拿出随身携带的水果刀，从背后用刀顶在叶某的颈部，并用言语威逼等手段逼迫叶某走至山下公路旁的一处田地，欲将叶某拖至花木丛中实施强奸，后叶某在纠缠反抗中，趁被告人刘冬泽找寻掉落的眼镜之际，成功逃脱。 2016年9月18日，被告人刘冬泽在鄞州区龙观乡雪岙村的家中被民警抓获。案发后，被告人刘冬泽已赔偿被害人叶某的经济损失，并取得了被害人的谅解。 上述事实，被告人刘冬泽在开庭审理过程中亦无异议，且有被害人叶某的陈述，证人刘某，4的证言，现场勘验检查工作记录及照片，身体检查笔录，医院伤情检查通知单，辨认笔录及照片，情况说明，谅解书，抓获经过，被告人的户籍证明等证据证实，足以认定。 本院认为，被告人刘冬泽违背妇女意志，以暴力、胁迫等手段强行与妇女发生性关系，其行为已构成强奸罪。公诉机关指控的罪名成立。被告人刘冬泽已经着手实施犯罪，因意志以外的原因而未得逞，是犯罪未遂，依法可以比照既遂犯减轻处罚。被告人刘冬泽归案后能如实供述自己的罪行，依法可以从轻处罚。案发后被告人刘冬泽能赔偿被害人的经济损失，并得到被害人的谅解，可酌情从轻处罚。根据本案中被告人犯罪的事实、性质、情节和对社会的危害程度，依照《中华人民共和国刑法》第二百三十六条第一款、第二十三条、第六十七条第三款、第六十一条之规定，判决如下： 被告人刘冬泽犯强奸罪，判处有期徒刑一年八个月（刑期从判决执行之日起计算。判决执行以前先行羁押的，羁押一日折抵刑期一日，即自2016年9月18日起至2018年5月17日止）。 如不服本判决，可在接到判决书的第二日起十日内，通过本院或者直接向浙江省宁波市中级人民法院提出上诉。书面上诉的，应当提交上诉状正本一份，副本二份。 审判长舒杰 人民陪审员姜亲友 人民陪审员王芳 二〇一六年十一月七日 书记员孙琦 。PAGE。 。PAGE。3。","writId":"0155018ddae632818502892fd2537f21a9f","writName":"刘冬泽强奸一审刑事判决书"}
