{"ajId":"130c19be-f6e0-4880-b13a-c261c96b544d","ajName":"杜英侵犯著作权罪一案","ajjbqk":" 公诉机关指控： 2011年5月左右，被告人杜英以营利为目的，在宁波市北仑区大碶街道王隘村其所经营的名为“鑫鑫家电”的店内非法销售盗版光碟。2012年5月9日晚，公安机关从该店内查获各类DVD光盘共854张。经鉴定，该854张光盘均为非法音像制品。 上述事实，被告人杜英在庭审过程中亦无异议，并有宁波市北仑区文化广电新闻出版局的鉴定书，检查笔录、清点笔录、扣押物品清单、公安民警出具的抓获经过陈述笔录、常住人口基本信息等证据证实，足以认定。 ","cpfxgc":"本院认为，被告人杜英以营利为目的，未经著作权人许可发行其录音录像作品，情节严重，其行为已构成侵犯著作权罪，应予惩处。公诉机关指控的罪名成立。被告人杜英到案后能如实供述其罪行并自愿认罪，依法可以从轻处罚，并适用缓刑。被查获的非法音像制品是违禁品，依法应予没收。据此，依照《中华人民共和国刑法》第二百一十七条第（一）项、第六十七条第三款、第七十二条第一款、第三款、第七十三条第二款、第三款、第六十四条之规定，判决如下：","pjjg":" 一、被告人杜英犯侵犯著作权罪，判处有期徒刑九个月，缓刑一年，并处罚金人民币二千元。 （缓刑考验期限，自判决确定之日起计算。罚金限于本判决生效后一个月内缴纳）。 二、被查获的非法音像制品854张，予以没收。 如不服本判决，可在接到判决书的第二日起十日内，通过本院或者直接向浙江省宁波市中级人民法院提出上诉。书面上诉的，应当提交上诉状正本一份，副本二份。","qw":"宁波市北仑区人民法院 刑事判决书 （2012）甬仑刑初字第678号 公诉机关宁波市北仑区人民检察院。 被告人杜英，女，汉族，1983年12月9日出生于安徽省阜阳市，初中文化，农民，住阜阳市颍泉区。因涉嫌犯侵犯著作权罪于2012年5月9日被抓获，次日被取保候审。 宁波市北仑区人民检察院以甬仑检刑诉（2012）487号起诉书指控被告人杜英犯侵犯著作权罪，于2012年7月23日向本院提起公诉。本院于当日立案后，依法适用简易程序，实行独任审判，公开开庭审理了本案。宁波市北仑区人民检察院指派检察员刘浪出庭支持公诉，被告人杜英到庭参加诉讼。现已审理终结。 公诉机关指控： 2011年5月左右，被告人杜英以营利为目的，在宁波市北仑区大碶街道王隘村其所经营的名为“鑫鑫家电”的店内非法销售盗版光碟。2012年5月9日晚，公安机关从该店内查获各类DVD光盘共854张。经鉴定，该854张光盘均为非法音像制品。 上述事实，被告人杜英在庭审过程中亦无异议，并有宁波市北仑区文化广电新闻出版局的鉴定书，检查笔录、清点笔录、扣押物品清单、公安民警出具的抓获经过陈述笔录、常住人口基本信息等证据证实，足以认定。 本院认为，被告人杜英以营利为目的，未经著作权人许可发行其录音录像作品，情节严重，其行为已构成侵犯著作权罪，应予惩处。公诉机关指控的罪名成立。被告人杜英到案后能如实供述其罪行并自愿认罪，依法可以从轻处罚，并适用缓刑。被查获的非法音像制品是违禁品，依法应予没收。据此，依照《中华人民共和国刑法》第二百一十七条第（一）项、第六十七条第三款、第七十二条第一款、第三款、第七十三条第二款、第三款、第六十四条之规定，判决如下： 一、被告人杜英犯侵犯著作权罪，判处有期徒刑九个月，缓刑一年，并处罚金人民币二千元。 （缓刑考验期限，自判决确定之日起计算。罚金限于本判决生效后一个月内缴纳）。 二、被查获的非法音像制品854张，予以没收。 如不服本判决，可在接到判决书的第二日起十日内，通过本院或者直接向浙江省宁波市中级人民法院提出上诉。书面上诉的，应当提交上诉状正本一份，副本二份。 审判员俞毅刚 二〇一二年七月三十日 代书记员郑璐娜","writId":"06184ce8cacf60a1899c7d1054db0e84fbb","writName":"杜英侵犯著作权罪一审刑事判决书"}
