{"ajId":"634e4343-6c68-4462-89ab-deb7c5372190","ajName":"陈洪全、钟小军侵犯公民个人信息一案","ajjbqk":" 原判认定： 一、2016年10月份开始，被告人邓亚强通过网上人员购得“百万邮件营销”软件，此软件具有邮箱采集、整理、邮箱密码破解的功能。被告人邓亚强首先利用百万邮件营销软件在网络上采集企业邮箱号，并对企业邮箱号进行密码破解，得到可以利用的企业邮箱账号及密码后，登录企业邮箱并创建TXT文本，文本内容即为虚假的安全提示和钓鱼链接，具体为“你的QQ账号异常或者在异地登录，若非你本人操作请点击发送的链接”，文本创建好后被告人邓亚强再利用新星群发机向他人发送邮件。QQ主人收到邮件后，若对邮件中的虚假安全提示和钓鱼链接信以为真，便会点击链接，并按照页面内容填写个人信息（包括姓名、身份证号码、手机号码、密保问题等），钓鱼链接后台就会显示QQ主人填写的认证信息，被告人邓亚强以此获取QQ账号的身份认证信息。被告人邓亚强操作几次后又将该软件提供给被告人胡轩，被告人胡轩亦按照上述作案方式获取QQ账号信息。被告人邓亚强、胡轩获取QQ账号信息后，将该信息予以出售，其中被告人邓亚强将获取的1186组QQ账号身份认证信息出售给被告人陈洪全，获利14800元；被告人胡轩将获取的892组QQ账号身份认证信息出售给被告人陈洪全，获利人民币14595元。 被告人陈洪全通过QQ等级性别年龄查询器、QQ查找查询器、QQ空间访客提取器、QQ附近人采集器等软件收集QQ号码，并将收集到的QQ号码发送给被告人邓亚强、胡轩和网名为“人生”等上家。被告人邓亚强、胡轩等人再通过上文所述的钓鱼方式获取QQ密码、姓名、身份证号码、密保问题等详细信息后，将账号信息出售给被告人陈洪全。被告人陈洪全又以每日700元的工资雇佣被告人胡肖尧，后又找来被告人黄长印一起对QQ号码进行申诉，被告人陈洪全、胡肖尧、黄长印共获取公民个人信息15198条。被告人陈洪全再将申诉成功的QQ账号、密码、回执编号等信息以每组200元左右的价格卖给吴星佑（另案处理）、王诗荏、钟小军、邓国优、许梓鸿等下家，收取下家购号款25万余元，从中非法获利8万余元。 被告人钟小军从被告人陈洪全等上家处购得QQ账号信息后再转卖给邓国优、符建小、谢国威等人，收取下家购号款64万余元，从中非法获利5万余元。被告人王诗荏从被告人陈洪全等上家处购得QQ账号信息后再转卖给邓国优、符建小、王某、范某等人，收取下家购号款37万余元，从中非法获利3万余元。 二、被告人符建小通过购买被盗QQ号冒充该QQ主人骗取钱财，其通过支付宝账号296×××＠qq．com骗取林某1500元、李某900元、傅某某3500元、赵某2000元、诸某300元，上述共计骗取8200元。 被告人谢国威通过购买被盗QQ号冒充该QQ主人骗取钱财，其通过支付宝账号为266×××＠qq．com骗取郑某某1000元、褚某某3000元，通过支付宝账号为341×××＠qq．com又骗取褚某某3000元，上述共计骗取7000元。 被告人邓国优伙同被告人许梓鸿、谢国阳通过购买被盗QQ号冒充该QQ主人诈骗他人钱财共计9300元。其中伙同许梓鸿通过支付宝账号18×××69骗取董某4000元、王某某1300元、韩某某1000元，合计骗取6300元；伙同谢国阳通过支付宝账号101×××＠qq．com骗取张某、陆某、余某、徐某、马某各600元，合计骗取3000元。 原判另查明，被害人林某、诸某、赵某、张某、徐某、马某均为在校大学生。 原判还查明，2017年1月6日被告人邓亚强被抓获后协助公安机关抓获一名犯罪嫌疑人，经查证属实。2017年1月12日，公安机关从被告人邓亚强处扣押到现金88000元。2017年1月7日，公安机关从被告人陈洪全处扣押到现金40000元；2017年1月13日，被告人陈洪全的父亲陈某2主动替被告陈洪全上交违法所得100000元。2017年1月24日，公安机关从被告人钟小军处扣押到现金16000元。2017年1月24日，公安机关从被告人王诗荏处扣押到现金70000元。 原判根据上述事实和相关法律规定，作出如下判决： 一、被告人陈洪全犯侵犯公民个人信息罪，判处有期徒刑三年六个月，并处罚金人民币四万元。 二、被告人钟小军犯侵犯公民个人信息罪，判处有期徒刑三年，并处罚金人民币三万元。 三、被告人王诗荏犯侵犯公民个人信息罪，判处有期徒刑二年，并处罚金人民币二万五千元。 四、被告人胡肖尧犯侵犯公民个人信息罪，判处有期徒刑一年八个月，并处罚金人民币二万元。 五、被告人黄长印犯侵犯公民个人信息罪，判处有期徒刑一年六个月，并处罚金人民币二万元。 六、被告人邓国优犯诈骗罪，判处有期徒刑一年二个月，并处罚金人民币八千元。 七、被告人邓亚强犯非法获取计算机信息系统数据罪，判处有期徒刑一年一个月，并处罚金人民币一万元。 八、被告人胡轩犯非法获取计算机信息系统数据罪，判处有期徒刑一年一个月，并处罚金人民币一万元。 九、被告人符建小犯诈骗罪，判处有期徒刑一年一个月，并处罚金人民币七千元。 十、被告人谢国威犯诈骗罪，判处有期徒刑一年一个月，并处罚金人民币七千元。 十一、被告人许梓鸿犯诈骗罪，判处有期徒刑一年，并处罚金人民币五千元。 十二、被告人谢国阳犯诈骗罪，判处有期徒刑十一个月，并处罚金人民币四千元。 十三、追缴被告人陈洪全的违法所得人民币八万元。 十四、追缴被告人钟小军的违法所得人民币五万元。 十五、追缴被告人王诗荏的违法所得人民币三万元。 十六、追缴被告人胡肖尧的违法所得人民币三万元。 十七、追缴被告人黄长印的违法所得人民币六千元。 十八、追缴被告人邓亚强的违法所得人民币一万四千八百元。 十九、追缴被告人胡轩的违法所得人民币一万四千五百九十五元。 二十、被告人邓国优应退赔被害人经济损失人民币九千三百元，由被告人许梓鸿对其中的六千三百元承担连带退赔责任，由被告人谢国阳对其中的三千元承担连带退赔责任。 二十一、被告人符建小应退赔被害人经济损失人民币八千二百元。 二十二、被告人谢国威应退赔被害人经济损失人民币七千元。 二十三、涉案的电脑六台、电脑主机两台、手机二十五部、U盘二只予以没收。 抗诉机关天台县人民检察院抗诉提出，原判没有认定邓亚强、胡轩非法获取计算机信息数据至少200余万组属认定事实错误，导致未认定犯罪情节特别严重、适用法律错误、量刑畸轻，请予纠正。台州市人民检察院支持抗诉意见，出庭检察员并在二审期间补充了“20160404txt”文本中正确邮箱密码信息数量等相关证据予以佐证抗诉理由。同时认为，原判认定上诉人钟小军、王诗荏及其余被告人的犯罪事实清楚，证据确实、充分，适用法律正确，量刑适当，审判程序合法，请驳回上诉，维持原判。 原审被告人邓亚强辩解其只破解了“20160404txt”文本中二三十个邮箱信息，其余均未破解也未使用，并且邮箱信息现在网上随处可以买到，不是非法获取。其辩护人认为，公安机关收集提取、拆分、验证“20160404txt”文本等取证行为未按两高一部有关电子数据收集提取和审查判断的有关规定操作；公安机关的验证软件与邓亚强在犯罪过程中所使用的测试软件缺乏同一性，由此得出前20个拆分文本中有2000余组邮箱信息正确的真实性、完整性、关联性存在瑕疵，不能作为定案证据，由此不能认定邓亚强犯罪情节特别严重；请求维持原判，驳回抗诉。 原审被告人胡轩辩解其与邓亚强各干各的，“20160404txt”文本其只使用过部分，也只破解过其中二三十个邮箱信息，犯罪情节没有特别严重。其辩护人认为，胡轩与邓亚强不属共同犯罪，“20160404txt”文本信息不是胡轩获取的，胡轩的作案邮箱信息来自邓亚强；公安机关在提取、封存、验证等调查取证的程序性上违反两高一部有关规定，所得结论不能作为定案证据；原判认定事实、法律适用正确，请求维持原判。 原审被告人钟小军上诉提出，原判认定其非法获利5万余元的事实错误，依据不足。其辩护人认同钟小军的辩解，同时认为钟小军的犯罪不属情节特别严重，并提交公证书、支付宝转账清单、村镇证明等证据以佐证其上述辩护意见，请求对钟小军从轻改判。 原审被告人王诗荏上诉提出，原判量刑过重，请求对其从轻改判，让其早日回归校园，完成学业。 经审理查明，原判认定原审被告人陈洪全、钟小军、王诗荏、胡肖尧、黄长印犯侵犯公民个人信息罪，原审被告人邓亚强、胡轩犯非法获取计算机信息系统数据罪，原审被告人邓国优、符建小、谢国威、许梓鸿、谢国阳犯诈骗罪的事实，有各被告人的供述，被害林某福等人的陈述，证谢某亮的证言，搜查笔录，提取笔录，电子证物检查工作记录，鉴定意见，光盘，QQ聊天记录，支付宝转账记录，辨认笔录，转账清单，情况说明，归案经过，户籍证明，前科劣迹情况说明，刑满释放证明，刑事判决书，电脑、手机等物证等证据予以证实。上述诸证据均由侦查机关经法定程序取得，其来源、形式合法，内容客观真实，并经一审庭审举证、质证，能互相印证，足以认定。 另查明，根据二审期间检察员提供并经当庭举证、质证的情况说明、邮箱信息清单与图片、拆分与验证过程的录像光盘等证据，证实侦查机关将被告人邓亚强、胡轩从“百万邮件营销”软件获取的，现保存于天公网警［2017］第006号光盘中的“20160404txt”文本拆分成200个小文本，对其中前20个小文本通过“鑫河软件批量验证邮箱密码神器”软件验证，其中正确的邮箱账号、密码达2000组以上。因拆分验证的仅是部分文本，据此，本院确认被告人邓亚强、胡轩从百万邮件中获取正确的邮箱密码至少达2000组以上，连同原判认定的二被告人获取的QQ账号身份认证信息，涉案数量达2500组以上。 关于抗诉意见、上诉理由和辩护意见，综述如下： 1、在卷搜查证与搜查笔录、提取笔录、电子物证检查工作记录、扣押笔录与清单、数据信息清单与图片、录像光盘、情况说明等证据证实，侦查人员在收集提取、封存移送、拆分验证“20160404txt”文本的所有取证过程中，符合最高人民法院、最高人民检察院、公安部《关于办理刑事案件收集提取和审查判断电子数据若干问题的规定》要求，程序合法；验证软件虽不同于二被告人作案使用的“批量邮箱测试软件”，但不影响验证结果的真实性，故抗诉机关认为前20个拆分文本中有2000组以上邮箱密码正确的意见予以采信，原审被告人邓亚强、胡轩及其各自辩护人有关此“20160404txt”文本取证操作过程不合规、验证结果不能作为定案依据的辩解和辩护意见均不能成立，不予采信。 2、在卷审讯录像、电子物证检查工作记录及原审被告人邓亚强与胡轩的供述等证据证实，“20160404txt”文本虽存于邓亚强的台式电脑中，但此文本信息系二人经非法手段获取并共享共用，即便不是共同犯罪，也不管已实际用于作案多少，二人对其中的正确身份认证信息依法应共同负责，故原审被告人邓亚强有关此文本非非法获取、原审被告人胡轩及其辩护人有关此文本与胡轩无关的辩解和辩护意见均不能成立，不予采信。 3、上诉人钟小军在侦查阶段多次稳定地供述其非法获利5万余元，此供述也与其上家陈洪全、下家邓国优、符建小、谢国威等人的供述、支付宝转账记录等证据相印证，其二审辩护人提供的证据不足以证明其非法获利不足5万元，故上诉人钟小军及其辩护人有关非法获利不足5万元的上诉理由和辩护意见均不符查明的客观事实，不予采纳。 4、原判根据王诗荏的犯罪事实、性质、社会危害性以及能坦白、缴纳罚金等情节，依法判处相应刑罚，量刑得当，故有关量刑过重的上诉理由不能成立，不予采纳。 ","cpfxgc":"本院认为，上诉人（原审被告人）陈洪全伙同原审被告人胡肖尧、黄长印，以及上诉人钟小军、王诗荏违反国家有关规定，非法获取公民个人信息并向他人出售，其行为均已构成侵犯公民个人信息罪；其中陈洪全、胡肖尧、黄长印、钟小军犯罪情节均特别严重，王诗荏犯罪情节严重。原审被告人邓亚强、胡轩利用其他技术手段，非法获取他人计算机信息系统中的邮箱身份认证信息和QQ账号身份认证信息2500组以上，并将部分信息向他人出售，其行为均已构成非法获取计算机信息系统数据罪，犯罪情节特别严重。原审被告人邓国优、符建小、谢国威、许梓鸿、谢国阳以非法占有为目的，采用虚构事实、隐瞒真相的手段，骗取他人财物，数额较大，其行为均已构成诈骗罪。原审被告人胡肖尧、黄长印在与上诉人陈洪全的共同犯罪中系从犯，依法予以减轻处罚。原审被告人邓亚强有立功情节，依法予以从轻处罚。上诉人王诗荏及原审被告人邓国优、符建小、谢国威、许梓鸿、谢国阳有坦白情节，依法予以从轻处罚。原审被告人邓亚强向原审被告人胡轩提供作案软件、传授作案技术，依法酌情从重处罚。原审被告人邓国优、符建小、谢国阳诈骗在校大学生，酌情从重处罚。各上诉人和原审各被告人的违法所得，依法应予追缴或发还被害人，犯罪工具依法应予没收。基于一审期间公诉人所出示的证据，原判认定本案事实清楚无误，定罪和适用法律正确，对各被告人量刑适当，审判程序合法。现鉴于二审期间，检察机关提供了新证据足以证实原审被告人邓亚强、胡轩非法获取他人计算机信息系统中邮箱身份认证信息2000组以上，加上原判已认定的非法获取的公民个人身份认证信息，二人犯罪情节已达特别严重的情况，故本院依法对原审被告人邓亚强、胡轩的量刑予以改判。上诉人陈洪全申请撤回上诉符合有关法律规定，依法予以准许。原审被告人邓亚强、胡轩及其辩护人请求驳回抗诉、维持原判的意见均不能成立，不予采纳。上诉人钟小军及其辩护人、上诉人王诗荏有关从轻改判的上诉理由和辩护意见均不能成立，不予采纳。出庭检察员有关驳回上诉、维持原判的意见成立，予以采纳。依照《中华人民共和国刑事诉讼法》第二百二十五条第一款第（二）项、《最高人民法院关于适用〈中华人民共和国刑事诉讼法〉的解释》第三百零五条第一款、第三百零八条、《中华人民共和国刑法》第二百八十五条第二款、第二百五十三条之一第一、三款、第二百六十六条、第二十五条第一款、第二十六条第一、四款、第二十七条、第六十八条、第六十七条第三款、第六十四条及《最高人民法院、最高人民检察院关于办理危害计算机信息系统安全刑事案件应用法律若干问题的解释》第一条第二款第（一）项之规定，判决如下：","pjjg":" 一、准许上诉人陈洪全撤回上诉。 二、驳回上诉人钟小军、王诗荏的上诉。 三、撤销浙江省天台县人民法院（2017）浙1023刑初269号刑事判决中对原审被告人邓亚强、胡轩的量刑部分，维持判决的其余部分。 四、原审被告人邓亚强犯非法获取计算机信息系统数据罪，判处有期徒刑三年，并处罚金人民币三万元（已缴纳一万元）。 五、原审被告人胡轩犯非法获取计算机信息系统数据罪，判处有期徒刑三年，并处罚金人民币三万元。 （原审被告人邓亚强、胡轩的刑期从判决执行之日起计算。判决执行以前先行羁押的，羁押一日折抵刑期一日。罚金限判决生效后一个月内缴纳。） 本判决为终审判决。","qw":"浙江省台州市中级人民法院 刑事判决书 （2018）浙10刑终25号 抗诉机关浙江省天台县人民检察院。 上诉人（原审被告人）陈洪全，男，1995年7月13日出生于重庆市奉节县，汉族，初中文化，无业，住重庆市奉节县。2017年1月7日因本案被刑事拘留，同年2月10日被逮捕。现羁押于天台县看守所。 上诉人（原审被告人）钟小军，男，1993年6月1日出生于湖南省临高县，汉族，初中文化，无业，住海南省临高县。2014年10月4日因吸毒被海口市龙华区公安局行政拘留十五日。2017年1月7日因本案被刑事拘留，同年2月10日被逮捕。现羁押于天台县看守所。 辩护人金秧飞，浙江众安律师事务所律师。 上诉人（原审被告人）王诗荏，男，1997年1月16日出生于海南省海口市，汉族，大专文化，无业，住海南省海口市琼山区。2017年1月7日因本案被刑事拘留，同年2月10日被逮捕。现羁押于天台县看守所。 原审被告人邓亚强，男，1996年9月30日出生于湖南省汨罗市，汉族，中专文化，务工，住湖南省汩罗市。2017年1月6日因本案被刑事拘留，同年2月10日被监视居住，同年3月17日被逮捕。现刑满释放在家。 辩护人王忠，浙江咏法律师事务所律师。 原审被告人胡轩，男，1996年2月3日出生于湖南省汨罗市，汉族，中专文化，务工，住湖南省汩罗市。2017年1月6日因本案被刑事拘留，同年2月10日被监视居住，同年3月17日被逮捕。现刑满释放在家。 辩护人胡法平，浙江钟声律师事务所律师。 原审被告人胡肖尧，男，1996年12月8日出生于重庆市奉节县，汉族，中专文化，无业，住重庆市奉节县。2017年1月7日因本案被刑事拘留，同年2月10日被监视居住，同年3月17日被逮捕。现羁押于天台县看守所。 原审被告人黄长印，男，1997年9月15日出生于重庆市奉节县，汉族，初中文化，无业，住重庆市奉节县。2017年1月7日因本案被刑事拘留，同年2月10日被监视居住，同年3月17日被逮捕。现羁押于天台县看守所。 原审被告人邓国优，男，1994年11月23日出生于海南省临高县，汉族，中专文化，无业，住海南省临高县。2017年1月11日因本案被刑事拘留，同年2月10日经被逮捕。现刑满释放在家。 原审被告人符建小，男，1986年11月6日出生于海南省临高县，汉族，初中文化，无业，住海南省临高县。2017年1月10日因本案被刑事拘留，同年2月10日被逮捕。现刑满释放在家。 原审被告人谢国威，男，1988年2月14日出生于海南省临高县，汉族，初中文化，无业，住海南省临高县。2009年7月16日因犯盗窃罪被深圳市龙岗区人民法院判处有期徒刑一年，并处罚金人民币1000元。2017年1月9日因本案被刑事拘留，同年2月10日被逮捕。现刑满释放在家。 原审被告人许梓鸿，曾用名许荣贵，男，1995年2月20日出生于海南省临高县，汉族，中专文化，无业，住海南省临高县。2017年1月11日因本案被刑事拘留，同年2月10日被逮捕。现刑满释放在家。 原审被告人谢国阳，男，1994年7月21日出生于海南省儋州市，汉族，中专文化，无业，住海南省儋州市。2017年1月11日因本案被刑事拘留，同年2月10日被逮捕。现刑满释放在家。 浙江省天台县人民法院审理天台县人民检察院指控被告人陈洪全、钟小军、王诗荏、胡肖尧、黄长印犯侵犯公民个人信息罪，被告人邓亚强、胡轩犯非法获取计算机信息系统数据罪，被告人邓国优、符建小、谢国威、许梓鸿、谢国阳犯诈骗罪一案，于2017年11月29日作出（2018）浙1023刑初269号刑事判决。原公诉机关天台县人民检察院不服，提出抗诉；原审被告人陈洪全、钟小军、王诗荏不服，提出上诉。本院受理后依法组成合议庭，于2018年3月22日上午、6月7日下午对上诉人钟小军、王诗荏、原审被告人邓亚强、胡轩涉案犯罪部分进行公开开庭审理，对上诉人陈洪全、原审被告人胡肖尧、黄长印、邓国优、符建小、谢国威、许梓鸿、谢国阳涉案犯罪部分进行不开庭审理。台州市人民检察院指派检察员陈某1出庭履行职务，原审被告人邓亚强及其辩护人王忠、原审被告人胡轩及其辩护人胡法平、上诉人钟小军及其辩护人金秧飞、上诉人王诗荏到庭参加诉讼。本案现已审理终结。 原判认定： 一、2016年10月份开始，被告人邓亚强通过网上人员购得“百万邮件营销”软件，此软件具有邮箱采集、整理、邮箱密码破解的功能。被告人邓亚强首先利用百万邮件营销软件在网络上采集企业邮箱号，并对企业邮箱号进行密码破解，得到可以利用的企业邮箱账号及密码后，登录企业邮箱并创建TXT文本，文本内容即为虚假的安全提示和钓鱼链接，具体为“你的QQ账号异常或者在异地登录，若非你本人操作请点击发送的链接”，文本创建好后被告人邓亚强再利用新星群发机向他人发送邮件。QQ主人收到邮件后，若对邮件中的虚假安全提示和钓鱼链接信以为真，便会点击链接，并按照页面内容填写个人信息（包括姓名、身份证号码、手机号码、密保问题等），钓鱼链接后台就会显示QQ主人填写的认证信息，被告人邓亚强以此获取QQ账号的身份认证信息。被告人邓亚强操作几次后又将该软件提供给被告人胡轩，被告人胡轩亦按照上述作案方式获取QQ账号信息。被告人邓亚强、胡轩获取QQ账号信息后，将该信息予以出售，其中被告人邓亚强将获取的1186组QQ账号身份认证信息出售给被告人陈洪全，获利14800元；被告人胡轩将获取的892组QQ账号身份认证信息出售给被告人陈洪全，获利人民币14595元。 被告人陈洪全通过QQ等级性别年龄查询器、QQ查找查询器、QQ空间访客提取器、QQ附近人采集器等软件收集QQ号码，并将收集到的QQ号码发送给被告人邓亚强、胡轩和网名为“人生”等上家。被告人邓亚强、胡轩等人再通过上文所述的钓鱼方式获取QQ密码、姓名、身份证号码、密保问题等详细信息后，将账号信息出售给被告人陈洪全。被告人陈洪全又以每日700元的工资雇佣被告人胡肖尧，后又找来被告人黄长印一起对QQ号码进行申诉，被告人陈洪全、胡肖尧、黄长印共获取公民个人信息15198条。被告人陈洪全再将申诉成功的QQ账号、密码、回执编号等信息以每组200元左右的价格卖给吴星佑（另案处理）、王诗荏、钟小军、邓国优、许梓鸿等下家，收取下家购号款25万余元，从中非法获利8万余元。 被告人钟小军从被告人陈洪全等上家处购得QQ账号信息后再转卖给邓国优、符建小、谢国威等人，收取下家购号款64万余元，从中非法获利5万余元。被告人王诗荏从被告人陈洪全等上家处购得QQ账号信息后再转卖给邓国优、符建小、王某、范某等人，收取下家购号款37万余元，从中非法获利3万余元。 二、被告人符建小通过购买被盗QQ号冒充该QQ主人骗取钱财，其通过支付宝账号296×××＠qq．com骗取林某1500元、李某900元、傅某某3500元、赵某2000元、诸某300元，上述共计骗取8200元。 被告人谢国威通过购买被盗QQ号冒充该QQ主人骗取钱财，其通过支付宝账号为266×××＠qq．com骗取郑某某1000元、褚某某3000元，通过支付宝账号为341×××＠qq．com又骗取褚某某3000元，上述共计骗取7000元。 被告人邓国优伙同被告人许梓鸿、谢国阳通过购买被盗QQ号冒充该QQ主人诈骗他人钱财共计9300元。其中伙同许梓鸿通过支付宝账号18×××69骗取董某4000元、王某某1300元、韩某某1000元，合计骗取6300元；伙同谢国阳通过支付宝账号101×××＠qq．com骗取张某、陆某、余某、徐某、马某各600元，合计骗取3000元。 原判另查明，被害人林某、诸某、赵某、张某、徐某、马某均为在校大学生。 原判还查明，2017年1月6日被告人邓亚强被抓获后协助公安机关抓获一名犯罪嫌疑人，经查证属实。2017年1月12日，公安机关从被告人邓亚强处扣押到现金88000元。2017年1月7日，公安机关从被告人陈洪全处扣押到现金40000元；2017年1月13日，被告人陈洪全的父亲陈某2主动替被告陈洪全上交违法所得100000元。2017年1月24日，公安机关从被告人钟小军处扣押到现金16000元。2017年1月24日，公安机关从被告人王诗荏处扣押到现金70000元。 原判根据上述事实和相关法律规定，作出如下判决： 一、被告人陈洪全犯侵犯公民个人信息罪，判处有期徒刑三年六个月，并处罚金人民币四万元。 二、被告人钟小军犯侵犯公民个人信息罪，判处有期徒刑三年，并处罚金人民币三万元。 三、被告人王诗荏犯侵犯公民个人信息罪，判处有期徒刑二年，并处罚金人民币二万五千元。 四、被告人胡肖尧犯侵犯公民个人信息罪，判处有期徒刑一年八个月，并处罚金人民币二万元。 五、被告人黄长印犯侵犯公民个人信息罪，判处有期徒刑一年六个月，并处罚金人民币二万元。 六、被告人邓国优犯诈骗罪，判处有期徒刑一年二个月，并处罚金人民币八千元。 七、被告人邓亚强犯非法获取计算机信息系统数据罪，判处有期徒刑一年一个月，并处罚金人民币一万元。 八、被告人胡轩犯非法获取计算机信息系统数据罪，判处有期徒刑一年一个月，并处罚金人民币一万元。 九、被告人符建小犯诈骗罪，判处有期徒刑一年一个月，并处罚金人民币七千元。 十、被告人谢国威犯诈骗罪，判处有期徒刑一年一个月，并处罚金人民币七千元。 十一、被告人许梓鸿犯诈骗罪，判处有期徒刑一年，并处罚金人民币五千元。 十二、被告人谢国阳犯诈骗罪，判处有期徒刑十一个月，并处罚金人民币四千元。 十三、追缴被告人陈洪全的违法所得人民币八万元。 十四、追缴被告人钟小军的违法所得人民币五万元。 十五、追缴被告人王诗荏的违法所得人民币三万元。 十六、追缴被告人胡肖尧的违法所得人民币三万元。 十七、追缴被告人黄长印的违法所得人民币六千元。 十八、追缴被告人邓亚强的违法所得人民币一万四千八百元。 十九、追缴被告人胡轩的违法所得人民币一万四千五百九十五元。 二十、被告人邓国优应退赔被害人经济损失人民币九千三百元，由被告人许梓鸿对其中的六千三百元承担连带退赔责任，由被告人谢国阳对其中的三千元承担连带退赔责任。 二十一、被告人符建小应退赔被害人经济损失人民币八千二百元。 二十二、被告人谢国威应退赔被害人经济损失人民币七千元。 二十三、涉案的电脑六台、电脑主机两台、手机二十五部、U盘二只予以没收。 抗诉机关天台县人民检察院抗诉提出，原判没有认定邓亚强、胡轩非法获取计算机信息数据至少200余万组属认定事实错误，导致未认定犯罪情节特别严重、适用法律错误、量刑畸轻，请予纠正。台州市人民检察院支持抗诉意见，出庭检察员并在二审期间补充了“20160404txt”文本中正确邮箱密码信息数量等相关证据予以佐证抗诉理由。同时认为，原判认定上诉人钟小军、王诗荏及其余被告人的犯罪事实清楚，证据确实、充分，适用法律正确，量刑适当，审判程序合法，请驳回上诉，维持原判。 原审被告人邓亚强辩解其只破解了“20160404txt”文本中二三十个邮箱信息，其余均未破解也未使用，并且邮箱信息现在网上随处可以买到，不是非法获取。其辩护人认为，公安机关收集提取、拆分、验证“20160404txt”文本等取证行为未按两高一部有关电子数据收集提取和审查判断的有关规定操作；公安机关的验证软件与邓亚强在犯罪过程中所使用的测试软件缺乏同一性，由此得出前20个拆分文本中有2000余组邮箱信息正确的真实性、完整性、关联性存在瑕疵，不能作为定案证据，由此不能认定邓亚强犯罪情节特别严重；请求维持原判，驳回抗诉。 原审被告人胡轩辩解其与邓亚强各干各的，“20160404txt”文本其只使用过部分，也只破解过其中二三十个邮箱信息，犯罪情节没有特别严重。其辩护人认为，胡轩与邓亚强不属共同犯罪，“20160404txt”文本信息不是胡轩获取的，胡轩的作案邮箱信息来自邓亚强；公安机关在提取、封存、验证等调查取证的程序性上违反两高一部有关规定，所得结论不能作为定案证据；原判认定事实、法律适用正确，请求维持原判。 原审被告人钟小军上诉提出，原判认定其非法获利5万余元的事实错误，依据不足。其辩护人认同钟小军的辩解，同时认为钟小军的犯罪不属情节特别严重，并提交公证书、支付宝转账清单、村镇证明等证据以佐证其上述辩护意见，请求对钟小军从轻改判。 原审被告人王诗荏上诉提出，原判量刑过重，请求对其从轻改判，让其早日回归校园，完成学业。 经审理查明，原判认定原审被告人陈洪全、钟小军、王诗荏、胡肖尧、黄长印犯侵犯公民个人信息罪，原审被告人邓亚强、胡轩犯非法获取计算机信息系统数据罪，原审被告人邓国优、符建小、谢国威、许梓鸿、谢国阳犯诈骗罪的事实，有各被告人的供述，被害林某福等人的陈述，证谢某亮的证言，搜查笔录，提取笔录，电子证物检查工作记录，鉴定意见，光盘，QQ聊天记录，支付宝转账记录，辨认笔录，转账清单，情况说明，归案经过，户籍证明，前科劣迹情况说明，刑满释放证明，刑事判决书，电脑、手机等物证等证据予以证实。上述诸证据均由侦查机关经法定程序取得，其来源、形式合法，内容客观真实，并经一审庭审举证、质证，能互相印证，足以认定。 另查明，根据二审期间检察员提供并经当庭举证、质证的情况说明、邮箱信息清单与图片、拆分与验证过程的录像光盘等证据，证实侦查机关将被告人邓亚强、胡轩从“百万邮件营销”软件获取的，现保存于天公网警［2017］第006号光盘中的“20160404txt”文本拆分成200个小文本，对其中前20个小文本通过“鑫河软件批量验证邮箱密码神器”软件验证，其中正确的邮箱账号、密码达2000组以上。因拆分验证的仅是部分文本，据此，本院确认被告人邓亚强、胡轩从百万邮件中获取正确的邮箱密码至少达2000组以上，连同原判认定的二被告人获取的QQ账号身份认证信息，涉案数量达2500组以上。 关于抗诉意见、上诉理由和辩护意见，综述如下： 1、在卷搜查证与搜查笔录、提取笔录、电子物证检查工作记录、扣押笔录与清单、数据信息清单与图片、录像光盘、情况说明等证据证实，侦查人员在收集提取、封存移送、拆分验证“20160404txt”文本的所有取证过程中，符合最高人民法院、最高人民检察院、公安部《关于办理刑事案件收集提取和审查判断电子数据若干问题的规定》要求，程序合法；验证软件虽不同于二被告人作案使用的“批量邮箱测试软件”，但不影响验证结果的真实性，故抗诉机关认为前20个拆分文本中有2000组以上邮箱密码正确的意见予以采信，原审被告人邓亚强、胡轩及其各自辩护人有关此“20160404txt”文本取证操作过程不合规、验证结果不能作为定案依据的辩解和辩护意见均不能成立，不予采信。 2、在卷审讯录像、电子物证检查工作记录及原审被告人邓亚强与胡轩的供述等证据证实，“20160404txt”文本虽存于邓亚强的台式电脑中，但此文本信息系二人经非法手段获取并共享共用，即便不是共同犯罪，也不管已实际用于作案多少，二人对其中的正确身份认证信息依法应共同负责，故原审被告人邓亚强有关此文本非非法获取、原审被告人胡轩及其辩护人有关此文本与胡轩无关的辩解和辩护意见均不能成立，不予采信。 3、上诉人钟小军在侦查阶段多次稳定地供述其非法获利5万余元，此供述也与其上家陈洪全、下家邓国优、符建小、谢国威等人的供述、支付宝转账记录等证据相印证，其二审辩护人提供的证据不足以证明其非法获利不足5万元，故上诉人钟小军及其辩护人有关非法获利不足5万元的上诉理由和辩护意见均不符查明的客观事实，不予采纳。 4、原判根据王诗荏的犯罪事实、性质、社会危害性以及能坦白、缴纳罚金等情节，依法判处相应刑罚，量刑得当，故有关量刑过重的上诉理由不能成立，不予采纳。 本院认为，上诉人（原审被告人）陈洪全伙同原审被告人胡肖尧、黄长印，以及上诉人钟小军、王诗荏违反国家有关规定，非法获取公民个人信息并向他人出售，其行为均已构成侵犯公民个人信息罪；其中陈洪全、胡肖尧、黄长印、钟小军犯罪情节均特别严重，王诗荏犯罪情节严重。原审被告人邓亚强、胡轩利用其他技术手段，非法获取他人计算机信息系统中的邮箱身份认证信息和QQ账号身份认证信息2500组以上，并将部分信息向他人出售，其行为均已构成非法获取计算机信息系统数据罪，犯罪情节特别严重。原审被告人邓国优、符建小、谢国威、许梓鸿、谢国阳以非法占有为目的，采用虚构事实、隐瞒真相的手段，骗取他人财物，数额较大，其行为均已构成诈骗罪。原审被告人胡肖尧、黄长印在与上诉人陈洪全的共同犯罪中系从犯，依法予以减轻处罚。原审被告人邓亚强有立功情节，依法予以从轻处罚。上诉人王诗荏及原审被告人邓国优、符建小、谢国威、许梓鸿、谢国阳有坦白情节，依法予以从轻处罚。原审被告人邓亚强向原审被告人胡轩提供作案软件、传授作案技术，依法酌情从重处罚。原审被告人邓国优、符建小、谢国阳诈骗在校大学生，酌情从重处罚。各上诉人和原审各被告人的违法所得，依法应予追缴或发还被害人，犯罪工具依法应予没收。基于一审期间公诉人所出示的证据，原判认定本案事实清楚无误，定罪和适用法律正确，对各被告人量刑适当，审判程序合法。现鉴于二审期间，检察机关提供了新证据足以证实原审被告人邓亚强、胡轩非法获取他人计算机信息系统中邮箱身份认证信息2000组以上，加上原判已认定的非法获取的公民个人身份认证信息，二人犯罪情节已达特别严重的情况，故本院依法对原审被告人邓亚强、胡轩的量刑予以改判。上诉人陈洪全申请撤回上诉符合有关法律规定，依法予以准许。原审被告人邓亚强、胡轩及其辩护人请求驳回抗诉、维持原判的意见均不能成立，不予采纳。上诉人钟小军及其辩护人、上诉人王诗荏有关从轻改判的上诉理由和辩护意见均不能成立，不予采纳。出庭检察员有关驳回上诉、维持原判的意见成立，予以采纳。依照《中华人民共和国刑事诉讼法》第二百二十五条第一款第（二）项、《最高人民法院关于适用〈中华人民共和国刑事诉讼法〉的解释》第三百零五条第一款、第三百零八条、《中华人民共和国刑法》第二百八十五条第二款、第二百五十三条之一第一、三款、第二百六十六条、第二十五条第一款、第二十六条第一、四款、第二十七条、第六十八条、第六十七条第三款、第六十四条及《最高人民法院、最高人民检察院关于办理危害计算机信息系统安全刑事案件应用法律若干问题的解释》第一条第二款第（一）项之规定，判决如下： 一、准许上诉人陈洪全撤回上诉。 二、驳回上诉人钟小军、王诗荏的上诉。 三、撤销浙江省天台县人民法院（2017）浙1023刑初269号刑事判决中对原审被告人邓亚强、胡轩的量刑部分，维持判决的其余部分。 四、原审被告人邓亚强犯非法获取计算机信息系统数据罪，判处有期徒刑三年，并处罚金人民币三万元（已缴纳一万元）。 五、原审被告人胡轩犯非法获取计算机信息系统数据罪，判处有期徒刑三年，并处罚金人民币三万元。 （原审被告人邓亚强、胡轩的刑期从判决执行之日起计算。判决执行以前先行羁押的，羁押一日折抵刑期一日。罚金限判决生效后一个月内缴纳。） 本判决为终审判决。 审判长张剑锋 审判员朱兴 审判员朱仁跃 二〇一八年六月二十五日 代书记员朱重阳","writId":"040901db1a658a85102c52e1b21ac1141b2","writName":"陈洪全、钟小军侵犯公民个人信息二审刑事判决书"}
