{"ajId":"e96f6609-045e-43b8-99dd-b58c4fb32ece","ajName":"李响容留他人吸毒罪一案","ajjbqk":" 重庆市涪陵区人民检察院指控：2017年8月2日凌晨1时许，被告人李响在重庆市涪陵区高笋塘舒竹宾馆303房间，容留吸毒人员杨某某、黎某某（二人均系未成年人）、吴旋与自己共同吸食甲基苯丙胺（冰毒）和甲基苯丙胺片剂（俗称“麻古”）。当日11时许，公安机关将被告人李响等人查获。经尿检，被告人李响及吸毒人员杨某某、黎某某、吴旋均呈阳性。 另查明，被告人李响自愿认罪认罚，公诉机关建议对其判处有期徒刑六个月，并处罚金人民币二千元。 上述事实，被告人李响在开庭审理过程中均无异议，且有1．公安机关的抓获经过、行政处罚决定书；2．被告人李响的户籍资料；3．现场指认笔录、辨认笔录、吸毒检测报告、住宿登记、收据；4．证人杨某某、黎某某、吴某某等人的证言；5．被告人李响的供述与辩解等证据在案，足以认定。 ","cpfxgc":"本院认为，被告人李响为他人吸食毒品提供场所，其行为已构成容留他人吸毒罪。重庆市涪陵区人民检察院指控被告人李响犯罪的事实和罪名成立。被告人李响案发后如实供述罪行，可以从轻处罚。依照《中华人民共和国刑法》第三百五十四条、第六十七条第三款、第五十二条、第五十三条之规定，判决如下：","pjjg":" 被告人李响犯容留他人吸毒罪，判处有期徒刑六个月，并处罚金人民币二千元（限本判决生效后十日内缴纳）。 （刑期从判决执行之日起计算。判决执行前先行羁押的，羁押一日折抵刑期一日。被告人李响因本案于2017年8月2日被抓获，当日因吸食毒品被行政拘留，羁押一日，同年8月7日被刑事拘留，同年8月21日被取保候审，羁押十五日，折抵刑期十五日，共计被羁押十六日，应折抵刑期十六日，即执行刑期自2017年11月23日起至2018年5月6日止） 如不服本判决，可在接到判决书的次日起十日内，通过本院或者直接向重庆市第三中级人民法院提出上诉。书面上诉的，应当提交上诉状正本一份，副本二份。","qw":"重庆市涪陵区人民法院 刑事判决书 （2017）渝0102刑初815号 公诉机关重庆市涪陵区人民检察院。 被告人李响，男，1999年6月5日出生于重庆市涪陵区，汉族，高中文化，农民，住重庆市涪陵区。被告人李响因涉嫌犯容留他人吸毒罪，2017年8月2日被重庆市涪陵区公安局抓获，又因吸食毒品，当日被行政拘留五日，同年8月7日被刑事拘留，同年8月21日被取保候审，经本院决定，于2017年11月23日被逮捕。现羁押于重庆市涪陵区看守所。 重庆市涪陵区人民检察院以渝涪检公诉刑诉（2017）788号起诉书指控被告人李响犯容留他人吸毒罪，于2017年11月16日向本院提起公诉。本院受理后，依法适用简易程序，组成合议庭公开开庭审理了本案。重庆市涪陵区人民检察院指派检察员刘咏梅出庭支持公诉，被告人李响到庭参加诉讼。现已审理终结。 重庆市涪陵区人民检察院指控：2017年8月2日凌晨1时许，被告人李响在重庆市涪陵区高笋塘舒竹宾馆303房间，容留吸毒人员杨某某、黎某某（二人均系未成年人）、吴旋与自己共同吸食甲基苯丙胺（冰毒）和甲基苯丙胺片剂（俗称“麻古”）。当日11时许，公安机关将被告人李响等人查获。经尿检，被告人李响及吸毒人员杨某某、黎某某、吴旋均呈阳性。 另查明，被告人李响自愿认罪认罚，公诉机关建议对其判处有期徒刑六个月，并处罚金人民币二千元。 上述事实，被告人李响在开庭审理过程中均无异议，且有1．公安机关的抓获经过、行政处罚决定书；2．被告人李响的户籍资料；3．现场指认笔录、辨认笔录、吸毒检测报告、住宿登记、收据；4．证人杨某某、黎某某、吴某某等人的证言；5．被告人李响的供述与辩解等证据在案，足以认定。 本院认为，被告人李响为他人吸食毒品提供场所，其行为已构成容留他人吸毒罪。重庆市涪陵区人民检察院指控被告人李响犯罪的事实和罪名成立。被告人李响案发后如实供述罪行，可以从轻处罚。依照《中华人民共和国刑法》第三百五十四条、第六十七条第三款、第五十二条、第五十三条之规定，判决如下： 被告人李响犯容留他人吸毒罪，判处有期徒刑六个月，并处罚金人民币二千元（限本判决生效后十日内缴纳）。 （刑期从判决执行之日起计算。判决执行前先行羁押的，羁押一日折抵刑期一日。被告人李响因本案于2017年8月2日被抓获，当日因吸食毒品被行政拘留，羁押一日，同年8月7日被刑事拘留，同年8月21日被取保候审，羁押十五日，折抵刑期十五日，共计被羁押十六日，应折抵刑期十六日，即执行刑期自2017年11月23日起至2018年5月6日止） 如不服本判决，可在接到判决书的次日起十日内，通过本院或者直接向重庆市第三中级人民法院提出上诉。书面上诉的，应当提交上诉状正本一份，副本二份。 审判长王天余 审判员李伦豪 人民陪审员韩泺频 二〇一七年十一月二十八日 书记员周江燕","writId":"048fa45729fcd4001b332514872d14f3ee0","writName":"李响容留他人吸毒罪一审刑事判决书"}
