{"ajId":"e4cf5ae4-2a3d-4557-8a99-c868da38aba9","ajName":"林某非法制造、买卖、运输、邮寄、储存枪支、弹药、爆炸物一案","ajjbqk":" 公诉机关指控：2015年8月24日19时许，陆丰市公安局民警在陆丰市东海镇陆城鱼脯町27号杨某借住住宅抓获被告人林某，从该住宅三楼床头柜后缴获被告人林某以人民币6000元向林某林（在逃）购买的仿“六四”式手枪1支、子弹3发。经汕尾市公安司法鉴定中心鉴定，缴获的枪状物是自制仿“六四”式手枪，具备枪支性能。 公诉机关同时向法庭提供了证据，认为被告人林某的行为已触犯《中华人民共和国刑法》第一百二十五条之规定，应以非法买卖枪支罪追究其刑事责任。提请本院依法判处。 被告人林某辩称其是非法持有枪支，不是非法买卖枪支。请求从轻处理。 经审理查明：2015年8月24日19时许，被告人林某携带仿“六四”式手枪1支及子弹3发到陆丰市东海镇陆城鱼脯町27号杨某借住住宅时被公安机关抓获并从该住宅三楼床头柜后缴获该仿“六四”式手枪1支及子弹3发。经汕尾市公安司法鉴定中心鉴定，缴获的枪状物是自制仿“六四”式手枪，具备枪支性能。 上述事实，有公诉机关提交并经法庭质证、认证的下列证据予以证明： 1．陆丰市公安局南堤派出所陆公（南堤）受案字（2015）030号《受案登记表》、陆丰市公安局陆公立字（2015）576号《立案决定书》证实，2015年8月24日19时30分许，陆丰市公安局南堤派出所工作人员在工作中发现东海镇长春街32号对面房屋内有五个吸毒人员，其中该屋主杨棠（吸毒人员）涉嫌容留吸毒人员林某、陈金锡、林佳雄、曾驹在其屋内参与吸食毒品，并在现场发现一支六四式手枪（林某有丢弃的重大嫌疑）。经审讯，犯罪嫌疑人林某对非法持有枪支的犯罪事实供认不讳。陆丰市公安局遂决定对林某非法持有枪支案立案侦查。 2．陆丰市公安局刑事警察大队三中队现场勘查笔录、现场图、现场照片6张、提取痕迹、物证登记表证实，现场位于陆丰市东海镇陆城鱼脯町27号（长春街32号对面房屋），该栋楼为三层楼结构房屋，四楼天台另架设有一木板房。进入陆城鱼脯町27号房屋，在三楼一卧室内床头柜靠墙位置发现有一装有弹匣的枪状物，弹匣内装有三发枪弹状物。办案民警直接提取枪状物一支、弹匣一个及枪弹状物三颗。 3．陆丰市公安局南堤派出所搜查笔录、扣押清单证实，2015年8月24日19时36分南堤派出所侦查人员在陈景占见证下，在唐澄在场情况下进行搜查，在林某身上未查获物品，在床头柜靠墙位置查获一装有弹匣的枪形物1支，弹匣内有子弹3发。南堤派出所对枪形物1支（内有弹匣、子弹3发）进行扣押。 4．陆丰市公安局南堤派出所《抓获经过》证实，2015年8月24日19时许，陆丰市公安局南堤派出所联合东海镇府对辖区向阳社区进行清查，当清查至陆城鱼脯町27号（长春街32号对面）时，发现有可疑人员活动，即进入该住宅进行清查，将藏匿在该住宅三楼靠西侧一卧室床下的犯罪嫌疑人林某抓获。 5．广东省汕尾市公安司法鉴定中心（汕）公（司）鉴（痕）字（2015）073号《痕迹检验报告》证实送检的枪形物品是一支自制仿“六四”式手枪，具备枪支性能。 6．陆丰市公安局《现场检测报告书》（编号：23）证实，被告人林某尿液经检测结果呈阳性。 7．陆丰市公安局陆公强戒决字（2015）639号《强制隔离戒毒决定书》证实，陆丰市公安局于2015年8月25日决定对违法行为人林某强制隔离戒毒二年（自2015年8月25日至2017年8月24日）。 8．陆丰市公安局北堤派出所《户籍证明》证实，被告人林某的出生日期为1976年1月20日等基本情况。 9．陆丰市公安局北堤派出所《证明》证实，被告人林某在辖区居住期间曾因吸毒被送强制隔离戒毒，未掌握有犯罪前科记录。 10．被告人林某供述：2014年8月24日晚，我骑摩托车到东海镇鱼脯町杨棠家时，刚一踏进二楼，林佳雄便嚷着公安检查，我马上上三楼天台，在天台上马上爬进隔壁处天窗，后进去隔壁三楼房间，见没路可逃，我便躲进床下，后把放在右裤袋仿“六四”式手枪藏在床角落，但这时公安已进入房间检查，并在床下发现我，把我抓住，后接着把我带回派出所审查，后我在派出所才知道在我躲藏床下发现手枪，现场公安同志也在另一地方（具体不详）发现另一把手枪。我所持枪支是银色仿“六四”式手枪，枪身有比较多凹下去的小沟，还有一个凹下去的小圆圈。是我于2015年4月份以人民币6000元在陆丰市内湖镇向林某甲购买，当时购买时配有3发子弹。我是在陂洋戒毒所戒毒时认识林某甲的。我购买枪支的目的是用来防身。我有试空枪击发，枪支的性能正常。我认识杨棠有两年时间，我们经常在一起，杨棠有吸食毒品。一个星期前晚上，我有在其家二楼看见他拿一把锉子在擦锉一把银色仿“六四”式手枪枪柄，当时我看见后没问他什么。 经对公安机关编排的12张相片辨认，被告人林某指认照片组中的10号就是贩卖那支仿“六四”式手枪给他的林某甲。被告人林某同时对手枪照片进行指认，确认相片（2）中手枪是其所有。 本院对公诉机关的指控和被告人林某的辩解综合评析如下： 本案中该仿“六四”式手枪的来源只有被告人林某供述是其向他人购买的，但没有其他证据予以证实，现有证据无法认定被告人林某非法买卖枪支的事实。但被告人林某违反国家对枪支的管理规定，擅自持有枪支，其行为已构成非法持有枪支罪。被告人林某的辩解与本案查明事实相符，予以采纳。 ","cpfxgc":"本院认为：被告人林某违反国家对枪支的管理规定，非法持有枪支，其行为已构成非法持有枪支罪。公诉机关指控的罪名与法不符，不予支持。鉴于被告人林某能自愿认罪，依法给予从轻处罚。 根据被告人的犯罪事实、情节、认罪态度以及社会危害程度，案经本院审判委员会讨论决定，依照《中华人民共和国刑法》第一百二十八条第一款之规定，判决如下：","pjjg":" 被告人林某犯非法持有枪支罪，判处有期徒刑二年六个月。（刑期从判决执行之日起计算，判决执行前先行羁押一日折抵刑期一日，即自2015年8月24日至2018年2月23日止）。 如不服本判决，可在接到判决书的第二日起十日内，通过本院或者直接向广东省汕尾市中级人民法院提出上诉。书面上诉的，应交上诉状正本一份，副本二份。","qw":"林某非法制造、买卖、运输、邮寄、储存枪支、弹药、爆炸物一审刑事判决书 广东省陆丰市人民法院 刑事判决书 （2016）粤1581刑初6号 公诉机关陆丰市人民检察院。 被告人林某，男，汉族，广东省陆丰市人，身份证号码：×××0017，小学文化，无业，住广东省陆丰市。因本案于2015年8月24日被抓获，同月26日被刑事拘留，同年9月30日被逮捕。现羁押于陆丰市看守所。 陆丰市人民检察院以陆检公刑诉（2015）340号起诉书，指控被告人林某犯非法买卖枪支罪，于2015年12月11日向本院提起公诉。本院依法组成合议庭，公开开庭审理了本案。陆丰市人民检察院指派检察员陈满出庭支持公诉，被告人林某到庭参加诉讼。本案现已审理终结。 公诉机关指控：2015年8月24日19时许，陆丰市公安局民警在陆丰市东海镇陆城鱼脯町27号杨某借住住宅抓获被告人林某，从该住宅三楼床头柜后缴获被告人林某以人民币6000元向林某林（在逃）购买的仿“六四”式手枪1支、子弹3发。经汕尾市公安司法鉴定中心鉴定，缴获的枪状物是自制仿“六四”式手枪，具备枪支性能。 公诉机关同时向法庭提供了证据，认为被告人林某的行为已触犯《中华人民共和国刑法》第一百二十五条之规定，应以非法买卖枪支罪追究其刑事责任。提请本院依法判处。 被告人林某辩称其是非法持有枪支，不是非法买卖枪支。请求从轻处理。 经审理查明：2015年8月24日19时许，被告人林某携带仿“六四”式手枪1支及子弹3发到陆丰市东海镇陆城鱼脯町27号杨某借住住宅时被公安机关抓获并从该住宅三楼床头柜后缴获该仿“六四”式手枪1支及子弹3发。经汕尾市公安司法鉴定中心鉴定，缴获的枪状物是自制仿“六四”式手枪，具备枪支性能。 上述事实，有公诉机关提交并经法庭质证、认证的下列证据予以证明： 1．陆丰市公安局南堤派出所陆公（南堤）受案字（2015）030号《受案登记表》、陆丰市公安局陆公立字（2015）576号《立案决定书》证实，2015年8月24日19时30分许，陆丰市公安局南堤派出所工作人员在工作中发现东海镇长春街32号对面房屋内有五个吸毒人员，其中该屋主杨棠（吸毒人员）涉嫌容留吸毒人员林某、陈金锡、林佳雄、曾驹在其屋内参与吸食毒品，并在现场发现一支六四式手枪（林某有丢弃的重大嫌疑）。经审讯，犯罪嫌疑人林某对非法持有枪支的犯罪事实供认不讳。陆丰市公安局遂决定对林某非法持有枪支案立案侦查。 2．陆丰市公安局刑事警察大队三中队现场勘查笔录、现场图、现场照片6张、提取痕迹、物证登记表证实，现场位于陆丰市东海镇陆城鱼脯町27号（长春街32号对面房屋），该栋楼为三层楼结构房屋，四楼天台另架设有一木板房。进入陆城鱼脯町27号房屋，在三楼一卧室内床头柜靠墙位置发现有一装有弹匣的枪状物，弹匣内装有三发枪弹状物。办案民警直接提取枪状物一支、弹匣一个及枪弹状物三颗。 3．陆丰市公安局南堤派出所搜查笔录、扣押清单证实，2015年8月24日19时36分南堤派出所侦查人员在陈景占见证下，在唐澄在场情况下进行搜查，在林某身上未查获物品，在床头柜靠墙位置查获一装有弹匣的枪形物1支，弹匣内有子弹3发。南堤派出所对枪形物1支（内有弹匣、子弹3发）进行扣押。 4．陆丰市公安局南堤派出所《抓获经过》证实，2015年8月24日19时许，陆丰市公安局南堤派出所联合东海镇府对辖区向阳社区进行清查，当清查至陆城鱼脯町27号（长春街32号对面）时，发现有可疑人员活动，即进入该住宅进行清查，将藏匿在该住宅三楼靠西侧一卧室床下的犯罪嫌疑人林某抓获。 5．广东省汕尾市公安司法鉴定中心（汕）公（司）鉴（痕）字（2015）073号《痕迹检验报告》证实送检的枪形物品是一支自制仿“六四”式手枪，具备枪支性能。 6．陆丰市公安局《现场检测报告书》（编号：23）证实，被告人林某尿液经检测结果呈阳性。 7．陆丰市公安局陆公强戒决字（2015）639号《强制隔离戒毒决定书》证实，陆丰市公安局于2015年8月25日决定对违法行为人林某强制隔离戒毒二年（自2015年8月25日至2017年8月24日）。 8．陆丰市公安局北堤派出所《户籍证明》证实，被告人林某的出生日期为1976年1月20日等基本情况。 9．陆丰市公安局北堤派出所《证明》证实，被告人林某在辖区居住期间曾因吸毒被送强制隔离戒毒，未掌握有犯罪前科记录。 10．被告人林某供述：2014年8月24日晚，我骑摩托车到东海镇鱼脯町杨棠家时，刚一踏进二楼，林佳雄便嚷着公安检查，我马上上三楼天台，在天台上马上爬进隔壁处天窗，后进去隔壁三楼房间，见没路可逃，我便躲进床下，后把放在右裤袋仿“六四”式手枪藏在床角落，但这时公安已进入房间检查，并在床下发现我，把我抓住，后接着把我带回派出所审查，后我在派出所才知道在我躲藏床下发现手枪，现场公安同志也在另一地方（具体不详）发现另一把手枪。我所持枪支是银色仿“六四”式手枪，枪身有比较多凹下去的小沟，还有一个凹下去的小圆圈。是我于2015年4月份以人民币6000元在陆丰市内湖镇向林某甲购买，当时购买时配有3发子弹。我是在陂洋戒毒所戒毒时认识林某甲的。我购买枪支的目的是用来防身。我有试空枪击发，枪支的性能正常。我认识杨棠有两年时间，我们经常在一起，杨棠有吸食毒品。一个星期前晚上，我有在其家二楼看见他拿一把锉子在擦锉一把银色仿“六四”式手枪枪柄，当时我看见后没问他什么。 经对公安机关编排的12张相片辨认，被告人林某指认照片组中的10号就是贩卖那支仿“六四”式手枪给他的林某甲。被告人林某同时对手枪照片进行指认，确认相片（2）中手枪是其所有。 本院对公诉机关的指控和被告人林某的辩解综合评析如下： 本案中该仿“六四”式手枪的来源只有被告人林某供述是其向他人购买的，但没有其他证据予以证实，现有证据无法认定被告人林某非法买卖枪支的事实。但被告人林某违反国家对枪支的管理规定，擅自持有枪支，其行为已构成非法持有枪支罪。被告人林某的辩解与本案查明事实相符，予以采纳。 本院认为：被告人林某违反国家对枪支的管理规定，非法持有枪支，其行为已构成非法持有枪支罪。公诉机关指控的罪名与法不符，不予支持。鉴于被告人林某能自愿认罪，依法给予从轻处罚。 根据被告人的犯罪事实、情节、认罪态度以及社会危害程度，案经本院审判委员会讨论决定，依照《中华人民共和国刑法》第一百二十八条第一款之规定，判决如下： 被告人林某犯非法持有枪支罪，判处有期徒刑二年六个月。（刑期从判决执行之日起计算，判决执行前先行羁押一日折抵刑期一日，即自2015年8月24日至2018年2月23日止）。 如不服本判决，可在接到判决书的第二日起十日内，通过本院或者直接向广东省汕尾市中级人民法院提出上诉。书面上诉的，应交上诉状正本一份，副本二份。 审判长陈唯 审判员吴声尧 代理审判员陈维聪 二〇一六年三月三日 书记员徐泽辉","writId":"017a63d9c29e6167e9657f2f40fc2735073","writName":"林某非法制造、买卖、运输、邮寄、储存枪支、弹药、爆炸物一审刑事判决书"}
