{"ajId":"83d6797b-f631-4be0-922f-d238f6e2afaa","ajName":"陆某甲、黄某某侵犯公民个人信息一案","ajjbqk":" 经审理查明：2017年10月，被告人陆某甲之父亲陆某乙在遵义市新蒲新区林达阳光城B区1栋24号注册成立贵州鑫富达房屋中介有限公司（以下简称鑫富达房产公司），陆某甲具体负责公司的经营管理。 2017年11月，被告人黄某某被任命为鑫富达房产公司店长，为了提高业绩，黄某某建议购买公民购房个人信息以增加公司的房源信息量，被告人陆某甲同意。2018年1月，黄某某以1，000元的价格从周某某（另案处理）处购买了金科中央公园城等7个楼盘的公民购房个人信息共计5629条，陆某甲将购买的公民购房个人信息用于公司中介经营活动。 上述事实，被告人陆某甲、黄某某在审理过程中无异议，且有受案登记表、立案决定书、到案经过、被告人供述辩解、证人证言、扣押物证决定书、搜查证及清单、电子数据及内容等证据在卷佐证，足以认定。 辩护人施登俊提出被告人陆某甲主观恶性不深，没有给被害人造成严重危害后果，到案后认罪态度好，建议判处其三年以下有期徒刑，适用缓刑。 ","cpfxgc":"本院认为，被告人陆某甲、黄某某违反国家有关规定，采取购买的非法方法获取公民个人电话号码、房产等信息，达5629条，为情节特别严重，其行为均触犯《中华人民共和国刑法》第二百五十三条之一第一款关于“违反国家有关规定，向他人出售或者提供公民个人信息，情节严重的，处三年以下有期徒刑或者拘役，并处或者单处罚金；情节特别严重的，处三年以上七年以下有期徒刑，并处罚金。”、第三款关于“窃取或者以其他方法非法获取公民个人信息的，依照第一款的规定处罚。”之规定，已构成侵犯公民个人信息罪。公诉机关指控罪名成立，本院予以确认。根据《最高人民法院、最高人民检察院〈关于办理侵犯公民个人信息刑事案件适用法律若干问题的解释〉》第五条第一款“非法获取、出售或者提供公民个人信息，具有下列情形之一的，应当认定为刑法第二百五十三条之一规定的情节严重：（三）非法获取、出售或者提供行踪轨迹信息、通信内容、征信信息、财产信息五十条以上的；”、第三款“实施前款规定的行为，具有下列情形之一的，应当认定为刑法第二百五十三条之一第一款规定的情节特别严重：（三）数量或者数额达到前款第三项至第八项规定标准十倍以上的；”之规定，应当判处其三年以上七年以下有期徒刑，并处罚金。陆某甲、黄某某到案后能如实供述犯罪事实，审理中认罪态度好，本院决定对其从轻处罚并适用缓刑。公诉人当庭提出的量刑建议幅度适当，本院予以采纳。辩护人施登俊提出的判处三年以下有期徒刑的量刑建议，无事实和法律依据，本院不予采纳，但对其提出的适用缓刑的量刑建议，本院予以采纳。扣押在案的电脑、U盘、手机等作案工具，依法予以没收。据此，依照《中华人民共和国刑法》第二百五十三条之一第一款、第三款、第四十五条、第五十二条、第五十三条、第六十四条、第六十七条第三款、第七十二条、第七十三条以及《最高人民法院、最高人民检察院〈关于办理侵犯公民个人信息刑事案件适用法律若干问题的解释〉》第一条、第二条、第四条、第五条、第十二条之规定，判决如下：","pjjg":" 一、被告人陆某甲犯侵犯公民个人信息罪，判处有期徒刑三年，缓刑三年，并处罚金人民币五千元。 （缓刑考验期限，从判决确定之日起计算。罚金于本判决发生法律效力的第二日起三十日内缴纳。期满不缴纳，强制缴纳。） 二、被告人黄某某犯侵犯公民个人信息罪，判处有期徒刑三年，缓刑三年，并处罚金人民币五千元。 （缓刑考验期限，从判决确定之日起计算。罚金于本判决发生法律效力的第二日起三十日内缴纳。期满不缴纳，强制缴纳。） 三、扣押在案的电脑、U盘、手机等作案工具，予以没收。 如不服本判决，可在接到判决书的第二日起十日内，通过本院或者直接向贵州省遵义市中级人民法院提起上诉。书面上诉的，应当提交上诉状正本一份，副本二份。","qw":"贵州省遵义市汇川区人民法院 刑事判决书 （2018）黔0303刑初371号 公诉机关贵州省遵义市汇川区人民检察院。 被告人陆某甲，男。 辩护人施登俊，贵州舸林律师事务所律师。 辩护人尹先丽，女，贵州舸林律师事务所实习律师。 被告人黄某某，男。 贵州省遵义市汇川区人民检察院以汇检公诉刑诉（2018）395号起诉书指控被告人陆某甲、黄某某犯侵犯公民个人信息罪，于2018年6月21日向本院提起公诉。本院依法组成合议庭，公开开庭审理了本案。贵州省遵义市汇川区人民检察院检察员林某某出庭支持公诉，被告人陆某甲及其辩护人施登俊、尹先丽、被告人黄某某到庭参加诉讼。本案现已审理终结。 经审理查明：2017年10月，被告人陆某甲之父亲陆某乙在遵义市新蒲新区林达阳光城B区1栋24号注册成立贵州鑫富达房屋中介有限公司（以下简称鑫富达房产公司），陆某甲具体负责公司的经营管理。 2017年11月，被告人黄某某被任命为鑫富达房产公司店长，为了提高业绩，黄某某建议购买公民购房个人信息以增加公司的房源信息量，被告人陆某甲同意。2018年1月，黄某某以1，000元的价格从周某某（另案处理）处购买了金科中央公园城等7个楼盘的公民购房个人信息共计5629条，陆某甲将购买的公民购房个人信息用于公司中介经营活动。 上述事实，被告人陆某甲、黄某某在审理过程中无异议，且有受案登记表、立案决定书、到案经过、被告人供述辩解、证人证言、扣押物证决定书、搜查证及清单、电子数据及内容等证据在卷佐证，足以认定。 辩护人施登俊提出被告人陆某甲主观恶性不深，没有给被害人造成严重危害后果，到案后认罪态度好，建议判处其三年以下有期徒刑，适用缓刑。 本院认为，被告人陆某甲、黄某某违反国家有关规定，采取购买的非法方法获取公民个人电话号码、房产等信息，达5629条，为情节特别严重，其行为均触犯《中华人民共和国刑法》第二百五十三条之一第一款关于“违反国家有关规定，向他人出售或者提供公民个人信息，情节严重的，处三年以下有期徒刑或者拘役，并处或者单处罚金；情节特别严重的，处三年以上七年以下有期徒刑，并处罚金。”、第三款关于“窃取或者以其他方法非法获取公民个人信息的，依照第一款的规定处罚。”之规定，已构成侵犯公民个人信息罪。公诉机关指控罪名成立，本院予以确认。根据《最高人民法院、最高人民检察院〈关于办理侵犯公民个人信息刑事案件适用法律若干问题的解释〉》第五条第一款“非法获取、出售或者提供公民个人信息，具有下列情形之一的，应当认定为刑法第二百五十三条之一规定的情节严重：（三）非法获取、出售或者提供行踪轨迹信息、通信内容、征信信息、财产信息五十条以上的；”、第三款“实施前款规定的行为，具有下列情形之一的，应当认定为刑法第二百五十三条之一第一款规定的情节特别严重：（三）数量或者数额达到前款第三项至第八项规定标准十倍以上的；”之规定，应当判处其三年以上七年以下有期徒刑，并处罚金。陆某甲、黄某某到案后能如实供述犯罪事实，审理中认罪态度好，本院决定对其从轻处罚并适用缓刑。公诉人当庭提出的量刑建议幅度适当，本院予以采纳。辩护人施登俊提出的判处三年以下有期徒刑的量刑建议，无事实和法律依据，本院不予采纳，但对其提出的适用缓刑的量刑建议，本院予以采纳。扣押在案的电脑、U盘、手机等作案工具，依法予以没收。据此，依照《中华人民共和国刑法》第二百五十三条之一第一款、第三款、第四十五条、第五十二条、第五十三条、第六十四条、第六十七条第三款、第七十二条、第七十三条以及《最高人民法院、最高人民检察院〈关于办理侵犯公民个人信息刑事案件适用法律若干问题的解释〉》第一条、第二条、第四条、第五条、第十二条之规定，判决如下： 一、被告人陆某甲犯侵犯公民个人信息罪，判处有期徒刑三年，缓刑三年，并处罚金人民币五千元。 （缓刑考验期限，从判决确定之日起计算。罚金于本判决发生法律效力的第二日起三十日内缴纳。期满不缴纳，强制缴纳。） 二、被告人黄某某犯侵犯公民个人信息罪，判处有期徒刑三年，缓刑三年，并处罚金人民币五千元。 （缓刑考验期限，从判决确定之日起计算。罚金于本判决发生法律效力的第二日起三十日内缴纳。期满不缴纳，强制缴纳。） 三、扣押在案的电脑、U盘、手机等作案工具，予以没收。 如不服本判决，可在接到判决书的第二日起十日内，通过本院或者直接向贵州省遵义市中级人民法院提起上诉。书面上诉的，应当提交上诉状正本一份，副本二份。 审判长贾怒 人民陪审员钟光荣 人民陪审员佘大其 二0一八年七月二日 法官助理王佳懿 书记员杨天云","writId":"057eb0673cf20144dbbd9e65d456a96cb3b","writName":"陆某甲、黄某某侵犯公民个人信息一审刑事判决书"}
