{"ajId":"8320095a-097d-45d7-945c-a3d1453a360f","ajName":"苏某甲盗伐林木一案","ajjbqk":" 吉林省农安县人民检察院指控： 一、被告人苏某甲于2014年2月至2014年3月7日，在无林木采伐许可证的情况下，在农安县华家镇毕家店村村委会南南北林带、村委会北南北林带内，先后滥伐其个人所有林木9次，砍伐树木24棵，立木材积为19.1155立方米。 公诉机关认定上述事实的证据如下：（一）书证；（二）证人汪某甲、汪某乙、董某某、姚某某证言；（三）被告人苏某甲供述与辩解；（四）鉴定意见；（五）勘验、检查、指认笔录。 1、被告人苏某甲、韩某某伙同叶某某（另案处理）于2013年5月的一天，在农安县华家镇叶小铺村3社屯北东西林带，盗伐该村集体所有林木3棵，立木材积为2.7865立方米。 2、被告人苏某甲、韩某某伙同叶某某（另案处理）于2013年5月的一天，在农安县华家镇叶小铺村5社屯东南北林带，盗伐该村集体所有林木2棵，立木材积为1.0180立方米。 3、被告人苏某甲、韩某某伙同叶某某（另案处理）于2013年6月的一天，在农安县华家镇叶小铺村5社屯南东西林带，盗伐该村集体所有林木4棵，立木材积为3.5939立方米。 4、被告人苏某甲、韩某某伙同叶某某（另案处理）于2013年7月的一天，在农安县华家镇叶小铺村1社屯北南北林带，盗伐该村集体所有林木4棵，立木材积为3.6670立方米。 5、被告人苏某甲、韩某某伙同叶某某（另案处理）于2013年8月的一天，在农安县华家镇叶小铺村4社屯北南北林带，盗伐该村集体所有林木2棵，立木材积为1.5553立方米。 6、被告人苏某甲、韩某某伙同叶某某（另案处理）于2013年9月的一天，在农安县华家镇叶小铺村4社屯北东西林带，盗伐该村集体所有林木2棵，立木材积为1.2280立方米。 7、被告人苏某甲、韩某某伙同叶某某（另案处理）于2013年9月的一天，在农安县华家镇叶小铺村5社屯南东西林带，盗伐该村集体所有林木3棵，立木材积为2.5230立方米。 8、被告人苏某甲、韩某某伙同叶某某（另案处理）于2013年9月的一天，在农安县华家镇叶小铺村3社屯南南北林带，盗伐该村集体所有林木1棵，立木材积为0.6270立方米；在农安县华家镇叶小铺村3社屯北东西林带，盗伐该村集体所有林木1棵，立木材积为1.0740立方米。 9、被告人苏某甲、韩某某、董某某伙同叶某某（另案处理）于2014年3月的一天，在农安县牮家镇叶小铺村3社屯北南北林带，盗伐该村集体所有林木3棵，立木材积为4.2534立方米。 10、被告人苏某甲、韩某某、董某某伙同叶某某（另案处理）于2014年5月的一天，在农安县华家镇叶小铺村5社屯南南北林带，盗伐该村集体所有林木2棵，立木材积为2.5836立方米。 综上，被告人苏某甲先后盗伐林木10次，盗伐树木27棵，立木材积为24.9097立方米；被告人韩某某先后盗伐林木10次，盗伐树木27棵，立木材积为24.9097立方米；被告人董某某先后盗伐林木2次，盗伐树木5棵，立木材积为6.837立方米。 公诉机关认定上述事实的证据如下：（一）书证；（二）证人吴某某证言；（三）被告人苏某甲、韩某某、董某某供述与辩解；（四）鉴定意见；（五）勘验、检查、指认笔录。并认为，被告人苏某甲滥伐林木，数量较大；盗伐林木，数量巨大，其行为触犯了《中华人民共和国刑法》第三百四十五条一款、二款之规定，犯罪事实清楚，证据确实、充分，应当以滥伐林木罪、盗伐林木罪追究其刑事责任；被告人韩某某盗伐林木，数量巨大，其行为触犯了《中华人民共和国刑法》第三百四十五条一款之规定，犯罪事实清楚，证据确实、充分，应当以盗伐林木罪追究其刑事责任；被告人董某某盗伐林木，数量较大，其行为触犯了《中华人民共和国刑法》第三百四十五条一款之规定，犯罪事实清楚，证据确实、充分，应当以盗伐林木罪追究其刑事责任。 被告人苏某甲、韩某某、董某某对公诉机关指控的犯罪事实均无异议。 经审理查明： 一、滥伐林木的事实 被告人苏某甲于2014年2月至2014年3月7日，在无林木采伐许可证的情况下，在农安县华家镇毕家店村村委会南南北林带、村委会北南北林带内，先后滥伐其个人所有林木9次，砍伐树木24棵，立木材积为19.1155立方米。 公诉机关提供上述事实的证据如下： （一）书证 1、公民户籍信息证明。 2、到案经过及破案报告。 3、毕家店村修路指树合同书及林权转让协议书。 4、吉林省罚没款专用票据。 （二）证人证言 1、证人汪某甲证言。 2、证人汪某乙证言。 3、证人董某某证言。 4、证人姚某某证言。 （三）被告人苏某甲供述。 （四）鉴定意见 农安县华家镇苏某甲盗伐林木定量说明。 （五）．勘验、检查、指认笔录 1、现场勘查笔录。 2、指认笔录及照片。 上列证据，经庭审质证，被告人苏某甲均无异议，本庭作为定案依据予以确认。 二、盗伐林木的事实 经审理查明： 1、被告人苏某甲、韩某某伙同叶某某（另案处理）于2013年5月的一天，在农安县华家镇叶小铺村3社屯北东西林带，盗伐该村集体所有林木3棵，立木材积为2.7865立方米。 2、被告人苏某甲伙同叶某某（另案处理）于2013年5月的一天，在农安县华家镇叶小铺村5社屯东南北林带，盗伐该村集体所有林木2棵，立木材积为1.0180立方米。 3、被告人苏某甲伙同叶某某（另案处理）于2013年6月的一天，在农安县华家镇叶小铺村5社屯南东西林带，盗伐该村集体所有林木4棵，立木材积为3.5939立方米。 4、被告人苏某甲、韩某某伙同叶某某（另案处理）于2013年7月的一天，在农安县华家镇叶小铺村1社屯北南北林带，盗伐该村集体所有林木4棵，立木材积为3.6670立方米。 5、被告人苏某甲、韩某某伙同叶某某（另案处理）于2013年8月的一天，在农安县华家镇叶小铺村4社屯北南北林带，盗伐该村集体所有林木2棵，立木材积为1.5553立方米。 6、被告人苏某甲、韩某某伙同叶某某（另案处理）于2013年9月的一天，在农安县华家镇叶小铺村4社屯北东西林带，盗伐该村集体所有林木2棵，立木材积为1.2280立方米。 7、被告人苏某甲、韩某某伙同叶某某（另案处理）于2013年9月的一天，在农安县华家镇叶小铺村5社屯南东西林带，盗伐该村集体所有林木3棵，立木材积为2.5230立方米。 8、被告人苏某甲、韩某某伙同叶某某（另案处理）于2013年9月的一天，在农安县华家镇叶小铺村3社屯南南北林带，盗伐该村集体所有林木1棵，立木材积为0.6270立方米；在农安县华家镇叶小铺村3社屯北东西林带，盗伐该村集体所有林木1棵，立木材积为1.0740立方米。 9、被告人苏某甲、韩某某、董某某伙同叶某某（另案处理）于2014年3月的一天，在农安县牮家镇叶小铺村3社屯北南北林带，盗伐该村集体所有林木3棵，立木材积为4.2534立方米。 10、被告人苏某甲、韩某某、董某某伙同叶某某（另案处理）于2014年5月的一天，在农安县华家镇叶小铺村5社屯南南北林带，盗伐该村集体所有林木2棵，立木材积为2.5836立方米。 综上，被告人苏某甲先后盗伐林木10次，盗伐树木27棵，立木材积为24.9097立方米；被告人韩某某先后盗伐林木8次，盗伐树木21棵，立木材积为24.2978立方米；被告人董某某先后盗伐林木2次，盗伐树木5棵，立木材积为6.837立方米。 上述事实，被告人苏某甲、韩某某、董某某在庭审中予以供认，并表示认罪。但被告人韩某某辩称自己只盗伐林木八次，第二次、第三次没有参与，到现场也没有指认。被告人苏某甲称起诉书指控的第二次、第三次韩某某没有参与。 公诉机关提供上述事实的证据如下： 书证 1、公民户籍信息证明。 2、到案经过及破案报告。 （二）证人证言 1、证人吴某某证言。 2、证人叶某某证实。 （三）被告人供述 1、被告人苏某甲陈述。 2、证人韩某某陈述。 3、被告人董某某供述。 （四）鉴定意见 农安县华家镇叶小铺村被盗伐林木定量说明。 （五）勘验、检查、指认笔录 现场勘查笔录、指认照片。 上列证据，经庭审质证，被告人苏某甲、董某某均无异议，本庭作为定案依据予以确认。被告人韩某某在公安机关多次供述盗伐林木8次，并指认盗伐林木株数21棵，拒绝指认第二起叶小铺村五社屯东南北林带2棵树、第三起叶小铺村五社屯南东西林带内4棵树。同案犯叶某某证实韩某某参与了第二、三起事实，被告人苏某甲在公安机关供述亦证实韩某某参与了第二、三起事实。但庭审中，苏某甲称韩某某没有参与第二、三起事实，在公安机关没记清楚。合议庭认为，韩某某否认第二、三起事实有依据，因同案犯叶某某、苏某甲证实不一致，故合议庭认定韩某某参与盗伐八次，盗伐林木21棵树，立木材积20.2978立方米。 被告人苏某甲、韩某某、董某某未向法庭提供证据。 ","cpfxgc":"本院认为，被告人苏某甲滥伐林木，数量较大；盗伐林木，数量巨大，其行为已构成滥伐林木罪、盗伐林木罪；被告人韩某某盗伐林木，数量巨大，被告人董某某盗伐林木，数量较大，其行为均构成盗伐林木罪。公诉机关指控苏某甲、韩某某、董某某犯罪事实清楚，证据确实、充分，指控罪名成立，应予支持。被告人韩某某盗伐林木应更正为八次。被告人韩某某辩称自己参与盗伐林木八次的意见有依据，予以采信。鉴于三被告人均自愿认罪，如实供述犯罪事实，可酌情从轻处罚。依照《中华人民共和国刑法》第三百四十五条一款（盗伐林木）、二款（滥伐林木）、六十七条三款（如实供述）、第五十二条、第五十三条（罚金）、第六十九条（数罪并罚）之规定，判决如下：","pjjg":" 被告人苏某甲犯滥伐林木罪，判处有期徒刑一年，并处罚金人民币17203.95元；犯盗伐林木罪，判处有期徒刑四年，并处罚金人民币22，418.73元；决定执行有期徒刑四年六个月，并处罚金人民币39，622.68元。 （刑期从判决执行之日起计算。判决执行以前先行羁押的，羁押一日折抵刑期一日，即自2014年3月9日起至2018年9月8日止）。 二、被告人韩某某犯盗伐林木罪，判处有期徒刑三年六个月，并处罚金人民币18268.02元。 （刑期从判决执行之日起计算。判决执行以前先行羁押的，羁押一日折抵刑期一日，即自2014年5月29日起至2017年11月28日止）。 三、被告人董某某犯盗伐林木罪，判处有期徒刑一年，并处罚金人民币6153.30元。 （刑期从判决执行之日起计算。判决执行以前先行羁押的，羁押一日折抵刑期一日，即自2014年10月10日起至2015年10月9日止）。 如不服本判决，可在接到判决书的第二日起十日内，通过本院或者直接向吉林省长春市中级人民法院提出上诉。书面上诉的，应当提交上诉状正本一份，副本两份。","qw":"吉林省农安县人民法院 刑事判决书 （2015）农刑初字第135号 公诉机关吉林省农安县人民检察院。 被告人苏某甲，曾用名苏某，男，1977年6月13日出生，汉族，吉林省农安县人，初中文化，农民，住农安县。因涉嫌滥伐林木，于2014年3月9日被长春市森林公安局刑事拘留，2014年3月20日被长春市森林公安局逮捕。现羁押于农安县公安局看守所。 被告人韩某某，绰号韩某，男，1968年7月20日出生，汉族，吉林省农安县人，小学文化，农民，住农安县。因涉嫌盗伐林木，于2014年5月29日被长春市森林公安局刑事拘留；2014年7月1日被长春市森林公安局执行逮捕。现羁押于农安县公安局看守所。 被告人董某某，绰号某某，男，1979年5月12日出生，汉族，吉林省永吉县人，小学文化，农民，住吉林省永吉县。因涉嫌盗伐林木罪，于2014年10月10日被长春市森林公安局逮捕。现羁押于农安县公安局看守所。 吉林省农安县人民检察院于以吉农检刑诉（2015）69号起诉书，向本院提起公诉。本院依法组成合议庭，公开开庭审理了本案，吉林省农安县人民检察院代理检察员李鹤出庭支持公诉，被告人苏某甲、韩某某、董某某到庭参加诉讼。现已审理终结。 吉林省农安县人民检察院指控： 一、被告人苏某甲于2014年2月至2014年3月7日，在无林木采伐许可证的情况下，在农安县华家镇毕家店村村委会南南北林带、村委会北南北林带内，先后滥伐其个人所有林木9次，砍伐树木24棵，立木材积为19.1155立方米。 公诉机关认定上述事实的证据如下：（一）书证；（二）证人汪某甲、汪某乙、董某某、姚某某证言；（三）被告人苏某甲供述与辩解；（四）鉴定意见；（五）勘验、检查、指认笔录。 1、被告人苏某甲、韩某某伙同叶某某（另案处理）于2013年5月的一天，在农安县华家镇叶小铺村3社屯北东西林带，盗伐该村集体所有林木3棵，立木材积为2.7865立方米。 2、被告人苏某甲、韩某某伙同叶某某（另案处理）于2013年5月的一天，在农安县华家镇叶小铺村5社屯东南北林带，盗伐该村集体所有林木2棵，立木材积为1.0180立方米。 3、被告人苏某甲、韩某某伙同叶某某（另案处理）于2013年6月的一天，在农安县华家镇叶小铺村5社屯南东西林带，盗伐该村集体所有林木4棵，立木材积为3.5939立方米。 4、被告人苏某甲、韩某某伙同叶某某（另案处理）于2013年7月的一天，在农安县华家镇叶小铺村1社屯北南北林带，盗伐该村集体所有林木4棵，立木材积为3.6670立方米。 5、被告人苏某甲、韩某某伙同叶某某（另案处理）于2013年8月的一天，在农安县华家镇叶小铺村4社屯北南北林带，盗伐该村集体所有林木2棵，立木材积为1.5553立方米。 6、被告人苏某甲、韩某某伙同叶某某（另案处理）于2013年9月的一天，在农安县华家镇叶小铺村4社屯北东西林带，盗伐该村集体所有林木2棵，立木材积为1.2280立方米。 7、被告人苏某甲、韩某某伙同叶某某（另案处理）于2013年9月的一天，在农安县华家镇叶小铺村5社屯南东西林带，盗伐该村集体所有林木3棵，立木材积为2.5230立方米。 8、被告人苏某甲、韩某某伙同叶某某（另案处理）于2013年9月的一天，在农安县华家镇叶小铺村3社屯南南北林带，盗伐该村集体所有林木1棵，立木材积为0.6270立方米；在农安县华家镇叶小铺村3社屯北东西林带，盗伐该村集体所有林木1棵，立木材积为1.0740立方米。 9、被告人苏某甲、韩某某、董某某伙同叶某某（另案处理）于2014年3月的一天，在农安县牮家镇叶小铺村3社屯北南北林带，盗伐该村集体所有林木3棵，立木材积为4.2534立方米。 10、被告人苏某甲、韩某某、董某某伙同叶某某（另案处理）于2014年5月的一天，在农安县华家镇叶小铺村5社屯南南北林带，盗伐该村集体所有林木2棵，立木材积为2.5836立方米。 综上，被告人苏某甲先后盗伐林木10次，盗伐树木27棵，立木材积为24.9097立方米；被告人韩某某先后盗伐林木10次，盗伐树木27棵，立木材积为24.9097立方米；被告人董某某先后盗伐林木2次，盗伐树木5棵，立木材积为6.837立方米。 公诉机关认定上述事实的证据如下：（一）书证；（二）证人吴某某证言；（三）被告人苏某甲、韩某某、董某某供述与辩解；（四）鉴定意见；（五）勘验、检查、指认笔录。并认为，被告人苏某甲滥伐林木，数量较大；盗伐林木，数量巨大，其行为触犯了《中华人民共和国刑法》第三百四十五条一款、二款之规定，犯罪事实清楚，证据确实、充分，应当以滥伐林木罪、盗伐林木罪追究其刑事责任；被告人韩某某盗伐林木，数量巨大，其行为触犯了《中华人民共和国刑法》第三百四十五条一款之规定，犯罪事实清楚，证据确实、充分，应当以盗伐林木罪追究其刑事责任；被告人董某某盗伐林木，数量较大，其行为触犯了《中华人民共和国刑法》第三百四十五条一款之规定，犯罪事实清楚，证据确实、充分，应当以盗伐林木罪追究其刑事责任。 被告人苏某甲、韩某某、董某某对公诉机关指控的犯罪事实均无异议。 经审理查明： 一、滥伐林木的事实 被告人苏某甲于2014年2月至2014年3月7日，在无林木采伐许可证的情况下，在农安县华家镇毕家店村村委会南南北林带、村委会北南北林带内，先后滥伐其个人所有林木9次，砍伐树木24棵，立木材积为19.1155立方米。 公诉机关提供上述事实的证据如下： （一）书证 1、公民户籍信息证明。 2、到案经过及破案报告。 3、毕家店村修路指树合同书及林权转让协议书。 4、吉林省罚没款专用票据。 （二）证人证言 1、证人汪某甲证言。 2、证人汪某乙证言。 3、证人董某某证言。 4、证人姚某某证言。 （三）被告人苏某甲供述。 （四）鉴定意见 农安县华家镇苏某甲盗伐林木定量说明。 （五）．勘验、检查、指认笔录 1、现场勘查笔录。 2、指认笔录及照片。 上列证据，经庭审质证，被告人苏某甲均无异议，本庭作为定案依据予以确认。 二、盗伐林木的事实 经审理查明： 1、被告人苏某甲、韩某某伙同叶某某（另案处理）于2013年5月的一天，在农安县华家镇叶小铺村3社屯北东西林带，盗伐该村集体所有林木3棵，立木材积为2.7865立方米。 2、被告人苏某甲伙同叶某某（另案处理）于2013年5月的一天，在农安县华家镇叶小铺村5社屯东南北林带，盗伐该村集体所有林木2棵，立木材积为1.0180立方米。 3、被告人苏某甲伙同叶某某（另案处理）于2013年6月的一天，在农安县华家镇叶小铺村5社屯南东西林带，盗伐该村集体所有林木4棵，立木材积为3.5939立方米。 4、被告人苏某甲、韩某某伙同叶某某（另案处理）于2013年7月的一天，在农安县华家镇叶小铺村1社屯北南北林带，盗伐该村集体所有林木4棵，立木材积为3.6670立方米。 5、被告人苏某甲、韩某某伙同叶某某（另案处理）于2013年8月的一天，在农安县华家镇叶小铺村4社屯北南北林带，盗伐该村集体所有林木2棵，立木材积为1.5553立方米。 6、被告人苏某甲、韩某某伙同叶某某（另案处理）于2013年9月的一天，在农安县华家镇叶小铺村4社屯北东西林带，盗伐该村集体所有林木2棵，立木材积为1.2280立方米。 7、被告人苏某甲、韩某某伙同叶某某（另案处理）于2013年9月的一天，在农安县华家镇叶小铺村5社屯南东西林带，盗伐该村集体所有林木3棵，立木材积为2.5230立方米。 8、被告人苏某甲、韩某某伙同叶某某（另案处理）于2013年9月的一天，在农安县华家镇叶小铺村3社屯南南北林带，盗伐该村集体所有林木1棵，立木材积为0.6270立方米；在农安县华家镇叶小铺村3社屯北东西林带，盗伐该村集体所有林木1棵，立木材积为1.0740立方米。 9、被告人苏某甲、韩某某、董某某伙同叶某某（另案处理）于2014年3月的一天，在农安县牮家镇叶小铺村3社屯北南北林带，盗伐该村集体所有林木3棵，立木材积为4.2534立方米。 10、被告人苏某甲、韩某某、董某某伙同叶某某（另案处理）于2014年5月的一天，在农安县华家镇叶小铺村5社屯南南北林带，盗伐该村集体所有林木2棵，立木材积为2.5836立方米。 综上，被告人苏某甲先后盗伐林木10次，盗伐树木27棵，立木材积为24.9097立方米；被告人韩某某先后盗伐林木8次，盗伐树木21棵，立木材积为24.2978立方米；被告人董某某先后盗伐林木2次，盗伐树木5棵，立木材积为6.837立方米。 上述事实，被告人苏某甲、韩某某、董某某在庭审中予以供认，并表示认罪。但被告人韩某某辩称自己只盗伐林木八次，第二次、第三次没有参与，到现场也没有指认。被告人苏某甲称起诉书指控的第二次、第三次韩某某没有参与。 公诉机关提供上述事实的证据如下： 书证 1、公民户籍信息证明。 2、到案经过及破案报告。 （二）证人证言 1、证人吴某某证言。 2、证人叶某某证实。 （三）被告人供述 1、被告人苏某甲陈述。 2、证人韩某某陈述。 3、被告人董某某供述。 （四）鉴定意见 农安县华家镇叶小铺村被盗伐林木定量说明。 （五）勘验、检查、指认笔录 现场勘查笔录、指认照片。 上列证据，经庭审质证，被告人苏某甲、董某某均无异议，本庭作为定案依据予以确认。被告人韩某某在公安机关多次供述盗伐林木8次，并指认盗伐林木株数21棵，拒绝指认第二起叶小铺村五社屯东南北林带2棵树、第三起叶小铺村五社屯南东西林带内4棵树。同案犯叶某某证实韩某某参与了第二、三起事实，被告人苏某甲在公安机关供述亦证实韩某某参与了第二、三起事实。但庭审中，苏某甲称韩某某没有参与第二、三起事实，在公安机关没记清楚。合议庭认为，韩某某否认第二、三起事实有依据，因同案犯叶某某、苏某甲证实不一致，故合议庭认定韩某某参与盗伐八次，盗伐林木21棵树，立木材积20.2978立方米。 被告人苏某甲、韩某某、董某某未向法庭提供证据。 本院认为，被告人苏某甲滥伐林木，数量较大；盗伐林木，数量巨大，其行为已构成滥伐林木罪、盗伐林木罪；被告人韩某某盗伐林木，数量巨大，被告人董某某盗伐林木，数量较大，其行为均构成盗伐林木罪。公诉机关指控苏某甲、韩某某、董某某犯罪事实清楚，证据确实、充分，指控罪名成立，应予支持。被告人韩某某盗伐林木应更正为八次。被告人韩某某辩称自己参与盗伐林木八次的意见有依据，予以采信。鉴于三被告人均自愿认罪，如实供述犯罪事实，可酌情从轻处罚。依照《中华人民共和国刑法》第三百四十五条一款（盗伐林木）、二款（滥伐林木）、六十七条三款（如实供述）、第五十二条、第五十三条（罚金）、第六十九条（数罪并罚）之规定，判决如下： 被告人苏某甲犯滥伐林木罪，判处有期徒刑一年，并处罚金人民币17203.95元；犯盗伐林木罪，判处有期徒刑四年，并处罚金人民币22，418.73元；决定执行有期徒刑四年六个月，并处罚金人民币39，622.68元。 （刑期从判决执行之日起计算。判决执行以前先行羁押的，羁押一日折抵刑期一日，即自2014年3月9日起至2018年9月8日止）。 二、被告人韩某某犯盗伐林木罪，判处有期徒刑三年六个月，并处罚金人民币18268.02元。 （刑期从判决执行之日起计算。判决执行以前先行羁押的，羁押一日折抵刑期一日，即自2014年5月29日起至2017年11月28日止）。 三、被告人董某某犯盗伐林木罪，判处有期徒刑一年，并处罚金人民币6153.30元。 （刑期从判决执行之日起计算。判决执行以前先行羁押的，羁押一日折抵刑期一日，即自2014年10月10日起至2015年10月9日止）。 如不服本判决，可在接到判决书的第二日起十日内，通过本院或者直接向吉林省长春市中级人民法院提出上诉。书面上诉的，应当提交上诉状正本一份，副本两份。 审判长孙玉宝 审判员张春艳 人民陪审员于相锋 二〇一五年三月二十日 书记员乔继峰","writId":"0250d96ae5dd1f7186b8d709e2c6b7cbbcb","writName":"苏某甲盗伐林木一审刑事判决书"}
