{"ajId":"88dfdf29-f0d5-4b42-b46d-61d2dfada740","ajName":"叶志强盗窃罪一案","ajjbqk":" 经审理查明，2018年2月开始，被告人叶志强在其经营的沈阳市沈河区芳荣路11号5们经营瑞丰浴池内，通过私自拆卸燃气表，调动燃气表计数器，使燃气表显示的燃气使用量低于实际使用量，以此窃取燃气用于加热浴池的使用水，截止案发，叶志强窃取燃气量共计价值人民币69650.4元。2018年7月11日，公安机关将被告人叶志强带回审查。 上述事实，被告人叶志强在开庭审理过程中亦无异议，且压线钳等作案工具照片、被损坏煤气表照片，案件来源、抓捕经过、现场检查情况、瑞丰浴池用量明细表、扣押决定书及扣押清单、个体工商户营业执照及房屋租赁协议书、沈阳新北燃气有限公司情况说明、电话查询记录、人口基本信息表，证人张某、王某1、常某、程某、王某2的证言，被告人叶志强的供述及辩解，沈阳衡信计量检测有限公司鉴定结果通知书，指认现场照片等证据予以证实，本院予以认定。 ","cpfxgc":"本院认为，被告人叶志强以非法占有为目的，通过私自拆卸燃气表，调动燃气表计数器的手段，窃取燃气公司燃气，数额较大，其行为侵犯了沈阳新北燃气有限公司的财产所有权，已构成盗窃罪，应依法承担刑事责任。公诉机关指控的罪名成立。被告人叶志强到案后并如实供述犯罪事实，系坦白，依法从轻处罚。被告人叶志强主动退赔被害单位全部经济损失并交纳罚金，酌情从轻处罚。被告人叶志强住所地司法所建议对其进行社区矫正，适用缓刑确实不致再危害社会，故对其从轻处罚并适用缓刑。依照《中华人民共和国刑法》第二百六十四条、第六十四条、第六十七条第三款、第七十二条的规定，判决如下：","pjjg":" 被告人叶志强犯盗窃罪，判处有期徒刑一年六个月，缓刑二年，并处罚金人民币七万元。依法上交国库。 （缓刑考验期自判决确定之日起计算。） 如不服本判决，可在接到判决书的第二日起十日内，通过本院或者直接向沈阳市中级人民法院提出上诉。书面上诉的，应当提交上诉状正本一份，副本二份。","qw":"沈阳市沈河区人民法院 刑事判决书 （2019）辽0103刑初113号 公诉机关沈阳市沈河区人民检察院。 被告人叶志强，男，1972年10月1日出生于辽宁省沈阳市，汉族，中专文化，个体工商户，现住辽宁省沈阳市大东区。因涉嫌盗窃罪于2018年7月12日被刑事拘留，同年7月24日批准逮捕，同日被依法逮捕。现羁押于沈阳市沈河区看守所。 沈阳市沈河区人民检察院以沈河检刑诉［2018］1322号起诉书指控被告人叶志强犯盗窃罪，于2019年1月8日向本院提起诉讼。本院依法组成合议庭，公开开庭审理了本案。沈阳市沈河区人民检察院指派检察员吴某出庭支持公诉，被告人叶志强到庭参加诉讼。现已审理终结。 经审理查明，2018年2月开始，被告人叶志强在其经营的沈阳市沈河区芳荣路11号5们经营瑞丰浴池内，通过私自拆卸燃气表，调动燃气表计数器，使燃气表显示的燃气使用量低于实际使用量，以此窃取燃气用于加热浴池的使用水，截止案发，叶志强窃取燃气量共计价值人民币69650.4元。2018年7月11日，公安机关将被告人叶志强带回审查。 上述事实，被告人叶志强在开庭审理过程中亦无异议，且压线钳等作案工具照片、被损坏煤气表照片，案件来源、抓捕经过、现场检查情况、瑞丰浴池用量明细表、扣押决定书及扣押清单、个体工商户营业执照及房屋租赁协议书、沈阳新北燃气有限公司情况说明、电话查询记录、人口基本信息表，证人张某、王某1、常某、程某、王某2的证言，被告人叶志强的供述及辩解，沈阳衡信计量检测有限公司鉴定结果通知书，指认现场照片等证据予以证实，本院予以认定。 本院认为，被告人叶志强以非法占有为目的，通过私自拆卸燃气表，调动燃气表计数器的手段，窃取燃气公司燃气，数额较大，其行为侵犯了沈阳新北燃气有限公司的财产所有权，已构成盗窃罪，应依法承担刑事责任。公诉机关指控的罪名成立。被告人叶志强到案后并如实供述犯罪事实，系坦白，依法从轻处罚。被告人叶志强主动退赔被害单位全部经济损失并交纳罚金，酌情从轻处罚。被告人叶志强住所地司法所建议对其进行社区矫正，适用缓刑确实不致再危害社会，故对其从轻处罚并适用缓刑。依照《中华人民共和国刑法》第二百六十四条、第六十四条、第六十七条第三款、第七十二条的规定，判决如下： 被告人叶志强犯盗窃罪，判处有期徒刑一年六个月，缓刑二年，并处罚金人民币七万元。依法上交国库。 （缓刑考验期自判决确定之日起计算。） 如不服本判决，可在接到判决书的第二日起十日内，通过本院或者直接向沈阳市中级人民法院提出上诉。书面上诉的，应当提交上诉状正本一份，副本二份。 审判长刘勇 人民陪审员白云 人民陪审员张瑞 二〇一九年一月二十八日 书记员张鹤 本判决所依照的相关法律规定 《中华人民共和国刑法》第二百六十四条 盗窃公私财物，数额较大的，或者多次盗窃、入户盗窃、携带凶器盗窃、扒窃的，处三年以下有期徒刑、拘役或者管制，并处或者单处罚金； 《中华人民共和国刑法》第六十四条 犯罪分子违法所得的一切财物，应当予以追缴或者责令退赔；对被害人的合法财产，应当及时返还；违禁品和供犯罪所用的本人财物，应当予以没收。没收的财物和罚金，一律上缴国库，不得挪用和自行处理。 《中华人民共和国刑法》第六十七条第三款 犯罪嫌疑人虽不具有前两款规定的自首情节，但是如实供述自己罪行的，可以从轻处罚；因其如实供述自己罪行，避免特别严重后果发生的，可以减轻处罚。 《中华人民共和国刑法》第七十二条 对于被判处拘役、三年以下有期徒刑的犯罪分子，同时符合下列条件的，可以宣告缓刑，对其中不满十八周岁的人、怀孕的妇女和已满七十五周岁的人，应当宣告缓刑： （一）犯罪情节较轻； （二）有悔罪表现； （三）没有再犯罪的危险； （四）宣告缓刑对所居住社区没有重大不良影响。 宣告缓刑，可以根据犯罪情况，同时禁止犯罪分子在缓刑考验期限内从事特定活动，进入特定区域、场所，接触特定的人。 被宣告缓刑的犯罪分子，如果被判处附加刑，附加刑仍须执行。","writId":"02474eb8a18a23c5ada4078c559b3401d40","writName":"叶志强盗窃罪一审刑事判决书"}
