{"ajId":"eed2bba6-b66e-441c-bc07-4098287ae3e4","ajName":"章诗颖走私、贩卖、运输、制造毒品一案","ajjbqk":" 宜黄县人民检察院指控，2017年9月19日下午，秦某通过电话向被告人章诗颖购买毒品，章诗颖称没有，随后章诗颖联系高俊伟，让其将200元的冰毒送至秦某家中并垫付200元毒资，后秦某通过微信转账方式将200元毒资转给章诗颖。 上述事实，被告人及辩护人在庭审过程中亦无异议，并有受案登记表、归案经过、常住人口信息、搜查笔录、扣押清单、辨认笔录、转账记录、证人证言、被告人的供述与辩解、鉴定意见予以证实，足以认定。 ","cpfxgc":"本院认为，被告人章诗颖明知他人实施毒品犯罪，而为买卖双方居间介绍，促成毒品交易，其行为已构成贩卖毒品罪，其在贩卖毒品过程中系从犯，依法可以从轻、减轻处罚，被告人归案后能如实供述主要犯罪事实，系坦白，依法可以从轻处罚，被告人当庭认罪悔罪态度较好，可酌情从轻处罚，据此，依照《中华人民共和国刑法》第三百四十七条、第二十七条、第六十七条第三款、第五十二条、第五十三条之规定，判决如下：","pjjg":" 被告人章诗颖犯贩卖毒品罪，判处拘役四个月，并处罚金人民币二千元。（刑期从判决执行之日起计算，判决执行以前先行羁押的，羁押一日折抵刑期一日，即自2017年9月20日起至2018年1月19日止。罚金限本判决生效之日起十日内缴纳。） 如不服本判决，可在接到判决书的第二日起十日内，通过本院或者直接向江西省抚州市中级人民法院提出上诉。书面上诉的，应提交上诉状正本一份，副本二份。","qw":"江西省宜黄县人民法院 刑事判决书 （2017）赣1026刑初72号 公诉机关宜黄县人民检察院。 被告人章诗颖，绰号“奥特曼”，女，1990年6月20日出生，汉族，初中文化，无业，户籍地江西省抚州市宜黄县，住宜黄县。因涉嫌贩卖毒品罪于2017年9月20日被宜黄县公安局刑事拘留，2017年10月27日经宜黄县人民检察院批准逮捕，同日由宜黄县公安局执行逮捕。现羁押于抚州市看守所。 辩护人冯明昊，江西宜河律师事务所律师。 宜黄县人民检察院于2017年12月18日以宜检公诉刑诉（2017）68号起诉书指控被告人章诗颖犯贩卖毒品罪。本院依法适用简易程序，实行独任审判，公开开庭审理了本案。宜黄县人民检察院指派检察员涂淑清出庭支持公诉，被告人章诗颖、辩护人冯明昊到庭参加诉讼。现已审理终结。 宜黄县人民检察院指控，2017年9月19日下午，秦某通过电话向被告人章诗颖购买毒品，章诗颖称没有，随后章诗颖联系高俊伟，让其将200元的冰毒送至秦某家中并垫付200元毒资，后秦某通过微信转账方式将200元毒资转给章诗颖。 上述事实，被告人及辩护人在庭审过程中亦无异议，并有受案登记表、归案经过、常住人口信息、搜查笔录、扣押清单、辨认笔录、转账记录、证人证言、被告人的供述与辩解、鉴定意见予以证实，足以认定。 本院认为，被告人章诗颖明知他人实施毒品犯罪，而为买卖双方居间介绍，促成毒品交易，其行为已构成贩卖毒品罪，其在贩卖毒品过程中系从犯，依法可以从轻、减轻处罚，被告人归案后能如实供述主要犯罪事实，系坦白，依法可以从轻处罚，被告人当庭认罪悔罪态度较好，可酌情从轻处罚，据此，依照《中华人民共和国刑法》第三百四十七条、第二十七条、第六十七条第三款、第五十二条、第五十三条之规定，判决如下： 被告人章诗颖犯贩卖毒品罪，判处拘役四个月，并处罚金人民币二千元。（刑期从判决执行之日起计算，判决执行以前先行羁押的，羁押一日折抵刑期一日，即自2017年9月20日起至2018年1月19日止。罚金限本判决生效之日起十日内缴纳。） 如不服本判决，可在接到判决书的第二日起十日内，通过本院或者直接向江西省抚州市中级人民法院提出上诉。书面上诉的，应提交上诉状正本一份，副本二份。 审判员徐迎来 二〇一七年十二月二十九日 法官助理江岚 书记员乔思梦","writId":"043162fcd62fdb9966aa996dd7f68a7a553","writName":"章诗颖走私、贩卖、运输、制造毒品一审刑事判决书"}
