{"ajId":"8774634b-d665-4770-8966-293ed2e04e03","ajName":"丁某某犯挪用公款罪、贪污罪一案","ajjbqk":" 经审理查明，2002年2月5日至2003年8月2日，被告人丁某某在担任中国银行冠县支行同城岗位职员期间，利用同城票据经办的职务便利，挪用储户的账户存款172，844元，用于个人购买股票。 2003年8月2日和2003年10月25日，被告人丁某某利用同城票据经办的职务便利，通过输入虚假电子传票的方式虚增利息，并将虚增的11，838.6元利息转到其实际控制的几个存折中，据为己有。 另查明，2003年11月6日贪污行为案发后，被告人丁某某当日向中国银行冠县支行上缴两个活期存折和现金共计9，994.43元后潜逃。随后公安机关在办案过程中又发现了被告人的挪用公款犯罪，2004年3月17日，冠县公安局将丁某某在聊城天同证券的股票变现77，199.59元，返还给中国银行冠县支行。2015年2月5日，被告人丁某某主动到冠县人民检察院投案，如实供述了上述犯罪事实。 上述事实，被告人丁某某在开庭审理过程亦无异议，且有证人高某、胡某、杨某、张某、苏某等人证言，书证被告人户籍证明、任职证明、丁某某柜员号（4454）传票流水及相关交易明细、对账单等证据证明，足以认定。 ","cpfxgc":"本院认为，被告人丁某某身为国有银行工作人员，利用职务便利，挪用公款数额较大，进行营利活动，其行为已构成挪用公款罪；利用职务便利，骗取并非法占有公共财物，其行为已构成贪污罪。公诉机关指控被告人的两项罪名事实清楚，证据充分，罪名成立，且应予数罪并罚。鉴于被告人案发后即退还了绝大部分贪污赃款，后公安机关通过把被告人用公款购买的股票变现，又偿还了部分挪用的公款，且有主动自首情节，悔罪深刻，可从轻处罚。据此，依照《中华人民共和国刑法》三百八十四条、第三百八十三条（三）、第六十七条、第六十四条、第六十九条，及最高人民法院《关于审理挪用公款案件适用法律若干问题解释》之规定，判决如下：","pjjg":" 一、被告人丁某某犯挪用公款罪，判处有期徒刑四年，犯贪污罪判处有期徒刑一年。决定执行有期徒刑四年六个月。 （刑期自判决执行之日起计算，判决执行以前先行羁押的，羁押一日折抵刑期一日，即自2015年2月5日起至2019年8月4日止） 二、追缴被告人丁某某贪污赃款1844.17元上缴国库；追缴被告人丁某某未归还挪用公款95644.41元，返还中国银行冠县支行。 如不服本判决，可在接到判决书的第二日起十日内，通过本院或直接向山东省聊城市中级人民法院提出上诉。书面上诉的，应当提交上诉状正本一份，副本两份。","qw":"山东省冠县人民法院 刑事判决书 （2015）冠刑初字第80号 公诉机关山东省冠县人民检察院。 被告人丁某某，男，原任中国银行冠县支行营业部同城结算员。因本案于2015年2月5日被刑事拘留，同年2月16日被逮捕。现羁押看守所。 辩护人卢新艳，冠县法律援助中心律师。 山东省冠县人民检察院以冠检刑诉（2015）83号起诉书指控被告人丁某某犯挪用公款罪、贪污罪，于2015年5月21日向本院提起公诉。本院立案受理后，依法适用简易程序，组成合议庭公开开庭审理了本案。冠县人民检察院指派检察员张伟伟出庭支持公诉，被告人丁某某及其辩护人到庭参加诉讼。现已审理终结。 经审理查明，2002年2月5日至2003年8月2日，被告人丁某某在担任中国银行冠县支行同城岗位职员期间，利用同城票据经办的职务便利，挪用储户的账户存款172，844元，用于个人购买股票。 2003年8月2日和2003年10月25日，被告人丁某某利用同城票据经办的职务便利，通过输入虚假电子传票的方式虚增利息，并将虚增的11，838.6元利息转到其实际控制的几个存折中，据为己有。 另查明，2003年11月6日贪污行为案发后，被告人丁某某当日向中国银行冠县支行上缴两个活期存折和现金共计9，994.43元后潜逃。随后公安机关在办案过程中又发现了被告人的挪用公款犯罪，2004年3月17日，冠县公安局将丁某某在聊城天同证券的股票变现77，199.59元，返还给中国银行冠县支行。2015年2月5日，被告人丁某某主动到冠县人民检察院投案，如实供述了上述犯罪事实。 上述事实，被告人丁某某在开庭审理过程亦无异议，且有证人高某、胡某、杨某、张某、苏某等人证言，书证被告人户籍证明、任职证明、丁某某柜员号（4454）传票流水及相关交易明细、对账单等证据证明，足以认定。 本院认为，被告人丁某某身为国有银行工作人员，利用职务便利，挪用公款数额较大，进行营利活动，其行为已构成挪用公款罪；利用职务便利，骗取并非法占有公共财物，其行为已构成贪污罪。公诉机关指控被告人的两项罪名事实清楚，证据充分，罪名成立，且应予数罪并罚。鉴于被告人案发后即退还了绝大部分贪污赃款，后公安机关通过把被告人用公款购买的股票变现，又偿还了部分挪用的公款，且有主动自首情节，悔罪深刻，可从轻处罚。据此，依照《中华人民共和国刑法》三百八十四条、第三百八十三条（三）、第六十七条、第六十四条、第六十九条，及最高人民法院《关于审理挪用公款案件适用法律若干问题解释》之规定，判决如下： 一、被告人丁某某犯挪用公款罪，判处有期徒刑四年，犯贪污罪判处有期徒刑一年。决定执行有期徒刑四年六个月。 （刑期自判决执行之日起计算，判决执行以前先行羁押的，羁押一日折抵刑期一日，即自2015年2月5日起至2019年8月4日止） 二、追缴被告人丁某某贪污赃款1844.17元上缴国库；追缴被告人丁某某未归还挪用公款95644.41元，返还中国银行冠县支行。 如不服本判决，可在接到判决书的第二日起十日内，通过本院或直接向山东省聊城市中级人民法院提出上诉。书面上诉的，应当提交上诉状正本一份，副本两份。 审判长宋纪高 审判员樊斌 审判员于红艳 二〇一五年七月二日 书记员刘震营","writId":"05236fa81ffa77ef1a6ba0135ba92876f58","writName":"丁某某犯挪用公款罪、贪污罪一审刑事判决书"}
