{"ajId":"a458c21d-f561-42f5-8afe-8106a15f3241","ajName":"周某甲、王某甲寻衅滋事罪一案","ajjbqk":" 公诉机关指控：2014年2月23日21时许，被告人周某甲与朋友在横埠镇“萍子KTV娱乐城”唱歌结束后欲离开时，在包厢走廊外，因琐事与他人发生口角，遭人殴打。后周某甲冲至大厅，随手拿起收银台上水壶，威胁在场所有人不准离开，在场的陈某甲（男，45岁，横埠镇人）见此事与自己无关，为避免麻烦正欲离开时，周某甲无端认定自己被打系陈某甲等人所为，欲用水壶砸打陈某甲，被告人王某甲伙同聂某甲等人见状遂上前帮助周某甲殴打陈某甲，并与周某甲一同追撵陈某甲至吧台拐角处，对其拳打脚踢，用水壶、玻璃花瓶等物品砸向陈某甲，致使陈某甲右手腕肌腱断裂。经鉴定，陈某甲人体损伤程度属轻伤一级。公诉机关还指控被告人周某甲于2010年1月25日、2012年1月31日、2013年2月23日先后在周潭镇周潭街道邮政储蓄银行一楼大厅内、周潭街道“街霸”快餐店门前、周潭街道周某乙家分别随意殴打周某丙、瞿某甲、周某丁。针对前述指控，公诉机关当庭宣读和出示了各被告人供述、证人证言、相关书证等证据证实。起诉认为，被告人周某甲、王某甲伙同他人随意殴打他人，情节恶劣，其行为已触犯《中华人民共和国刑法》第二百九十三条第一款之规定，构成寻衅滋事罪，提请依法惩处。 被告人周某甲及其辩护人、被告人王某甲对公诉机关指控的事实、罪名和当庭列举的证据均无异议，二被告人并表示自愿认罪，请求对其从轻处罚。 被告人周某甲的辩护人认为：一、本案有部分寻衅滋事事实属事出有因，周某丙是因为插队，瞿某甲是因与周某甲哥哥有矛盾。二、本案发生后，被告人周某甲亲属与被害人协商，达成了赔偿协议并取得了被害人谅解。陈某甲、周某丙、瞿某甲都出具了书面的谅解书，周某甲当面向周某丁道歉并取得了周某丁的谅解，且周某甲认罪悔罪态度好，属坦白，请求对被告人周某甲从轻处罚。为证明其辩护意见，辩护人当庭提交了周某甲亲属代周某甲分别和陈某甲、瞿某甲达成的调解书、被害人陈某甲、瞿某甲、周某丙出具的谅解书。 经审理查明：一、2014年2月23日21时许，被告人周某甲与朋友在枞阳县横埠镇“萍子KTV娱乐城”唱歌结束后欲离开时，在包厢走廊外，因琐事与他人发生口角，遭人殴打。后周某甲冲至大厅，随手拿起收银台上水壶，威胁在场所有人不准离开，在场的陈某甲（男，45岁，横埠镇人）见此事与自己无关，为避免麻烦正欲离开时，周某甲无端认定自己被打系陈某甲等人所为，欲用水壶砸打陈某甲，被告人王某甲伙同聂某甲（另案处理）等人见状遂上前帮助周某甲殴打陈某甲，并与周某甲一同追撵陈某甲至吧台拐角处，对其拳打脚踢，用水壶、玻璃花瓶等物品砸向陈某甲，致使陈某甲右手腕肌腱断裂。经枞阳县公安局法医鉴定，陈某甲人体损伤程度属轻伤一级。案发后，周某甲亲属代周某甲与被害人陈某甲达成调解协议，周某甲亲属代周某甲赔偿陈某甲各项损失计12万元，陈某甲出具谅解书，请求法院对周某甲、王某甲从轻或减轻处罚。 二、2010年1月25日13时许，被告人周某甲在枞阳县周潭镇周潭街道邮政储蓄银行一楼大厅内，无端挑起是非，随意对在场的周某丙（男，31岁，陈瑶湖镇人）拳打脚踢，致使周某丙脸部受伤，后被银行工作人员拉开。数分钟后周某丙母亲得知此事，与周某丙寻至周潭镇中心卫生院门口，找周某甲理论，周某甲再次殴打周某丙，并拳击周某丙鼻子，后就地捡起木棍追打周某丙，被周某丙母亲阻止。事发后，周某甲亲属与周某丙调解，双方和好。2014年9月28日，周某丙出具谅解书，请求司法机关对周某甲免予刑处或从轻减轻处罚。 三、2012年1月31日14时许，被告人周某甲在枞阳县周潭镇周潭街道“街霸”快餐店门前遇见瞿某甲（男，21岁，周潭镇人），周某甲以先前瞿某甲与其兄长周大革有矛盾为由，拽住瞿某甲不让离开，并电话通知周大革，周大革随即携带一根木棍和一把水果刀赶至现场，伙同周某甲持木棍、水果刀对瞿某甲进行殴打，致瞿某甲背部、脸部多处受伤。事发后，双方达成和解协议，周某甲亲属代周某甲赔偿瞿某甲全部经济损失5000元，瞿某甲出具谅解书，请求司法机关对周某甲免予刑处或从轻减轻处罚。 四、2013年2月23日晚上6时许，被告人周某甲在枞阳县周潭镇周潭街道周某乙家棋牌室内因琐事与周某丁（女，45岁，周潭镇人）发生争吵，周某甲就地捡起空啤酒瓶砸向周某丁，后将其推倒在地，并脚踢周某丁，被旁人劝开。事发后，周某甲亲属安排人员带周某丁到医院检查并设宴向周某丁赔礼道歉。 上述事实，有下列证据证实：枞阳县公安局受案登记表、立案决定书、拘留证及拘留通知书、延长拘留期限通知书、提请批准逮捕书、批准逮捕决定书、逮捕证及逮捕通知书、现场勘查笔录、辨认笔录及照片、人体损伤程度鉴定意见书、归案经过、户籍及前科证明、行政处罚决定书、江苏省昆山市人民法院（1995）昆刑初字第164号刑事判决书、安徽省宣州市人民法院（1995）宣刑初字第6号刑事判决书、释放证明书、被害人陈某甲、瞿某甲、周某丙、周某丁等人的陈述及其门诊或住院病历、证人周某戊、瞿某乙、左某甲、姚某某、左某乙、王某、周某乙、周某己等人的证言、被告人周某甲、王某甲的供述、调解协议、收条、谅解书等证据证实，所列证据均经当庭举证、质证，证据间相互印证，足以认定本案事实，本院予以确认。 ","cpfxgc":"本院认为：被告人周某甲、王某甲伙同他人随意殴打他人，造成一人轻伤、情节恶劣，其行为均触犯刑律，构成寻衅滋事罪，且系共同犯罪，依法应予惩处。公诉机关指控二被告人犯罪的事实清楚，证据确实、充分，应予支持。二被告人具有前科劣迹，依法可酌情从重处罚，被告人周某甲单独多次随意殴打他人，依法亦酌情从重处罚。鉴于二被告人归案后能如实供述其犯罪事实，在庭审中能够自愿认罪，依法可酌情从轻处罚，且案发后被告人周某甲亲属积极代周某甲赔偿被害人的全部经济损失并和王某甲等人取得了被害人的谅解，降低了二被告人犯罪行为的社会危害性，依法可酌情从轻处罚。辩护人就此辩护意见可予采纳。为保护公民的人身权利不受侵犯，根据各被告人犯罪的事实、性质、情节以及对于社会的危害程度，案经本院审判委员会讨论决定，对二被告人均依照《中华人民共和国刑法》第二百九十三条第一款第（一）项、第二十五条第一款、第六十七条第三款之规定，判决如下：","pjjg":" 一、被告人周某甲犯寻衅滋事罪，判处有期徒刑二年四个月； （刑期从判决执行之日起计算。判决执行以前先行羁押的，羁押一日折抵刑期一日，即自2014年2月23日起至2016年6月22日止。） 二、被告人王某甲犯寻衅滋事罪，判处有期徒刑二年。 （刑期从判决执行之日起计算。判决执行以前先行羁押的，羁押一日折抵刑期一日，即自2014年2月23日起至2016年2月22日止。） 如不服本判决，可在接到判决书的第二日起十日内，通过本院或者直接向安徽省安庆市中级人民法院提出上诉。书面上诉的，应当提交上诉状正本一份，副本二份。","qw":"安徽省枞阳县人民法院 刑事判决书 （2014）枞刑初字第00146号 公诉机关安徽省枞阳县人民检察院。 被告人周某甲，男，汉族，1973年7月18日出生于安徽省枞阳县，小学文化，个体户，住安徽省枞阳县。曾因犯抢劫罪、流氓罪，于1995年2月10日被安徽省宣州市人民法院判处有期徒刑四年六个月，因寻衅滋事，于2011年2月19日被枞阳县公安局决定行政拘留五日。因涉嫌犯寻衅滋事罪，于2014年2月23日被传唤留置审查，次日被枞阳县公安局刑事拘留，同年3月28日经枞阳县人民检察院批准逮捕，当日被枞阳县公安局执行逮捕。现羁押于枞阳县看守所。 辩护人方可，安徽枞杨律师事务所律师。 被告人王某甲，男，汉族，1967年1月11日出生于安徽省枞阳县，小学文化，农民，住安徽省枞阳县。曾因犯抢劫罪，于1995年7月13日被江苏省昆山市人民法院判处有期徒刑十四年，2004年12月16日刑满释放。因涉嫌犯寻衅滋事罪，于2014年2月23日被传唤留置审查，次日被枞阳县公安局刑事拘留，同年3月28日经枞阳县人民检察院批准逮捕，当日被枞阳县公安局执行逮捕。现羁押于枞阳县看守所。 安徽省枞阳县人民检察院以枞检公诉刑诉（2014）118号起诉书，指控被告人周某甲、王某甲犯寻衅滋事罪，于2014年9月19日向本院提起公诉。本院依法组成合议庭，公开开庭审理了本案。枞阳县人民检察院指派检察员周琰出庭支持公诉，被告人周某甲及其辩护人方可、被告人王某甲到庭参加诉讼。本案现已审理终结。 公诉机关指控：2014年2月23日21时许，被告人周某甲与朋友在横埠镇“萍子KTV娱乐城”唱歌结束后欲离开时，在包厢走廊外，因琐事与他人发生口角，遭人殴打。后周某甲冲至大厅，随手拿起收银台上水壶，威胁在场所有人不准离开，在场的陈某甲（男，45岁，横埠镇人）见此事与自己无关，为避免麻烦正欲离开时，周某甲无端认定自己被打系陈某甲等人所为，欲用水壶砸打陈某甲，被告人王某甲伙同聂某甲等人见状遂上前帮助周某甲殴打陈某甲，并与周某甲一同追撵陈某甲至吧台拐角处，对其拳打脚踢，用水壶、玻璃花瓶等物品砸向陈某甲，致使陈某甲右手腕肌腱断裂。经鉴定，陈某甲人体损伤程度属轻伤一级。公诉机关还指控被告人周某甲于2010年1月25日、2012年1月31日、2013年2月23日先后在周潭镇周潭街道邮政储蓄银行一楼大厅内、周潭街道“街霸”快餐店门前、周潭街道周某乙家分别随意殴打周某丙、瞿某甲、周某丁。针对前述指控，公诉机关当庭宣读和出示了各被告人供述、证人证言、相关书证等证据证实。起诉认为，被告人周某甲、王某甲伙同他人随意殴打他人，情节恶劣，其行为已触犯《中华人民共和国刑法》第二百九十三条第一款之规定，构成寻衅滋事罪，提请依法惩处。 被告人周某甲及其辩护人、被告人王某甲对公诉机关指控的事实、罪名和当庭列举的证据均无异议，二被告人并表示自愿认罪，请求对其从轻处罚。 被告人周某甲的辩护人认为：一、本案有部分寻衅滋事事实属事出有因，周某丙是因为插队，瞿某甲是因与周某甲哥哥有矛盾。二、本案发生后，被告人周某甲亲属与被害人协商，达成了赔偿协议并取得了被害人谅解。陈某甲、周某丙、瞿某甲都出具了书面的谅解书，周某甲当面向周某丁道歉并取得了周某丁的谅解，且周某甲认罪悔罪态度好，属坦白，请求对被告人周某甲从轻处罚。为证明其辩护意见，辩护人当庭提交了周某甲亲属代周某甲分别和陈某甲、瞿某甲达成的调解书、被害人陈某甲、瞿某甲、周某丙出具的谅解书。 经审理查明：一、2014年2月23日21时许，被告人周某甲与朋友在枞阳县横埠镇“萍子KTV娱乐城”唱歌结束后欲离开时，在包厢走廊外，因琐事与他人发生口角，遭人殴打。后周某甲冲至大厅，随手拿起收银台上水壶，威胁在场所有人不准离开，在场的陈某甲（男，45岁，横埠镇人）见此事与自己无关，为避免麻烦正欲离开时，周某甲无端认定自己被打系陈某甲等人所为，欲用水壶砸打陈某甲，被告人王某甲伙同聂某甲（另案处理）等人见状遂上前帮助周某甲殴打陈某甲，并与周某甲一同追撵陈某甲至吧台拐角处，对其拳打脚踢，用水壶、玻璃花瓶等物品砸向陈某甲，致使陈某甲右手腕肌腱断裂。经枞阳县公安局法医鉴定，陈某甲人体损伤程度属轻伤一级。案发后，周某甲亲属代周某甲与被害人陈某甲达成调解协议，周某甲亲属代周某甲赔偿陈某甲各项损失计12万元，陈某甲出具谅解书，请求法院对周某甲、王某甲从轻或减轻处罚。 二、2010年1月25日13时许，被告人周某甲在枞阳县周潭镇周潭街道邮政储蓄银行一楼大厅内，无端挑起是非，随意对在场的周某丙（男，31岁，陈瑶湖镇人）拳打脚踢，致使周某丙脸部受伤，后被银行工作人员拉开。数分钟后周某丙母亲得知此事，与周某丙寻至周潭镇中心卫生院门口，找周某甲理论，周某甲再次殴打周某丙，并拳击周某丙鼻子，后就地捡起木棍追打周某丙，被周某丙母亲阻止。事发后，周某甲亲属与周某丙调解，双方和好。2014年9月28日，周某丙出具谅解书，请求司法机关对周某甲免予刑处或从轻减轻处罚。 三、2012年1月31日14时许，被告人周某甲在枞阳县周潭镇周潭街道“街霸”快餐店门前遇见瞿某甲（男，21岁，周潭镇人），周某甲以先前瞿某甲与其兄长周大革有矛盾为由，拽住瞿某甲不让离开，并电话通知周大革，周大革随即携带一根木棍和一把水果刀赶至现场，伙同周某甲持木棍、水果刀对瞿某甲进行殴打，致瞿某甲背部、脸部多处受伤。事发后，双方达成和解协议，周某甲亲属代周某甲赔偿瞿某甲全部经济损失5000元，瞿某甲出具谅解书，请求司法机关对周某甲免予刑处或从轻减轻处罚。 四、2013年2月23日晚上6时许，被告人周某甲在枞阳县周潭镇周潭街道周某乙家棋牌室内因琐事与周某丁（女，45岁，周潭镇人）发生争吵，周某甲就地捡起空啤酒瓶砸向周某丁，后将其推倒在地，并脚踢周某丁，被旁人劝开。事发后，周某甲亲属安排人员带周某丁到医院检查并设宴向周某丁赔礼道歉。 上述事实，有下列证据证实：枞阳县公安局受案登记表、立案决定书、拘留证及拘留通知书、延长拘留期限通知书、提请批准逮捕书、批准逮捕决定书、逮捕证及逮捕通知书、现场勘查笔录、辨认笔录及照片、人体损伤程度鉴定意见书、归案经过、户籍及前科证明、行政处罚决定书、江苏省昆山市人民法院（1995）昆刑初字第164号刑事判决书、安徽省宣州市人民法院（1995）宣刑初字第6号刑事判决书、释放证明书、被害人陈某甲、瞿某甲、周某丙、周某丁等人的陈述及其门诊或住院病历、证人周某戊、瞿某乙、左某甲、姚某某、左某乙、王某、周某乙、周某己等人的证言、被告人周某甲、王某甲的供述、调解协议、收条、谅解书等证据证实，所列证据均经当庭举证、质证，证据间相互印证，足以认定本案事实，本院予以确认。 本院认为：被告人周某甲、王某甲伙同他人随意殴打他人，造成一人轻伤、情节恶劣，其行为均触犯刑律，构成寻衅滋事罪，且系共同犯罪，依法应予惩处。公诉机关指控二被告人犯罪的事实清楚，证据确实、充分，应予支持。二被告人具有前科劣迹，依法可酌情从重处罚，被告人周某甲单独多次随意殴打他人，依法亦酌情从重处罚。鉴于二被告人归案后能如实供述其犯罪事实，在庭审中能够自愿认罪，依法可酌情从轻处罚，且案发后被告人周某甲亲属积极代周某甲赔偿被害人的全部经济损失并和王某甲等人取得了被害人的谅解，降低了二被告人犯罪行为的社会危害性，依法可酌情从轻处罚。辩护人就此辩护意见可予采纳。为保护公民的人身权利不受侵犯，根据各被告人犯罪的事实、性质、情节以及对于社会的危害程度，案经本院审判委员会讨论决定，对二被告人均依照《中华人民共和国刑法》第二百九十三条第一款第（一）项、第二十五条第一款、第六十七条第三款之规定，判决如下： 一、被告人周某甲犯寻衅滋事罪，判处有期徒刑二年四个月； （刑期从判决执行之日起计算。判决执行以前先行羁押的，羁押一日折抵刑期一日，即自2014年2月23日起至2016年6月22日止。） 二、被告人王某甲犯寻衅滋事罪，判处有期徒刑二年。 （刑期从判决执行之日起计算。判决执行以前先行羁押的，羁押一日折抵刑期一日，即自2014年2月23日起至2016年2月22日止。） 如不服本判决，可在接到判决书的第二日起十日内，通过本院或者直接向安徽省安庆市中级人民法院提出上诉。书面上诉的，应当提交上诉状正本一份，副本二份。 审判长潘小芹 代理审判员李晔 人民陪审员宗琳 二〇一四年十月三十一日 书记员李金娟 附：本案所适用的相关法律条文 《中华人民共和国刑法》 第二百九十三条第一款第（一）项有下列寻衅滋事行为之一，破坏社会秩序的，处五年以下有期徒刑、拘役或者管制： 随意殴打他人，情节恶劣的。 第二十五条第一款共同犯罪是指二人以上共同故意犯罪。 第六十七条第三款犯罪嫌疑人虽不具有前两款规定的自首情节，但是如实供述自己罪行的，可以从轻处罚；因其如实供述自己罪行，避免特别严重后果发生的，可以减轻处罚。","writId":"039981541d14949d9254f69f649aac5d32a","writName":"周某甲、王某甲寻衅滋事罪一审刑事判决书"}
