{"ajId":"b8a0322f-ad4a-4a37-9013-f41ccc481b65","ajName":"苏某、季某甲非法经营罪一案","ajjbqk":" 公诉机关指控，2012年10月至2013年2月间，被告人苏某为谋取非法利益，在桐庐县横村镇方埠自己开的小吃店里，多次接受他人“六合彩”投注。2013年3月至6月20日间，被告人苏某、季某甲合伙以同样方式在“阿胖棋牌室”内接受他人投注“六合彩”36期，非法经营数额共计人民币144215元，并以投注额的8％收取提成。公诉人当庭宣读、出示了户籍证明、扣押物品清单、白色仓库存货单、账本、清点记录、“六合彩”宣传页、检查笔录；证人夏某、季某乙、张某、汪某的证言；《抓获经过》；被告人苏某、季某甲的供述和辩解等证据。认定被告人苏某、季某甲违反国家规定，伙同他人擅自经营“六合彩”，扰乱市场秩序，情节严重，其行为触犯了《中华人民共和国刑法》第二百二十五条第（四）项，犯罪事实清楚，证据确实充分，应当以非法经营罪追究其刑事责任，提请本院依法判处。 两被告人对指控基本事实未提出异议，均辩解，数额没有那么多。被告人苏某的辩护人提出，本案应定赌博，而不是非法经营。被告人是帮助贵州人在收注登记、销售“六合彩”，根据浙江省公检法《关于办理“六合彩”赌博案件的若干意见》第二条规定，应以赌博共犯论，认定为从犯予以处罚。认定犯罪数额14万余元，证据不足，并以被告人认罪态度好、系初犯为由，请求从轻处罚。被告人季某甲的辩护人提出，起诉认定犯罪数额不当；季某甲应为从犯，如实供述罪行，请求从轻处罚。 经审理查明，2012年10月至2013年2月间，被告人苏某为谋取非法利益，帮助贵州人在桐庐县横村镇方埠自己开的小吃店里，推销“六合彩”。2013年3月至6月20日间，被告人苏某、季某甲结伙，在横村镇锦华路“阿胖棋牌室”，以接受他人投注的方式，帮助贵州人销售“六和彩”，销售了36期，经营数额共计人民币144000余元，并按销售额的8％收取提成后平分。 认定上述事实，经庭审质证的证据有： 1、证人夏某证言，证明其与丈夫苏某于2003年来到桐庐，2007年在横村镇方埠开小吃店。 2、证人季某乙证言，证明2013年，苏某到其父亲季某甲开的棋牌室卖“六合彩”，后来其父亲也帮助苏某卖“六合彩”，并将卖出的情况记在帐本上。其去过几次看到有人在选号买“六合彩”。 3、证人张某证言，证明2013年4月，其开始在季某甲的小吃店里连续买“六合彩”，就中过420元和840元。 4、证人汪某证言，证明2013年春节后，其经常去季某甲小吃店，看到有“六合彩”宣传资料。4月底买了60元，没有中奖，后来继续以几十元、上百元买，都没中奖。其在网上看到介绍“六合彩”中奖的情况，又一次投了4800元在季某甲的棋牌室买了“六合彩”，仍没中奖。其先后有六七千元投注到“六合彩”。 5、检查笔录、清点记录、证据保全清单、扣押物品清单、白色仓库存货单、黑色封面账本，证明两被告人记录卖出“六合彩”的时间、期数、号码、金额等信息，统计后的投注金额为144000余元。扣押的“六合彩”宣传纸页，证明宣传“六合彩”的有关信息内容等。 6、《抓获经过》证明查获被告人苏某、季某甲的经过情况。 7、户籍证明、常住人口基本信息证明被告人、证人的基本身份。 8、被告人苏某、季某甲对公诉机关指控其在横村“阿胖棋牌室”内销售“六合彩”的事实供认不讳。 本案事实清楚，证据确实、充分，足以认定。 ","cpfxgc":"本院认为，被告人苏某、季某甲违反国家规定，销售“六合彩”，扰乱市场秩序，情节严重，其行为已构成非法经营罪。公诉机关指控成立。被告人苏某、季某甲的辩护人针对本案定性及犯罪数额所提出的意见，与经庭审质证的清点记录、证据保全清单、扣押物品清单、白色仓库存货单、黑色封面账本等证据事实不符，不予采纳。依照《中华人民共和国刑法》第二百二十五条第（四）项、第二十五条第一款、第五十二条之规定，判决如下：","pjjg":" 一、被告人苏某犯非法经营罪，判处有期徒刑十个月，并处罚金人民币一万二千元（刑期从判决执行之日起计算。判决执行以前先行羁押的，羁押一日折抵刑期一日。即自2013年6月20日起至2014年4月19日止。罚金限本判决生效之日起三十日内缴纳）。 二、被告人季某甲犯非法经营罪，判处有期徒刑八个月，并处罚金人民币一万二千元（刑期从判决执行之日起计算。判决执行以前先行羁押的，羁押一日折抵刑期一日。即自2013年6月20日起至2014年2月19日止。罚金限本判决生效之日起三十日内缴纳）。 如不服本判决，可在接到判决书的第二天起十日内，通过本院或者直接向浙江省杭州市中级人民法院提出上诉。书面上诉的，应当提交上诉状正本一份，副本二份。","qw":"浙江省桐庐县人民法院 刑事判决书 （2013）杭桐刑初字第375号 公诉机关浙江省桐庐县人民检察院。 被告人苏某。因本案于2013年6月20日被桐庐县公安局刑事拘留，同年7月26日被依法逮捕。现押于桐庐县看守所。 辩护人（桐庐县法律援助中心指派）章敏，浙江合强律师事务所律师。 被告人季某甲。因本案于2013年6月20日被桐庐县公安局刑事拘留，同年7月26日被依法逮捕。现押于桐庐县看守所。 辩护人（桐庐县法律援助中心指派）徐国赢，浙江春江明珠律师事务所律师。 浙江省桐庐县人民检察院以桐检刑诉（2013）366号起诉书指控被告人苏某、季某甲犯非法经营罪，于2013年9月30日向本院提起公诉。本院受理后，依法组成合议庭，于2013年11月12日公开开庭审理了本案。桐庐县人民检察院指派检察员张鑫玲、宋伟忠出庭支持公诉，被告人苏某、季某甲及其辩护人章敏、徐国赢到庭参加诉讼。现已审理终结。 公诉机关指控，2012年10月至2013年2月间，被告人苏某为谋取非法利益，在桐庐县横村镇方埠自己开的小吃店里，多次接受他人“六合彩”投注。2013年3月至6月20日间，被告人苏某、季某甲合伙以同样方式在“阿胖棋牌室”内接受他人投注“六合彩”36期，非法经营数额共计人民币144215元，并以投注额的8％收取提成。公诉人当庭宣读、出示了户籍证明、扣押物品清单、白色仓库存货单、账本、清点记录、“六合彩”宣传页、检查笔录；证人夏某、季某乙、张某、汪某的证言；《抓获经过》；被告人苏某、季某甲的供述和辩解等证据。认定被告人苏某、季某甲违反国家规定，伙同他人擅自经营“六合彩”，扰乱市场秩序，情节严重，其行为触犯了《中华人民共和国刑法》第二百二十五条第（四）项，犯罪事实清楚，证据确实充分，应当以非法经营罪追究其刑事责任，提请本院依法判处。 两被告人对指控基本事实未提出异议，均辩解，数额没有那么多。被告人苏某的辩护人提出，本案应定赌博，而不是非法经营。被告人是帮助贵州人在收注登记、销售“六合彩”，根据浙江省公检法《关于办理“六合彩”赌博案件的若干意见》第二条规定，应以赌博共犯论，认定为从犯予以处罚。认定犯罪数额14万余元，证据不足，并以被告人认罪态度好、系初犯为由，请求从轻处罚。被告人季某甲的辩护人提出，起诉认定犯罪数额不当；季某甲应为从犯，如实供述罪行，请求从轻处罚。 经审理查明，2012年10月至2013年2月间，被告人苏某为谋取非法利益，帮助贵州人在桐庐县横村镇方埠自己开的小吃店里，推销“六合彩”。2013年3月至6月20日间，被告人苏某、季某甲结伙，在横村镇锦华路“阿胖棋牌室”，以接受他人投注的方式，帮助贵州人销售“六和彩”，销售了36期，经营数额共计人民币144000余元，并按销售额的8％收取提成后平分。 认定上述事实，经庭审质证的证据有： 1、证人夏某证言，证明其与丈夫苏某于2003年来到桐庐，2007年在横村镇方埠开小吃店。 2、证人季某乙证言，证明2013年，苏某到其父亲季某甲开的棋牌室卖“六合彩”，后来其父亲也帮助苏某卖“六合彩”，并将卖出的情况记在帐本上。其去过几次看到有人在选号买“六合彩”。 3、证人张某证言，证明2013年4月，其开始在季某甲的小吃店里连续买“六合彩”，就中过420元和840元。 4、证人汪某证言，证明2013年春节后，其经常去季某甲小吃店，看到有“六合彩”宣传资料。4月底买了60元，没有中奖，后来继续以几十元、上百元买，都没中奖。其在网上看到介绍“六合彩”中奖的情况，又一次投了4800元在季某甲的棋牌室买了“六合彩”，仍没中奖。其先后有六七千元投注到“六合彩”。 5、检查笔录、清点记录、证据保全清单、扣押物品清单、白色仓库存货单、黑色封面账本，证明两被告人记录卖出“六合彩”的时间、期数、号码、金额等信息，统计后的投注金额为144000余元。扣押的“六合彩”宣传纸页，证明宣传“六合彩”的有关信息内容等。 6、《抓获经过》证明查获被告人苏某、季某甲的经过情况。 7、户籍证明、常住人口基本信息证明被告人、证人的基本身份。 8、被告人苏某、季某甲对公诉机关指控其在横村“阿胖棋牌室”内销售“六合彩”的事实供认不讳。 本案事实清楚，证据确实、充分，足以认定。 本院认为，被告人苏某、季某甲违反国家规定，销售“六合彩”，扰乱市场秩序，情节严重，其行为已构成非法经营罪。公诉机关指控成立。被告人苏某、季某甲的辩护人针对本案定性及犯罪数额所提出的意见，与经庭审质证的清点记录、证据保全清单、扣押物品清单、白色仓库存货单、黑色封面账本等证据事实不符，不予采纳。依照《中华人民共和国刑法》第二百二十五条第（四）项、第二十五条第一款、第五十二条之规定，判决如下： 一、被告人苏某犯非法经营罪，判处有期徒刑十个月，并处罚金人民币一万二千元（刑期从判决执行之日起计算。判决执行以前先行羁押的，羁押一日折抵刑期一日。即自2013年6月20日起至2014年4月19日止。罚金限本判决生效之日起三十日内缴纳）。 二、被告人季某甲犯非法经营罪，判处有期徒刑八个月，并处罚金人民币一万二千元（刑期从判决执行之日起计算。判决执行以前先行羁押的，羁押一日折抵刑期一日。即自2013年6月20日起至2014年2月19日止。罚金限本判决生效之日起三十日内缴纳）。 如不服本判决，可在接到判决书的第二天起十日内，通过本院或者直接向浙江省杭州市中级人民法院提出上诉。书面上诉的，应当提交上诉状正本一份，副本二份。 审判长林高良 人民陪审员凌传法 人民陪审员李秋明 二〇一三年十二月二十六日 书记员方晨","writId":"012fd617a90a6cc85ee2d2c7982825c6c58","writName":"苏某、季某甲非法经营罪一审刑事判决书"}
