{"ajId":"3bcdec1d-a309-455d-a6c1-8e815c21a135","ajName":"李某某贩卖毒品一案","ajjbqk":" 苏州市虎丘区人民检察院指控：2016年10月期间，被告人李某某两次向李某燕贩卖毒品甲基苯丙胺共计1.6克，后公安机关在其暂住地本市虎丘区和乐家园5幢XXX室查获毒品甲基苯丙胺2.3克。公诉机关认为，被告人李某某的行为已构成贩卖毒品罪。鉴于被告人李某某系自首，可以从轻处罚。为证实上述指控的事实及公诉意见，公诉人当庭讯问了被告人李某某，并宣读和出示了相关的证据材料。 被告人李某某对被指控的犯罪事实不持异议。 经审理查明：2016年10月期间，被告人李某某先后二次向李某燕贩卖毒品甲基苯丙胺共计1.6克，具体分述如下： 1、2016年10月15日，被告人李某某在苏州市虎丘区和乐家园5幢XXX室，以人民币300元的价格向李某燕贩卖甲基苯丙胺计0.8克。 2、2016年10月26日，被告人李某某在苏州市虎丘区和乐家园5幢楼下，以人民币300元的价格向李某燕贩卖甲基苯丙胺计0.8克。 2016年10月27日凌晨，被告人李某某因涉嫌吸毒被传唤，民警在其暂住地查获甲基苯丙胺计2.3克，被告人李某某主动交代了尚未掌握的贩卖毒品事实。 另查明：案发后，公安机关从李某某处扣押了吸毒用具2个、毒品疑似物1袋（重达67.5克，未检测出常见毒品成分）以及华为手机1部。 上述事实，被告人李某某在开庭审理过程中亦无异议，且有其辨认笔录，证人李某燕、华某某的证言及辨认笔录，公安机关出具抓获经过、发破案经过，提取笔录、称量记录，物证检验意见书，现场检测报告书，被告人李某某的身份证明、行政处罚决定书、微信记录、租房协议等证据证实，足以认定。 ","cpfxgc":"本院认为，被告人李某某贩卖毒品甲基苯丙胺不满十克，其行为已构成贩卖毒品罪，应对其依法处三年以下有期徒刑，并处罚金。因被告人李某某既有贩卖毒品行为，又有吸食毒品的行为，故应对公安机关在其暂住地查获的2.3克毒品与已经贩卖的毒品一并认定为贩卖毒品数量。鉴于被告人李某某能自动投案并如实供述犯罪事实，系自首，可以从轻处罚。被告人李某某有行政处罚记录，量刑时应予考虑。公诉机关指控被告人李某某犯贩卖毒品罪的事实清楚、证据确实、充分，指控的罪名及提请从轻处罚的理由成立，本院予以支持。据此，本院为维护正常的社会管理秩序，惩治犯罪，依照《中华人民共和国刑法》第三百四十七条第一款、第四款、第七款、第六十七条第一款、第六十四条之规定，判决如下：","pjjg":" 一、被告人李某某犯贩卖毒品罪，判处有期徒刑十一个月，并处罚金人民币二千元。 （刑期自判决执行之日起计算；罚金自判决生效第二日起十日内缴纳，上缴国库）。 二、已被公安机关扣押的吸毒用具二个，予以没收；已被公安机关扣押的毒品疑似物一袋及华为手机一部，由公安机关依法处理。 三、责令被告人李某某退出贩毒款人民币六百元，予以没收，上缴国库。 如不服本判决，可在接到判决书的第二日起十日内，通过本院或者直接向江苏省苏州市中级人民法院提出上诉。书面上诉的，应当提交上诉状正本一份，副本二份。","qw":"苏州市虎丘区人民法院 刑事判决书 （2017）苏0505刑初55号 公诉机关苏州市虎丘区人民检察院。 被告人李某某，男，1968年12月2日生，汉族，初中文化，无业。2016年10月28日因吸食毒品被行政拘留十日。2016年10月28日因涉嫌贩卖毒品犯罪被刑事拘留，同年12月2日被逮捕，2017年1月25日因患有严重疾病被取保候审，同年3月14日经本院决定被逮捕，同日因患有严重疾病，看守所不予收押再次被取保候审。 苏州市虎丘区人民检察院以虎检诉刑诉（2017）56号起诉书指控被告人李某某犯贩卖毒品罪，于2017年3月2日向本院提起公诉。本院于同日立案并依法适用简易程序，实行独任审判，公开开庭审理了本案。苏州市虎丘区人民检察院指派检察员步青芸出庭支持公诉。被告人李某某到庭参加诉讼。现已审理终结。 苏州市虎丘区人民检察院指控：2016年10月期间，被告人李某某两次向李某燕贩卖毒品甲基苯丙胺共计1.6克，后公安机关在其暂住地本市虎丘区和乐家园5幢XXX室查获毒品甲基苯丙胺2.3克。公诉机关认为，被告人李某某的行为已构成贩卖毒品罪。鉴于被告人李某某系自首，可以从轻处罚。为证实上述指控的事实及公诉意见，公诉人当庭讯问了被告人李某某，并宣读和出示了相关的证据材料。 被告人李某某对被指控的犯罪事实不持异议。 经审理查明：2016年10月期间，被告人李某某先后二次向李某燕贩卖毒品甲基苯丙胺共计1.6克，具体分述如下： 1、2016年10月15日，被告人李某某在苏州市虎丘区和乐家园5幢XXX室，以人民币300元的价格向李某燕贩卖甲基苯丙胺计0.8克。 2、2016年10月26日，被告人李某某在苏州市虎丘区和乐家园5幢楼下，以人民币300元的价格向李某燕贩卖甲基苯丙胺计0.8克。 2016年10月27日凌晨，被告人李某某因涉嫌吸毒被传唤，民警在其暂住地查获甲基苯丙胺计2.3克，被告人李某某主动交代了尚未掌握的贩卖毒品事实。 另查明：案发后，公安机关从李某某处扣押了吸毒用具2个、毒品疑似物1袋（重达67.5克，未检测出常见毒品成分）以及华为手机1部。 上述事实，被告人李某某在开庭审理过程中亦无异议，且有其辨认笔录，证人李某燕、华某某的证言及辨认笔录，公安机关出具抓获经过、发破案经过，提取笔录、称量记录，物证检验意见书，现场检测报告书，被告人李某某的身份证明、行政处罚决定书、微信记录、租房协议等证据证实，足以认定。 本院认为，被告人李某某贩卖毒品甲基苯丙胺不满十克，其行为已构成贩卖毒品罪，应对其依法处三年以下有期徒刑，并处罚金。因被告人李某某既有贩卖毒品行为，又有吸食毒品的行为，故应对公安机关在其暂住地查获的2.3克毒品与已经贩卖的毒品一并认定为贩卖毒品数量。鉴于被告人李某某能自动投案并如实供述犯罪事实，系自首，可以从轻处罚。被告人李某某有行政处罚记录，量刑时应予考虑。公诉机关指控被告人李某某犯贩卖毒品罪的事实清楚、证据确实、充分，指控的罪名及提请从轻处罚的理由成立，本院予以支持。据此，本院为维护正常的社会管理秩序，惩治犯罪，依照《中华人民共和国刑法》第三百四十七条第一款、第四款、第七款、第六十七条第一款、第六十四条之规定，判决如下： 一、被告人李某某犯贩卖毒品罪，判处有期徒刑十一个月，并处罚金人民币二千元。 （刑期自判决执行之日起计算；罚金自判决生效第二日起十日内缴纳，上缴国库）。 二、已被公安机关扣押的吸毒用具二个，予以没收；已被公安机关扣押的毒品疑似物一袋及华为手机一部，由公安机关依法处理。 三、责令被告人李某某退出贩毒款人民币六百元，予以没收，上缴国库。 如不服本判决，可在接到判决书的第二日起十日内，通过本院或者直接向江苏省苏州市中级人民法院提出上诉。书面上诉的，应当提交上诉状正本一份，副本二份。 审判员许修尧 二〇一七年三月十四日 书记员钱苏苏","writId":"060c31e1a5595e961b67be118fb9f8392f1","writName":"李某某贩卖毒品一审刑事判决书"}
