{"ajId":"969f6970-4fe5-43b5-b895-0ecb9895dcf0","ajName":"陈伟民诈骗一案","ajjbqk":" 北京市丰台区人民检察院指控：2012年6月25日，被告人陈伟民在北京市丰台区赵公口工商银行附近，以帮助被害人赵某、宋某将被丰台分局刑事拘留在押的亲属办事取保候审，以“捞人”名义诈骗被害人赵某、宋某各12万元人民币，总计24万元人民币，后被查获。 针对起诉的事实，公诉机关提供了相关证据。公诉机关认为，被告人陈伟民以非法占有为目的，使用欺骗手段诈骗他人财物，数额巨大，行为触犯了《中华人民共和国刑法》第二百六十六条之规定，已构成诈骗罪，提请本院依法惩处。 被告人陈伟民虽然当庭对起诉书指控的犯罪事实及罪名均无异议，但其当庭提出实质性辩解，称赵某、宋某请托的事项其已经请托王某办理，王某称能办理，收取的24万元是王某称交保证金和赔偿的钱，在收到钱一周后共分三次给了王某20万元，剩余的4万元是与王某顶账。后又称最后一次钱是给的张弛，共三四万元，是王某打电话让其把钱给张某2。 辩护人对公诉机关指控被告人陈伟民犯诈骗罪没有异议，提出被告人陈伟民犯罪后主动退赔6万元，具有一定悔改表现，且被告人陈伟民未来的社会危害性较小，建议合议庭对被告人陈伟民从轻处罚。 本院经审理查明：2012年4月，本案被害人宋某的丈夫孙某及被害人赵某的哥哥赵某1因涉嫌合同诈骗罪被北京市公安局丰台分局抓获并被采取刑事强制措施。被害人宋某、赵某为使孙某、赵某1不被羁押，通过朋友介绍认识本案被告人陈伟民。被告人陈伟民虚构自己有能力为孙某、赵某1办理取保候审的事实，谎称向公安机关交纳保释金的名义，于2012年6月25日在北京市丰台区赵公口工商银行附近，通过其名下工商银行账户（卡号×××）收取被害人宋某、赵某通过李某工商银行账户转账的人民币24万元（其中宋某、赵某各12万元）。后孙某、赵某1均因犯合同诈骗罪被判处实刑。被告人陈伟民将收取的24万元用于其个人支出。2016年9月28日，被告人陈伟民被北京市公安局丰台分局拘传到案。被告人陈伟民在案发后向被害人退还人民币6万元。 上述事实，有公诉人当庭出示下列证据证明： 1．侦查机关出具的破案报告、到案经过：证明被告人陈伟民于2016年9月28日23时许被黑龙江省齐齐哈尔市龙沙分局五龙派出所民警抓获。 2．被害人赵某、宋某陈述及辨认笔录：均称2012年4月，赵某哥哥赵某1和宋某的丈夫孙某因为合同诈骗被丰台分局拘留，后来通过金某的朋友介绍认识陈伟民，陈伟民跟二人说可以帮他们把人捞出来，陈伟民说需要保释金，保释金额是一个人12万元，把钱给陈伟民，他会把公安局开具的收据给他们，一个月左右就可以把人捞出来。当时他们住在丰台区赵公口的如家宾馆，在宾馆对面的工商银行，赵某和宋某每人给陈伟民汇了12万元。汇完钱后等着陈伟民的消息，过了一个月后再联系陈伟民就联系不上了，打陈伟民电话关机。直到2013年2月听说陈伟民已经被黑龙江省虎林市公安局抓起来了，所以到汇款地派出所报案。陈伟民收钱是通过户名陈伟民的中国工商银行×××的账户，其二人是通过户名李某的工商银行×××账户汇款。李某是宋某的外甥女，二人当时一起用李某的账号转账。汇款日期是2012年6月25日9时许。孙某被北京市丰台区法院因合同诈骗罪判了12年有期徒刑，现在齐齐哈尔监狱服刑；赵某1被判了三年有期徒刑。经辨认，赵某、宋某均辨认出本案被告人陈伟民即称可以办事并收钱的男子。 3．证人金某证言及辨认笔录：2012年6月初，宋某给我媳妇打电话称孙某在北京出事了，看能不能找朋友帮忙。我跟李某1说了此事，后李阳打电话问张某能不能帮忙，张某说他联系一下陈伟民能不能帮忙，陈伟民当时答应了能办。过了几天，李某1、张某和陈伟民见面谈了此事，陈伟民说事后要10万元人情费。6月24日，我与赵某、宋某、陈伟民在北京东方饭店喝茶说此事，当时陈伟民跟我们说让我们给他24万元取保金，陈伟民去联系公安局的人办理取保，并答应我们会给我们拿回公安局的收据回来。第二天上午，宋某和赵某就去丰台区赵公口工商银行汇款，之后我们联系不上陈伟民。2013年2月，通过张某知道陈伟民在黑龙江省虎林市公安局刑事拘留，我们才知道被骗。陈伟民说只要钱给了他，他一定能帮我们把孙某和赵某1办理取保候审。孙某和赵某1后来都被判刑了。经辨认，金某辨认出本案被告人陈伟民即其证言中提及的陈伟民。 4．证人张某证言：2012年6月初，李某1给我打电话问北京有没有朋友，我正好跟陈伟民在一起，陈伟民说他在北京有朋友，之后我就领李某1一块去见陈伟民。我们大概咨询一下陈伟民是否能将赵某1、孙某办理取保，陈伟民说能办，之后的事情我就不知道了。 5．银行账户明细、工商银行个人业务凭证、查询明细：证明户名陈伟民、卡号×××的工商银行账户2012年6月25日转账进入24万元，转账地区为工商银行北京分行方庄赵公口支行，对方账号×××（李某账户）。陈伟民该账户转入24万元前余额为50.01元，转入24万元后于2012年6月26日在哈尔滨卡取29040元至6222023500005333949账户（户名为陈某1），当日在哈尔滨卡取13万元至6222020903007387348账户（户名为杨某），2012年6月28日在哈尔滨卡取24000元至6222021612005120838（户名为陈某2）账户，2012年7月5日消费594元，2012年7月11日取款3000元，2012年7月12日卡取1万元，2012年7月15日卡取18000元。 6．北京市丰台区人民法院（2012）丰刑初字第1982号刑事判决书：证明孙某、赵某1因涉嫌诈骗罪于2012年4月1日被北京市公安局丰台分局羁押，同年5月9日被逮捕。2013年7月18日丰台区人民法院判决孙某犯合同诈骗罪，判处有期徒刑十二年；赵某1犯合同诈骗罪，判处有期徒刑三年。 7．被告人陈伟民供述与辩解，辨认笔录：被告人陈伟民在侦查机关做过多次供述与辩解，始终认可2012年四五月份，朋友张某找其帮忙找人将被北京市公安局丰台分局刑事拘留的涉嫌合同诈骗罪的孙某和赵某1二人捞出来，其问了朋友王某，王某说他找了北京市某政治处一个姓张的副主任，说这事可以办，但是一个人要花费10万元办事，钱是保释金，有公安局收据。后其联系张某称能办事，但是难度大，每个人要花12万元的办事费，共24万元。认可与孙某、赵某1家属宋某、赵某及共同的朋友金某在北京见面，其对对方说能办取保候审，每人要花12万元，称钱给了人就能取保放出来，认可对方给其汇款24万元。但是关于收到24万元的具体去向前后辩解不同，侦查前期辩称收到钱后其分三四次给了王某十几万元现金，剩下的钱自己花了，王某于2012年7月脑梗去世，自己在哈尔滨因为虎林市诈骗的事被虎林市公安局抓获。后期辩称收到的24万元从银行分三四次提出18万元现金给了王某的叫张某1的朋友，是收到钱后十天左右给的张某1钱。张某1是王某的朋友，黑龙江哈尔滨人，现在没有张某1的电话。 经辨认，其辨认出其供述中提及的王某，与侦查机关调取的常住人口基本信息及户口注销证明涉及的王某系同一人。 8．侦查机关查询的常住人口基本信息及调取的户口注销证明：显示被告人陈伟民所称的王某为男性，出生日期1960年2月27日，原登记户籍地为哈尔滨市南岗区，该人于2012年6月27日因病死亡。 9．在逃人员登记信息表：证明被告人陈伟民因本案被北京市公安局丰台分局石榴园派出所登记抓逃。 10．常住人口基本信息：证明被告人陈伟民的自然人身份情况。 11．黑龙江省虎林市人民法院（2013）虎刑初字第67号刑事判决书、释放证明书及减刑裁定书：证明被告人陈伟民2013年8月29日因2012年7月的诈骗行为被判决犯诈骗罪，判处有期徒刑五年，并处罚金人民币五万元。2016年9月28日服刑期满释放。 上述证据经当庭质证，被告人及辩护人没有提出质证意见，上述证据经当庭质证，本院综合作出认定。 庭审期间，被告人陈伟民向法庭出示了收条复印件、汇款单复印件：上述收条复印件显示收款人为金某，2017年6月30日签署收条，内容为收到陈伟民汇款人民币4万元整，此款分别转给宋某。银行汇款单显示李某3向金某账户于2016年6月1日转账2万元。 上述证据经当庭质证，被告人陈伟民称李某3是自己的侄子，通过侄子银行卡给金某转账。公诉人称向宋某核实过，宋某称还过自己一个2万元、一个4万元。另经本院核实，金某、宋某认可收到陈伟民退还的6万元，赵某无法联系，本院对该退还的6万元予以确认。 ","cpfxgc":"本院认为，被告人陈伟民具有虚构事实、隐瞒真相的行为，有被害人宋某、赵某陈述及证人金某、张某证言证明被告人陈伟民承诺能为宋某、赵某办理二人亲属被北京市公安局丰台分局刑事羁押的取保候审手续，此点被告人陈伟民认可上述承诺。被告人陈伟民仅辩解称自己没有能力，是通过找朋友王某办理，但经过调取证据，被告人陈伟民收取宋某、赵某二人通过李某账户转账的24万元后的第三日，其所称的王某因疾病去世，而被告人陈伟民一直辩称将收到的24万元中的20万元在收到钱的一星期左右又分三四次给了王某或者王某的朋友，陈伟民的辩解与客观情况不符。经过查询陈伟民收款的银行账户，其账户入账24万元后没有一笔钱款进入王某账户，且该账户中的钱款部分转账进入他人账户，均证明被告人陈伟民的辩解为假。本案宋某、赵某请托的家属均因犯合同诈骗罪被判处实刑，证明被告人陈伟民承诺的事项没有办成。被告人陈伟民收取宋某、赵某的钱款后没有实际用于请托事项，短期内将钱款消费，证明其主观具有非法占有的故意。综上，足以证明被告人陈伟民虚构事实、隐瞒真相，骗取他人人民币24万元，系数额巨大，其行为已构成诈骗罪，应予处罚。北京市丰台区人民检察院指控被告人陈伟民犯诈骗罪的证据确实充分，罪名成立。被告人陈伟民虽因犯罪被判处过刑罚，但是此次犯罪发生时间在其已被判处刑罚的犯罪时间之前，系漏罪，其已被判处的刑罚已经执行完毕，本次犯罪无需与上次犯罪并罚。被告人陈伟民虽然表示认罪，但是其辩解实质否认犯罪，不构成如实供述。被告人陈伟民没有法定的从轻处罚情节，考虑其案发后曾退还被害人6万元，量刑时酌情从轻处罚。辩护人的辩护意见，本院酌予采纳。依照《中华人民共和国刑法》第二百六十六条、第五十二条、第五十三条、第六十四条、第六十一条之规定，判决如下：","pjjg":" 一、被告人陈伟民犯诈骗罪，判处有期徒刑四年，并处罚金人民币三万元（刑期自判决执行之日起计算，判决前先行羁押的日期折抵刑期，即自2016年9月28日至2016年11月5日被先行羁押的39日折抵刑期。罚金于判决生效后三十日内缴纳）。 二、责令被告人陈伟民退赔人民币十八万元发还被害人宋某、赵某。 如不服本判决，可于接到判决书的第二日起十日内，通过本院或者直接向北京市第二中级人民法院提出上诉。书面上诉的，应提交上诉状正本一份、副本一份。","qw":"北京市丰台区人民法院 刑事判决书 （2018）京0106刑初124号 公诉机关北京市丰台区人民检察院。 被告人陈伟民，男，1962年12月27日出生，出生地黑龙江省，汉族，大专文化，无业，户籍地黑龙江省齐齐哈尔市碾子山区；曾因犯诈骗罪于2013年8月29日被黑龙江省虎林市人民法院判处有期徒刑五年，并处罚金人民币五万元，2016年9月28日刑满释放；因本案，于2016年9月28日被羁押，同年11月5日被北京市公安局丰台分局取保候审，于2017年10月25日被北京市丰台区人民检察院决定取保候审，2018年6月25日本院决定对被告人陈伟民逮捕（因该人不在案，现未实际逮捕）。又因涉嫌诈骗罪（与本案无关），于2018年4月11日被黑龙江省虎林市公安局刑事拘留，同年5月16日被黑龙江省虎林市公安局执行逮捕，现羁押于黑龙江省虎林市看守所。 辩护人尚卫，北京市民博律师事务所律师。 北京市丰台区人民检察院以京丰检公诉刑诉［2017］1670号起诉书指控被告人陈伟民犯诈骗罪，于2018年1月2日向本院提起公诉。本院依法组成合议庭，公开开庭审理了本案。北京市丰台区人民检察院指派检察员曹洪元、马志坤出庭支持公诉，被告人陈伟民及辩护人尚卫到庭参加诉讼。现已审理终结。 北京市丰台区人民检察院指控：2012年6月25日，被告人陈伟民在北京市丰台区赵公口工商银行附近，以帮助被害人赵某、宋某将被丰台分局刑事拘留在押的亲属办事取保候审，以“捞人”名义诈骗被害人赵某、宋某各12万元人民币，总计24万元人民币，后被查获。 针对起诉的事实，公诉机关提供了相关证据。公诉机关认为，被告人陈伟民以非法占有为目的，使用欺骗手段诈骗他人财物，数额巨大，行为触犯了《中华人民共和国刑法》第二百六十六条之规定，已构成诈骗罪，提请本院依法惩处。 被告人陈伟民虽然当庭对起诉书指控的犯罪事实及罪名均无异议，但其当庭提出实质性辩解，称赵某、宋某请托的事项其已经请托王某办理，王某称能办理，收取的24万元是王某称交保证金和赔偿的钱，在收到钱一周后共分三次给了王某20万元，剩余的4万元是与王某顶账。后又称最后一次钱是给的张弛，共三四万元，是王某打电话让其把钱给张某2。 辩护人对公诉机关指控被告人陈伟民犯诈骗罪没有异议，提出被告人陈伟民犯罪后主动退赔6万元，具有一定悔改表现，且被告人陈伟民未来的社会危害性较小，建议合议庭对被告人陈伟民从轻处罚。 本院经审理查明：2012年4月，本案被害人宋某的丈夫孙某及被害人赵某的哥哥赵某1因涉嫌合同诈骗罪被北京市公安局丰台分局抓获并被采取刑事强制措施。被害人宋某、赵某为使孙某、赵某1不被羁押，通过朋友介绍认识本案被告人陈伟民。被告人陈伟民虚构自己有能力为孙某、赵某1办理取保候审的事实，谎称向公安机关交纳保释金的名义，于2012年6月25日在北京市丰台区赵公口工商银行附近，通过其名下工商银行账户（卡号×××）收取被害人宋某、赵某通过李某工商银行账户转账的人民币24万元（其中宋某、赵某各12万元）。后孙某、赵某1均因犯合同诈骗罪被判处实刑。被告人陈伟民将收取的24万元用于其个人支出。2016年9月28日，被告人陈伟民被北京市公安局丰台分局拘传到案。被告人陈伟民在案发后向被害人退还人民币6万元。 上述事实，有公诉人当庭出示下列证据证明： 1．侦查机关出具的破案报告、到案经过：证明被告人陈伟民于2016年9月28日23时许被黑龙江省齐齐哈尔市龙沙分局五龙派出所民警抓获。 2．被害人赵某、宋某陈述及辨认笔录：均称2012年4月，赵某哥哥赵某1和宋某的丈夫孙某因为合同诈骗被丰台分局拘留，后来通过金某的朋友介绍认识陈伟民，陈伟民跟二人说可以帮他们把人捞出来，陈伟民说需要保释金，保释金额是一个人12万元，把钱给陈伟民，他会把公安局开具的收据给他们，一个月左右就可以把人捞出来。当时他们住在丰台区赵公口的如家宾馆，在宾馆对面的工商银行，赵某和宋某每人给陈伟民汇了12万元。汇完钱后等着陈伟民的消息，过了一个月后再联系陈伟民就联系不上了，打陈伟民电话关机。直到2013年2月听说陈伟民已经被黑龙江省虎林市公安局抓起来了，所以到汇款地派出所报案。陈伟民收钱是通过户名陈伟民的中国工商银行×××的账户，其二人是通过户名李某的工商银行×××账户汇款。李某是宋某的外甥女，二人当时一起用李某的账号转账。汇款日期是2012年6月25日9时许。孙某被北京市丰台区法院因合同诈骗罪判了12年有期徒刑，现在齐齐哈尔监狱服刑；赵某1被判了三年有期徒刑。经辨认，赵某、宋某均辨认出本案被告人陈伟民即称可以办事并收钱的男子。 3．证人金某证言及辨认笔录：2012年6月初，宋某给我媳妇打电话称孙某在北京出事了，看能不能找朋友帮忙。我跟李某1说了此事，后李阳打电话问张某能不能帮忙，张某说他联系一下陈伟民能不能帮忙，陈伟民当时答应了能办。过了几天，李某1、张某和陈伟民见面谈了此事，陈伟民说事后要10万元人情费。6月24日，我与赵某、宋某、陈伟民在北京东方饭店喝茶说此事，当时陈伟民跟我们说让我们给他24万元取保金，陈伟民去联系公安局的人办理取保，并答应我们会给我们拿回公安局的收据回来。第二天上午，宋某和赵某就去丰台区赵公口工商银行汇款，之后我们联系不上陈伟民。2013年2月，通过张某知道陈伟民在黑龙江省虎林市公安局刑事拘留，我们才知道被骗。陈伟民说只要钱给了他，他一定能帮我们把孙某和赵某1办理取保候审。孙某和赵某1后来都被判刑了。经辨认，金某辨认出本案被告人陈伟民即其证言中提及的陈伟民。 4．证人张某证言：2012年6月初，李某1给我打电话问北京有没有朋友，我正好跟陈伟民在一起，陈伟民说他在北京有朋友，之后我就领李某1一块去见陈伟民。我们大概咨询一下陈伟民是否能将赵某1、孙某办理取保，陈伟民说能办，之后的事情我就不知道了。 5．银行账户明细、工商银行个人业务凭证、查询明细：证明户名陈伟民、卡号×××的工商银行账户2012年6月25日转账进入24万元，转账地区为工商银行北京分行方庄赵公口支行，对方账号×××（李某账户）。陈伟民该账户转入24万元前余额为50.01元，转入24万元后于2012年6月26日在哈尔滨卡取29040元至6222023500005333949账户（户名为陈某1），当日在哈尔滨卡取13万元至6222020903007387348账户（户名为杨某），2012年6月28日在哈尔滨卡取24000元至6222021612005120838（户名为陈某2）账户，2012年7月5日消费594元，2012年7月11日取款3000元，2012年7月12日卡取1万元，2012年7月15日卡取18000元。 6．北京市丰台区人民法院（2012）丰刑初字第1982号刑事判决书：证明孙某、赵某1因涉嫌诈骗罪于2012年4月1日被北京市公安局丰台分局羁押，同年5月9日被逮捕。2013年7月18日丰台区人民法院判决孙某犯合同诈骗罪，判处有期徒刑十二年；赵某1犯合同诈骗罪，判处有期徒刑三年。 7．被告人陈伟民供述与辩解，辨认笔录：被告人陈伟民在侦查机关做过多次供述与辩解，始终认可2012年四五月份，朋友张某找其帮忙找人将被北京市公安局丰台分局刑事拘留的涉嫌合同诈骗罪的孙某和赵某1二人捞出来，其问了朋友王某，王某说他找了北京市某政治处一个姓张的副主任，说这事可以办，但是一个人要花费10万元办事，钱是保释金，有公安局收据。后其联系张某称能办事，但是难度大，每个人要花12万元的办事费，共24万元。认可与孙某、赵某1家属宋某、赵某及共同的朋友金某在北京见面，其对对方说能办取保候审，每人要花12万元，称钱给了人就能取保放出来，认可对方给其汇款24万元。但是关于收到24万元的具体去向前后辩解不同，侦查前期辩称收到钱后其分三四次给了王某十几万元现金，剩下的钱自己花了，王某于2012年7月脑梗去世，自己在哈尔滨因为虎林市诈骗的事被虎林市公安局抓获。后期辩称收到的24万元从银行分三四次提出18万元现金给了王某的叫张某1的朋友，是收到钱后十天左右给的张某1钱。张某1是王某的朋友，黑龙江哈尔滨人，现在没有张某1的电话。 经辨认，其辨认出其供述中提及的王某，与侦查机关调取的常住人口基本信息及户口注销证明涉及的王某系同一人。 8．侦查机关查询的常住人口基本信息及调取的户口注销证明：显示被告人陈伟民所称的王某为男性，出生日期1960年2月27日，原登记户籍地为哈尔滨市南岗区，该人于2012年6月27日因病死亡。 9．在逃人员登记信息表：证明被告人陈伟民因本案被北京市公安局丰台分局石榴园派出所登记抓逃。 10．常住人口基本信息：证明被告人陈伟民的自然人身份情况。 11．黑龙江省虎林市人民法院（2013）虎刑初字第67号刑事判决书、释放证明书及减刑裁定书：证明被告人陈伟民2013年8月29日因2012年7月的诈骗行为被判决犯诈骗罪，判处有期徒刑五年，并处罚金人民币五万元。2016年9月28日服刑期满释放。 上述证据经当庭质证，被告人及辩护人没有提出质证意见，上述证据经当庭质证，本院综合作出认定。 庭审期间，被告人陈伟民向法庭出示了收条复印件、汇款单复印件：上述收条复印件显示收款人为金某，2017年6月30日签署收条，内容为收到陈伟民汇款人民币4万元整，此款分别转给宋某。银行汇款单显示李某3向金某账户于2016年6月1日转账2万元。 上述证据经当庭质证，被告人陈伟民称李某3是自己的侄子，通过侄子银行卡给金某转账。公诉人称向宋某核实过，宋某称还过自己一个2万元、一个4万元。另经本院核实，金某、宋某认可收到陈伟民退还的6万元，赵某无法联系，本院对该退还的6万元予以确认。 本院认为，被告人陈伟民具有虚构事实、隐瞒真相的行为，有被害人宋某、赵某陈述及证人金某、张某证言证明被告人陈伟民承诺能为宋某、赵某办理二人亲属被北京市公安局丰台分局刑事羁押的取保候审手续，此点被告人陈伟民认可上述承诺。被告人陈伟民仅辩解称自己没有能力，是通过找朋友王某办理，但经过调取证据，被告人陈伟民收取宋某、赵某二人通过李某账户转账的24万元后的第三日，其所称的王某因疾病去世，而被告人陈伟民一直辩称将收到的24万元中的20万元在收到钱的一星期左右又分三四次给了王某或者王某的朋友，陈伟民的辩解与客观情况不符。经过查询陈伟民收款的银行账户，其账户入账24万元后没有一笔钱款进入王某账户，且该账户中的钱款部分转账进入他人账户，均证明被告人陈伟民的辩解为假。本案宋某、赵某请托的家属均因犯合同诈骗罪被判处实刑，证明被告人陈伟民承诺的事项没有办成。被告人陈伟民收取宋某、赵某的钱款后没有实际用于请托事项，短期内将钱款消费，证明其主观具有非法占有的故意。综上，足以证明被告人陈伟民虚构事实、隐瞒真相，骗取他人人民币24万元，系数额巨大，其行为已构成诈骗罪，应予处罚。北京市丰台区人民检察院指控被告人陈伟民犯诈骗罪的证据确实充分，罪名成立。被告人陈伟民虽因犯罪被判处过刑罚，但是此次犯罪发生时间在其已被判处刑罚的犯罪时间之前，系漏罪，其已被判处的刑罚已经执行完毕，本次犯罪无需与上次犯罪并罚。被告人陈伟民虽然表示认罪，但是其辩解实质否认犯罪，不构成如实供述。被告人陈伟民没有法定的从轻处罚情节，考虑其案发后曾退还被害人6万元，量刑时酌情从轻处罚。辩护人的辩护意见，本院酌予采纳。依照《中华人民共和国刑法》第二百六十六条、第五十二条、第五十三条、第六十四条、第六十一条之规定，判决如下： 一、被告人陈伟民犯诈骗罪，判处有期徒刑四年，并处罚金人民币三万元（刑期自判决执行之日起计算，判决前先行羁押的日期折抵刑期，即自2016年9月28日至2016年11月5日被先行羁押的39日折抵刑期。罚金于判决生效后三十日内缴纳）。 二、责令被告人陈伟民退赔人民币十八万元发还被害人宋某、赵某。 如不服本判决，可于接到判决书的第二日起十日内，通过本院或者直接向北京市第二中级人民法院提出上诉。书面上诉的，应提交上诉状正本一份、副本一份。 审判长仇春子 人民陪审员张惠玫 人民陪审员黄光芳 二〇一八年十一月一日 书记员杨蕊","writId":"005d5c959030d5d0ec794a41e6923bf1416","writName":"陈伟民诈骗一审刑事判决书"}
