{"ajId":"edd64826-2ae7-4854-b073-f6f4cb43a3f3","ajName":"孙某犯危险驾驶罪一案","ajjbqk":" 公诉机关指控，2016年2月24日0时许，被告人孙某醉酒驾驶鲁K×××××号轻型封闭货车沿威海市文登区龙山路由南向北行驶至仙山公园处，被正在执勤的民警查获。经检验，被告人孙某血液中酒精含量为108.92mg／100ml。 上述事实，被告人孙某在开庭审理过程中亦无异议，且有被告人孙某的供述；酒精含量检验报告书、检查笔录；查获经过；受案登记表；驾驶人、机动车信息查询结果；人口详细查询结果；录像光盘等证据证实，足以认定。 ","cpfxgc":"本院认为，被告人孙某在道路上醉酒驾驶机动车，其行为已构成危险驾驶罪，应予惩处。公诉机关指控的事实和罪名成立，予以支持。鉴于被告人孙某归案后认罪态度较好，可酌情从轻处罚。根据本案的犯罪事实、性质、情节及社会危害性，依照《中华人民共和国刑法》第一百三十三条之一第一款第（二）项、第六十七条第三款、第五十二条、第五十三条、第七十二条第一款之规定，判决如下：","pjjg":" 被告人孙某犯危险驾驶罪，判处拘役一个月，缓刑三个月，并处罚金人民币三千元（罚金已缴纳）。 （缓刑考验期限，从判决确定之日起计算。） 如不服本判决，可在接到判决书的第二日起十日内，通过本院或者直接向山东省威海市中级人民法院提出上诉。书面上诉的，应当提交上诉状正本一份，副本二份。","qw":"孙某犯危险驾驶罪一审刑事判决书 山东省威海市文登区人民法院 刑事判决书 （2016）鲁1003刑初178号 公诉机关山东省威海市文登区人民检察院。 被告人孙某，男，976年10月16日生于黑龙江省嫩江县，汉族，初中文化，无业。2016年3月10日因涉嫌危险驾驶罪被取保候审。 山东省威海市文登区人民检察院以威文检公刑诉［2016］166号起诉书指控被告人孙某犯危险驾驶罪，于2016年5月19日向本院提起公诉。本院依法组成合议庭，适用简易程序，公开开庭审理了本案。威海市文登区人民检察院指派检察员杜明涛、刘葳博出庭支持公诉，被告人孙某到庭参加诉讼。现已审理终结。 公诉机关指控，2016年2月24日0时许，被告人孙某醉酒驾驶鲁K×××××号轻型封闭货车沿威海市文登区龙山路由南向北行驶至仙山公园处，被正在执勤的民警查获。经检验，被告人孙某血液中酒精含量为108.92mg／100ml。 上述事实，被告人孙某在开庭审理过程中亦无异议，且有被告人孙某的供述；酒精含量检验报告书、检查笔录；查获经过；受案登记表；驾驶人、机动车信息查询结果；人口详细查询结果；录像光盘等证据证实，足以认定。 本院认为，被告人孙某在道路上醉酒驾驶机动车，其行为已构成危险驾驶罪，应予惩处。公诉机关指控的事实和罪名成立，予以支持。鉴于被告人孙某归案后认罪态度较好，可酌情从轻处罚。根据本案的犯罪事实、性质、情节及社会危害性，依照《中华人民共和国刑法》第一百三十三条之一第一款第（二）项、第六十七条第三款、第五十二条、第五十三条、第七十二条第一款之规定，判决如下： 被告人孙某犯危险驾驶罪，判处拘役一个月，缓刑三个月，并处罚金人民币三千元（罚金已缴纳）。 （缓刑考验期限，从判决确定之日起计算。） 如不服本判决，可在接到判决书的第二日起十日内，通过本院或者直接向山东省威海市中级人民法院提出上诉。书面上诉的，应当提交上诉状正本一份，副本二份。 审判长张文健 人民陪审员于占坤 人民陪审员王树松 二〇一六年五月三十日 书记员侯美琴","writId":"06691a421bbb9091ff93434e7655fa577d3","writName":"孙某犯危险驾驶罪一审刑事判决书"}
