{"ajId":"271675ea-ed78-43d8-b9a8-7b7d0dc185f7","ajName":"丁某某、马某某故意伤害一案","ajjbqk":" 昆明市五华区人民检察院指控：2016年12月10日18时许，被告人丁某某、马某某在本市五华区教场北路玖如堂小区门口，因买卖建材结算款问题与被害人李某1发生纠纷后引发肢体冲突。被告人丁某某、马某某将被害人李某1殴打致伤（经鉴定，被害人李某1此次伤情构成轻伤二级）。公诉机关认为应当以故意伤害罪追究被告人丁某某、马某某的刑事责任，并当庭提出被告人丁某某、马某某归案后如实供述自己的犯罪行为，得被害人的谅解，可以从轻处罚。 被告人丁某某、马某某对公诉机关指控的事实及罪名予以承认，无辩解及辩护意见。被告人丁某某、马某某的辩护人提出被告人罪行较轻、犯罪情节轻微；案发后积极赔偿被害人损失，取得谅解；认罪态度好，系初犯、偶犯，请求法庭对被告人免于刑事处罚或适用缓刑等辩护意见。 经审理查明的事实与公诉机关指控一致。另查明，被告人赔偿了被害人的经济损失，取得谅解。 以上事实，有公诉机关当庭宣读和出示并经质证的两名被告人的户籍证明，抓获经过，被告人的供述，被害人李某2的陈述，证人谢某、赵某、李某3、罗某1、朱某能的证言，司法鉴定意见书，鉴定聘请书，鉴定意见通知书，辨认笔录及照片，现场辨认笔录及照片，刑事谅解书，收据等证据材料予以印证，经查证属实。被告人及辩护人对以上证据无异议，且无证据向法庭提交。本院认为上述证据采证程序合法，内容客观真实，相互之间已经形成证据锁链，可以作为定案依据。 ","cpfxgc":"本院认为，被告人丁某某、马某某故意伤害他人身体，致一人轻伤，其行为已构成故意伤害罪。公诉机关指控的事实及罪名成立。被告人丁某某、马某某当庭自愿认罪，如实供述犯罪行为，积极赔偿被害人的经济损失，取得谅解，可以从轻处罚并适用缓刑。对于辩护人所提免予刑事处罚的观点，本院认为，被告人的行为具有一定社会危害性，应受刑罚处罚，故对此观点不予采纳，其它合理辩护意见，本院在量刑时予以考虑。据此，本院依照《中华人民共和国刑法》第二百三十四条第一款、第六十七条第三款、第七十二条、第七十三条之规定，判决如下：","pjjg":" 一、被告人丁某某犯故意伤害罪，判处有期徒刑一年，缓刑一年（缓刑考验期从判决确定之日起计算）。 二、被告人马某某犯故意伤害罪，判处有期徒刑一年，缓刑一年（缓刑考验期从判决确定之日起计算）。 如不服本判决，可在接到判决书的第二日起十日内，通过本院或者直接向昆明市中级人民法院提出上诉。书面上诉的，应当提交上诉状正本一份，副本一份。","qw":"昆明市五华区人民法院 刑事判决书 （2017）云0102刑初1412号 公诉机关昆明市五华区人民检察院。 被告人丁某某，男，1978年1月13日出生，汉族，小学文化，无业，户籍所在地：贵州省盘县，家住贵州省盘县。2016年12月14日因涉嫌故意伤害罪被昆明市公安局五华分局刑事拘留，2017年1月10日被取保候审。 辩护人李晓佳，云南大韬律师事务所律师。 被告人马某某，男，1977年3月8日出生，汉族，小学文化，无业，户籍所在地：贵州省盘县，家住贵州省盘县。2016年12月14日因涉嫌故意伤害罪被昆明市公安局五华分局刑事拘留，2017年1月10日被取保候审。 辩护人刘堃，云南大韬律师事务所律师。 昆明市五华区人民检察院以五检公一刑诉（2017）1570号起诉书指控被告人丁某某、马某某犯故意伤害罪，向本院提起公诉。本院于2017年11月28日受理后，依法适用简易程序，实行独任审判，公开开庭审理了本案。昆明市五华区人民检察院指派检察员章锟出庭支持公诉，被告人丁某某、马某某及辩护人李晓佳、刘某到庭参加诉讼。庭审中，被告人及辩护人未提出回避申请。本案现已审理终结。 昆明市五华区人民检察院指控：2016年12月10日18时许，被告人丁某某、马某某在本市五华区教场北路玖如堂小区门口，因买卖建材结算款问题与被害人李某1发生纠纷后引发肢体冲突。被告人丁某某、马某某将被害人李某1殴打致伤（经鉴定，被害人李某1此次伤情构成轻伤二级）。公诉机关认为应当以故意伤害罪追究被告人丁某某、马某某的刑事责任，并当庭提出被告人丁某某、马某某归案后如实供述自己的犯罪行为，得被害人的谅解，可以从轻处罚。 被告人丁某某、马某某对公诉机关指控的事实及罪名予以承认，无辩解及辩护意见。被告人丁某某、马某某的辩护人提出被告人罪行较轻、犯罪情节轻微；案发后积极赔偿被害人损失，取得谅解；认罪态度好，系初犯、偶犯，请求法庭对被告人免于刑事处罚或适用缓刑等辩护意见。 经审理查明的事实与公诉机关指控一致。另查明，被告人赔偿了被害人的经济损失，取得谅解。 以上事实，有公诉机关当庭宣读和出示并经质证的两名被告人的户籍证明，抓获经过，被告人的供述，被害人李某2的陈述，证人谢某、赵某、李某3、罗某1、朱某能的证言，司法鉴定意见书，鉴定聘请书，鉴定意见通知书，辨认笔录及照片，现场辨认笔录及照片，刑事谅解书，收据等证据材料予以印证，经查证属实。被告人及辩护人对以上证据无异议，且无证据向法庭提交。本院认为上述证据采证程序合法，内容客观真实，相互之间已经形成证据锁链，可以作为定案依据。 本院认为，被告人丁某某、马某某故意伤害他人身体，致一人轻伤，其行为已构成故意伤害罪。公诉机关指控的事实及罪名成立。被告人丁某某、马某某当庭自愿认罪，如实供述犯罪行为，积极赔偿被害人的经济损失，取得谅解，可以从轻处罚并适用缓刑。对于辩护人所提免予刑事处罚的观点，本院认为，被告人的行为具有一定社会危害性，应受刑罚处罚，故对此观点不予采纳，其它合理辩护意见，本院在量刑时予以考虑。据此，本院依照《中华人民共和国刑法》第二百三十四条第一款、第六十七条第三款、第七十二条、第七十三条之规定，判决如下： 一、被告人丁某某犯故意伤害罪，判处有期徒刑一年，缓刑一年（缓刑考验期从判决确定之日起计算）。 二、被告人马某某犯故意伤害罪，判处有期徒刑一年，缓刑一年（缓刑考验期从判决确定之日起计算）。 如不服本判决，可在接到判决书的第二日起十日内，通过本院或者直接向昆明市中级人民法院提出上诉。书面上诉的，应当提交上诉状正本一份，副本一份。 审判员何燕 二〇一七年十二月五日 书记员侯迎春","writId":"039ae491ba6e4b0da9491e16653afb1d6db","writName":"丁某某、马某某故意伤害一审刑事判决书"}
