{"ajId":"766ea0aa-e7e4-4d77-ba2c-5017d6eb7e0e","ajName":"被告人胡安民犯挪用资金罪一案","ajjbqk":" 经审理查明，2011年12月至2013年1月，被告人胡安民担任永济市信用联社信贷员及清代大队收贷员期间，利用职务之便，收取信贷户樊旺发本金和利息16600元、柴谦本金和利息4400元、景玉祥利息700元、黄彩凤本金和利息2700元、杨培刚利息1000元，共计25400元用于个人家庭开支。2013年7月12，被告人胡安民到永济市公安局投案。2013年7月17日，胡安民退还信用社现金共计26550元。 被告人胡安民对公诉机关指控的犯罪事实和罪名不持异议。 本案在审理期间依法委托社区矫正机关永济市司法局对被告人胡安民进行调查评估，2014年7月28日永济市司法局回复本院，意见为胡安民适用社区矫正。 上述事实，有公诉机关提交，并经当庭质证、认证的下列证据予以证明： 营业执照。证明永济市农村信用合作联社属集体所有制企业；2、劳动合同书。证明胡安民为本单位固定工；3、 永济市农村信用合作社的报案材料、收贷明细。证实本社职工胡安民收贷、收息2.5万余元不入帐，请求查处；4、胡安民的归案情况说明。证明胡安民于2013年7月12日到永济公安局经侦大队投案，并如实作了供述；5、被告人胡安民的供述。供述了其用款的原因和经过；6、永济市农村信用联社和胡安民的对帐手续。证明胡安民挪用的每笔款项、数额；7、证人樊旺发、柴谦、景玉祥、黄彩凤、杨培刚的证言。证实各自在信用社的借款归还都是交给了信用社催贷员胡安民；8、相关票据及信用社的情况说明。证实借贷往来及胡安民已归还催收帐的事实。 ","cpfxgc":"本院认为，被告人胡安民利用身为信用社员工的职务便利，采用收取客户本金和利息不入帐的方法本挪用本单位资金归个使用，用于家庭开支，数额较大，超过三个月未还，其行为已构成挪用资金罪。永济市人民检察院的指控，事实清楚，证据确实充分罪名成立。被告胡安民犯罪后能自动投案，如实供述，系自首，可从轻处罚。被告人胡安民已积极退赔了所挪用的全部款项，可酌情对其从轻处罚。被告人胡安民经社区矫正机构调查评估适用社区矫正，可依法对其判处缓刑。依照《中华人民共和国刑法》第二百七十二条第一款、第六十七条第一款、第七十二条、第七十三条之规定，判决如下：","pjjg":" 被告人胡安民犯挪用资金罪，判处拘役三个月，缓刑六个月。 （缓刑考验期限从判决确定之日起计算） 如不服本判决，可在接到判决书的第二天起十日内，通过本院或直接向山西省运城市中级人民法院提出上诉。书面上诉的，应交上诉状正本一份，副本两份。","qw":"山西省永济市人民法院 刑事判决书 （2014）永刑初字第124号 公诉机关永济市人民检察院。 被告人胡安民，男，1964年08月20日出生，汉族，大专文化，永济市关家庄村人，系永济市农村信用合作联社职工。2013年7月12日因涉嫌挪用资金罪被永济市公安局刑事拘留，同年7月19日被候审。 永济市人民检察院以永检公诉刑诉（2014）102号起诉书指控被告人胡安民犯挪用资金罪，于2014年7月18日向本院提起公诉。本院受理后，依法适用简易程序，实行独任审判，公开开庭审理了本案。永济市人民检察院指派代检察员李婷出庭支持公诉。被告人胡安民到庭参加了诉讼。本案现已审理终结。 经审理查明，2011年12月至2013年1月，被告人胡安民担任永济市信用联社信贷员及清代大队收贷员期间，利用职务之便，收取信贷户樊旺发本金和利息16600元、柴谦本金和利息4400元、景玉祥利息700元、黄彩凤本金和利息2700元、杨培刚利息1000元，共计25400元用于个人家庭开支。2013年7月12，被告人胡安民到永济市公安局投案。2013年7月17日，胡安民退还信用社现金共计26550元。 被告人胡安民对公诉机关指控的犯罪事实和罪名不持异议。 本案在审理期间依法委托社区矫正机关永济市司法局对被告人胡安民进行调查评估，2014年7月28日永济市司法局回复本院，意见为胡安民适用社区矫正。 上述事实，有公诉机关提交，并经当庭质证、认证的下列证据予以证明： 营业执照。证明永济市农村信用合作联社属集体所有制企业；2、劳动合同书。证明胡安民为本单位固定工；3、 永济市农村信用合作社的报案材料、收贷明细。证实本社职工胡安民收贷、收息2.5万余元不入帐，请求查处；4、胡安民的归案情况说明。证明胡安民于2013年7月12日到永济公安局经侦大队投案，并如实作了供述；5、被告人胡安民的供述。供述了其用款的原因和经过；6、永济市农村信用联社和胡安民的对帐手续。证明胡安民挪用的每笔款项、数额；7、证人樊旺发、柴谦、景玉祥、黄彩凤、杨培刚的证言。证实各自在信用社的借款归还都是交给了信用社催贷员胡安民；8、相关票据及信用社的情况说明。证实借贷往来及胡安民已归还催收帐的事实。 本院认为，被告人胡安民利用身为信用社员工的职务便利，采用收取客户本金和利息不入帐的方法本挪用本单位资金归个使用，用于家庭开支，数额较大，超过三个月未还，其行为已构成挪用资金罪。永济市人民检察院的指控，事实清楚，证据确实充分罪名成立。被告胡安民犯罪后能自动投案，如实供述，系自首，可从轻处罚。被告人胡安民已积极退赔了所挪用的全部款项，可酌情对其从轻处罚。被告人胡安民经社区矫正机构调查评估适用社区矫正，可依法对其判处缓刑。依照《中华人民共和国刑法》第二百七十二条第一款、第六十七条第一款、第七十二条、第七十三条之规定，判决如下： 被告人胡安民犯挪用资金罪，判处拘役三个月，缓刑六个月。 （缓刑考验期限从判决确定之日起计算） 如不服本判决，可在接到判决书的第二天起十日内，通过本院或直接向山西省运城市中级人民法院提出上诉。书面上诉的，应交上诉状正本一份，副本两份。 审判员李平海 二〇一四年八月十日 书记员任萌","writId":"0489dce7fc7d633e406763519ece798f6e7","writName":"被告人胡安民犯挪用资金罪一审刑事判决书"}
