{"ajId":"dba5c8ac-0973-4eeb-8a07-0342ae86dcfa","ajName":"徐某犯盗窃罪、抢劫罪一案","ajjbqk":" 公诉机关指控，被告人徐某以非法占有为目的，多次秘密窃取公民私有财物，价值143元，其行为已构成盗窃罪；被告人徐某在实施盗窃过程中，当场采取暴力或以暴力相威胁的手段抗拒抓捕，其行为已构成抢劫罪。被告人徐某一人犯两罪，依法应数罪并罚。被告人徐某在抢劫罪中因意志以外的原因而未得逞，系未遂，可以从轻或减轻处罚。被告人徐某归案后能如实供述主要犯罪事实，可以从轻处罚。为证实上述指控，公诉人当庭宣读并出示了被害人陈述、证人证言、价格鉴定意见、视频监控、营业执照、现场勘查笔录及照片、辨认笔录及照片、前科材料、抓获经过、户籍证明等证据材料。据此，诉请本院依照《中华人民共和国刑法》第二百六十四条、第二百六十九条、第二百六十三条、第六十九条、第二十三条、第六十七条第三款之规定予以判处。 被告人徐某对起诉书指控其抢劫部分的事实没有意见，但辨称只是想驾车离开，并未对被害人使用暴力威胁，其行为不构成抢劫罪，对起诉书的其余指控没有意见。 辩护人提出：一、盗窃部分，被告人徐某主观上没有盗窃较大财物的目的，客观上盗窃的数额累计未达数额较大的标准，属情节显著轻微，不认为是犯罪。二、抢劫部分，公诉机关的指控事实不清，证据不足，被告人主观上没有开车撞击使被害人害怕躲避的动机，客观上没有对被害人造成身体上的伤害，情节比较轻微，不构成转化型抢劫。 经审理查明： （一）盗窃 2015年1月2日、3日、5日及7日下午，被告人徐某先后4次窜至海宁市袁花镇被害人李某经营的副食品店内，采用顺手牵羊的手段，窃得店内小郎酒共13瓶，共计价值143元。案发后被告人徐某在家属帮助下已退赔被害人李某1000元。 上述事实，被告人徐某在开庭审理过程中亦无异议，并有被害人陈述、价格鉴定意见、视频监控、营业执照、前科材料、谅解协议、收条、抓获经过及户籍证明等证据证实，足以认定。 关于辩护人提出被告人徐某的盗窃行为属情节显著轻微，不认为是犯罪的意见。本院经查后认为，被告人徐某以非法占有为目的，在6天内4次窜至被害人李某店内实施盗窃，系在短期内连续、密集作案，显然不属于犯罪情节显著轻微，应当以盗窃罪追究其刑事责任。辩护人所提相关辩护意见于法不符，不予采纳。 （二）抢劫 2015年1月9日下午，被告人徐某窜至海宁市袁花镇被害人李某经营的副食品店内，采用顺手牵羊的手段，窃取店内小郎酒4瓶（价值44元），后在收银台被被害人李某发现，被告人徐某将4瓶小郎酒放回货架后欲驾驶停在店门口的汽车离开，被害人李某站在车前阻拦，被告人徐某强行继续驾车前行，致使被害人遭受汽车顶撞而被迫让行，被告人徐某遂驾车逃离现场。 上述事实，由经当庭举证、质证及本院确认的下列证据予以证实： 1．被害人李某的陈述，证实2015年1月9日下午，其和吴某发现之前偷酒的男子又到其店内，后在收银台将该男子叫住，让他等派出所的人过来再说，该男子从外套内拿出4瓶小郎酒放回货架后走到停在店门口的汽车内欲开车离开，其站在车头前用手推车头阻拦，男子开车朝其顶过来，其被顶后退，男子并未刹车，其因害怕被撞往边上躲开，男子便开车跑了。 2．证人吴某的证言，证实其在李某的店内当收银员，2015年1月9日下午，其和李某发现之前偷酒的男子又到店内，后在收银台将该男子拦住，该男子从上衣口袋掏出几瓶小郎酒放回货架后上车准备走，其和李某拦住他的车不让他走，男子还是强行开车走了。 3．价格鉴定意见，证实涉案的小郎酒4瓶，价值44元。 4．视频监控，证实2015年1月9日下午，被告人徐某在被害人李某店内，将货架上的4瓶小郎酒放进外套口袋，后在收银台被被害人李某等人拦住，被告人又转身走进店内；被告人徐某走到停在超市门口的汽车内发动汽车，被害人李某站在车前阻拦，被告人徐某仍继续驾车向前行驶，被害人李某被汽车顶着后退几步后被迫让行。 5．辨认笔录及照片，证实被告人李某辨认出被告人徐某是到其店内实施盗窃的男子，被告人徐某指认盗窃地点。 6．现场勘查笔录及照片，证实案发现场的相关情况。 关于被告人徐某及辩护人提出被告人徐某不构成抢劫罪的意见。本院经查后认为，被告人徐某在实施盗窃过程中被被害人发现后，为抗拒抓捕，当场采取驾车顶撞的方式对被害人进行暴力威胁，致使被害人被迫让行，该暴力威胁显然已抑制被害人的反抗，并且有较大危害性，其行为符合转化抢劫的构成要件，应以抢劫罪定罪处罚。被告人徐某及辩护人所提相关意见不予采纳。 综上，本案事实清楚，证据确实、充分，足以认定。 ","cpfxgc":"本院认为，被告人徐某以非法占有为目的，多次秘密窃取公私财物，价值143元，其行为已构成盗窃罪。被告人徐某在实施盗窃过程中，为抗拒抓捕当场使用暴力相威胁，其行为已构成抢劫罪。公诉机关指控被告人徐某所犯盗窃罪、抢劫罪罪名成立。被告人徐某一人犯两罪，依法应数罪并罚。被告人在实行抢劫犯罪时，由于意志以外的原因而未得逞，是犯罪未遂，依法可比照既遂犯减轻处罚。被告人徐某归案后能如实供述主要犯罪事实，且积极退赔，可分别依法及酌情从轻处罚。据此，依照《中华人民共和国刑法》第二百六十四条、第二百六十九条、第二百六十三条、第六十九条、第二十三条、第六十七条第三款之规定，判决如下：","pjjg":" 被告人徐某犯盗窃罪，判处有期徒刑六个月，并处罚金一千元；犯抢劫罪，判处有期徒刑二年六个月，并处罚金二千元。决定执行有期徒刑二年九个月，并处罚金三千元。 （刑期从判决执行之日起计算。判决执行以前先行羁押的，羁押一日折抵刑期一日，即自2015年1月13日起至2017年10月12日止。罚金限判决生效后一个月内缴纳。） 如不服本判决，可在接到判决书的第二日起十日内，通过本院或者直接向浙江省嘉兴市中级人民法院提出上诉。书面上诉的，应交上诉状正本一份，副本二份。","qw":"浙江省海宁市人民法院 刑事判决书 （2015）嘉海刑初字第1063号 公诉机关浙江省海宁市人民检察院。 被告人徐某。因犯盗窃罪，1987年12月被山东省郯城县人民法院判处有期徒刑七年；1998年10月被浙江省鄞县人民法院判处有期徒刑十二年，剥夺政治权利二年，并处罚金一万元，2006年8月10日刑满释放；2012年11月被本院判处管制六个月，并处罚金二千元。因本案，2015年1月13日被刑事拘留，同年2月12日被依法逮捕。现羁押于海宁市看守所。 辩护人张彬，山东鼎元律师事务所律师。 浙江省海宁市人民检察院以海检刑诉（2015）1072号起诉书指控被告人徐某犯盗窃、抢劫罪，于2015年8月25日向本院提起公诉。本院于同日立案，在适用简易程序审理过程中，发现本案具有不宜适用简易程序的情况，于2015年9月10日转为普通程序审理，并依法组成合议庭，于2015年9月22日公开开庭审理了本案。海宁市人民检察院指派代理检察员吕金亚及张晶晶出庭支持公诉。被告人徐某及辩护人张彬到庭参加诉讼。现已审理终结。 公诉机关指控，被告人徐某以非法占有为目的，多次秘密窃取公民私有财物，价值143元，其行为已构成盗窃罪；被告人徐某在实施盗窃过程中，当场采取暴力或以暴力相威胁的手段抗拒抓捕，其行为已构成抢劫罪。被告人徐某一人犯两罪，依法应数罪并罚。被告人徐某在抢劫罪中因意志以外的原因而未得逞，系未遂，可以从轻或减轻处罚。被告人徐某归案后能如实供述主要犯罪事实，可以从轻处罚。为证实上述指控，公诉人当庭宣读并出示了被害人陈述、证人证言、价格鉴定意见、视频监控、营业执照、现场勘查笔录及照片、辨认笔录及照片、前科材料、抓获经过、户籍证明等证据材料。据此，诉请本院依照《中华人民共和国刑法》第二百六十四条、第二百六十九条、第二百六十三条、第六十九条、第二十三条、第六十七条第三款之规定予以判处。 被告人徐某对起诉书指控其抢劫部分的事实没有意见，但辨称只是想驾车离开，并未对被害人使用暴力威胁，其行为不构成抢劫罪，对起诉书的其余指控没有意见。 辩护人提出：一、盗窃部分，被告人徐某主观上没有盗窃较大财物的目的，客观上盗窃的数额累计未达数额较大的标准，属情节显著轻微，不认为是犯罪。二、抢劫部分，公诉机关的指控事实不清，证据不足，被告人主观上没有开车撞击使被害人害怕躲避的动机，客观上没有对被害人造成身体上的伤害，情节比较轻微，不构成转化型抢劫。 经审理查明： （一）盗窃 2015年1月2日、3日、5日及7日下午，被告人徐某先后4次窜至海宁市袁花镇被害人李某经营的副食品店内，采用顺手牵羊的手段，窃得店内小郎酒共13瓶，共计价值143元。案发后被告人徐某在家属帮助下已退赔被害人李某1000元。 上述事实，被告人徐某在开庭审理过程中亦无异议，并有被害人陈述、价格鉴定意见、视频监控、营业执照、前科材料、谅解协议、收条、抓获经过及户籍证明等证据证实，足以认定。 关于辩护人提出被告人徐某的盗窃行为属情节显著轻微，不认为是犯罪的意见。本院经查后认为，被告人徐某以非法占有为目的，在6天内4次窜至被害人李某店内实施盗窃，系在短期内连续、密集作案，显然不属于犯罪情节显著轻微，应当以盗窃罪追究其刑事责任。辩护人所提相关辩护意见于法不符，不予采纳。 （二）抢劫 2015年1月9日下午，被告人徐某窜至海宁市袁花镇被害人李某经营的副食品店内，采用顺手牵羊的手段，窃取店内小郎酒4瓶（价值44元），后在收银台被被害人李某发现，被告人徐某将4瓶小郎酒放回货架后欲驾驶停在店门口的汽车离开，被害人李某站在车前阻拦，被告人徐某强行继续驾车前行，致使被害人遭受汽车顶撞而被迫让行，被告人徐某遂驾车逃离现场。 上述事实，由经当庭举证、质证及本院确认的下列证据予以证实： 1．被害人李某的陈述，证实2015年1月9日下午，其和吴某发现之前偷酒的男子又到其店内，后在收银台将该男子叫住，让他等派出所的人过来再说，该男子从外套内拿出4瓶小郎酒放回货架后走到停在店门口的汽车内欲开车离开，其站在车头前用手推车头阻拦，男子开车朝其顶过来，其被顶后退，男子并未刹车，其因害怕被撞往边上躲开，男子便开车跑了。 2．证人吴某的证言，证实其在李某的店内当收银员，2015年1月9日下午，其和李某发现之前偷酒的男子又到店内，后在收银台将该男子拦住，该男子从上衣口袋掏出几瓶小郎酒放回货架后上车准备走，其和李某拦住他的车不让他走，男子还是强行开车走了。 3．价格鉴定意见，证实涉案的小郎酒4瓶，价值44元。 4．视频监控，证实2015年1月9日下午，被告人徐某在被害人李某店内，将货架上的4瓶小郎酒放进外套口袋，后在收银台被被害人李某等人拦住，被告人又转身走进店内；被告人徐某走到停在超市门口的汽车内发动汽车，被害人李某站在车前阻拦，被告人徐某仍继续驾车向前行驶，被害人李某被汽车顶着后退几步后被迫让行。 5．辨认笔录及照片，证实被告人李某辨认出被告人徐某是到其店内实施盗窃的男子，被告人徐某指认盗窃地点。 6．现场勘查笔录及照片，证实案发现场的相关情况。 关于被告人徐某及辩护人提出被告人徐某不构成抢劫罪的意见。本院经查后认为，被告人徐某在实施盗窃过程中被被害人发现后，为抗拒抓捕，当场采取驾车顶撞的方式对被害人进行暴力威胁，致使被害人被迫让行，该暴力威胁显然已抑制被害人的反抗，并且有较大危害性，其行为符合转化抢劫的构成要件，应以抢劫罪定罪处罚。被告人徐某及辩护人所提相关意见不予采纳。 综上，本案事实清楚，证据确实、充分，足以认定。 本院认为，被告人徐某以非法占有为目的，多次秘密窃取公私财物，价值143元，其行为已构成盗窃罪。被告人徐某在实施盗窃过程中，为抗拒抓捕当场使用暴力相威胁，其行为已构成抢劫罪。公诉机关指控被告人徐某所犯盗窃罪、抢劫罪罪名成立。被告人徐某一人犯两罪，依法应数罪并罚。被告人在实行抢劫犯罪时，由于意志以外的原因而未得逞，是犯罪未遂，依法可比照既遂犯减轻处罚。被告人徐某归案后能如实供述主要犯罪事实，且积极退赔，可分别依法及酌情从轻处罚。据此，依照《中华人民共和国刑法》第二百六十四条、第二百六十九条、第二百六十三条、第六十九条、第二十三条、第六十七条第三款之规定，判决如下： 被告人徐某犯盗窃罪，判处有期徒刑六个月，并处罚金一千元；犯抢劫罪，判处有期徒刑二年六个月，并处罚金二千元。决定执行有期徒刑二年九个月，并处罚金三千元。 （刑期从判决执行之日起计算。判决执行以前先行羁押的，羁押一日折抵刑期一日，即自2015年1月13日起至2017年10月12日止。罚金限判决生效后一个月内缴纳。） 如不服本判决，可在接到判决书的第二日起十日内，通过本院或者直接向浙江省嘉兴市中级人民法院提出上诉。书面上诉的，应交上诉状正本一份，副本二份。 审判长费洁 人民陪审员邬明岚 人民陪审员汤洪涛 二〇一五年九月二十二日 书记员沈雨蜜","writId":"054c9e41b68d176cdc71259251fdf715189","writName":"徐某犯盗窃罪、抢劫罪一审刑事判决书"}
