{"ajId":"ca8045da-f6bb-427a-a2f4-829bfdff4d9c","ajName":"胡大根滥伐林木罪一案","ajjbqk":" 经审理查明，2014年至2018年期间，被告人胡大根明知采伐林木需办理许可手续，在未经林业行政主管部门许可并核发林木采伐许可证的情况下，采伐位于宁海县××山的林木。经鉴定，被采伐林木蓄积48.0177立方米。 2019年1月7日，被告人胡大根主动至公安机关投案，如实供述犯罪事实。 上述事实，被告人胡大根在开庭审理过程中无异议，并有证人胡某1、胡某2、胡某3的证言，现场勘验检查笔录及现场勘察图，辨认照片，图片说明，司法鉴定意见书、自留山清册，林权证，情况说明，证明，到案经过，人口信息等证据证实，足以认定。 ","cpfxgc":"本院认为，被告人胡大根违反森林法的规定，滥伐林木数量较大，其行为已构成滥伐林木罪。公诉机关指控的罪名成立。被告人胡大根具有自首情节，可从轻处罚。根据被告人胡大根的犯罪情节及悔罪表现，可宣告缓刑。依照《中华人民共和国刑法》第三百四十五条第二款、第六十七条第一款、第七十二条第一款、第三款、第七十三条第二款、第三款之规定，判决如下：","pjjg":" 被告人胡大根犯滥伐林木罪，判处有期徒刑一年六个月缓刑二年，并处罚金人民币八千元。 （缓刑考验期限，从判决确定之日起计算。罚金限于判决生效后一个月内缴纳）。 如不服本判决，可在接到判决书的第二日起十日内，通过本院或者直接向浙江省宁波市中级人民法院提出上诉。书面上诉的，应当提交上诉状正本一份，副本二份。","qw":"浙江省宁海县人民法院 刑事判决书 （2019）浙0226刑初112号 公诉机关浙江省宁海县人民检察院。 被告人胡大根，男，1958年10月18日出生于浙江省宁海县，汉族，小学文化程度，农民，住浙江省宁海县。因涉嫌犯滥伐林木罪于2019年1月7日被宁海县公安局取保候审。 浙江省宁海县人民检察院以宁检刑诉﹝2019﹞47号起诉书指控被告人胡大根犯滥伐林木罪，于2019年3月8日向本院提起公诉。本院于同日立案，依法适用简易程序，实行独任审判，公开开庭进行了审理。浙江省宁海县人民检察院检察员林岚，被告人胡大根到庭参加诉讼。现已审理终结。 经审理查明，2014年至2018年期间，被告人胡大根明知采伐林木需办理许可手续，在未经林业行政主管部门许可并核发林木采伐许可证的情况下，采伐位于宁海县××山的林木。经鉴定，被采伐林木蓄积48.0177立方米。 2019年1月7日，被告人胡大根主动至公安机关投案，如实供述犯罪事实。 上述事实，被告人胡大根在开庭审理过程中无异议，并有证人胡某1、胡某2、胡某3的证言，现场勘验检查笔录及现场勘察图，辨认照片，图片说明，司法鉴定意见书、自留山清册，林权证，情况说明，证明，到案经过，人口信息等证据证实，足以认定。 本院认为，被告人胡大根违反森林法的规定，滥伐林木数量较大，其行为已构成滥伐林木罪。公诉机关指控的罪名成立。被告人胡大根具有自首情节，可从轻处罚。根据被告人胡大根的犯罪情节及悔罪表现，可宣告缓刑。依照《中华人民共和国刑法》第三百四十五条第二款、第六十七条第一款、第七十二条第一款、第三款、第七十三条第二款、第三款之规定，判决如下： 被告人胡大根犯滥伐林木罪，判处有期徒刑一年六个月缓刑二年，并处罚金人民币八千元。 （缓刑考验期限，从判决确定之日起计算。罚金限于判决生效后一个月内缴纳）。 如不服本判决，可在接到判决书的第二日起十日内，通过本院或者直接向浙江省宁波市中级人民法院提出上诉。书面上诉的，应当提交上诉状正本一份，副本二份。 审判员阮建辉 二〇一九年三月十一日 代书记员XX云","writId":"0575d4da927dfbd11e6884856cc0713d6ed","writName":"胡大根滥伐林木罪一审刑事判决书"}
