{"ajId":"51e10da2-d7e4-4bf3-a062-64f526ce1512","ajName":"柳天甲走私、贩卖、运输、制造毒品罪一案","ajjbqk":" 公诉机关指控：2017年3月9日16时许，被告人柳天甲接到任某欲购买毒品的电话后，双方谈好以3200元人民币的价格交易8个毒品可卡因。后被告人柳天甲如约来到本市罗湖区城市天地广场宝轩酒店门前的停车场交易，后被告人柳天甲即被公安人员抓获归案，并被当场缴获毒资人民币3200元。公安人员另从任某处缴获涉案毒品一小包。经鉴定，涉案毒品含可卡因成分，净重为1.9克。 公诉机关当庭出示了以下证据：涉案毒品、毒资，涉案手机的照片；被告人身份材料及前科劣迹查询说明、行政处罚决定书、福田公安分局出具情况说明材料、聊天信息截图、通话记录的材料、扣押清单等书证；证人任某的证言，民警出具的抓获经过；被告人柳天甲的供述与辩解；涉案毒品检验报告；现场勘验、检查笔录，现场图及照片，辨认笔录，称量、取样及提取、扣押笔录等；提取、称量、扣押毒品的视频。并据此认为被告人柳天甲的行为已构成贩卖毒品罪，应依法追究其刑事责任。 被告人柳天甲当庭承认控罪，对指控的上述事实和证据均无异议，请求法庭从轻处罚。辩护人认为被告人具有如下从轻、减轻处罚情节：1、具有坦白情节；2、系初犯，认罪、悔罪；3、被告人系受鹅引诱才实施犯罪；4、涉案毒品数量较少，且被缴获未流入社会。 经审理查明：公诉机关指控被告人柳天甲犯贩卖毒品罪的上述事实清楚、证据确实、充分，证据来源合法且经当庭质证，本院予以采信。 ","cpfxgc":"本院认为，被告人柳天甲无视国家法律，明知是毒品而予以贩卖，其行为已构成贩卖毒品罪，应依法予以惩罚。公诉机关指控的事实和罪名成立。被告人归案后能如实供述罪行，认罪、悔罪，系初犯，可以从轻处罚。涉案毒品交易在公安机关的控制下进行，毒品未注入社会的情节，量刑时酌情予以考虑。辩护人的相关意见，本院予以采纳。依照《中华人民共和国刑法》第三百四十七条第一款、第四款、第六十七条第三款、第五十二条、第五十三条、第六十四条之规定，判决如下：","pjjg":" 一、被告人柳天甲犯贩卖毒品罪，判处有期徒刑六个月，并处罚金人民币一千元。 （刑期自判决执行之日起计算，判决执行以前先行羁押的羁押一日折抵刑期一日，因吸食毒品被行政拘留的日期不予折抵刑期，即自2017年3月20日起至2017年9月19日止；罚金自判决生效之日起十五日内缴纳。） 二、缴获的涉案毒品予以没收、销毁；作案工具手机一部依法没收，上缴国库。 如不服本判决，可在接到判决书的第二日起十日内，通过本院或直接向深圳市中级人民法院提出上诉。书面上诉的，应当提交上诉状正本一份、副本二份。","qw":"广东省深圳市福田区人民法院 刑事判决书 （2017）粤0304刑初1022号 公诉机关深圳市福田区人民检察院。 被告人柳天甲，男，1984年3月30日出生，汉族，初中文化，户籍所在地：黑龙江省双城市，暂住本市罗湖区。因贩卖毒品嫌疑，于2017年3月9日被抓获，因吸食毒品于当日被深圳市公安局福田分局处以行政拘留十五日，后因本案于2017年3月20日被深圳市公安局福田分局刑事拘留，于2017年4月26日被逮捕。现羁押于深圳市福田区看守所。 辩护人张智雅，广东融关律师事务所律师。 辩护人孔晓婷，广东融关律师事务所实习律师。 深圳市福田区人民检察院以深福检刑诉（2017）1377号起诉书指控被告人柳天甲犯贩卖毒品罪，于2017年6月28日向本院提起公诉。本院依法适用速裁程序，实行独任审判，公开开庭审理了本案。深圳市福田区人民检察院指派检察员钟建军出庭支持公诉，被告人柳天甲及其辩护人张智雅、孔晓婷到庭参加诉讼。现已审理终结。 公诉机关指控：2017年3月9日16时许，被告人柳天甲接到任某欲购买毒品的电话后，双方谈好以3200元人民币的价格交易8个毒品可卡因。后被告人柳天甲如约来到本市罗湖区城市天地广场宝轩酒店门前的停车场交易，后被告人柳天甲即被公安人员抓获归案，并被当场缴获毒资人民币3200元。公安人员另从任某处缴获涉案毒品一小包。经鉴定，涉案毒品含可卡因成分，净重为1.9克。 公诉机关当庭出示了以下证据：涉案毒品、毒资，涉案手机的照片；被告人身份材料及前科劣迹查询说明、行政处罚决定书、福田公安分局出具情况说明材料、聊天信息截图、通话记录的材料、扣押清单等书证；证人任某的证言，民警出具的抓获经过；被告人柳天甲的供述与辩解；涉案毒品检验报告；现场勘验、检查笔录，现场图及照片，辨认笔录，称量、取样及提取、扣押笔录等；提取、称量、扣押毒品的视频。并据此认为被告人柳天甲的行为已构成贩卖毒品罪，应依法追究其刑事责任。 被告人柳天甲当庭承认控罪，对指控的上述事实和证据均无异议，请求法庭从轻处罚。辩护人认为被告人具有如下从轻、减轻处罚情节：1、具有坦白情节；2、系初犯，认罪、悔罪；3、被告人系受鹅引诱才实施犯罪；4、涉案毒品数量较少，且被缴获未流入社会。 经审理查明：公诉机关指控被告人柳天甲犯贩卖毒品罪的上述事实清楚、证据确实、充分，证据来源合法且经当庭质证，本院予以采信。 本院认为，被告人柳天甲无视国家法律，明知是毒品而予以贩卖，其行为已构成贩卖毒品罪，应依法予以惩罚。公诉机关指控的事实和罪名成立。被告人归案后能如实供述罪行，认罪、悔罪，系初犯，可以从轻处罚。涉案毒品交易在公安机关的控制下进行，毒品未注入社会的情节，量刑时酌情予以考虑。辩护人的相关意见，本院予以采纳。依照《中华人民共和国刑法》第三百四十七条第一款、第四款、第六十七条第三款、第五十二条、第五十三条、第六十四条之规定，判决如下： 一、被告人柳天甲犯贩卖毒品罪，判处有期徒刑六个月，并处罚金人民币一千元。 （刑期自判决执行之日起计算，判决执行以前先行羁押的羁押一日折抵刑期一日，因吸食毒品被行政拘留的日期不予折抵刑期，即自2017年3月20日起至2017年9月19日止；罚金自判决生效之日起十五日内缴纳。） 二、缴获的涉案毒品予以没收、销毁；作案工具手机一部依法没收，上缴国库。 如不服本判决，可在接到判决书的第二日起十日内，通过本院或直接向深圳市中级人民法院提出上诉。书面上诉的，应当提交上诉状正本一份、副本二份。 审判员陈敏 二〇一七年七月六日 书记员翁雅玲 速录员李韵虹","writId":"06163d702415ac8c5229c67fcfd88c753cb","writName":"柳天甲走私、贩卖、运输、制造毒品罪一审刑事判决书"}
