{"ajId":"aabc4ae7-5dc4-4012-82fd-62d30b36e906","ajName":"赵波走私、贩卖、运输、制造毒品一案","ajjbqk":" 公诉机关指控，被告人赵波明知甲基苯丙胺（冰毒）是毒品，仍贩卖给他人三次，合计120克，其行为已触犯《中华人民共和国刑法》第三百四十七条第一、二、七款，犯罪事实清楚，证据确实、充分，应当以贩卖毒品罪追究其刑事责任。被告人赵波归案后能如实供述自己的罪行，根据《中华人民共和国刑法》第六十七条第三款之规定，可以从轻处罚。为证实上述指控，公诉人当庭宣读并出示了证人的证言、扣押清单及照片、搜查笔录、提取笔录及照片、电子数据提取笔录及手机内信息、调取证据清单及微信交易记录、通话记录、监控视频、抓获经过、常住人口基本信息、前科材料等证据，诉请本院对被告人赵波予以判处。 被告人赵波就起诉书指控的犯罪事实及罪名均不持异议，并表示自愿认罪。 辩护人提出辩护意见如下：被告人赵波所贩卖的毒品虽然达到120克，但没有对社会和个人造成实质性的危害，只是作为中介谋取一点蝇头小利；被告人赵波自愿认罪，认罪态度好，有真实的悔罪行为；家属帮助积极退出了赃款等，请求予以从轻处罚。 经审理查明，被告人赵波分别与商圣跃、陈某1（另行处理）经事先联系，以微信转账支付价款等方式，先后向商圣跃购得甲基苯丙胺（冰毒）共计120克，后贩卖给陈某1，以赚取差价。具体如下： 1、2017年3月20日，被告人赵波与商圣跃经联系，以5100元向商圣跃购得甲基苯丙胺（冰毒）50克，随后以5800元之价款贩卖给陈某1，并由商圣跃将该50克甲基苯丙胺（冰毒）送至嘉兴市区建国路与东升路交叉口的中国工商银行处，交予在此等候的陈某1。被告人赵波从中获利700元。 2、2017年3月21日，被告人赵波以1700元向商圣跃购得甲基苯丙胺（冰毒）20克，随后在其居住的嘉兴市南湖区中意苑25幢205室将该甲基苯丙胺（冰毒）以2300元之价款贩卖给陈某1，从中获利600元。 3、2017年3月22日，被告人赵波以4200元向商圣跃购得甲基苯丙胺（冰毒）50克，随后在其居住的嘉兴市南湖区中意苑25幢205室将该甲基苯丙胺（冰毒）以5000元之价款贩卖给陈某1，从中获利800元。 本案审理期间，被告人赵波退出违法所得2100元。 上述事实，被告人赵波在开庭审理过程中亦无异议，且有证人陈某1、马某、韦某的证言，扣押清单及照片，搜查笔录、提取笔录及照片，电子数据提取笔录及手机信息，调取证据清单及微信交易记录、通话记录、监控视频，抓获经过，常住人口基本信息，行政处罚决定书、刑事判决书及释放证明书，执法暂扣款票据等证据证实，足以认定。 ","cpfxgc":"本院认为，被告人赵波明知甲基苯丙胺（冰毒）系毒品仍多次贩卖给他人，累计数量120克，其行为已构成贩卖毒品罪。公诉机关指控被告人赵波所犯罪名成立。被告人赵波归案后能如实供述自己的罪行，且积极退出违法所得，可分别依法及酌情从轻处罚。辩护人所提相关辩护意见予以采纳。被告人赵波有违法劣迹，酌情从重处罚。据此，为保障国家对毒品的管理制度，惩罚犯罪，依照《中华人民共和国刑法》第三百四十七条第一款、第二款第（一）项、第七款，第五十五条，第五十六条，第六十七条第三款，第六十四条之规定，判决如下：","pjjg":" 一、被告人赵波犯贩卖毒品罪，判处有期徒刑十五年，剥夺政治权利三年，并处没收财产六万元。 （刑期从判决执行之日起计算。判决执行以前先行羁押的，羁押一日折抵刑期一日，即自2017年3月27日起至2032年3月26日止。罚金限判决生效后一个月内缴纳。） 二、被告人赵波退出的违法所得2100元，予以没收，上缴国库。 如不服本判决，可在接到判决书的第二日起十日内，通过本院或者直接向浙江省嘉兴市中级人民法院提出上诉。书面上诉的，应交上诉状正本一份，副本二份。","qw":"浙江省海宁市人民法院 刑事判决书 （2017）浙0481刑初836号 公诉机关浙江省海宁市人民检察院。 被告人赵波（微信备注名“毛子”、昵称“波波”），男，1992年12月10日出生于四川省宣汉县，汉族，小学文化，农民，住四川省宣汉县。因犯聚众斗殴罪、敲诈勒索罪，2010年12月10日经浙江省嘉兴市秀洲区人民法院一审判决，并经嘉兴市中级人民法院二审终审裁定，被判处有期徒刑一年三个月，于2011年10月21日刑满释放。2013年9月24日因赌博被嘉兴市公安局秀洲区分局决定行政拘留十二日并处罚款五百元，并收缴赌资。2017年3月28日因吸毒被海宁市公安局决定行政拘留十日。因本案，2017年3月27日被刑事拘留，同年5月2日被依法逮捕。现羁押于海宁市看守所。 辩护人朱嘉琦，浙江子城律师事务所律师。 浙江省海宁市人民检察院以海检刑诉［2017］852号起诉书指控被告人赵波犯贩卖毒品罪，于2017年10月13日向本院提起公诉。本院于同日立案，依法适用简易程序，组成合议庭，于2017年11月13日公开开庭审理了本案。海宁市人民检察院指派检察员余雷及杨赛南出庭支持公诉，被告人赵波及辩护人朱嘉琦到庭参加诉讼。现已审理终结。 公诉机关指控，被告人赵波明知甲基苯丙胺（冰毒）是毒品，仍贩卖给他人三次，合计120克，其行为已触犯《中华人民共和国刑法》第三百四十七条第一、二、七款，犯罪事实清楚，证据确实、充分，应当以贩卖毒品罪追究其刑事责任。被告人赵波归案后能如实供述自己的罪行，根据《中华人民共和国刑法》第六十七条第三款之规定，可以从轻处罚。为证实上述指控，公诉人当庭宣读并出示了证人的证言、扣押清单及照片、搜查笔录、提取笔录及照片、电子数据提取笔录及手机内信息、调取证据清单及微信交易记录、通话记录、监控视频、抓获经过、常住人口基本信息、前科材料等证据，诉请本院对被告人赵波予以判处。 被告人赵波就起诉书指控的犯罪事实及罪名均不持异议，并表示自愿认罪。 辩护人提出辩护意见如下：被告人赵波所贩卖的毒品虽然达到120克，但没有对社会和个人造成实质性的危害，只是作为中介谋取一点蝇头小利；被告人赵波自愿认罪，认罪态度好，有真实的悔罪行为；家属帮助积极退出了赃款等，请求予以从轻处罚。 经审理查明，被告人赵波分别与商圣跃、陈某1（另行处理）经事先联系，以微信转账支付价款等方式，先后向商圣跃购得甲基苯丙胺（冰毒）共计120克，后贩卖给陈某1，以赚取差价。具体如下： 1、2017年3月20日，被告人赵波与商圣跃经联系，以5100元向商圣跃购得甲基苯丙胺（冰毒）50克，随后以5800元之价款贩卖给陈某1，并由商圣跃将该50克甲基苯丙胺（冰毒）送至嘉兴市区建国路与东升路交叉口的中国工商银行处，交予在此等候的陈某1。被告人赵波从中获利700元。 2、2017年3月21日，被告人赵波以1700元向商圣跃购得甲基苯丙胺（冰毒）20克，随后在其居住的嘉兴市南湖区中意苑25幢205室将该甲基苯丙胺（冰毒）以2300元之价款贩卖给陈某1，从中获利600元。 3、2017年3月22日，被告人赵波以4200元向商圣跃购得甲基苯丙胺（冰毒）50克，随后在其居住的嘉兴市南湖区中意苑25幢205室将该甲基苯丙胺（冰毒）以5000元之价款贩卖给陈某1，从中获利800元。 本案审理期间，被告人赵波退出违法所得2100元。 上述事实，被告人赵波在开庭审理过程中亦无异议，且有证人陈某1、马某、韦某的证言，扣押清单及照片，搜查笔录、提取笔录及照片，电子数据提取笔录及手机信息，调取证据清单及微信交易记录、通话记录、监控视频，抓获经过，常住人口基本信息，行政处罚决定书、刑事判决书及释放证明书，执法暂扣款票据等证据证实，足以认定。 本院认为，被告人赵波明知甲基苯丙胺（冰毒）系毒品仍多次贩卖给他人，累计数量120克，其行为已构成贩卖毒品罪。公诉机关指控被告人赵波所犯罪名成立。被告人赵波归案后能如实供述自己的罪行，且积极退出违法所得，可分别依法及酌情从轻处罚。辩护人所提相关辩护意见予以采纳。被告人赵波有违法劣迹，酌情从重处罚。据此，为保障国家对毒品的管理制度，惩罚犯罪，依照《中华人民共和国刑法》第三百四十七条第一款、第二款第（一）项、第七款，第五十五条，第五十六条，第六十七条第三款，第六十四条之规定，判决如下： 一、被告人赵波犯贩卖毒品罪，判处有期徒刑十五年，剥夺政治权利三年，并处没收财产六万元。 （刑期从判决执行之日起计算。判决执行以前先行羁押的，羁押一日折抵刑期一日，即自2017年3月27日起至2032年3月26日止。罚金限判决生效后一个月内缴纳。） 二、被告人赵波退出的违法所得2100元，予以没收，上缴国库。 如不服本判决，可在接到判决书的第二日起十日内，通过本院或者直接向浙江省嘉兴市中级人民法院提出上诉。书面上诉的，应交上诉状正本一份，副本二份。 审判长沈乐群 人民陪审员王国梁 人民陪审员金德香 二〇一七年十一月十三日 书记员张雨洁 。PAGE＼＊ArabicDash。-4-。 。PAGE＼＊ArabicDash。-1-。","writId":"067747743ffae10596eaed818958a7f6fd6","writName":"赵波走私、贩卖、运输、制造毒品一审刑事判决书"}
