{"ajId":"09913211-1de4-4978-a7d2-245916c4eb79","ajName":"被告人张俊贩卖毒品一案","ajjbqk":" 经审理查明，2016年11月14日晚，被告人张俊在南京市长虹路人才市场附近，以1000元的价格向叶某贩卖甲基苯丙胺（冰毒）2克。2016年11月15日23时许，被告人张俊在南京市光华门肯德基附近以500元的价格向叶某贩卖甲基苯丙胺一包，净重1.40克。 2016年11月16日，被告人张俊被公安机关抓获，其到案后如实供述了犯罪行为。 上述事实被告人张俊在庭审过程中无异议，且有证人叶某的证言，南京市公安局浦口分局出具的受案登记表、立案决定书、发破案经过、抓获经过、检查、辨认笔录、刑事摄影照片，行政处罚决定书、刑事判决书、释放证明，南京市公安局禁毒支队毒品检测室出具的鉴定意见，被告人张俊的户籍资料等证据证实。上述证据来源合法有效，内容客观真实，互为印证并已经庭审质证，本院予以采信。 ","cpfxgc":"本院认为，被告人张俊贩卖毒品，其行为构成贩卖毒品罪。被告人张俊系坦白，依法可以从轻处罚。被告人张俊曾因犯非法持有毒品罪、贩卖毒品罪被判过刑，又犯贩卖毒品罪，系毒品再犯，依法应当从重处罚。被告人张俊曾因故意犯罪被判处有期徒刑，刑罚执行完毕以后，在五年内再犯应当判处有期徒刑刑罚之罪，是累犯，依法应当从重处罚。被告人张俊有劣迹，酌情可以从重处罚。南京市浦口区人民检察院指控被告人张俊犯贩卖毒品罪的事实清楚，证据确实充分，定性及适用法律正确，应予支持。依照《中华人民共和国刑法》第三百四十七条第一款、第四款、第七款，第三百五十七条，第三百五十六条，第六十五条第一款，第六十七条第三款，第六十四条之规定，判决如下：","pjjg":" 一、被告人张俊犯贩卖毒品罪，判处有期徒刑一年八个月，罚金人民币三千元。 （刑期从判决执行之日起计算。判决执行以前先行羁押的，羁押一日折抵刑期一日，即自2016年11月16日起至2018年7月15日止。罚金限于本判决生后十日内缴纳。） 二、追缴被告人张俊的违法所得人民币1500元。 如不服本判决，可在接到判决书的第二日起十日内，通过本院或者直接向江苏省南京市中级人民法院提出上诉。书面上诉的，应当提交上诉状正本一份，副本二份。","qw":"江苏省南京市浦口区人民法院 刑事判决书 （2017）苏0111刑初70号 公诉机关南京市浦口区人民检察院。 被告人张俊，男，1973年4月19日出生于江苏省南京市，汉族，初中文化，无业，住南京市秦淮区，户籍所在地南京市玄武区。被告人张俊因吸毒，于2012年3月9日被南京市劳动教养管理委员会劳动教养一年，2012年4月19日被南京市公安局栖霞分局行政拘留十五日，2015年3月10日被南京市公安局江宁分局行政拘留十日。因犯非法持有毒品罪，于2012年7月26日被南京市栖霞区人民法院判处有期徒刑三年，罚金5000元；因犯贩卖毒品罪，于2016年8月被秦淮区人民法院判处有期徒刑六个月，罚金1000元，2016年10月7日刑满释放。被告人张俊因涉嫌贩卖毒品罪，于2016年11月16日被刑事拘留，2016年12月21日被逮捕。现羁押于南京市浦口区看守所。 南京市浦口区人民检察院以宁浦检诉刑诉［2017］75号起诉书指控被告人张俊犯贩卖毒品罪，于2017年2月10日向本院提起公诉。本院受理后，依法适用简易程序，组成合议庭，于2017年3月3日公开开庭审理了本案。南京市浦口区人民检察院检察员李寒，被告人张俊到庭参加诉讼。现已审理终结。 经审理查明，2016年11月14日晚，被告人张俊在南京市长虹路人才市场附近，以1000元的价格向叶某贩卖甲基苯丙胺（冰毒）2克。2016年11月15日23时许，被告人张俊在南京市光华门肯德基附近以500元的价格向叶某贩卖甲基苯丙胺一包，净重1.40克。 2016年11月16日，被告人张俊被公安机关抓获，其到案后如实供述了犯罪行为。 上述事实被告人张俊在庭审过程中无异议，且有证人叶某的证言，南京市公安局浦口分局出具的受案登记表、立案决定书、发破案经过、抓获经过、检查、辨认笔录、刑事摄影照片，行政处罚决定书、刑事判决书、释放证明，南京市公安局禁毒支队毒品检测室出具的鉴定意见，被告人张俊的户籍资料等证据证实。上述证据来源合法有效，内容客观真实，互为印证并已经庭审质证，本院予以采信。 本院认为，被告人张俊贩卖毒品，其行为构成贩卖毒品罪。被告人张俊系坦白，依法可以从轻处罚。被告人张俊曾因犯非法持有毒品罪、贩卖毒品罪被判过刑，又犯贩卖毒品罪，系毒品再犯，依法应当从重处罚。被告人张俊曾因故意犯罪被判处有期徒刑，刑罚执行完毕以后，在五年内再犯应当判处有期徒刑刑罚之罪，是累犯，依法应当从重处罚。被告人张俊有劣迹，酌情可以从重处罚。南京市浦口区人民检察院指控被告人张俊犯贩卖毒品罪的事实清楚，证据确实充分，定性及适用法律正确，应予支持。依照《中华人民共和国刑法》第三百四十七条第一款、第四款、第七款，第三百五十七条，第三百五十六条，第六十五条第一款，第六十七条第三款，第六十四条之规定，判决如下： 一、被告人张俊犯贩卖毒品罪，判处有期徒刑一年八个月，罚金人民币三千元。 （刑期从判决执行之日起计算。判决执行以前先行羁押的，羁押一日折抵刑期一日，即自2016年11月16日起至2018年7月15日止。罚金限于本判决生后十日内缴纳。） 二、追缴被告人张俊的违法所得人民币1500元。 如不服本判决，可在接到判决书的第二日起十日内，通过本院或者直接向江苏省南京市中级人民法院提出上诉。书面上诉的，应当提交上诉状正本一份，副本二份。 审判长陈安 人民陪审员陆鹏 人民陪审员穆红 二〇一七年三月六日 书记员刘培培","writId":"0445ad5c0420cc5245385c569f50c910e42","writName":"被告人张俊贩卖毒品一案的刑事判决书"}
