{"ajId":"458221cb-5eb8-4c50-b973-095c71c21530","ajName":"范永平危险驾驶罪一案","ajjbqk":" 呼和浩特市玉泉区人民检察院指控： 2017年8月24日23时0分，被告人范永平无机动车驾驶证酒后驾驶车牌号为×××号黑色长城牌轻型普通货车沿呼和浩特市玉泉区大南街由南向北行驶至兴盛街路口时，被执勤民警查获。经检验，被告人范永平血液酒精含量为91.87mg／10ml，属于醉酒驾驶机动车的行为。 公诉机关认为，被告人范永平醉酒驾驶机动车，其行为触犯了《中华人民共和国刑法》第一百三十三条之一的规定，应当以危险驾驶罪追究其刑事责任，请依法判处。 被告人范永平对起诉书指控的罪名和事实均无异议。 认定上述事实的证据有：呼和浩特市公安局交通管理支队玉泉大队的到案经过、被告人的供述，血液酒精含量检验报告，驾驶人信息查询结果单，机动车信息查询结果单。 ","cpfxgc":"本院认为，被告人范永平目无国法，无机动车驾驶证醉酒后驾驶机动车，违反了法律规定，其行为构成危险驾驶罪。公诉机关指控的犯罪事实清楚，证据确实、充分，指控的罪名成立，本院予以支持。鉴于被告人范永平如实供述自己的犯罪事实，认罪态度较好，有悔罪表现，本院酌情从轻处罚。依照《中华人民共和国刑法》第一百三十三条之一的规定，判决如下：","pjjg":" 被告人范永平犯危险驾驶罪，判处拘役一个月，并处罚金人民币三千元。 （刑期从判决执行之日起计算。判决执行以前先行羁押的，羁押一日折抵刑期一日）。 （罚金于判决生效后一个月内缴纳）。 如不服本判决，可在接到判决书的第二日起十日内，通过本院或者直接向呼和浩特市中级人民法院提出上诉。书面上诉的，应提交上诉状正本一份，副本二份。","qw":"呼和浩特市玉泉区人民法院 刑事判决书 （2017）内0104刑初425号 公诉机关呼和浩特市玉泉区人民检察院。 被告人范永平，户籍地内蒙古自治区清水河县，初中文化，企业职工，现住呼和浩特市。2017年8月25日因涉嫌危险驾驶罪被呼和浩特市公安局玉泉区分局刑事拘留，同年9月1日被呼和浩特市公安局玉泉区分局变更强制措施为取保候审。 呼和浩特市玉泉区人民检察院以玉泉院公诉刑诉（2017）436号起诉书指控被告人范永平犯危险驾驶罪，于2017年11月23日向本院提起公诉。本院受理后，依法适用简易程序，实行独任审理，公开开庭审理了本案，呼和浩特市玉泉区人民检察院指派检察员乔永红出庭支持公诉，被告人范永平到庭参加诉讼，本案现已审理终结。 呼和浩特市玉泉区人民检察院指控： 2017年8月24日23时0分，被告人范永平无机动车驾驶证酒后驾驶车牌号为×××号黑色长城牌轻型普通货车沿呼和浩特市玉泉区大南街由南向北行驶至兴盛街路口时，被执勤民警查获。经检验，被告人范永平血液酒精含量为91.87mg／10ml，属于醉酒驾驶机动车的行为。 公诉机关认为，被告人范永平醉酒驾驶机动车，其行为触犯了《中华人民共和国刑法》第一百三十三条之一的规定，应当以危险驾驶罪追究其刑事责任，请依法判处。 被告人范永平对起诉书指控的罪名和事实均无异议。 认定上述事实的证据有：呼和浩特市公安局交通管理支队玉泉大队的到案经过、被告人的供述，血液酒精含量检验报告，驾驶人信息查询结果单，机动车信息查询结果单。 本院认为，被告人范永平目无国法，无机动车驾驶证醉酒后驾驶机动车，违反了法律规定，其行为构成危险驾驶罪。公诉机关指控的犯罪事实清楚，证据确实、充分，指控的罪名成立，本院予以支持。鉴于被告人范永平如实供述自己的犯罪事实，认罪态度较好，有悔罪表现，本院酌情从轻处罚。依照《中华人民共和国刑法》第一百三十三条之一的规定，判决如下： 被告人范永平犯危险驾驶罪，判处拘役一个月，并处罚金人民币三千元。 （刑期从判决执行之日起计算。判决执行以前先行羁押的，羁押一日折抵刑期一日）。 （罚金于判决生效后一个月内缴纳）。 如不服本判决，可在接到判决书的第二日起十日内，通过本院或者直接向呼和浩特市中级人民法院提出上诉。书面上诉的，应提交上诉状正本一份，副本二份。 审判员呼日查 二〇一七年十二月十一日 书记员孙彬","writId":"0472d33b597947efc8d781e6390157fae5e","writName":"范永平危险驾驶罪一审刑事判决书"}
