{"ajId":"3b65318b-2af1-4173-8b06-80fed1917860","ajName":"李广福交通肇事罪一案","ajjbqk":" 玉林市玉州区人民检察院指控，2018年8月26日16时10分，被告人李广福驾驶桂K×××××重型自卸货车沿玉林市玉州区二环南路右转往盛世江南方向行驶，被害人武某1驾驶无号牌电动自行车搭乘武某3沿二环南路往S216省道方向直行。在二环南路江南路口，被告人李广福驾驶的桂K×××××货车与武某1的电动自行车发生碰撞，造成武某1受伤、武某3当场死亡的交通事故。经玉林市公安局交通警察支队直属四大队认定，被告人李广福负事故的全部责任。 另查明，被告人李广福赔偿武某3的家属764978元，得到被害人家属的谅解。 对起诉书指控的事实，公诉机关提供了相应证据予以证明。公诉机关认为，被告人李广福违反交通运输管理法规，致人死亡，其行为触犯了《中华人民共和国刑法》第一百三十三条之规定，应当以交通肇事罪追究其刑事责任。李广福犯罪以后自动投案，如实供述自己的罪行，是自首，根据《中华人民共和国刑法》第六十七条第一款的规定，可以从轻或者减轻处罚。根据《中华人民共和国刑事诉讼法》第一百七十六条的规定，提请本院依法判处。 被告人李广福对起诉书指控的事实和罪名均无异议。 经审理查明的事实与指控的事实一致。 另查明，被告人李广福发生交通事故后当即打电话报警，并在现场等候交警的到来，积极配合交警处理事故。 上述事实，被告人李广福在开庭审理过程中亦无异议，且有受案登记表，道路交通事故现场勘查笔录，道路交通事故现场图，道路交通事故现场勘验照片，公安交通管理行政强制措施凭证，被告人李广福身份证、驾驶证、机动车行驶证复印件，被害人武某1身份证、户口簿复印件，机动车及驾驶人信息查询结果单，证人武某2、李某、武某1、吴某证言，被告人李广福供述，尸体处理通知书，领取车辆通知书，抓获经过，道路交通事故认定书，当事人血样提取登记表，诉前财产保全告知书，病情简介，悉尼城物业管理处证明，就读证明，滨江公馆管理处证明，学生基本情况表，房产证复印件，道路交通事故抢救费支付通知书，抽样取证证据清单，毒品现场检测报告书，道路运输证复印件，机动车交通事故责任强制保险单复印件，李广福申请书，李广福指纹卡，道路交通事故证据公开记录，道路交通事故损害赔偿调解申请书及人民调解协议书，调解笔录，交通事故损害赔偿凭证，谅解保证书，被害方家属申请书及照片，玉林市公安局交通事故技术鉴定所法医学尸体检验鉴定书，尸体检验照片，居民死亡医学证明书，交通事故车辆技术检验意见书，道路运输车辆综合性能检验报告单，道路交通事故车辆技术检验照片，玉林市国泰司法鉴定所司法鉴定意见书，鉴定、检验意见告知书，户籍证明，父（母）子关系证明，交通事故现场监控视频录像光盘等证据证实，足以认定。 ","cpfxgc":"本院认为，被告人李广福违反交通管理法规，发生重大交通事故，致一人死亡，并负事故的全部责任，其行为已触犯刑律，构成了交通肇事罪。公诉机关指控李广福犯交通肇事罪成立。李广福犯罪以后自动投案，如实供述自己的罪行，是自首，依法可以从轻或减轻处罚。李广福赔偿了被害人的全部经济损失并取得被害人家属谅解，可酌情从轻处罚。鉴于上述情节，李广福确有悔罪表现，没有再犯罪的危险，宣告缓刑对所居住的社区没有重大不良影响，决定对李广福宣告缓刑。为严肃国法，维护交通运输安全，根据被告人李广福犯罪的事实，犯罪的性质、情节和对于社会的危害程度，依照《中华人民共和国刑法》第一百三十三条、第六十七条第一款、第七十二条第一款、第七十三条第二款和第三款，《最高人民法院关于审理交通肇事刑事案件具体应用法律若干问题的解释》第一条、第二条第一款第（一）项，《最高人民法院关于处理自首和立功具体应用法律若干问题的解释》第一条、第三条之规定，判决如下：","pjjg":" 被告人李广福犯交通肇事罪，判处有期徒刑八个月，缓刑一年。 （缓刑考验期限从判决确定之日起计算）。 如不服本判决，可在接到判决书的第二日起十日内通过本院或者直接向广西壮族自治区玉林市中级人民法院提起上诉。书面上诉的，应当提交上诉状正本一份，副本二份。","qw":"广西壮族自治区玉林市玉州区人民法院 刑事判决书 （2019）桂0902刑初46号 公诉机关广西壮族自治区玉林市玉州区人民检察院。 被告人李广福，男，1993年10月18日出生，汉族，初中文化，农民，户籍地及住址均为广西壮族自治区陆川县。因涉嫌犯交通肇事罪，于2018年10月18日被刑事拘留，同月26日玉林市玉州区人民检察院作出不批准逮捕决定书，次日由玉林市公安局玉州分局取保候审。2019年1月17日由本院取保候审。 玉林市玉州区人民检察院以玉区检公刑诉（2019）1号起诉书指控被告人李广福犯交通肇事罪，于2019年1月4日向本院提起公诉。本院于2019年1月11日受理，并依法组成合议庭，适用普通程序公开开庭审理了本案。玉林市玉州区人民检察院指派检察员黎倍出庭支持公诉，被告人李广福到庭参加诉讼。现已审理终结。 玉林市玉州区人民检察院指控，2018年8月26日16时10分，被告人李广福驾驶桂K×××××重型自卸货车沿玉林市玉州区二环南路右转往盛世江南方向行驶，被害人武某1驾驶无号牌电动自行车搭乘武某3沿二环南路往S216省道方向直行。在二环南路江南路口，被告人李广福驾驶的桂K×××××货车与武某1的电动自行车发生碰撞，造成武某1受伤、武某3当场死亡的交通事故。经玉林市公安局交通警察支队直属四大队认定，被告人李广福负事故的全部责任。 另查明，被告人李广福赔偿武某3的家属764978元，得到被害人家属的谅解。 对起诉书指控的事实，公诉机关提供了相应证据予以证明。公诉机关认为，被告人李广福违反交通运输管理法规，致人死亡，其行为触犯了《中华人民共和国刑法》第一百三十三条之规定，应当以交通肇事罪追究其刑事责任。李广福犯罪以后自动投案，如实供述自己的罪行，是自首，根据《中华人民共和国刑法》第六十七条第一款的规定，可以从轻或者减轻处罚。根据《中华人民共和国刑事诉讼法》第一百七十六条的规定，提请本院依法判处。 被告人李广福对起诉书指控的事实和罪名均无异议。 经审理查明的事实与指控的事实一致。 另查明，被告人李广福发生交通事故后当即打电话报警，并在现场等候交警的到来，积极配合交警处理事故。 上述事实，被告人李广福在开庭审理过程中亦无异议，且有受案登记表，道路交通事故现场勘查笔录，道路交通事故现场图，道路交通事故现场勘验照片，公安交通管理行政强制措施凭证，被告人李广福身份证、驾驶证、机动车行驶证复印件，被害人武某1身份证、户口簿复印件，机动车及驾驶人信息查询结果单，证人武某2、李某、武某1、吴某证言，被告人李广福供述，尸体处理通知书，领取车辆通知书，抓获经过，道路交通事故认定书，当事人血样提取登记表，诉前财产保全告知书，病情简介，悉尼城物业管理处证明，就读证明，滨江公馆管理处证明，学生基本情况表，房产证复印件，道路交通事故抢救费支付通知书，抽样取证证据清单，毒品现场检测报告书，道路运输证复印件，机动车交通事故责任强制保险单复印件，李广福申请书，李广福指纹卡，道路交通事故证据公开记录，道路交通事故损害赔偿调解申请书及人民调解协议书，调解笔录，交通事故损害赔偿凭证，谅解保证书，被害方家属申请书及照片，玉林市公安局交通事故技术鉴定所法医学尸体检验鉴定书，尸体检验照片，居民死亡医学证明书，交通事故车辆技术检验意见书，道路运输车辆综合性能检验报告单，道路交通事故车辆技术检验照片，玉林市国泰司法鉴定所司法鉴定意见书，鉴定、检验意见告知书，户籍证明，父（母）子关系证明，交通事故现场监控视频录像光盘等证据证实，足以认定。 本院认为，被告人李广福违反交通管理法规，发生重大交通事故，致一人死亡，并负事故的全部责任，其行为已触犯刑律，构成了交通肇事罪。公诉机关指控李广福犯交通肇事罪成立。李广福犯罪以后自动投案，如实供述自己的罪行，是自首，依法可以从轻或减轻处罚。李广福赔偿了被害人的全部经济损失并取得被害人家属谅解，可酌情从轻处罚。鉴于上述情节，李广福确有悔罪表现，没有再犯罪的危险，宣告缓刑对所居住的社区没有重大不良影响，决定对李广福宣告缓刑。为严肃国法，维护交通运输安全，根据被告人李广福犯罪的事实，犯罪的性质、情节和对于社会的危害程度，依照《中华人民共和国刑法》第一百三十三条、第六十七条第一款、第七十二条第一款、第七十三条第二款和第三款，《最高人民法院关于审理交通肇事刑事案件具体应用法律若干问题的解释》第一条、第二条第一款第（一）项，《最高人民法院关于处理自首和立功具体应用法律若干问题的解释》第一条、第三条之规定，判决如下： 被告人李广福犯交通肇事罪，判处有期徒刑八个月，缓刑一年。 （缓刑考验期限从判决确定之日起计算）。 如不服本判决，可在接到判决书的第二日起十日内通过本院或者直接向广西壮族自治区玉林市中级人民法院提起上诉。书面上诉的，应当提交上诉状正本一份，副本二份。 审判长吕辉 人民陪审员蒋鑫 人民陪审员李翠云 二〇一九年三月十九日 书记员梁洁敏","writId":"01593335746c19634311e86bf6ab0e9ee65","writName":"李广福交通肇事罪一审刑事判决书"}
