{"ajId":"c0cf5500-cc53-4a16-841a-b9ee06e13f65","ajName":"万永波危险驾驶罪一案","ajjbqk":" 伊金霍洛旗人民检察院指控，2016年12月28日21时30分许，被告人万永波酒后驾驶×××号华泰圣达菲牌小型普通客车沿伊金霍洛旗阿勒腾席热镇通格朗路由南向北行驶至与柳沟河北街交叉路口处时，被正在执勤的交通民警查获。经对被告人万永波提取血样进行酒精含量检测，其血液中酒精含量为226.48mg／100ml，已达醉酒状态。公诉机关认为，被告人万永波醉酒后驾驶机动车上道路行驶，其行为已触犯《中华人民共和国刑法》第一百三十三条之一规定，应以危险驾驶罪追究其刑事责任。 上述事实，被告人万永波在开庭审理过程中均无异议，并有受案登记表、立案决定书、被告人供述及辩解、现场照片、血液酒精含量检测报告书、公安交通管理行政强制措施凭证、机动车驾驶证复印件、驾驶人信息查询结果单、机动车行驶证复印件、机动车信息查询结果单、常住人口基本信息、视听资料、查获经过等证据证实，足以认定。 ","cpfxgc":"本院认为，被告人万永波在道路上醉酒驾驶机动车，其行为已构成危险驾驶罪。公诉机关指控的犯罪事实清楚，证据确实、充分，指控的罪名成立。被告人万永波血液酒精含量达到200mg／100ml以上，依法从重处罚。被告人万永波归案后自愿认罪，并如实供述自己的罪行，本院依法从轻处罚。依照《中华人民共和国刑法》第一百三十三条之一第一款第二项、第五十二条、第五十三条第一款、第六十七条第三款、《最高人民法院、最高人民检察院、公安部关于办理醉酒驾驶机动车刑事案件适用法律若干问题的意见》第二条第二项之规定，判决如下：","pjjg":" 被告人万永波犯危险驾驶罪，判处拘役一个月十五日，并处罚金人民币一千五百元。 （刑期从判决执行之日起计算。判决执行以前先行羁押的，羁押一日折抵刑期一日。即自2016年12月29日起至2017年2月12日止。罚金自本判决生效之日起十日内向本院缴纳，上缴国库。） 如不服本判决，可在接到判决书的第二日起十日内，通过本院或者直接向鄂尔多斯市中级人民法院提出上诉。书面上诉的，应当提交上诉状正本一份，副本两份。","qw":"万永波危险驾驶罪一审刑事判决书 伊金霍洛旗人民法院 刑事判决书 ［2017］内0627刑初25号 公诉机关内蒙古自治区伊金霍洛旗人民检察院。 被告人万永波，男，1972年3月7日出生，汉族，初中文化，系个体，户籍所在地河北省廊坊市，现住内蒙古自治区鄂尔多斯市。因涉嫌危险驾驶罪，于2016年12月29日被伊金霍洛旗公安局刑事拘留，现羁押于伊金霍洛旗看守所。 伊金霍洛旗人民检察院以伊检公诉刑诉（2017）3号起诉书指控被告人万永波犯危险驾驶罪，于2017年1月10日向本院提起公诉。本院依法适用简易程序，实行独任审判，公开开庭审理了本案。伊金霍洛旗人民检察院指派检察员梁玮出庭支持公诉。被告人万永波到庭参加诉讼。现已审理终结。 伊金霍洛旗人民检察院指控，2016年12月28日21时30分许，被告人万永波酒后驾驶×××号华泰圣达菲牌小型普通客车沿伊金霍洛旗阿勒腾席热镇通格朗路由南向北行驶至与柳沟河北街交叉路口处时，被正在执勤的交通民警查获。经对被告人万永波提取血样进行酒精含量检测，其血液中酒精含量为226.48mg／100ml，已达醉酒状态。公诉机关认为，被告人万永波醉酒后驾驶机动车上道路行驶，其行为已触犯《中华人民共和国刑法》第一百三十三条之一规定，应以危险驾驶罪追究其刑事责任。 上述事实，被告人万永波在开庭审理过程中均无异议，并有受案登记表、立案决定书、被告人供述及辩解、现场照片、血液酒精含量检测报告书、公安交通管理行政强制措施凭证、机动车驾驶证复印件、驾驶人信息查询结果单、机动车行驶证复印件、机动车信息查询结果单、常住人口基本信息、视听资料、查获经过等证据证实，足以认定。 本院认为，被告人万永波在道路上醉酒驾驶机动车，其行为已构成危险驾驶罪。公诉机关指控的犯罪事实清楚，证据确实、充分，指控的罪名成立。被告人万永波血液酒精含量达到200mg／100ml以上，依法从重处罚。被告人万永波归案后自愿认罪，并如实供述自己的罪行，本院依法从轻处罚。依照《中华人民共和国刑法》第一百三十三条之一第一款第二项、第五十二条、第五十三条第一款、第六十七条第三款、《最高人民法院、最高人民检察院、公安部关于办理醉酒驾驶机动车刑事案件适用法律若干问题的意见》第二条第二项之规定，判决如下： 被告人万永波犯危险驾驶罪，判处拘役一个月十五日，并处罚金人民币一千五百元。 （刑期从判决执行之日起计算。判决执行以前先行羁押的，羁押一日折抵刑期一日。即自2016年12月29日起至2017年2月12日止。罚金自本判决生效之日起十日内向本院缴纳，上缴国库。） 如不服本判决，可在接到判决书的第二日起十日内，通过本院或者直接向鄂尔多斯市中级人民法院提出上诉。书面上诉的，应当提交上诉状正本一份，副本两份。 审判员鲁雨石 二〇一七年一月十六日 书记员呼燕","writId":"05729f5771192ef2be6821e655644612255","writName":"万永波危险驾驶罪一审刑事判决书"}
