{"ajId":"ac3317a8-27cd-4bbd-87d3-c4fd7b1c33fd","ajName":"董某故意伤害一案","ajjbqk":" 河北省滦县人民检察院指控：被告人梁某某于2013年8月份在中国建设银行股份有限公司唐山分行信用卡中心申请办理龙卡标准白金信用卡，其本人向银行提供了其身份证、伪造的商品房买卖合同及中国建设银行定期存款单等相关复印材料，以此向银行证明其具有还款能力。经中国建设银行股份有限公司唐山分行审核，给梁某某办理了中国建设银行的信用卡，卡号为62×××63，该信用卡的专项信用额度为266000元（该款项为购车分期业务，梁某某分36个月归还银行，每月应还7388.89元），另外该卡还有3万元的信用额度（即无事先存款，也可以透支消费3万元）。截止2014年8月27日，梁某某累计透支本金242321.24元，经中国建设银行股份有限公司唐山分行信用卡中心工作人员多次催缴，已超过三个月未还款。 2015年10月9日，被告人梁某某所透支的本金242321.24元及利息滞纳金等已全部还清。 滦县人民检察院认为，被告人梁某某恶意透支信用卡，数额巨大，其行为触犯了《中华人民共和国刑法》第一百九十六条之规定，应当以信用卡诈骗罪追究其刑事责任。 被告人梁某某对起诉书指控的犯罪事实予以供认，未作辩解。 辩护人廖宝忠的辩护意见是：被告人梁某某的行为不构成贷款诈骗，没有以非法占有为目的，被告人在贷款中是为安某顶名贷款，并不是实际贷款人，无法占有贷款。被告人应构成骗取贷款罪，被告人具有归还贷款的意愿，被告人系从犯，其家属积极赔偿银行全部损失，认罪态度较好。 经审理查明，2013年8月份，被告人梁某某在中国建设银行股份有限公司唐山分行信用卡中心申请办理龙卡标准白金信用卡，其本人向银行提供了其身份证、商品房买卖合同（伪造的）及中国建设银行50万元定期三个月存款单等相关复印材料，以此向银行证明其具有还款能力。经中国建设银行股份有限公司唐山分行审核，为梁某某办理了中国建设银行的标准白金信用卡，卡号为62×××63。因2013年7月份安某以被告人梁某某的名义购买了一辆丰田兰德酷路泽普拉多越野汽车，中国建设银行股份有限公司唐山分行向该信用卡打款266000元（该款项为购车分期业务，梁某某分36个月归还银行，每月应还7388.89元），另外该卡还有3万元的信用额度（即无事先存款，也可以透支消费3万元）。截止2014年8月27日，梁某某累计有本金242321.24元未还。经中国建设银行股份有限公司唐山分行信用卡中心工作人员多次催缴，仍未还款。 2015年10月9日，被告人梁某某所透支的本金242321.24元及利息滞纳金等已全部还清。 上述事实，在开庭审理过程中被告人并无异议，且有证人罗某、孙某、安某、蔡某等人证言，滦县公安局经济犯罪侦查大队接收证据材料清单及中国建设银行龙卡信用卡申请表复印件、梁某某身份证复印件、商品房买卖合同复印件、中国农业银行滦县支行梁某某的流水、催收电话记录光盘、快递催缴回执复印件、中国建设银行唐山分行信用卡中心办理建设银行信用卡的情况及用信用卡直客式购车分期划账相关材料、滦县公安局调取梁某某信用卡开户基本情况及梁某某建设银行信用卡尾号2132卡的明细查询、梁某某支取17万元及26000元的情况及流水明细，购车的相关证据材料情况、河北省滦南县人民法院（2011）奔刑初字第122号刑事判决书、中国建设银行股份有限公司唐山分行证明、抓获经过、天津市第一看守所临时羁押情况说明，滦县公安局情况说明等证据证实，足以认定。 ","cpfxgc":"本院认为，被告人梁某某以非法占有为目的，利用虚假的证明文件诈骗银行的贷款，超过规定期限并且经银行工作人员多次催收后仍不归还，数额巨大，其行为已构成贷款诈骗罪。滦县人民检察院指控被告人梁某某犯罪的事实清楚，证据确实充分，但罪名欠妥。被告人梁某某自愿认罪，案发后偿还了银行贷款的全部本金及损失，可以酌情从轻处罚。对辩护人提出的被告人没有非法占有的目的，其行为不构成贷款诈骗犯罪，因被告人提供了虚假的购房合同，明知提供的存款单不属于自己所有，且知道贷款在银行工作人员多次催缴后仍不按期偿还，具有非法占有的故意，其行为符合贷款诈骗罪的构成要件，故对辩护人的辩护意见不予采纳。为保护公共财产不受侵害，惩罚犯罪，依照《中华人民共和国刑法》第一百九十三条之规定，判决如下：","pjjg":" 被告人梁某某犯贷款诈骗罪，判处有期徒刑五年，并处罚金人民币十万元。此款在本判决生效后十五日内交纳。 （刑期从判决执行之日起计算。判决执行以前先行羁押的，羁押一日折抵刑期一日，即自2015年8月10日起至2020年8月9日止）。 如不服本判决，可在接到判决书的第二日起十日内，通过本院或者直接向河北省唐山市中级人民法院提出上诉。书面上诉的，应当提交上诉状正本一份，副本三份。","qw":"梁某某一审刑事判决书 河北省滦县人民法院 刑事判决书 （2017）冀0223刑初29号 公诉机关河北省滦县人民检察院。 被告人梁某某，男，1990年7月21日出生，2011年4月21日因犯寻衅滋事罪被滦南县人民法院判处有期徒刑一年，缓刑二年。因涉嫌信用卡诈骗罪，2015年8月10日被临时羁押在天津市第一看守所。2015年8月12日被滦县公安局刑事拘留，同年8月25日被滦县人民检察院批准逮捕，同日由滦县公安局执行逮捕。现押滦县看守所。 辩护人廖宝忠，河北滦天律师事务所律师。 河北省滦县人民法院以（2016）冀0223刑初43号刑事判决书判决被告人梁某某因犯贷款诈骗罪判处有期徒刑五年，唐山市中级人民法院以（2016）冀02刑终401号刑事裁定书将此案发还本院重新审理，本院于2017年2月7日立案对此案重新审理。2017年7月11日本院依法组成合议庭，公开开庭审理了本案。滦县人民检察院指派检察员李鹏出庭支持公诉，被告人梁某某及辩护人廖宝忠到庭参加诉讼。现已审理终结。 河北省滦县人民检察院指控：被告人梁某某于2013年8月份在中国建设银行股份有限公司唐山分行信用卡中心申请办理龙卡标准白金信用卡，其本人向银行提供了其身份证、伪造的商品房买卖合同及中国建设银行定期存款单等相关复印材料，以此向银行证明其具有还款能力。经中国建设银行股份有限公司唐山分行审核，给梁某某办理了中国建设银行的信用卡，卡号为62×××63，该信用卡的专项信用额度为266000元（该款项为购车分期业务，梁某某分36个月归还银行，每月应还7388.89元），另外该卡还有3万元的信用额度（即无事先存款，也可以透支消费3万元）。截止2014年8月27日，梁某某累计透支本金242321.24元，经中国建设银行股份有限公司唐山分行信用卡中心工作人员多次催缴，已超过三个月未还款。 2015年10月9日，被告人梁某某所透支的本金242321.24元及利息滞纳金等已全部还清。 滦县人民检察院认为，被告人梁某某恶意透支信用卡，数额巨大，其行为触犯了《中华人民共和国刑法》第一百九十六条之规定，应当以信用卡诈骗罪追究其刑事责任。 被告人梁某某对起诉书指控的犯罪事实予以供认，未作辩解。 辩护人廖宝忠的辩护意见是：被告人梁某某的行为不构成贷款诈骗，没有以非法占有为目的，被告人在贷款中是为安某顶名贷款，并不是实际贷款人，无法占有贷款。被告人应构成骗取贷款罪，被告人具有归还贷款的意愿，被告人系从犯，其家属积极赔偿银行全部损失，认罪态度较好。 经审理查明，2013年8月份，被告人梁某某在中国建设银行股份有限公司唐山分行信用卡中心申请办理龙卡标准白金信用卡，其本人向银行提供了其身份证、商品房买卖合同（伪造的）及中国建设银行50万元定期三个月存款单等相关复印材料，以此向银行证明其具有还款能力。经中国建设银行股份有限公司唐山分行审核，为梁某某办理了中国建设银行的标准白金信用卡，卡号为62×××63。因2013年7月份安某以被告人梁某某的名义购买了一辆丰田兰德酷路泽普拉多越野汽车，中国建设银行股份有限公司唐山分行向该信用卡打款266000元（该款项为购车分期业务，梁某某分36个月归还银行，每月应还7388.89元），另外该卡还有3万元的信用额度（即无事先存款，也可以透支消费3万元）。截止2014年8月27日，梁某某累计有本金242321.24元未还。经中国建设银行股份有限公司唐山分行信用卡中心工作人员多次催缴，仍未还款。 2015年10月9日，被告人梁某某所透支的本金242321.24元及利息滞纳金等已全部还清。 上述事实，在开庭审理过程中被告人并无异议，且有证人罗某、孙某、安某、蔡某等人证言，滦县公安局经济犯罪侦查大队接收证据材料清单及中国建设银行龙卡信用卡申请表复印件、梁某某身份证复印件、商品房买卖合同复印件、中国农业银行滦县支行梁某某的流水、催收电话记录光盘、快递催缴回执复印件、中国建设银行唐山分行信用卡中心办理建设银行信用卡的情况及用信用卡直客式购车分期划账相关材料、滦县公安局调取梁某某信用卡开户基本情况及梁某某建设银行信用卡尾号2132卡的明细查询、梁某某支取17万元及26000元的情况及流水明细，购车的相关证据材料情况、河北省滦南县人民法院（2011）奔刑初字第122号刑事判决书、中国建设银行股份有限公司唐山分行证明、抓获经过、天津市第一看守所临时羁押情况说明，滦县公安局情况说明等证据证实，足以认定。 本院认为，被告人梁某某以非法占有为目的，利用虚假的证明文件诈骗银行的贷款，超过规定期限并且经银行工作人员多次催收后仍不归还，数额巨大，其行为已构成贷款诈骗罪。滦县人民检察院指控被告人梁某某犯罪的事实清楚，证据确实充分，但罪名欠妥。被告人梁某某自愿认罪，案发后偿还了银行贷款的全部本金及损失，可以酌情从轻处罚。对辩护人提出的被告人没有非法占有的目的，其行为不构成贷款诈骗犯罪，因被告人提供了虚假的购房合同，明知提供的存款单不属于自己所有，且知道贷款在银行工作人员多次催缴后仍不按期偿还，具有非法占有的故意，其行为符合贷款诈骗罪的构成要件，故对辩护人的辩护意见不予采纳。为保护公共财产不受侵害，惩罚犯罪，依照《中华人民共和国刑法》第一百九十三条之规定，判决如下： 被告人梁某某犯贷款诈骗罪，判处有期徒刑五年，并处罚金人民币十万元。此款在本判决生效后十五日内交纳。 （刑期从判决执行之日起计算。判决执行以前先行羁押的，羁押一日折抵刑期一日，即自2015年8月10日起至2020年8月9日止）。 如不服本判决，可在接到判决书的第二日起十日内，通过本院或者直接向河北省唐山市中级人民法院提出上诉。书面上诉的，应当提交上诉状正本一份，副本三份。 审判长陈利 人民陪审员黄旭红 人民陪审员朱晓华 二〇一七年七月二十六日 书记员崔婷","writId":"002d556c3d624f794127a135c34c1a4a8cf","writName":"梁某某一审刑事判决书"}
