{"ajId":"f5252263-f218-4af4-9e41-9bd6f8243740","ajName":"程某聚众斗殴罪一案","ajjbqk":" 灵璧县人民检察院指控：2013年10月23日晚，被告人程某与徐记在灵璧县灵城镇金苹果KTV唱歌期间与被害人高某发生冲突，在发生冲突的过程中，高某的手被程某、徐记等人打伤。后高某到灵璧县人民医院手术室进行包扎。被告人程某将在金苹果KTV被殴打的事告诉王峰，王峰便纠集邱悬悬、徐云飞、王壮壮等数十人在灵璧县人民医院东侧聚集并准备刀、棍等凶器。当晚21时40分许，被告人程某及徐记、王峰、邱悬悬、徐云飞等人持刀、棍等凶器冲进县医院二楼急诊手术室，对正在进行治疗的高某进行砍、打，致高某受伤。经灵璧县公安局法医鉴定，高某的伤情为轻伤二级。公诉机关针对指控，当庭出示了书证，鉴定意见，视听资料，勘验、检查笔录，被害人陈述，证人证言，被告人供述及同案犯供述等证据，认为被告人程某伙同他人持械聚众斗殴，并致人轻伤，其行为触犯了《中华人民共和国刑法》第二百九十二条、第二十五条第一款之规定，构成聚众斗殴罪，提请本院依法判处。 被告人程某对公诉机关指控其犯聚众斗殴罪的罪名没有意见，辩解其当时没有持械。辩护人提出：一、案发起因上被害人存在一定过错；二、被告人程某不是组织者、策划者，在案件中起辅助作用，系从犯；三、被告人归案后能如实供述自己的罪行，具有法定从轻处罚情节；四、被告人程某没有实施持械聚众斗殴的行为，不构成持械聚众斗殴的共犯，应认定为一般聚众斗殴共犯；五、被告人当庭认罪、悔罪态度好。建议对被告人程某从轻处罚。 经审理查明：2013年10月23日晚，被告人程某与徐记（已判刑）在灵璧县灵城镇金苹果KTV唱歌期间与被害人高某发生冲突，在发生冲突的过程中，高某的手被程某、徐记等人打伤。后高某到灵璧县人民医院手术室进行包扎。被告人程某将在金苹果KTV被殴打的事告诉王峰（已判刑），王峰便纠集邱悬悬（已判刑）、徐云飞（已判刑）、王壮壮等二十余人在灵璧县人民医院东侧聚集并准备刀、棍等凶器。被害人高某到灵璧县人民医院包扎手时，路过该医院东侧与程某等人相遇又发生言语争执，随后即到灵璧县人民医院二楼手术室包扎。当晚21时40分许，被告人程某及王峰、徐记、邱悬悬、徐云飞等人持刀、棍等凶器冲进医院二楼急诊手术室，王峰持刀架在高某的脖子上，徐记、邱悬悬、徐云飞等人对高某进行砍、打，被告人程某对高某拳打脚踢，致高某受伤。经灵璧县公安局法医鉴定，高某的伤情为轻伤二级。 另查明：2013年3月22日被告人程某因犯寻衅滋事罪被本院判处管制一年六个月，刑期自2013年4月7日起至2014年10月4日止。 同案犯徐云飞因本案于2014年8月25日被本院以聚众斗殴罪判处有期徒刑二年，宣告缓刑三年；同案犯王峰因本案及参与其他两起聚众斗殴案于2014年11月3日被本院以聚众斗殴罪判处有期徒刑三年八个月；同案犯邱悬悬被本院以聚众斗殴罪判处有期徒刑二年；同案犯徐记因本案于2015年3月26日被本院以聚众斗殴罪判处有期徒刑二年三个月。 上述事实，有下列经庭审质证、认证的证据予以证明： 一、书证 （一）《户籍证明》证明被告人程某的自然状况。 （二）灵璧县公安局刑警大队出具的《到案经过》证明，被告人程某被抓获归案。 （三）本院（2013）灵刑初字第00046号《刑事判决书》证明，被告人程某曾因犯寻衅滋事罪被判刑情况。 （四）本院（2014）灵刑初字第00351号《刑事判决书》、（2014）灵刑初字第00261号《刑事判决书》、（2015）灵刑初字第00100号《刑事附带民事判决书》证明，同案犯王峰、邱悬悬、徐云飞、徐记被判刑情况。 二、鉴定意见 灵璧县公安司法鉴定中心（灵）公（司）鉴（法）字（2013）728号《法医学人体损伤程度鉴定书》、《关于高某损伤鉴定引用标准的说明》证明，被害人高某损伤程度达轻伤。 三、勘验、检查笔录 现场图，经被告人程某及被害人高某辨认均无异议。 四、视听资料 公安机关刻录的案发现场监控光盘，证明被告人程某参与聚众斗殴的过程，经当庭播放，被告人程某及被害人高某均不持异议。 五、被害人陈述 高某陈述证明，案发当晚，他同学王安然过生日，他和李怀等人和王安然一起吃饭。王安然请他们到金苹果KTV唱歌。他到815包厢见到四个女生和徐记，还有一个小伙子（后来知道叫程某）。他没唱完歌，因程某切歌，和程某吵了起来。接着他又与李怀和程某、徐记打了起来。他抓啤酒杯砸程某、徐记，程某、徐记往包厢外跑，他和小龙跟着追。后发现他的手不知怎么烂了，乐乐就让他到县医院包扎。到医院东边巷口时，见王峰在打电话，一二十人站在那，有四五个人拉住他不让走，乐乐将那些人推过去，让他先去包扎。他到二楼手术室找医生刚包好，王峰等七八个人拿着刀、钢管进去，王峰把关公刀架在他的脖子上，其他人用刀、匕首砍、戳他，用钢管打他，打过后就走了。案发时他是灵璧三中高三（16）班学生。 六、证人证言 （一）赵天润证言证明，案发当晚9时许，王峰说小坤唱歌时被人揍了，让他去帮忙打架。一个男的走到县医院门口和小坤骂起来，随后那个男的进医院了。王峰要揍那个人，王峰拖着关公刀，带着他们去医院二楼，和小坤骂架的男的在手术室里包手，王峰拿关公刀架在那个男的脖子上，他和阿记（徐记）、梁响、小飞拿砍刀、西瓜刀、匕首砍、戳对方，邱悬悬拿手术室里的什么东西打对方，听说被打的叫“猴子”。 （二）王安然证言证明，案发当天晚上，她过生日，请高某、李怀、王梦男等人吃饭。之前，程某知道她过生日，要给她在金苹果开个包间请她唱歌。饭后，她让高某等几个人去金苹果815唱歌，她还没到，就听说因为切歌，高某和程某打起来了，高某的手烂了。乐乐带高某去医院包扎。在县医院东边巷子北头，她看见王峰和程某，王峰拿关公刀，有七八个人拿的砍刀往医院里去。她到医院手术室看到高某的胳膊、大腿流血。 （三）王雪艳证言证明，案发当晚她和徐晓婷护士在手术室给一个手部受伤的人包扎完毕后，外边进来拿着大砍刀的很多人，没说什么，就向那个病人冲来。她害怕就跑到楼下去喊人，等上来时，遇到那些人拎着刀下楼了。她回到手术室，看到那个病人上臂受伤了。 （四）徐晓婷证言证明，案发当晚，她和王护士接诊一名手部受伤的病人，在第二手术室给那个病人包扎完毕后，她准备去洗手，在到手术室门前时看到有人从她身边往手术室挤，随后她就听到手术室里打斗的声音。后她到手术室看见那个病人上臂被砍伤了。 七、被告人供述 （一）同案犯王峰供述证明，案发当晚9时许，程某打电话告诉他，在金苹果KTV被高某打了，叫他帮忙出气。他打电话给邱悬悬、徐云飞、崔海瑞、王壮壮、梁响帮忙打架，并让梁响带刀。后他到县医院东门看到程某、徐记、邱悬悬、赵天润、徐云飞、王壮壮、梁响等二三十人。他们聚集时，高某从北边过来和程某争吵，没几分钟高某就到县医院手术室去了。他拉着关公刀走在最前边，其他人拿砍刀、匕首跟在他后边冲到手术室。他把刀架在高某脖子上，另几个人就去打，打完之后，他们就跑了。 （二）同案犯徐记供述证明，当晚他和程某一起到金苹果包厢内唱歌，因换歌他和高某发生口角，接着他和程某与高某等人打了起来，程某头被打破了，他和程某就吓跑了。在老县委院内，程某给王峰打电话说他们被人揍了让王峰过来，王峰就说在县医院门口见面。二三十分钟后王峰带几个人在医院北门东边巷内向他们了解情况，之后王峰打电话给梁响让其把关公刀和其他东西提过来，并叫了其他几个人，后王峰拿了一把关公刀，他拿了一把刀，好像天润、徐云飞有匕首，其他人拿刀。之后他们看见高某从县医院东门进县医院，约七八分钟后，王峰提着关公刀进县医院，他、程某、李程、梁响、徐云飞、天润等人跟在王峰后面进了二楼手术室，王峰拿关公刀架在高某的脖子上，他上去踢了高某一脚，又用刀在高某的身上砍了几下，徐云飞拿西瓜刀砍的，程某是拳打脚踢的，梁响拿钢管捂的，天润拿匕首戳的，大约打了两分钟，他们几个人就走了。当时他和程某在县委躲的时候遇到李程，他和程某把在金苹果打架的事给李程说，李程说：“可打算打，如果要打后果你俩承担”，他和程某说：“打”，说过之后，李程跟他们俩到县医院。他和程某打电话给王峰就是想让王峰找人去打高某的。 （三）同案犯邱悬悬供述证明，案发当晚，王峰打电话给他说和人发生矛盾，让他赶紧去县医院。他到县医院东边见县医院东边和农行之间的路上有二三十人。王峰说程某被人打了，他见程某的头破了。后王峰拖着关公刀向县医院里冲，后边跟着拿刀、棍的不少人，他也跟着进二楼手术室，有几人用刀砍那个打程某的人（后来听说是高某），也有用棍，也有拳打脚踢的。他拿塑料盐水瓶打那个人的后脑部二三下。 （四）同案犯徐云飞供述证明，案发当天21时许，王峰打他电话说小坤（程某）在金苹果被人打了，让他到灵璧县医院去。他和赵天润到县医院和农行之间的巷子里见到王峰、程某等一二十人。听王峰说打程某的人老是打程某电话，还要打架。王峰打电话让人送打架工具去。后高某见手指有伤，去县医院手术室包扎。王峰拿关公刀，程某、赵天润等十来个人拿匕首、砍刀去手术室，围着揍高某，他用西瓜刀捂了高某。 （五）被告人程某当庭对参与殴打被害人高某的事实供认不讳。 关于辩护人提出被告人程某不是组织者，在案件中起辅助作用，系从犯；本人没有持械，不构成持械聚众斗殴。经查，被告人程某因其和同案犯徐记在KTV包厢与被害人高某发生打斗后，便打电话纠集王峰、与徐记一起纠集李程，并与王峰、徐记、徐云飞、邱悬悬等人窜至医院手术室内对正在手术室治疗的高某实施殴打，致使高某受轻伤，被告人程某在共同犯罪中起主要作用，应系本案主犯，虽然被告人程某在殴打被害人高某的过程中没有持械，但其作为主犯应当对其参与的全部犯罪进行处罚。故辩护人上述辩护意见本院不予采纳。 ","cpfxgc":"本院认为：被告人程某伙同他人持械聚众斗殴，致一人轻伤，其行为已构成聚众斗殴罪，应依法惩处。公诉机关指控被告人犯罪事实存在，罪名成立。被告人程某案发后能如实供述自己的罪行，依法予以从轻处罚。辩护人建议对被告人从轻处罚的辩护意见本院予以采纳。被告人程某原因犯寻衅滋事罪被判处管制一年六个月，在刑罚执行完毕以前又犯罪，依法应当把寻衅滋事罪没有执行的刑罚与聚众斗殴罪所判处的刑罚进行数罪并罚。根据本案的事实、情节和对社会的危害程度，依照《中华人民共和国刑法》第二百九十二条第一款第（四）项、第二十五条第一款、第二十六条第一、四款、第六十七条第三款、第七十一条、第六十九条第一款、第六十一条之规定，判决如下：","pjjg":" 被告人程某犯聚众斗殴罪，判处有期徒刑三年。与原犯寻衅滋事罪余刑管制十一个月零十三天并罚，决定执行有期徒刑三年，管制十一个月。 （有期徒刑的刑期从判决执行之日起计算。判决执行以前先行羁押的，羁押一日折抵刑期一日，即自2015年2月3日起至2018年2月2日止；管制刑期自2018年2月3日起至2019年1月2日止）。 如不服本判决，可在接到判决书的第二日起十日内，通过本院或直接向安徽省宿州市中级人民法院提出上诉。书面上诉的，应当提交上诉状正本一份，副本二份。","qw":"安徽省灵璧县人民法院 刑事判决书 （2015）灵刑初字第00194号 公诉机关安徽省灵璧县人民检察院。 被告人程某（绰号小坤），男，1995年4月15日出生于安徽省灵璧县，汉族，农民，住灵璧县。曾因犯寻衅滋事罪于2013年3月22日被本院判处管制一年六个月。因涉嫌犯聚众斗殴罪于2013年11月11日被灵璧县公安局决定刑事拘留（在逃），2015年2月3日被灵璧县公安局抓获，次日被刑事拘留，同年2月11日被灵璧县人民检察院批准逮捕，当日被灵璧县公安局执行逮捕，现羁押于灵璧县看守所。 辩护人宋颖，安徽杨夫胜律师事务所律师。 灵璧县人民检察院以灵检刑诉（2015）145号起诉书指控被告人程某犯聚众斗殴罪，于2015年4月21日向本院提起公诉，本院依法组成合议庭，于2015年6月3日公开开庭审理了本案。灵璧县人民检察院指派检察员王月芹出庭支持公诉，被害人高某、被告人程某及其辩护人宋颖到庭参加诉讼。本案现已审理终结。 灵璧县人民检察院指控：2013年10月23日晚，被告人程某与徐记在灵璧县灵城镇金苹果KTV唱歌期间与被害人高某发生冲突，在发生冲突的过程中，高某的手被程某、徐记等人打伤。后高某到灵璧县人民医院手术室进行包扎。被告人程某将在金苹果KTV被殴打的事告诉王峰，王峰便纠集邱悬悬、徐云飞、王壮壮等数十人在灵璧县人民医院东侧聚集并准备刀、棍等凶器。当晚21时40分许，被告人程某及徐记、王峰、邱悬悬、徐云飞等人持刀、棍等凶器冲进县医院二楼急诊手术室，对正在进行治疗的高某进行砍、打，致高某受伤。经灵璧县公安局法医鉴定，高某的伤情为轻伤二级。公诉机关针对指控，当庭出示了书证，鉴定意见，视听资料，勘验、检查笔录，被害人陈述，证人证言，被告人供述及同案犯供述等证据，认为被告人程某伙同他人持械聚众斗殴，并致人轻伤，其行为触犯了《中华人民共和国刑法》第二百九十二条、第二十五条第一款之规定，构成聚众斗殴罪，提请本院依法判处。 被告人程某对公诉机关指控其犯聚众斗殴罪的罪名没有意见，辩解其当时没有持械。辩护人提出：一、案发起因上被害人存在一定过错；二、被告人程某不是组织者、策划者，在案件中起辅助作用，系从犯；三、被告人归案后能如实供述自己的罪行，具有法定从轻处罚情节；四、被告人程某没有实施持械聚众斗殴的行为，不构成持械聚众斗殴的共犯，应认定为一般聚众斗殴共犯；五、被告人当庭认罪、悔罪态度好。建议对被告人程某从轻处罚。 经审理查明：2013年10月23日晚，被告人程某与徐记（已判刑）在灵璧县灵城镇金苹果KTV唱歌期间与被害人高某发生冲突，在发生冲突的过程中，高某的手被程某、徐记等人打伤。后高某到灵璧县人民医院手术室进行包扎。被告人程某将在金苹果KTV被殴打的事告诉王峰（已判刑），王峰便纠集邱悬悬（已判刑）、徐云飞（已判刑）、王壮壮等二十余人在灵璧县人民医院东侧聚集并准备刀、棍等凶器。被害人高某到灵璧县人民医院包扎手时，路过该医院东侧与程某等人相遇又发生言语争执，随后即到灵璧县人民医院二楼手术室包扎。当晚21时40分许，被告人程某及王峰、徐记、邱悬悬、徐云飞等人持刀、棍等凶器冲进医院二楼急诊手术室，王峰持刀架在高某的脖子上，徐记、邱悬悬、徐云飞等人对高某进行砍、打，被告人程某对高某拳打脚踢，致高某受伤。经灵璧县公安局法医鉴定，高某的伤情为轻伤二级。 另查明：2013年3月22日被告人程某因犯寻衅滋事罪被本院判处管制一年六个月，刑期自2013年4月7日起至2014年10月4日止。 同案犯徐云飞因本案于2014年8月25日被本院以聚众斗殴罪判处有期徒刑二年，宣告缓刑三年；同案犯王峰因本案及参与其他两起聚众斗殴案于2014年11月3日被本院以聚众斗殴罪判处有期徒刑三年八个月；同案犯邱悬悬被本院以聚众斗殴罪判处有期徒刑二年；同案犯徐记因本案于2015年3月26日被本院以聚众斗殴罪判处有期徒刑二年三个月。 上述事实，有下列经庭审质证、认证的证据予以证明： 一、书证 （一）《户籍证明》证明被告人程某的自然状况。 （二）灵璧县公安局刑警大队出具的《到案经过》证明，被告人程某被抓获归案。 （三）本院（2013）灵刑初字第00046号《刑事判决书》证明，被告人程某曾因犯寻衅滋事罪被判刑情况。 （四）本院（2014）灵刑初字第00351号《刑事判决书》、（2014）灵刑初字第00261号《刑事判决书》、（2015）灵刑初字第00100号《刑事附带民事判决书》证明，同案犯王峰、邱悬悬、徐云飞、徐记被判刑情况。 二、鉴定意见 灵璧县公安司法鉴定中心（灵）公（司）鉴（法）字（2013）728号《法医学人体损伤程度鉴定书》、《关于高某损伤鉴定引用标准的说明》证明，被害人高某损伤程度达轻伤。 三、勘验、检查笔录 现场图，经被告人程某及被害人高某辨认均无异议。 四、视听资料 公安机关刻录的案发现场监控光盘，证明被告人程某参与聚众斗殴的过程，经当庭播放，被告人程某及被害人高某均不持异议。 五、被害人陈述 高某陈述证明，案发当晚，他同学王安然过生日，他和李怀等人和王安然一起吃饭。王安然请他们到金苹果KTV唱歌。他到815包厢见到四个女生和徐记，还有一个小伙子（后来知道叫程某）。他没唱完歌，因程某切歌，和程某吵了起来。接着他又与李怀和程某、徐记打了起来。他抓啤酒杯砸程某、徐记，程某、徐记往包厢外跑，他和小龙跟着追。后发现他的手不知怎么烂了，乐乐就让他到县医院包扎。到医院东边巷口时，见王峰在打电话，一二十人站在那，有四五个人拉住他不让走，乐乐将那些人推过去，让他先去包扎。他到二楼手术室找医生刚包好，王峰等七八个人拿着刀、钢管进去，王峰把关公刀架在他的脖子上，其他人用刀、匕首砍、戳他，用钢管打他，打过后就走了。案发时他是灵璧三中高三（16）班学生。 六、证人证言 （一）赵天润证言证明，案发当晚9时许，王峰说小坤唱歌时被人揍了，让他去帮忙打架。一个男的走到县医院门口和小坤骂起来，随后那个男的进医院了。王峰要揍那个人，王峰拖着关公刀，带着他们去医院二楼，和小坤骂架的男的在手术室里包手，王峰拿关公刀架在那个男的脖子上，他和阿记（徐记）、梁响、小飞拿砍刀、西瓜刀、匕首砍、戳对方，邱悬悬拿手术室里的什么东西打对方，听说被打的叫“猴子”。 （二）王安然证言证明，案发当天晚上，她过生日，请高某、李怀、王梦男等人吃饭。之前，程某知道她过生日，要给她在金苹果开个包间请她唱歌。饭后，她让高某等几个人去金苹果815唱歌，她还没到，就听说因为切歌，高某和程某打起来了，高某的手烂了。乐乐带高某去医院包扎。在县医院东边巷子北头，她看见王峰和程某，王峰拿关公刀，有七八个人拿的砍刀往医院里去。她到医院手术室看到高某的胳膊、大腿流血。 （三）王雪艳证言证明，案发当晚她和徐晓婷护士在手术室给一个手部受伤的人包扎完毕后，外边进来拿着大砍刀的很多人，没说什么，就向那个病人冲来。她害怕就跑到楼下去喊人，等上来时，遇到那些人拎着刀下楼了。她回到手术室，看到那个病人上臂受伤了。 （四）徐晓婷证言证明，案发当晚，她和王护士接诊一名手部受伤的病人，在第二手术室给那个病人包扎完毕后，她准备去洗手，在到手术室门前时看到有人从她身边往手术室挤，随后她就听到手术室里打斗的声音。后她到手术室看见那个病人上臂被砍伤了。 七、被告人供述 （一）同案犯王峰供述证明，案发当晚9时许，程某打电话告诉他，在金苹果KTV被高某打了，叫他帮忙出气。他打电话给邱悬悬、徐云飞、崔海瑞、王壮壮、梁响帮忙打架，并让梁响带刀。后他到县医院东门看到程某、徐记、邱悬悬、赵天润、徐云飞、王壮壮、梁响等二三十人。他们聚集时，高某从北边过来和程某争吵，没几分钟高某就到县医院手术室去了。他拉着关公刀走在最前边，其他人拿砍刀、匕首跟在他后边冲到手术室。他把刀架在高某脖子上，另几个人就去打，打完之后，他们就跑了。 （二）同案犯徐记供述证明，当晚他和程某一起到金苹果包厢内唱歌，因换歌他和高某发生口角，接着他和程某与高某等人打了起来，程某头被打破了，他和程某就吓跑了。在老县委院内，程某给王峰打电话说他们被人揍了让王峰过来，王峰就说在县医院门口见面。二三十分钟后王峰带几个人在医院北门东边巷内向他们了解情况，之后王峰打电话给梁响让其把关公刀和其他东西提过来，并叫了其他几个人，后王峰拿了一把关公刀，他拿了一把刀，好像天润、徐云飞有匕首，其他人拿刀。之后他们看见高某从县医院东门进县医院，约七八分钟后，王峰提着关公刀进县医院，他、程某、李程、梁响、徐云飞、天润等人跟在王峰后面进了二楼手术室，王峰拿关公刀架在高某的脖子上，他上去踢了高某一脚，又用刀在高某的身上砍了几下，徐云飞拿西瓜刀砍的，程某是拳打脚踢的，梁响拿钢管捂的，天润拿匕首戳的，大约打了两分钟，他们几个人就走了。当时他和程某在县委躲的时候遇到李程，他和程某把在金苹果打架的事给李程说，李程说：“可打算打，如果要打后果你俩承担”，他和程某说：“打”，说过之后，李程跟他们俩到县医院。他和程某打电话给王峰就是想让王峰找人去打高某的。 （三）同案犯邱悬悬供述证明，案发当晚，王峰打电话给他说和人发生矛盾，让他赶紧去县医院。他到县医院东边见县医院东边和农行之间的路上有二三十人。王峰说程某被人打了，他见程某的头破了。后王峰拖着关公刀向县医院里冲，后边跟着拿刀、棍的不少人，他也跟着进二楼手术室，有几人用刀砍那个打程某的人（后来听说是高某），也有用棍，也有拳打脚踢的。他拿塑料盐水瓶打那个人的后脑部二三下。 （四）同案犯徐云飞供述证明，案发当天21时许，王峰打他电话说小坤（程某）在金苹果被人打了，让他到灵璧县医院去。他和赵天润到县医院和农行之间的巷子里见到王峰、程某等一二十人。听王峰说打程某的人老是打程某电话，还要打架。王峰打电话让人送打架工具去。后高某见手指有伤，去县医院手术室包扎。王峰拿关公刀，程某、赵天润等十来个人拿匕首、砍刀去手术室，围着揍高某，他用西瓜刀捂了高某。 （五）被告人程某当庭对参与殴打被害人高某的事实供认不讳。 关于辩护人提出被告人程某不是组织者，在案件中起辅助作用，系从犯；本人没有持械，不构成持械聚众斗殴。经查，被告人程某因其和同案犯徐记在KTV包厢与被害人高某发生打斗后，便打电话纠集王峰、与徐记一起纠集李程，并与王峰、徐记、徐云飞、邱悬悬等人窜至医院手术室内对正在手术室治疗的高某实施殴打，致使高某受轻伤，被告人程某在共同犯罪中起主要作用，应系本案主犯，虽然被告人程某在殴打被害人高某的过程中没有持械，但其作为主犯应当对其参与的全部犯罪进行处罚。故辩护人上述辩护意见本院不予采纳。 本院认为：被告人程某伙同他人持械聚众斗殴，致一人轻伤，其行为已构成聚众斗殴罪，应依法惩处。公诉机关指控被告人犯罪事实存在，罪名成立。被告人程某案发后能如实供述自己的罪行，依法予以从轻处罚。辩护人建议对被告人从轻处罚的辩护意见本院予以采纳。被告人程某原因犯寻衅滋事罪被判处管制一年六个月，在刑罚执行完毕以前又犯罪，依法应当把寻衅滋事罪没有执行的刑罚与聚众斗殴罪所判处的刑罚进行数罪并罚。根据本案的事实、情节和对社会的危害程度，依照《中华人民共和国刑法》第二百九十二条第一款第（四）项、第二十五条第一款、第二十六条第一、四款、第六十七条第三款、第七十一条、第六十九条第一款、第六十一条之规定，判决如下： 被告人程某犯聚众斗殴罪，判处有期徒刑三年。与原犯寻衅滋事罪余刑管制十一个月零十三天并罚，决定执行有期徒刑三年，管制十一个月。 （有期徒刑的刑期从判决执行之日起计算。判决执行以前先行羁押的，羁押一日折抵刑期一日，即自2015年2月3日起至2018年2月2日止；管制刑期自2018年2月3日起至2019年1月2日止）。 如不服本判决，可在接到判决书的第二日起十日内，通过本院或直接向安徽省宿州市中级人民法院提出上诉。书面上诉的，应当提交上诉状正本一份，副本二份。 审判长王海 代理审判员卫彦玲 人民陪审员张加功 二〇一五年六月四日 书记员代雅莉 附：相关法律条文 《中华人民共和国刑法》 第二百九十二条聚众斗殴的，对首要分子和其他积极参加的，处三年以下有期徒刑、拘役或者管制；有下列情形之一的，对首要分子和其他积极参加的，处三年以上十年以下有期徒刑： （四）持械聚众斗殴的。 第二十五条共同犯罪是指二人以上共同故意犯罪。 第二十六条组织、领导犯罪集团进行犯罪活动的或者在共同犯罪中起主要作用的，是主犯。 对于第三款规定以外的主犯，应当按照其所参与的或者组织、指挥的全部犯罪处罚。 第七十一条判决宣告以后，刑罚执行完毕以前，被判刑的犯罪分子又犯罪的，应当对新犯的罪作出判决，把前罪没有执行的刑罚和后罪所判处的刑罚，依照本法第六十九条的规定，决定执行的刑罚。 第六十九条判决宣告以前一人犯数罪的，除判处死刑和无期徒刑的以外，应当在总和刑期以下、数刑中最高刑期以上，酌情决定执行的刑期，但是管制最高不能超过三年，拘役最高不能超过一年，有期徒刑总和刑期不满三十五年的，最高不能超过二十年，总和刑期在三十五年以上的，最高不能超过二十五年。 第六十七条犯罪嫌疑人虽不具有前两款规定的自首情节，但是如实供述自己罪行的，可以从轻处罚；因其如实供述自己罪行，避免特别严重后果发生的，可以减轻处罚。 第六十一条对于犯罪分子决定刑罚的时候，应当根据犯罪的事实、犯罪的性质、情节和对于社会的危害程度，依照本法的有关规定判处。","writId":"014870d689b793423b994a800f332b44fa4","writName":"程某聚众斗殴罪一审刑事判决书"}
