{"ajId":"86ec8c01-7c47-4d44-8659-80dd5c2f4416","ajName":"许荣忠、陈鑫非法经营一案","ajjbqk":" 公诉机关指控，2016年8月至2018年5月期间，被告人许荣忠通过网络向胡某（已判刑）及被告人陈鑫、李杨、苏某某、李某、谭守香贩卖假烟价值128.212万元。具体事实如下： 1.2017年3月份至案发，被告人李某向被告人许荣忠转账7.92万元用于购买假烟并销售。 2.2017年1月份至案发，被告人苏某某向被告人许荣忠转账14.922万元用于购买假烟并销售。 3.2016年8月至案发，被告人谭守香向被告人许荣忠转账28.97万元，其中25.97万元用于购买假烟并销售。 4.2017年4月，被告人陈鑫通过网络联系被告人许荣忠购买假烟。2017年8月份，陈鑫介绍被告人李杨以向许荣忠打钱，从陈鑫处拿货的方式贩卖假烟。陈鑫、李杨二人于2017年4月28日至2017年10月16日共向许荣忠转账55万用于购买假烟并销售，其中2017年8月13日以后两人共向许荣忠打款27.9万元用于购买假烟并销售。 5.2017年10月至案发，胡某向被告人许荣忠转账21.4万元用于购买假烟并销售。 另，被告人张某某利用其副食店内POS机为被告人许荣忠及他人所持有的银行卡累计非法套现598.1464万元。 针对指控，公诉机关提供有被告人供述、证人证言、书证、到案经过等证据，认为被告人许荣忠、陈鑫、李杨、苏某某、李某、谭守香、张某某的行为已构成非法经营罪，提请本院依法惩处。 被告人许荣忠提出，他所收取款项中有卖茶叶的钱款，该款项应从指控总额中扣除。 被告人陈鑫、李杨提出，其系分别付款，不参与对方利润的分配，应以其个人购买数额定罪处罚，且均有自首情节。 被告人苏某某、李某当庭对指控的犯罪供认不讳。 被告人谭守香提出，他提供给许荣忠用于购买假烟的银行卡系之前其所使用，应扣减该数额。 被告人张某某当庭对指控的犯罪供认不讳，提出其有坦白情节。 被告人许荣忠辩护人提出，本案仅有汇款凭证及相关言辞证据，并未查获实物，依法不能认定涉案香烟的来源和数量。 被告人陈鑫、李杨辩护人提出，应按陈鑫、李杨个人所购香烟数额定罪，且二被告人有自首情节。 被告人苏某某辩护人提出，苏某某有自首情节。 被告人李某辩护人提出，李某有自首情节。 被告人谭守香辩护人提出，应扣减2017年3月份之前的银行账户数额及购买茶叶的金额，谭守香具有坦白情节。 被告人张某某辩护人提出，张某某有坦白、立功情节，应当扣除银行手续费等相关数额。 经审理查明： 非法经营卷烟的事实 2016年8月至2018年5月期间，被告人许荣忠通过网络向胡某及被告人陈鑫、李杨、苏某某、李某、谭守香贩卖价值128.212万元假烟。具体事实如下： 一、2016年8月27日至2017年9月6日期间，被告人谭守香向被告人许荣忠转账28.97万元，其中25.97万元用于购买假烟并销售。 二、2017年1月20日至同年9月5日期间，被告人苏某某向被告人许荣忠转账14.922万元用于购买假烟并销售。 三、2017年3月6日至同年7月24日期间，被告人李某向被告人许荣忠转账7.92万元用于购买假烟并销售。 四、2017年4月，被告人陈鑫通过网络联系被告人许荣忠购买假烟，并以陈某某的名义开户中国邮政储蓄尾号9722银行卡寄给许荣忠用于购买假烟。同年8月，陈鑫介绍被告人李杨购买假烟销售，李杨根据陈鑫提供的陈某某尾号9722账户将款项打给许荣忠，从陈鑫处拿货进行贩卖假烟。陈鑫、李杨二人于2017年4月28日至同年10月24日共向许荣忠转账55万用于购买假烟并销售，其中2017年8月13日后两人共向许荣忠打款27.9万元用于购买假烟并销售（其中李杨共向该账户汇款17.8万元）。 五、2017年10月至2018年5月16日案发，胡某向被告人许荣忠转账21.4万元用于购买假烟并销售。 上述事实，有公诉机关提供的下列经庭审举证、质证的证据证实： 1．被告人供述 ⑴许荣忠侦查阶段供述：他从广东省购买云烟、芙蓉王、玉溪、中华烟等假烟销售，出售的烟价格不固定，每条约赚10元钱差价。他向驻马店的胡某及陇川人（即陈鑫）卖过假烟。陈鑫给他邮寄户名陈某某尾号9722及户名段某某尾号4984的银行卡用于打烟款。 ⑵陈鑫供述：他从购买紫云烟、白塔烟、软云烟等共计二三十万元的假烟进行销售。他带外婆陈某某办银行卡用于购买假烟。他给朋友李杨介绍假烟生意，李杨也往银行卡里打款购假烟销售。他还以女友父亲段某某名义为上家办理一张尾号4984的银行卡。 ⑶李杨供述：他从2017年8月份开始跟着陈鑫卖假烟赚钱，共经营约三四个月时间。陈鑫给他一个户名陈某某的银行账户，他打款到该账户的钱全部用于购买烟并从陈鑫手里拿假烟。购买的有紫云烟、软云烟、红塔山，销售的利润不等。 ⑷苏某某供述：2017年四五月份，他通过微信从上家购进芙蓉王和玉溪烟。他通过支付宝152××××6708账户向上家支付宝转账的全是购烟款。他在其经营的“汇翠烟酒店”将所购假烟销售。 ⑸李某供述：2017年左右，他在聊天软件上看到有人发布的销售假烟的广告并留有联系方式，为赚钱就添加对方为好友在网上向对方购买假烟。他通过支付宝账号15×××10在网上支付购买假烟款，卖假烟的人收款后从福建等地通过快递把假烟邮寄过来。他购买并销售的都是紫云和红河这两种假烟。 ⑹谭守香供述：他通过微信加一个自称是福建人的卖烟人为好友，向对方购买紫云金塔烟、软云烟和软玉溪烟。他根据卖烟的福建人要求，在邮政储蓄银行用自己的身份证开了一张尾号4887银行卡寄给福建人用于购买假烟。该账户所打款项除二三万元是购买茶叶的钱，其余全是购烟款，紫云金塔烟每条50元、软云烟每条70元、软玉溪烟每条70元，他每条赚取10元差价进行销售。 2．证人证言 ⑴胡某证言：2017年10月份开始从许荣忠那购买假烟并在自己开的两个商店里卖假烟，已通过银行转账或支付宝方式向上家支付购买假烟款共计21.4万元。 ⑵左自丹、叶某、康某某证言，证明2017年，他们均曾以每条70元至150元不等的价格购买陈鑫销售的假紫云烟、红塔山、软云烟。 ⑶段某某证言，证明陈鑫曾带她父亲段某某和陈鑫的外婆陈某某到银行办理银行卡寄给卖假烟的人用于陈鑫购买假烟。陈鑫的朋友李杨后来知道此事后也开始卖假烟，李杨的假烟也是从陈鑫的上家拿的货。 3．电子数据 ⑴被告人谭守香银行卡汇款明细，证明被告人谭守香从2016年8月27日起至2017年9月6日共向许荣忠持有的中国邮政储蓄银行尾号4887银行卡支付28.97万元。 ⑵被告人苏某某支付宝交易明细，证明被告人苏某某自2017年1月20日至同年9月5日向被告人许荣忠支付宝账户转账14.922万元。 ⑶被告人李某支付宝交易明细，证明被告人李某自2017年3月6日至同年7月24日向被告人许荣忠支付宝账户转账7.92万元。 ⑷被告人陈鑫、李杨汇款明细，证明陈鑫以陈某某的名义开户中国邮政储蓄尾号9722银行卡，从2017年4月28日起至同年10月24日陈鑫（汇款人分别为陈某某、陈鑫、段某某）共向该账户汇款37.2万元，从2017年8月13日起至同年10月16日李杨共向该账户汇款17.8万元。 4．胡某刑事判决书，证实胡某从许荣忠处购买的香烟价值认定21.4万元及相关犯罪事实已经生效判决书确认的情况。 5．辨认笔录，证明经公安机关组织辨认许荣忠、陈鑫互相辨认出对方。 6．鉴定意见，证明经鉴定，许荣忠销售给陈鑫、李杨、苏某某、谭守香、李某香烟收到的款项合计106.812万元，李某向许荣忠转款数额为7.92万元，苏某某向许荣忠转款数额为14.922万元，谭守香向许荣忠转款数额为28.97万元，陈鑫向许荣忠转款数额为37.2万元，李杨向许荣忠转款数额为17.8万元。 上述证据，能够相互印证部分，本院予以采信。 使用POS机非法套现事实 被告人张某某在福建省云霄县云陵镇经营“方某某副食店”，该店里有两部POS机。自2017年4月16日至2018年6月7日期间，张某某为牟利通过该店内的POS机替他人套现总额为598.1464万元，其中许荣忠通过张某某的POS机套现数额合计352.7435万元、张某某通过POS机替许荣忠之外的其他人套现数额为245.4029万元。 上述事实，有公诉机关提供的下列经庭审举证、质证的证据证实： 1．被告人张某某供述：他和妻子方某某在福建省云霄县云陵镇经营“方某某副食店”，店里有两部POS机，账户尾号分别是4035、7779。他为赚钱，让许荣忠等人通过他店内的POS机进行刷卡套现，他收取百分之一不等的手续费。 2．证人证言 ⑴许荣忠证言，证明他曾多次拿多张银行卡去云霄县“方某某副食店”去刷卡。3378、4984、7779三张卡是他刷的卡，给对方百分之一的手续费。套现时，方某某烟酒副食店的人能感觉到卡内的钱来路不正。 ⑵方某某证言，证明她家在云陵镇经营一间以她的名字命名的烟酒副食店，店内有两个POS机。她对网上支付不懂，在店里时都是要求支付现金。POS机都是她丈夫张某某在操作。 3．搜查笔录及扣押物品清单，证明案发后，公安机关扣押被告人张某某监控录像主机一台、手机四部、驾驶证一本、银行卡十三张。 4．公安机关出具的情况说明，证明经公安机关查证，被告人张某某经营的方某某副食店内有两部POS机，商户代号分别为：103350610001549（中国农业银行）和105350654990467（中国建设银行）。该店两部刷卡记录、许荣忠用于套现的银行卡尾号为（3378、4035、4984、7779）。 5．电子数据，即被告人张某某POS机刷卡及相关银行卡明细，证实被告人张某某涉嫌非法经营案的POS机编号尾号为0001、1549的交易信息及其张某某通过其名下银行卡将POS机刷卡款项提现。 6．监控视频，证明案发后，公安机关从被告人张某某所经营的方某某副食店提取的许荣忠进行刷卡套现的监控视频。 7．鉴定意见，证明经鉴定，自2017年4月16日至2018年6月7日期间，张某某通过POS机替他人套现总额为598.1464万元，其中许荣忠通过张某某的POS机套现数额合计352.7435万元、张某某通过POS机替许荣忠之外的其他人套现数额为245.4029万元。 上述证据，能够相互印证部分，本院予以采信。 另查明，案发后，被告人陈鑫、李杨、苏某某、李某主动到案并如实供述自己的相关涉案事实。该事实有公诉机关提交的到案经过在卷为凭，足以认定。 针对指控，公诉机关还提交有下列综合证据： 1．搜查笔录、扣押物品清单，证明案发后，公安机关扣押被告人许荣忠手机四部、u盘一个、银行卡四张。 2．户籍证明，证明被告人许荣忠、陈鑫、李杨、苏某某、李某、谭守香、张某某均具有完全刑事责任年龄等情况。 上述证据，本院予以采信。 ","cpfxgc":"本院认为，被告人许荣忠、陈鑫、谭守香、李杨、苏某某、李某、张某某违反国家规定，非法经营，扰乱市场秩序，其中许荣忠、陈鑫、谭守香、李杨、苏某某、李某非法经营香烟，许荣忠非法经营数额128.212万元、陈鑫非法经营数额55万元、谭守香非法经营数额25.97万元、李杨非法经营数额27.9万元，均属情节特别严重；苏某某非法经营数额14.922万元、李某非法经营数额7.92万元，均属情节严重；张某某非法从事资金支付结算业务，非法经营数额598.1464万元，属情节严重，七被告人的行为均已构成非法经营罪。公诉机关指控罪名成立，予以支持。在陈鑫、李杨所参与的非法经营犯罪过程中，陈鑫系犯意的提起者并直接与上线许荣忠进行联系、参与共同收、分货，李杨系积极参与者，均系主犯，均应对其所共同参与期间的犯罪负责，但在量刑时可根据其所起具体作用酌予区分。谭守香、张某某到案后如实供述自己的主要犯罪事实，依法可从轻处罚；陈鑫、李杨、苏某某、李某均主动到案并如实供述自己的犯罪事实，系自首，依法可从轻或减轻处罚。 关于被告人许荣忠提出的他所收取款项中有卖茶叶的钱款，应扣除该项钱款的意见，经查，现有证据证明涉案数额中仅有三万元系购茶叶款，公诉机关指控时已将该三万元数额扣减。许荣忠所提有其他购茶叶款无证据证实，不予采纳。 关于被告人许荣忠辩护人提出的本案仅有汇款凭证及相关言辞证据，并未查获实物，依法不能认定涉案香烟的来源和数量的意见，经查，现有公安机关在驻马店查获胡某的卷烟并有涉案多名共犯被告人供述、证人证言、相关账户电子数额，能够相互印证，形成完整的证据链，能够证明所指控的相关犯罪事实，故对该意见不予采纳。 关于被告人陈鑫、李杨及其辩护人提出的二人系分别付款，不参与对方利润的分配，应以其个人购买数额定罪处罚的意见，经查，现有证据证明陈鑫、李杨在所参与的非法经营犯罪过程中存在非法经营的共同犯意共联，且有陈鑫直接与上线许荣忠进行联系，二人参与共同收、分货，依法应对其所参与的共同涉案数额承担责任，故对该意见不予采纳；关于陈鑫、李杨及其辩护人提出的二人均有自首情节与本院查明事实一致，予以采纳。 关于被告人谭守香提出的他提供给许荣忠用于购买假烟的银行卡系之前其所使用，应扣减该数额及其辩护人提出的应扣减2017年3月份之前的银行账户数额的意见，经查，谭守香公安侦查阶段供述稳定，其供述该卡系为购买假烟所办理，且仅用于购买假烟，其中的三万元购买茶叶的款项公诉机关已予以扣减，故对该意见不予采纳；关于谭守香辩护人提出的应扣减购买茶叶的金额及谭守香具有坦白情节的意见与查明事实一致，予以采纳。 关于被告人张某某提出的其有坦白情节的意见与本院查明事实一致，予以采纳。 关于被告人苏某某、李某辩护人提出的苏某某、李某有自首情节的意见与本院查明事实一致，予以采纳。 关于被告人张某某辩护人提出的应当扣除银行手续费等相关数额的意见，经查现有证据证明张某某为牟利为他人刷卡套现，相关银行手续费系其犯罪成本，不应扣减，故对该意见不予采纳；关于张某某辩护人提出的张某某有坦白的意见，予以采纳；关于张某某辩护人提出的立功情节，经查，张某某如实供述涉案套现人员信息及提供相关监控视频的行为系其到案后如实供述犯罪事实的行为，依法不应认定为立功，故对该意见不予采纳。 根据七被告人的犯罪的事实、性质、情节和对社会的危害程度，依照《中华人民共和国刑法》第二百二十五条第（一）、（三）项、第二十五条第一款、第二十六条第一、四款、第六十七条第一、三款、第六十四条之规定，判决如下：","pjjg":" 一、被告人许荣忠犯非法经营罪，判处有期徒刑七年六个月，并处罚金人民币十五万元。 （刑期从判决执行之日起计算。判决执行以前先行羁押的，羁押一日折抵刑期一日。即自2018年6月19日起至2025年12月18日止）。 二、被告人陈鑫犯非法经营罪，判处有期徒刑五年，并处罚金人民币五万元。 （刑期从判决执行之日起计算。判决执行以前先行羁押的，羁押一日折抵刑期一日。即自2018年8月2日起至2023年8月1日止）。 三、被告人谭守香犯非法经营罪，判处有期徒刑五年，并处罚金人民币五万元。 （刑期从判决执行之日起计算。判决执行以前先行羁押的，羁押一日折抵刑期一日。即自2018年9月19日起至2023年9月18日止）。 四、被告人李杨犯非法经营罪，判处有期徒刑三年六个月，并处罚金人民币三万元。 （刑期从判决执行之日起计算。判决执行以前先行羁押的，羁押一日折抵刑期一日。即自2018年8月2日起至2022年2月1日止）。 五、被告人苏某某犯非法经营罪，判处有期徒刑一年六个月，并处罚金人民币二万元。 （刑期从判决执行之日起计算。判决执行以前先行羁押的，羁押一日折抵刑期一日。即自2018年8月30日起至2020年2月29日止）。 六、被告人张某某犯非法经营罪，判处有期徒刑一年，并处罚金人民币六万元。 （刑期从判决执行之日起计算。判决执行以前先行羁押的，羁押一日折抵刑期一日。即自2018年6月8日起至2019年6月7日止）。 七、被告人李某犯非法经营罪，判处有期徒刑十个月，并处罚金人民币一万元。 （刑期从判决执行之日起计算。判决执行以前先行羁押的，羁押一日折抵刑期一日。即自2018年9月12日起至2019年7月11日止）。 上述罚金均限判决生效后十日内一次性缴纳。 八、扣押在案财物由扣押机关负责处理。 如不服本判决，可在接到判决书的第二日起十日内，通过本院或者直接向驻马店市中级人民法院提出上诉。书面上诉的，应当提交上诉状正本一份，副本二份。","qw":"河南省驻马店市驿城区人民法院 刑事判决书 （2019）豫1702刑初108号 公诉机关河南省驻马店市驿城区人民检察院 被告人许荣忠，男，1985年3月12日出生，汉族，小学文化，无业，住福建省云霄县。因涉嫌犯非法经营罪于2018年6月19日被抓获，次日被临时羁押于云霄县看守所，同月22日被刑事拘留，同年7月25日被执行逮捕。 辩护人李杰，河南驿城律师事务所律师。 被告人陈鑫，曾用名陈姜文，男，1996年12月22日出生，汉族，初中文化，无业，住云南省陇川县。因涉嫌犯非法经营罪于2018年8月2日主动到案并临时羁押于陇川县看守所，同月9日被刑事拘留，同年9月14日被执行逮捕。 指定辩护人刘永为，河南文苑律师事务所律师。 被告人谭守香，男，1971年12月7日出生，汉族，初中文化，无业，户籍所在地四川省富顺县，租住四川省泸县。因涉嫌犯非法经营罪于2018年9月19日被刑事拘留，同年10月12日被执行逮捕。 指定辩护人朱前程、王翔宇，河南一帆律师事务所律师。 被告人李杨，男，1994年3月26日出生，汉族，初中文化，无业，住云南省陇川县。因涉嫌犯非法经营罪于2018年8月2日主动到案并临时羁押于陇川县看守所，同月9日被刑事拘留，同年9月14日被执行逮捕。 指定辩护人邵玲，河南文苑律师事务所律师。 被告人苏某某，男，1980年3月15日出生，汉族，初中文化，无业，户籍所在地安徽省无为县，住安徽省马鞍山市花山区。因涉嫌犯非法经营罪于2018年8月30日投案，同日被刑事拘留，同年9月14日被执行逮捕。 辩护人王志杰，河南济世雨律师事务所律师。 被告人张某某，男，1967年9月9日出生，汉族，初中文化，个体经营，住福建省云霄县。因涉嫌犯非法经营罪于2018年6月8日被抓获，次日被临时羁押于云霄县看守所，同月13日被刑事拘留，同年7月17日被执行逮捕。 辩护人朱晓东，河南公义律师事务所律师。 被告人李某，男，1990年7月22日出生，彝族，初中文化，无业，住云南省石屏县。因涉嫌犯非法经营罪于2018年9月12日主动到案并临时羁押于石屏县看守所，同月16日被刑事拘留，同年10月12日被执行逮捕。 指定辩护人张功成，河南豫上律师事务所律师。 河南省驻马店市驿城区人民检察院以驻驿检刑诉（2018）921号起诉书指控被告人许荣忠、陈鑫、谭守香、李杨、苏某某、张某某、李某犯非法经营罪，于2019年2月15日向本院提起公诉。本院依法组成合议庭，公开开庭审理了本案。驻马店市驿城区人民检察院指派检察员王孟阳出庭支持公诉，上列被告人及其辩护人均到庭参加诉讼。现已审理终结。 公诉机关指控，2016年8月至2018年5月期间，被告人许荣忠通过网络向胡某（已判刑）及被告人陈鑫、李杨、苏某某、李某、谭守香贩卖假烟价值128.212万元。具体事实如下： 1.2017年3月份至案发，被告人李某向被告人许荣忠转账7.92万元用于购买假烟并销售。 2.2017年1月份至案发，被告人苏某某向被告人许荣忠转账14.922万元用于购买假烟并销售。 3.2016年8月至案发，被告人谭守香向被告人许荣忠转账28.97万元，其中25.97万元用于购买假烟并销售。 4.2017年4月，被告人陈鑫通过网络联系被告人许荣忠购买假烟。2017年8月份，陈鑫介绍被告人李杨以向许荣忠打钱，从陈鑫处拿货的方式贩卖假烟。陈鑫、李杨二人于2017年4月28日至2017年10月16日共向许荣忠转账55万用于购买假烟并销售，其中2017年8月13日以后两人共向许荣忠打款27.9万元用于购买假烟并销售。 5.2017年10月至案发，胡某向被告人许荣忠转账21.4万元用于购买假烟并销售。 另，被告人张某某利用其副食店内POS机为被告人许荣忠及他人所持有的银行卡累计非法套现598.1464万元。 针对指控，公诉机关提供有被告人供述、证人证言、书证、到案经过等证据，认为被告人许荣忠、陈鑫、李杨、苏某某、李某、谭守香、张某某的行为已构成非法经营罪，提请本院依法惩处。 被告人许荣忠提出，他所收取款项中有卖茶叶的钱款，该款项应从指控总额中扣除。 被告人陈鑫、李杨提出，其系分别付款，不参与对方利润的分配，应以其个人购买数额定罪处罚，且均有自首情节。 被告人苏某某、李某当庭对指控的犯罪供认不讳。 被告人谭守香提出，他提供给许荣忠用于购买假烟的银行卡系之前其所使用，应扣减该数额。 被告人张某某当庭对指控的犯罪供认不讳，提出其有坦白情节。 被告人许荣忠辩护人提出，本案仅有汇款凭证及相关言辞证据，并未查获实物，依法不能认定涉案香烟的来源和数量。 被告人陈鑫、李杨辩护人提出，应按陈鑫、李杨个人所购香烟数额定罪，且二被告人有自首情节。 被告人苏某某辩护人提出，苏某某有自首情节。 被告人李某辩护人提出，李某有自首情节。 被告人谭守香辩护人提出，应扣减2017年3月份之前的银行账户数额及购买茶叶的金额，谭守香具有坦白情节。 被告人张某某辩护人提出，张某某有坦白、立功情节，应当扣除银行手续费等相关数额。 经审理查明： 非法经营卷烟的事实 2016年8月至2018年5月期间，被告人许荣忠通过网络向胡某及被告人陈鑫、李杨、苏某某、李某、谭守香贩卖价值128.212万元假烟。具体事实如下： 一、2016年8月27日至2017年9月6日期间，被告人谭守香向被告人许荣忠转账28.97万元，其中25.97万元用于购买假烟并销售。 二、2017年1月20日至同年9月5日期间，被告人苏某某向被告人许荣忠转账14.922万元用于购买假烟并销售。 三、2017年3月6日至同年7月24日期间，被告人李某向被告人许荣忠转账7.92万元用于购买假烟并销售。 四、2017年4月，被告人陈鑫通过网络联系被告人许荣忠购买假烟，并以陈某某的名义开户中国邮政储蓄尾号9722银行卡寄给许荣忠用于购买假烟。同年8月，陈鑫介绍被告人李杨购买假烟销售，李杨根据陈鑫提供的陈某某尾号9722账户将款项打给许荣忠，从陈鑫处拿货进行贩卖假烟。陈鑫、李杨二人于2017年4月28日至同年10月24日共向许荣忠转账55万用于购买假烟并销售，其中2017年8月13日后两人共向许荣忠打款27.9万元用于购买假烟并销售（其中李杨共向该账户汇款17.8万元）。 五、2017年10月至2018年5月16日案发，胡某向被告人许荣忠转账21.4万元用于购买假烟并销售。 上述事实，有公诉机关提供的下列经庭审举证、质证的证据证实： 1．被告人供述 ⑴许荣忠侦查阶段供述：他从广东省购买云烟、芙蓉王、玉溪、中华烟等假烟销售，出售的烟价格不固定，每条约赚10元钱差价。他向驻马店的胡某及陇川人（即陈鑫）卖过假烟。陈鑫给他邮寄户名陈某某尾号9722及户名段某某尾号4984的银行卡用于打烟款。 ⑵陈鑫供述：他从购买紫云烟、白塔烟、软云烟等共计二三十万元的假烟进行销售。他带外婆陈某某办银行卡用于购买假烟。他给朋友李杨介绍假烟生意，李杨也往银行卡里打款购假烟销售。他还以女友父亲段某某名义为上家办理一张尾号4984的银行卡。 ⑶李杨供述：他从2017年8月份开始跟着陈鑫卖假烟赚钱，共经营约三四个月时间。陈鑫给他一个户名陈某某的银行账户，他打款到该账户的钱全部用于购买烟并从陈鑫手里拿假烟。购买的有紫云烟、软云烟、红塔山，销售的利润不等。 ⑷苏某某供述：2017年四五月份，他通过微信从上家购进芙蓉王和玉溪烟。他通过支付宝152××××6708账户向上家支付宝转账的全是购烟款。他在其经营的“汇翠烟酒店”将所购假烟销售。 ⑸李某供述：2017年左右，他在聊天软件上看到有人发布的销售假烟的广告并留有联系方式，为赚钱就添加对方为好友在网上向对方购买假烟。他通过支付宝账号15×××10在网上支付购买假烟款，卖假烟的人收款后从福建等地通过快递把假烟邮寄过来。他购买并销售的都是紫云和红河这两种假烟。 ⑹谭守香供述：他通过微信加一个自称是福建人的卖烟人为好友，向对方购买紫云金塔烟、软云烟和软玉溪烟。他根据卖烟的福建人要求，在邮政储蓄银行用自己的身份证开了一张尾号4887银行卡寄给福建人用于购买假烟。该账户所打款项除二三万元是购买茶叶的钱，其余全是购烟款，紫云金塔烟每条50元、软云烟每条70元、软玉溪烟每条70元，他每条赚取10元差价进行销售。 2．证人证言 ⑴胡某证言：2017年10月份开始从许荣忠那购买假烟并在自己开的两个商店里卖假烟，已通过银行转账或支付宝方式向上家支付购买假烟款共计21.4万元。 ⑵左自丹、叶某、康某某证言，证明2017年，他们均曾以每条70元至150元不等的价格购买陈鑫销售的假紫云烟、红塔山、软云烟。 ⑶段某某证言，证明陈鑫曾带她父亲段某某和陈鑫的外婆陈某某到银行办理银行卡寄给卖假烟的人用于陈鑫购买假烟。陈鑫的朋友李杨后来知道此事后也开始卖假烟，李杨的假烟也是从陈鑫的上家拿的货。 3．电子数据 ⑴被告人谭守香银行卡汇款明细，证明被告人谭守香从2016年8月27日起至2017年9月6日共向许荣忠持有的中国邮政储蓄银行尾号4887银行卡支付28.97万元。 ⑵被告人苏某某支付宝交易明细，证明被告人苏某某自2017年1月20日至同年9月5日向被告人许荣忠支付宝账户转账14.922万元。 ⑶被告人李某支付宝交易明细，证明被告人李某自2017年3月6日至同年7月24日向被告人许荣忠支付宝账户转账7.92万元。 ⑷被告人陈鑫、李杨汇款明细，证明陈鑫以陈某某的名义开户中国邮政储蓄尾号9722银行卡，从2017年4月28日起至同年10月24日陈鑫（汇款人分别为陈某某、陈鑫、段某某）共向该账户汇款37.2万元，从2017年8月13日起至同年10月16日李杨共向该账户汇款17.8万元。 4．胡某刑事判决书，证实胡某从许荣忠处购买的香烟价值认定21.4万元及相关犯罪事实已经生效判决书确认的情况。 5．辨认笔录，证明经公安机关组织辨认许荣忠、陈鑫互相辨认出对方。 6．鉴定意见，证明经鉴定，许荣忠销售给陈鑫、李杨、苏某某、谭守香、李某香烟收到的款项合计106.812万元，李某向许荣忠转款数额为7.92万元，苏某某向许荣忠转款数额为14.922万元，谭守香向许荣忠转款数额为28.97万元，陈鑫向许荣忠转款数额为37.2万元，李杨向许荣忠转款数额为17.8万元。 上述证据，能够相互印证部分，本院予以采信。 使用POS机非法套现事实 被告人张某某在福建省云霄县云陵镇经营“方某某副食店”，该店里有两部POS机。自2017年4月16日至2018年6月7日期间，张某某为牟利通过该店内的POS机替他人套现总额为598.1464万元，其中许荣忠通过张某某的POS机套现数额合计352.7435万元、张某某通过POS机替许荣忠之外的其他人套现数额为245.4029万元。 上述事实，有公诉机关提供的下列经庭审举证、质证的证据证实： 1．被告人张某某供述：他和妻子方某某在福建省云霄县云陵镇经营“方某某副食店”，店里有两部POS机，账户尾号分别是4035、7779。他为赚钱，让许荣忠等人通过他店内的POS机进行刷卡套现，他收取百分之一不等的手续费。 2．证人证言 ⑴许荣忠证言，证明他曾多次拿多张银行卡去云霄县“方某某副食店”去刷卡。3378、4984、7779三张卡是他刷的卡，给对方百分之一的手续费。套现时，方某某烟酒副食店的人能感觉到卡内的钱来路不正。 ⑵方某某证言，证明她家在云陵镇经营一间以她的名字命名的烟酒副食店，店内有两个POS机。她对网上支付不懂，在店里时都是要求支付现金。POS机都是她丈夫张某某在操作。 3．搜查笔录及扣押物品清单，证明案发后，公安机关扣押被告人张某某监控录像主机一台、手机四部、驾驶证一本、银行卡十三张。 4．公安机关出具的情况说明，证明经公安机关查证，被告人张某某经营的方某某副食店内有两部POS机，商户代号分别为：103350610001549（中国农业银行）和105350654990467（中国建设银行）。该店两部刷卡记录、许荣忠用于套现的银行卡尾号为（3378、4035、4984、7779）。 5．电子数据，即被告人张某某POS机刷卡及相关银行卡明细，证实被告人张某某涉嫌非法经营案的POS机编号尾号为0001、1549的交易信息及其张某某通过其名下银行卡将POS机刷卡款项提现。 6．监控视频，证明案发后，公安机关从被告人张某某所经营的方某某副食店提取的许荣忠进行刷卡套现的监控视频。 7．鉴定意见，证明经鉴定，自2017年4月16日至2018年6月7日期间，张某某通过POS机替他人套现总额为598.1464万元，其中许荣忠通过张某某的POS机套现数额合计352.7435万元、张某某通过POS机替许荣忠之外的其他人套现数额为245.4029万元。 上述证据，能够相互印证部分，本院予以采信。 另查明，案发后，被告人陈鑫、李杨、苏某某、李某主动到案并如实供述自己的相关涉案事实。该事实有公诉机关提交的到案经过在卷为凭，足以认定。 针对指控，公诉机关还提交有下列综合证据： 1．搜查笔录、扣押物品清单，证明案发后，公安机关扣押被告人许荣忠手机四部、u盘一个、银行卡四张。 2．户籍证明，证明被告人许荣忠、陈鑫、李杨、苏某某、李某、谭守香、张某某均具有完全刑事责任年龄等情况。 上述证据，本院予以采信。 本院认为，被告人许荣忠、陈鑫、谭守香、李杨、苏某某、李某、张某某违反国家规定，非法经营，扰乱市场秩序，其中许荣忠、陈鑫、谭守香、李杨、苏某某、李某非法经营香烟，许荣忠非法经营数额128.212万元、陈鑫非法经营数额55万元、谭守香非法经营数额25.97万元、李杨非法经营数额27.9万元，均属情节特别严重；苏某某非法经营数额14.922万元、李某非法经营数额7.92万元，均属情节严重；张某某非法从事资金支付结算业务，非法经营数额598.1464万元，属情节严重，七被告人的行为均已构成非法经营罪。公诉机关指控罪名成立，予以支持。在陈鑫、李杨所参与的非法经营犯罪过程中，陈鑫系犯意的提起者并直接与上线许荣忠进行联系、参与共同收、分货，李杨系积极参与者，均系主犯，均应对其所共同参与期间的犯罪负责，但在量刑时可根据其所起具体作用酌予区分。谭守香、张某某到案后如实供述自己的主要犯罪事实，依法可从轻处罚；陈鑫、李杨、苏某某、李某均主动到案并如实供述自己的犯罪事实，系自首，依法可从轻或减轻处罚。 关于被告人许荣忠提出的他所收取款项中有卖茶叶的钱款，应扣除该项钱款的意见，经查，现有证据证明涉案数额中仅有三万元系购茶叶款，公诉机关指控时已将该三万元数额扣减。许荣忠所提有其他购茶叶款无证据证实，不予采纳。 关于被告人许荣忠辩护人提出的本案仅有汇款凭证及相关言辞证据，并未查获实物，依法不能认定涉案香烟的来源和数量的意见，经查，现有公安机关在驻马店查获胡某的卷烟并有涉案多名共犯被告人供述、证人证言、相关账户电子数额，能够相互印证，形成完整的证据链，能够证明所指控的相关犯罪事实，故对该意见不予采纳。 关于被告人陈鑫、李杨及其辩护人提出的二人系分别付款，不参与对方利润的分配，应以其个人购买数额定罪处罚的意见，经查，现有证据证明陈鑫、李杨在所参与的非法经营犯罪过程中存在非法经营的共同犯意共联，且有陈鑫直接与上线许荣忠进行联系，二人参与共同收、分货，依法应对其所参与的共同涉案数额承担责任，故对该意见不予采纳；关于陈鑫、李杨及其辩护人提出的二人均有自首情节与本院查明事实一致，予以采纳。 关于被告人谭守香提出的他提供给许荣忠用于购买假烟的银行卡系之前其所使用，应扣减该数额及其辩护人提出的应扣减2017年3月份之前的银行账户数额的意见，经查，谭守香公安侦查阶段供述稳定，其供述该卡系为购买假烟所办理，且仅用于购买假烟，其中的三万元购买茶叶的款项公诉机关已予以扣减，故对该意见不予采纳；关于谭守香辩护人提出的应扣减购买茶叶的金额及谭守香具有坦白情节的意见与查明事实一致，予以采纳。 关于被告人张某某提出的其有坦白情节的意见与本院查明事实一致，予以采纳。 关于被告人苏某某、李某辩护人提出的苏某某、李某有自首情节的意见与本院查明事实一致，予以采纳。 关于被告人张某某辩护人提出的应当扣除银行手续费等相关数额的意见，经查现有证据证明张某某为牟利为他人刷卡套现，相关银行手续费系其犯罪成本，不应扣减，故对该意见不予采纳；关于张某某辩护人提出的张某某有坦白的意见，予以采纳；关于张某某辩护人提出的立功情节，经查，张某某如实供述涉案套现人员信息及提供相关监控视频的行为系其到案后如实供述犯罪事实的行为，依法不应认定为立功，故对该意见不予采纳。 根据七被告人的犯罪的事实、性质、情节和对社会的危害程度，依照《中华人民共和国刑法》第二百二十五条第（一）、（三）项、第二十五条第一款、第二十六条第一、四款、第六十七条第一、三款、第六十四条之规定，判决如下： 一、被告人许荣忠犯非法经营罪，判处有期徒刑七年六个月，并处罚金人民币十五万元。 （刑期从判决执行之日起计算。判决执行以前先行羁押的，羁押一日折抵刑期一日。即自2018年6月19日起至2025年12月18日止）。 二、被告人陈鑫犯非法经营罪，判处有期徒刑五年，并处罚金人民币五万元。 （刑期从判决执行之日起计算。判决执行以前先行羁押的，羁押一日折抵刑期一日。即自2018年8月2日起至2023年8月1日止）。 三、被告人谭守香犯非法经营罪，判处有期徒刑五年，并处罚金人民币五万元。 （刑期从判决执行之日起计算。判决执行以前先行羁押的，羁押一日折抵刑期一日。即自2018年9月19日起至2023年9月18日止）。 四、被告人李杨犯非法经营罪，判处有期徒刑三年六个月，并处罚金人民币三万元。 （刑期从判决执行之日起计算。判决执行以前先行羁押的，羁押一日折抵刑期一日。即自2018年8月2日起至2022年2月1日止）。 五、被告人苏某某犯非法经营罪，判处有期徒刑一年六个月，并处罚金人民币二万元。 （刑期从判决执行之日起计算。判决执行以前先行羁押的，羁押一日折抵刑期一日。即自2018年8月30日起至2020年2月29日止）。 六、被告人张某某犯非法经营罪，判处有期徒刑一年，并处罚金人民币六万元。 （刑期从判决执行之日起计算。判决执行以前先行羁押的，羁押一日折抵刑期一日。即自2018年6月8日起至2019年6月7日止）。 七、被告人李某犯非法经营罪，判处有期徒刑十个月，并处罚金人民币一万元。 （刑期从判决执行之日起计算。判决执行以前先行羁押的，羁押一日折抵刑期一日。即自2018年9月12日起至2019年7月11日止）。 上述罚金均限判决生效后十日内一次性缴纳。 八、扣押在案财物由扣押机关负责处理。 如不服本判决，可在接到判决书的第二日起十日内，通过本院或者直接向驻马店市中级人民法院提出上诉。书面上诉的，应当提交上诉状正本一份，副本二份。 审判长胡艳梅 审判员殷长河 人民陪审员黄艳 二〇一九年五月十四日 书记员张智","writId":"013b6d38ffed5d5ee6e952d5f661fde88d2","writName":"许荣忠、陈鑫非法经营一审刑事判决书"}
