{"ajId":"49caf3b6-3755-4036-b8ae-519bf5553617","ajName":"梁永林滥伐林木一案","ajjbqk":" 天峨县人民检察院指控，2016年8月期间，被告人梁永林在未办有林木采伐许可证的前提下，擅自雇请民工到位于天峨县向阳镇林细村上场屯屋背坡（地名）砍伐覃某1用来其抵债的一片杉木林。经林业技术鉴定，滥伐树木面积0.4公顷（其中0.33公顷位于生态公益林区，属于国家级公益林，保护等级为一级），滥伐树木蓄积量为28.776立方米，出材量20.316立方米。 公诉机关认为被告人梁永林无证采伐林木，数量较大的行为已构成滥伐林木罪，为证实其指控的事实，公诉机关当庭提交并宣读了书证、证人证言、现场勘查笔录、辨认笔录及照片、鉴定结论及被告人的供述等证据。 上述事实，被告人梁永林在开庭审理过程中亦无异议，且有证人覃某1、覃某2、覃某3、冉某、覃应军、周某、满某、安某、江某，谢某的证言，现场勘查笔录、辨认笔录及照片，林业技术鉴定结论，情况说明，被告人的供述和辩解及其户籍证明等证据证实，足以认定。 ","cpfxgc":"本院认为，被告人梁永林违反森林法的有关规定，无证采伐林木0.4公顷，造成滥伐林木蓄积量为28.776立方米，数量较大的犯罪事实清楚，证据确实、充分，足以认定，其行为已触犯刑律，构成滥伐林木罪。公诉机关指控被告人梁永林犯滥伐林木罪成立，本院予以确认。鉴于被告人梁永林在归案后如实供述其犯罪事实，属坦白，在庭上自愿认罪，确有悔罪表现，依法可以从轻处罚。根据被告人犯罪的事实、情节和悔罪表现，认为对其适用缓刑不致再发生危害社会，故决定对其予以宣告缓刑。为严肃国法，打击刑事犯罪，保护国家森林资源不受非法侵犯，维护国家对森林资源的正常经营管理活动，依照《中华人民共和国刑法》第三百四十五条第二款、第四十五条、第五十二条、第六十七条第三款，第七十二条、第七十三条，最高人民法院《关于审理破坏森林资源刑事案件具体应用法律若干问题的解释》第六条以及最高人民法院《关于适用财产刑若干问题的规定》第一条、第二条、第八条之规定，判决如下：","pjjg":" 被告人梁永林犯滥伐林木罪，判处有期徒刑一年，缓刑二年，并处罚金人民币2800元，上缴国库。 （罚金已缴纳。） 如不服本判决，可在接到判决书的第二日起十日内，通过本院或者直接向河池市中级人民法院提出上诉。书面上诉的，应当提交上诉状正本一份，副本三份。","qw":"广西壮族自治区天峨县人民法院 刑事判决书 （2016）桂1222刑初168号 公诉机关广西壮族自治区天峨县人民检察院。 被告人梁永林，男，1969年12月9日生于广西天峨县，壮族，初中文化，农民，户籍所在地广西壮族自治区河池市天峨县，住天峨县。因涉嫌犯滥伐林木罪，于2016年10月28日被天峨县公安局对其取保候审。 广西壮族自治区天峨县人民检察院以峨检刑诉（2016）167号起诉书指控被告人梁永林犯滥伐林木罪，于2016年12月5日向本院提起公诉。本院受理后，依法适用简易程序，实行独任审判，于2016年12月7日公开开庭审理了本案。被告人梁永林到庭参加诉讼，天峨县人民检察院指派检察员李正发出庭支持公诉。现已审理终结。 天峨县人民检察院指控，2016年8月期间，被告人梁永林在未办有林木采伐许可证的前提下，擅自雇请民工到位于天峨县向阳镇林细村上场屯屋背坡（地名）砍伐覃某1用来其抵债的一片杉木林。经林业技术鉴定，滥伐树木面积0.4公顷（其中0.33公顷位于生态公益林区，属于国家级公益林，保护等级为一级），滥伐树木蓄积量为28.776立方米，出材量20.316立方米。 公诉机关认为被告人梁永林无证采伐林木，数量较大的行为已构成滥伐林木罪，为证实其指控的事实，公诉机关当庭提交并宣读了书证、证人证言、现场勘查笔录、辨认笔录及照片、鉴定结论及被告人的供述等证据。 上述事实，被告人梁永林在开庭审理过程中亦无异议，且有证人覃某1、覃某2、覃某3、冉某、覃应军、周某、满某、安某、江某，谢某的证言，现场勘查笔录、辨认笔录及照片，林业技术鉴定结论，情况说明，被告人的供述和辩解及其户籍证明等证据证实，足以认定。 本院认为，被告人梁永林违反森林法的有关规定，无证采伐林木0.4公顷，造成滥伐林木蓄积量为28.776立方米，数量较大的犯罪事实清楚，证据确实、充分，足以认定，其行为已触犯刑律，构成滥伐林木罪。公诉机关指控被告人梁永林犯滥伐林木罪成立，本院予以确认。鉴于被告人梁永林在归案后如实供述其犯罪事实，属坦白，在庭上自愿认罪，确有悔罪表现，依法可以从轻处罚。根据被告人犯罪的事实、情节和悔罪表现，认为对其适用缓刑不致再发生危害社会，故决定对其予以宣告缓刑。为严肃国法，打击刑事犯罪，保护国家森林资源不受非法侵犯，维护国家对森林资源的正常经营管理活动，依照《中华人民共和国刑法》第三百四十五条第二款、第四十五条、第五十二条、第六十七条第三款，第七十二条、第七十三条，最高人民法院《关于审理破坏森林资源刑事案件具体应用法律若干问题的解释》第六条以及最高人民法院《关于适用财产刑若干问题的规定》第一条、第二条、第八条之规定，判决如下： 被告人梁永林犯滥伐林木罪，判处有期徒刑一年，缓刑二年，并处罚金人民币2800元，上缴国库。 （罚金已缴纳。） 如不服本判决，可在接到判决书的第二日起十日内，通过本院或者直接向河池市中级人民法院提出上诉。书面上诉的，应当提交上诉状正本一份，副本三份。 审判员龙园玲 二〇一六年十二月七日 书记员岑朝毅 附法律条文如下 中华人民共和国刑法（2011年修正） 第三百四十五条［盗伐林木罪；滥伐林木罪；非法收购、运输盗伐、滥伐的林木罪］第二款违反森林法的规定，滥伐森林或者其他林木，数量较大的，处三年以下有期徒刑、拘役或者管制，并处或者单处罚金；数量巨大的，处三年以上七年以下有期徒刑，并处罚金。 第五十二条［罚金数额的裁量］判处罚金，应当根据犯罪情节决定罚金数额。 第六十七条［自首］犯罪以后自动投案，如实供述自己的罪行的，是自首。对于自首的犯罪分子，可以从轻或者减轻处罚。其中，犯罪较轻的，可以免除处罚。 被采取强制措施的犯罪嫌疑人、被告人和正在服刑的罪犯，如实供述司法机关还未掌握的本人其他罪行的，以自首论。 《关于审理破坏森林资源刑事案件具体应用法律若干问题的解释》 （2000年11月17日最高人民法院审判委员会第1141次会议通过法释（2000）36号） 第六条滥伐林木“数量较大”，以十至二十立方米或者幼树五百至一千株为起点；滥伐林木“数量巨大”，以五十至一百立方米或者幼树二千五百至五千株为起点。 《最高人民法院关于适用财产刑若干问题的规定》 于2000年11月15日由最高人民法院审判委员会第1139次会议通过，现予公布，自2000年12月19日起施行。 第一条刑法规定“并处”没收财产或者罚金的犯罪，人民法院在对犯罪分子判处主刑的同时，必须依法判处相应的财产刑；刑法规定“可以并处”没收财产或者罚金的犯罪，人民法院应当根据案件具体情况及犯罪分子的财产状况，决定是否适用财产刑。 第二条人民法院应当根据犯罪情节，如违法所得数额、造成损失的大小等，并综合考虑犯罪分子缴纳罚金的能力，依法判处罚金。刑法没有明确规定罚金数额标准的，罚金的最低数额不能少于一千元。 对未成年人犯罪应当从轻或者减轻判处罚金，但罚金的最低数额不能少于五百元。 第八条罚金刑的数额应当以人民币为计算单位。","writId":"0558711f12fa8dd90913a3bf68c6cdd4482","writName":"梁永林滥伐林木一审刑事判决书"}
