{"ajId":"f3e78983-cc8c-4e8c-9185-dbb4bf9657ef","ajName":"周海鹏、穆雪芳、李君等协助组织卖淫罪一案","ajjbqk":" 经审理查明： 2010年以来，徐某1（已判决）伙同徐某2、盛某（均另案处理）等人，在台州市经济开发区长期通过实施组织卖淫、开设赌场非法活动，为非作恶，获取巨额利益，扰乱社会生活秩序，造成较为恶劣的社会影响，并形成了以徐某1为首的恶势力犯罪集团。具体事实如下： 1.2010年至2017年4月，徐某1与徐某2等人合伙在台州市经济开发区经营新大浪淘沙商务酒店（后更名为新大浪淘沙大酒店，以下简称大浪淘沙酒店），酒店确定专门的楼层和房间用于卖淫，总经理和总监负责调配和管理人员，由专人负责带嫖客至卖淫楼层，专人负责卖淫催钟、计时、收银，财务部负责统计收入并发放卖淫提成，保安部负责通知有无公安机关来检查等。酒店先后由王某1（另案处理）、王某2（已判）、王某3（已判）等担任卖淫女领班，由李某、刘某（均已判）等担任领班助理，招募、管理卖淫女，组织多人在大浪酒店内及耀达大酒店等地实施卖淫活动。同时，大浪淘沙酒店设置暗房，摆放赌博机开设赌场，由涂丽、龙某（已判决）等任游戏厅主管，由专人通过专用通道将赌博人带至暗房赌博。 被告人周海鹏于2010年4月21日至2016年1月22日期间，在明知大浪淘沙酒店存在组织卖淫、开设赌场等违法经营的情况下，受徐某1委托，挂名担任大浪淘沙酒店的法人代表，并收取挂名费，共获利人民币16万余元。 经审计，2011年8月至2017年3月期间，大浪淘沙酒店卖淫非法获利人民币达13000余万元；2013年1月至2017年4月期间，大浪淘沙酒店开设赌场非法获利人民币达10000余万元。 2.2011年以来，徐某1伙同盛某及陈永安（另案处理）在台州市经济开发区市府大道开办名剑休闲会所，2013年10月23日更名为品尚休闲会所（以下简称名剑会所），由范某（另案处理）担任卖淫女领班，张某1、赵某（均另案处理）、贺某（已判）等人担任领班助理，通过招聘、管理、培训卖淫女在该会所四楼、五楼以及外围酒店客房内进行卖淫活动。该会所日均卖淫妇女达10人以上。期间，被告人肖雨于2011年9、10月份在名剑会所上班约一个月，负责卖淫记钟；被告人周腊梅于2011年下半年在名剑会所上班约一个月，负责卖淫记钟；被告人穆雪芳于2013年10月至2014年1月在名剑会所上班，负责卖淫记钟和收银；被告人周海鹏于2014年1月至2014年4月在名剑会所负责接送卖淫女、嫖客；被告人李君、李兴于2014年一二月份在名剑会所负责接送卖淫女、嫖客；被告人王帅于2014年夏天在名剑会所上班约一周，负责卖淫记钟。 2017年12月15日上午，被告人王帅在彭营派出所户籍室被河南省南阳市镇平县公安局彭营派出所民警抓获；2018年1月31日14时30分许，被告人肖雨在大连市甘井子区民警抓获；2018年4月9日11时许，安徽省界首市公安局芦村派出所民警在穆雪芳哥哥穆乾龙的帮助下，在界首市西城工业区华益门业院内抓获被告人穆雪芳；2018年4月20日17时许，温岭市民警在椒江区梁江红星村35幢东边第一间二楼客厅抓获被告人周海鹏；2018年5月14日11时30分许，被告人周腊梅主动到温岭市投案；2018年5月24日21时30分许，温岭市民警在台州市三门县西区广林木制品厂附近出租房内抓获被告人李君；2018年6月8日9时许，台州市公安局椒江分局巡特警大队民警在椒江区开元大酒店东侧路段抓获被告人李兴。被告人周海鹏、李君、李兴、王帅、肖雨、穆雪芳、周腊梅到案后，均如实供述了其涉案事实。 上述事实，被告人周海鹏、穆雪芳、李君、李兴、肖雨、周腊梅、王帅在开庭审理过程中亦无异议，并有证人刘某某、王某某、张某某、陈某某、方某某等的证言，同案犯徐某1、吴某、葛某、赵某、翟庆辉、贺某、范某、张某1、孔某、张某2、梁某、陈某等的供述，个体工商户登记资料、合伙企业登记基本情况表、违法犯罪记录查询说明、扣押决定书、记账凭证复印件、审计报告、离职工资单、银行对账单，辨认笔录，常住人口基本信息及侦查人员出具的抓获经过证明等证据证实，足以认定。 ","cpfxgc":"本院认为，被告人周海鹏、穆雪芳、李君、李兴、肖雨、周腊梅、王帅参与以徐某1为首的恶势力犯罪集团，其中被告人李君、李兴、王帅、肖雨、周腊梅、穆雪芳明知徐某1组织卖淫，仍予以协助，情节严重，其行为均已构成协助组织卖淫罪；被告人周海鹏明知徐某1等人进行组织卖淫、开设赌场违法犯罪活动，仍为其挂名担任法定代表人，又帮助接送卖淫女、嫖客，均属情节严重，其行为已构成协助组织卖淫罪、开设赌场罪。均系共同犯罪。公诉机关指控罪名成立。被告人周海鹏一人犯二罪，依法应实行数罪并罚。鉴于被告人周海鹏、李君、李兴、王帅、肖雨、周腊梅、穆雪芳在协助组织卖淫共同犯罪中起次要、辅助作用，系从犯；被告人周海鹏在开设赌场共同犯罪中起次要、辅助作用，系从犯；被告人周腊梅案发后主动投案，并如实供述其犯罪事实，系自首；被告人周海鹏、李君、李兴、王帅、肖雨、穆雪芳到案后，均如实供述其犯罪事实，七被告人均当庭自愿认罪，被告人穆雪芳、李君、李兴、肖雨、周腊梅、王帅确有悔罪表现，决定对被告人周海鹏所犯协助组织卖淫罪、开设赌场罪依法分别予以减轻处罚，对被告人穆雪芳、李君、李兴、肖雨、周腊梅、王帅所犯协助组织卖淫罪依法分别予以减轻处罚并适用缓刑。各辩护人就此提出的辩护意见，本院予以采纳。关于被告人肖雨的辩护人提出肖雨的犯罪行为未达到“情节严重”的意见，与查明的事实及相关法律规定不符，本院不予采纳。综上，依照《中华人民共和国刑法》第三百五十八条第四款、第三百零三条第二款、第二十五条第一款、第二十六条第二款、第二十七条、第六十九条第一款、第六十七条第一、三款、第六十四条、第七十二条第一、三款、第七十三条第二、三款之规定，判决如下：","pjjg":" 一、被告人周海鹏犯协助组织卖淫罪，判处有期徒刑三年二个月，并处罚金人民币十五万元；犯开设赌场罪，判处有期徒刑一年六个月，并处罚金人民币十万元；决定合并执行有期徒刑四年，并处罚金人民币二十五万元。 （刑期从判决执行之日起计算。判决执行以前先行羁押的，羁押一日折抵刑期一日，即自2019年5月24日起至2023年4月17日止；罚金款限在本判决发生法律效力后一个月内缴纳。） 二、被告人穆雪芳犯协助组织卖淫罪，判处有期徒刑二年五个月，缓刑三年，并处罚金人民币六千元（已缴纳）。 （缓刑考验期限，从判决确定之日起计算。） 三、被告人李君犯协助组织卖淫罪，判处有期徒刑二年三个月，缓刑三年，并处罚金人民币五千元（已缴纳）。 （缓刑考验期限，从判决确定之日起计算。） 四、被告人李兴犯协助组织卖淫罪，判处有期徒刑二年三个月，缓刑三年，并处罚金人民币五千元（已缴纳）。 （缓刑考验期限，从判决确定之日起计算。） 五、被告人肖雨犯协助组织卖淫罪，判处有期徒刑二年二个月，缓刑三年，并处罚金人民币四千元（已缴纳）。 （缓刑考验期限，从判决确定之日起计算。） 六、被告人周腊梅犯协助组织卖淫罪，判处有期徒刑二年，缓刑三年，并处罚金人民币四千元（已缴纳）。 （缓刑考验期限，从判决确定之日起计算。） 七、被告人王帅犯协助组织卖淫罪，判处有期徒刑二年，缓刑三年，并处罚金人民币三千元（已缴纳）。 （缓刑考验期限，从判决确定之日起计算。） 八、依法追缴被告人周海鹏违法所得人民币175000元，被告人穆雪芳违法所得人民币2000元（已缴纳），被告人李君违法所得人民币2000元（已缴纳），被告人肖雨违法所得人民币1000元（已缴纳），被告人周腊梅违法所得人民币700元（已缴纳），被告人王帅违法所得人民币600元（已缴纳），上缴国库。 如不服本判决，可在接到判决书的第二日起十日内，通过本院或者直接向浙江省台州市中级人民法院提出上诉。书面上诉的，应当提交上诉状正本一份，副本八份。","qw":"浙江省温岭市人民法院 刑事判决书 （2019）浙1081刑初689号 公诉机关温岭市人民检察院。 被告人周海鹏，男，1983年9月28日出生于浙江省台州市椒江区，汉族，初中文化，农民，住台州市椒江区。因本案于2018年4月20日被温岭市公安局刑事拘留，于2018年5月25日被取保候审。经本院决定，于2019年5月24日被依法逮捕。现羁押于温岭市看守所。 辩护人周海灵，浙江鑫湖律师事务所律师。 被告人穆雪芳，女，1991年2月15日出生于安徽省界首市，汉族，初中文化，农民，住界首市。因本案于2018年4月9日被温岭市公安局刑事拘留，于2018年5月3日被取保候审，于2019年5月2日被继续取保候审。 辩护人林萍，浙江明权律师事务所律师。 被告人李君，男，1985年12月1日出生于浙江省三门县，汉族，初中文化，农民，住三门县。因本案于2018年5月24日被温岭市公安局刑事拘留，于2018年6月27日被取保候审。经本院决定，于2019年6月27日被继续取保候审。 辩护人陈伟明，浙江海贸律师事务所律师。 被告人李兴，男，1980年8月23日出生于浙江省仙居县，汉族，中专文化，农民，住仙居县。因本案于2018年6月8日被温岭市公安局刑事拘留，于2018年7月5日被取保候审。经本院决定，于2019年7月5日被继续取保候审。 辩护人黄宗伟，浙江咨道律师事务所律师。 被告人肖雨，男，1993年1月28日出生于安徽省界首市，汉族，初中文化，农民，住界首市。因本案于2018年1月31日被温岭市公安局刑事拘留，于2018年3月9日被取保候审，于2019年3月8日被继续取保候审。 辩护人张燕，安徽景涛律师事务所律师。 被告人周腊梅，女，1991年1月30日出生于陕西省城固县，汉族，初中文化，农民，住城固县。因本案于2018年5月14日被温岭市公安局刑事拘留，于2018年6月1日被取保候审。经本院决定，于2019年5月31日被继续取保候审。 辩护人江银婉，浙江乾衡（温岭）律师事务所律师。 被告人王帅，男，1989年4月5日出生于河南省镇平县，汉族，初中文化，农民，住镇平县。因本案于2017年12月15日被温岭市公安局刑事拘留，于2018年1月15日被取保候审，于2019年1月14日被继续取保候审。 辩护人柯友芳，浙江乾衡（温岭）律师事务所律师。 温岭市人民检察院以台温检公诉刑诉（2019）698号起诉书指控被告人周海鹏犯协助组织卖淫罪、开设赌场罪，被告人李君、李兴、王帅、肖雨、穆雪芳、周腊梅犯协助组织卖淫罪，于2019年5月10日向本院提起公诉。本院受理后，依法组成合议庭，适用普通程序，公开开庭进行了审理。温岭市人民检察院指派检察员卢晨宵出庭支持公诉，被告人周海鹏及其辩护人周海灵、被告人穆雪芳及本院通过温岭市法律援助中心指派的浙江明某律师事务所律师林萍、被告人李君及其辩护人陈伟明、被告人李兴及本院通过温岭市法律援助中心指派的浙江咨道律师事务所律师黄宗伟、被告人肖雨及其辩护人张燕、被告人周腊梅及本院通过温岭市法律援助中心指派的浙江乾衡（温岭）律师事务所律师江银婉、被告人王帅及本院通过温岭市法律援助中心指派的浙江乾衡（温岭）律师事务所律师柯友芳到庭参加诉讼。现已审理终结。 经审理查明： 2010年以来，徐某1（已判决）伙同徐某2、盛某（均另案处理）等人，在台州市经济开发区长期通过实施组织卖淫、开设赌场非法活动，为非作恶，获取巨额利益，扰乱社会生活秩序，造成较为恶劣的社会影响，并形成了以徐某1为首的恶势力犯罪集团。具体事实如下： 1.2010年至2017年4月，徐某1与徐某2等人合伙在台州市经济开发区经营新大浪淘沙商务酒店（后更名为新大浪淘沙大酒店，以下简称大浪淘沙酒店），酒店确定专门的楼层和房间用于卖淫，总经理和总监负责调配和管理人员，由专人负责带嫖客至卖淫楼层，专人负责卖淫催钟、计时、收银，财务部负责统计收入并发放卖淫提成，保安部负责通知有无公安机关来检查等。酒店先后由王某1（另案处理）、王某2（已判）、王某3（已判）等担任卖淫女领班，由李某、刘某（均已判）等担任领班助理，招募、管理卖淫女，组织多人在大浪酒店内及耀达大酒店等地实施卖淫活动。同时，大浪淘沙酒店设置暗房，摆放赌博机开设赌场，由涂丽、龙某（已判决）等任游戏厅主管，由专人通过专用通道将赌博人带至暗房赌博。 被告人周海鹏于2010年4月21日至2016年1月22日期间，在明知大浪淘沙酒店存在组织卖淫、开设赌场等违法经营的情况下，受徐某1委托，挂名担任大浪淘沙酒店的法人代表，并收取挂名费，共获利人民币16万余元。 经审计，2011年8月至2017年3月期间，大浪淘沙酒店卖淫非法获利人民币达13000余万元；2013年1月至2017年4月期间，大浪淘沙酒店开设赌场非法获利人民币达10000余万元。 2.2011年以来，徐某1伙同盛某及陈永安（另案处理）在台州市经济开发区市府大道开办名剑休闲会所，2013年10月23日更名为品尚休闲会所（以下简称名剑会所），由范某（另案处理）担任卖淫女领班，张某1、赵某（均另案处理）、贺某（已判）等人担任领班助理，通过招聘、管理、培训卖淫女在该会所四楼、五楼以及外围酒店客房内进行卖淫活动。该会所日均卖淫妇女达10人以上。期间，被告人肖雨于2011年9、10月份在名剑会所上班约一个月，负责卖淫记钟；被告人周腊梅于2011年下半年在名剑会所上班约一个月，负责卖淫记钟；被告人穆雪芳于2013年10月至2014年1月在名剑会所上班，负责卖淫记钟和收银；被告人周海鹏于2014年1月至2014年4月在名剑会所负责接送卖淫女、嫖客；被告人李君、李兴于2014年一二月份在名剑会所负责接送卖淫女、嫖客；被告人王帅于2014年夏天在名剑会所上班约一周，负责卖淫记钟。 2017年12月15日上午，被告人王帅在彭营派出所户籍室被河南省南阳市镇平县公安局彭营派出所民警抓获；2018年1月31日14时30分许，被告人肖雨在大连市甘井子区民警抓获；2018年4月9日11时许，安徽省界首市公安局芦村派出所民警在穆雪芳哥哥穆乾龙的帮助下，在界首市西城工业区华益门业院内抓获被告人穆雪芳；2018年4月20日17时许，温岭市民警在椒江区梁江红星村35幢东边第一间二楼客厅抓获被告人周海鹏；2018年5月14日11时30分许，被告人周腊梅主动到温岭市投案；2018年5月24日21时30分许，温岭市民警在台州市三门县西区广林木制品厂附近出租房内抓获被告人李君；2018年6月8日9时许，台州市公安局椒江分局巡特警大队民警在椒江区开元大酒店东侧路段抓获被告人李兴。被告人周海鹏、李君、李兴、王帅、肖雨、穆雪芳、周腊梅到案后，均如实供述了其涉案事实。 上述事实，被告人周海鹏、穆雪芳、李君、李兴、肖雨、周腊梅、王帅在开庭审理过程中亦无异议，并有证人刘某某、王某某、张某某、陈某某、方某某等的证言，同案犯徐某1、吴某、葛某、赵某、翟庆辉、贺某、范某、张某1、孔某、张某2、梁某、陈某等的供述，个体工商户登记资料、合伙企业登记基本情况表、违法犯罪记录查询说明、扣押决定书、记账凭证复印件、审计报告、离职工资单、银行对账单，辨认笔录，常住人口基本信息及侦查人员出具的抓获经过证明等证据证实，足以认定。 本院认为，被告人周海鹏、穆雪芳、李君、李兴、肖雨、周腊梅、王帅参与以徐某1为首的恶势力犯罪集团，其中被告人李君、李兴、王帅、肖雨、周腊梅、穆雪芳明知徐某1组织卖淫，仍予以协助，情节严重，其行为均已构成协助组织卖淫罪；被告人周海鹏明知徐某1等人进行组织卖淫、开设赌场违法犯罪活动，仍为其挂名担任法定代表人，又帮助接送卖淫女、嫖客，均属情节严重，其行为已构成协助组织卖淫罪、开设赌场罪。均系共同犯罪。公诉机关指控罪名成立。被告人周海鹏一人犯二罪，依法应实行数罪并罚。鉴于被告人周海鹏、李君、李兴、王帅、肖雨、周腊梅、穆雪芳在协助组织卖淫共同犯罪中起次要、辅助作用，系从犯；被告人周海鹏在开设赌场共同犯罪中起次要、辅助作用，系从犯；被告人周腊梅案发后主动投案，并如实供述其犯罪事实，系自首；被告人周海鹏、李君、李兴、王帅、肖雨、穆雪芳到案后，均如实供述其犯罪事实，七被告人均当庭自愿认罪，被告人穆雪芳、李君、李兴、肖雨、周腊梅、王帅确有悔罪表现，决定对被告人周海鹏所犯协助组织卖淫罪、开设赌场罪依法分别予以减轻处罚，对被告人穆雪芳、李君、李兴、肖雨、周腊梅、王帅所犯协助组织卖淫罪依法分别予以减轻处罚并适用缓刑。各辩护人就此提出的辩护意见，本院予以采纳。关于被告人肖雨的辩护人提出肖雨的犯罪行为未达到“情节严重”的意见，与查明的事实及相关法律规定不符，本院不予采纳。综上，依照《中华人民共和国刑法》第三百五十八条第四款、第三百零三条第二款、第二十五条第一款、第二十六条第二款、第二十七条、第六十九条第一款、第六十七条第一、三款、第六十四条、第七十二条第一、三款、第七十三条第二、三款之规定，判决如下： 一、被告人周海鹏犯协助组织卖淫罪，判处有期徒刑三年二个月，并处罚金人民币十五万元；犯开设赌场罪，判处有期徒刑一年六个月，并处罚金人民币十万元；决定合并执行有期徒刑四年，并处罚金人民币二十五万元。 （刑期从判决执行之日起计算。判决执行以前先行羁押的，羁押一日折抵刑期一日，即自2019年5月24日起至2023年4月17日止；罚金款限在本判决发生法律效力后一个月内缴纳。） 二、被告人穆雪芳犯协助组织卖淫罪，判处有期徒刑二年五个月，缓刑三年，并处罚金人民币六千元（已缴纳）。 （缓刑考验期限，从判决确定之日起计算。） 三、被告人李君犯协助组织卖淫罪，判处有期徒刑二年三个月，缓刑三年，并处罚金人民币五千元（已缴纳）。 （缓刑考验期限，从判决确定之日起计算。） 四、被告人李兴犯协助组织卖淫罪，判处有期徒刑二年三个月，缓刑三年，并处罚金人民币五千元（已缴纳）。 （缓刑考验期限，从判决确定之日起计算。） 五、被告人肖雨犯协助组织卖淫罪，判处有期徒刑二年二个月，缓刑三年，并处罚金人民币四千元（已缴纳）。 （缓刑考验期限，从判决确定之日起计算。） 六、被告人周腊梅犯协助组织卖淫罪，判处有期徒刑二年，缓刑三年，并处罚金人民币四千元（已缴纳）。 （缓刑考验期限，从判决确定之日起计算。） 七、被告人王帅犯协助组织卖淫罪，判处有期徒刑二年，缓刑三年，并处罚金人民币三千元（已缴纳）。 （缓刑考验期限，从判决确定之日起计算。） 八、依法追缴被告人周海鹏违法所得人民币175000元，被告人穆雪芳违法所得人民币2000元（已缴纳），被告人李君违法所得人民币2000元（已缴纳），被告人肖雨违法所得人民币1000元（已缴纳），被告人周腊梅违法所得人民币700元（已缴纳），被告人王帅违法所得人民币600元（已缴纳），上缴国库。 如不服本判决，可在接到判决书的第二日起十日内，通过本院或者直接向浙江省台州市中级人民法院提出上诉。书面上诉的，应当提交上诉状正本一份，副本八份。 审判长应荣辉 审判员叶慧奇 人民陪审员蒋驰斌 二〇一九年八月九日 代书记员张雅如 。 附件： 本案判决所依据的法律条文 《中华人民共和国刑法》 第三百五十八条组织、强迫他人卖淫的，处五年以上十年以下有期徒刑，并处罚金；情节严重的，处十年以上有期徒刑或者无期徒刑，并处罚金或者没收财产。 组织、强迫未成年人卖淫的，依照前款的规定从重处罚。 犯前两款罪，并有杀害、伤害、强奸、绑架等犯罪行为的，依照数罪并罚的规定处罚。 为组织卖淫的人招募、运送人员或者有其他协助组织他人卖淫行为的，处五年以下有期徒刑，并处罚金；情节严重的，处五年以上十年以下有期徒刑，并处罚金。 第三百零三条以营利为目的，聚众赌博或者以赌博为业的，处三年以下有期徒刑、拘役或者管制，并处罚金。 开设赌场的，处三年以下有期徒刑、拘役或者管制，并处罚金；情节严重的，处三年以上十年以下有期徒刑，并处罚金。 第二十五条共同犯罪是指二人以上共同故意犯罪。 二人以上共同过失犯罪，不以共同犯罪论处；应当负刑事责任的，按照他们所犯的罪分别处罚。 第二十六条组织、领导犯罪集团进行犯罪活动的或者在共同犯罪中起主要作用的，是主犯。 三人以上为共同实施犯罪而组成的较为固定的犯罪组织，是犯罪集团。 对组织、领导犯罪集团的首要分子，按照集团所犯的全部罪行处罚。 对于第三款规定以外的主犯，应当按照其所参与的或者组织、指挥的全部犯罪处罚。 第二十七条在共同犯罪中起次要或者辅助作用的，是从犯。 对于从犯，应当从轻、减轻处罚或者免除处罚。 第六十九条判决宣告以前一人犯数罪的，除判处死刑和无期徒刑的以外，应当在总和刑期以下、数刑中最高刑期以上，酌情决定执行的刑期，但是管制最高不能超过三年，拘役最高不能超过一年，有期徒刑总和刑期不满三十五年的，最高不能超过二十年，总和刑期在三十五年以上的，最高不能超过二十五年。 数罪中有判处有期徒刑和拘役的，执行有期徒刑。数罪中有判处有期徒刑和管制，或者拘役和管制的，有期徒刑、拘役执行完毕后，管制仍须执行。 数罪中有判处附加刑的，附加刑仍须执行，其中附加刑种类相同的，合并执行，种类不同的，分别执行。 第六十七条犯罪以后自动投案，如实供述自己的罪行的，是自首。对于自首的犯罪分子，可以从轻或者减轻处罚。其中，犯罪较轻的，可以免除处罚。 被采取强制措施的犯罪嫌疑人、被告人和正在服刑的罪犯，如实供述司法机关还未掌握的本人其他罪行的，以自首论。 犯罪嫌疑人虽不具有前两款规定的自首情节，但是如实供述自己罪行的，可以从轻处罚；因其如实供述自己罪行，避免特别严重后果发生的，可以减轻处罚。 第六十四条犯罪分子违法所得的一切财物，应当予以追缴或者责令退赔；对被害人的合法财产，应当及时返还；违禁品和供犯罪所用的本人财物，应当予以没收。没收的财物和罚金，一律上缴国库，不得挪用和自行处理。 第七十二条对于被判处拘役、三年以下有期徒刑的犯罪分子，同时符合下列条件的，可以宣告缓刑，对其中不满十八周岁的人、怀孕的妇女和已满七十五周岁的人，应当宣告缓刑： （一）犯罪情节较轻； （二）有悔罪表现； （三）没有再犯罪的危险； （四）宣告缓刑对所居住社区没有重大不良影响。 宣告缓刑，可以根据犯罪情况，同时禁止犯罪分子在缓刑考验期限内从事特定活动，进入特定区域、场所，接触特定的人。 被宣告缓刑的犯罪分子，如果被判处附加刑，附加刑仍须执行。 第七十三条拘役的缓刑考验期限为原判刑期以上一年以下，但是不能少于二个月。 有期徒刑的缓刑考验期限为原判刑期以上五年以下，但是不能少于一年。 缓刑考验期限，从判决确定之日起计算。","writId":"0504f40d9bb9a7600fb61bbb43592d241f6","writName":"周海鹏、穆雪芳、李君等协助组织卖淫罪一审刑事判决书"}
