{"ajId":"be978f46-d138-473a-913c-e16df4be2a06","ajName":"被告人汤华犯贩卖毒品罪一案","ajjbqk":" 经审理查明，2017年5月12日13时30分许，被告人汤华在南京市雨花台区岱山公交车站台贩卖1小包毒品海洛因给王某，得款人民币800元，后被当场抓获。经鉴定，该包毒品中检测出海洛因成份，净重0.89克。被告人汤华归案后作如实供述。 上述事实，被告人汤华在开庭审理过程中亦无异议，并有证人杜某、王某的证言，通话记录、辨认笔录、搜查笔录、扣押清单、称重记录、刑事摄影照片、物证检验报告书等证据证实，足以认定。另有发破案经过、查获经过证实本案案发及被告人汤华归案情况；常住人口基本信息（表）证实被告人汤华年龄等自然情况；行政处罚决定书、刑事判决书、释放证明书证实被告人汤华的前科、劣迹情况。 ","cpfxgc":"本院认为，被告人汤华贩卖海洛因不满10克，其行为已构成贩卖毒品罪，应依法予以惩处；被告人汤华归案后如实供述罪行，系坦白，依法予以从轻处罚。被告人汤华曾因故意犯罪被判处有期徒刑，刑罚执行完毕后五年内再犯应当判处有期徒刑以上刑罚之罪，系累犯。被告人汤华曾因犯运输毒品罪被判刑，又犯贩卖毒品罪，系毒品犯罪的再犯，依法予以从重处罚。公诉机关指控被告人汤华犯贩卖毒品罪，事实清楚，证据确实、充分，罪名成立，本院予以采纳。为维护社会管理秩序，保障公民身心健康。依照《中华人民共和国刑法》第三百四十七条第一款、第四款、第六十七条第三款、第六十五条第一款、第三百五十六条、第五十二条、第六十四条之规定，判决如下：","pjjg":" 一、被告人汤华犯贩卖毒品罪，判处有期徒刑一年，罚金人民币一万元。 （刑期从判决执行之日起计算。判决执行以前先行羁押的，羁押一日折抵刑期一日。即自2017年5月12日起至2018年5月11日止；罚金款人民币1万元，限于本判决生效后十日内缴至本院。） 二、扣押的非法所得人民币800元予以追缴，上交国库；扣押的海洛因由公安机关依法没收。 如不服本判决，可在接到判决书的第二日起十日内，通过本院或者直接向江苏省南京市中级人民法院提出上诉。书面上诉的，应当提交上诉状正本一份，副本二份。","qw":"江苏省南京市六合区人民法院 刑事判决书 （2017）苏0116刑初671号 公诉机关南京市六合区人民检察院。 被告人汤华，女，1971年12月3日出生于江苏省南京市，汉族，初中文化，无业，住江苏省南京市建邺区。1999年4月、2001年4月、2004年5月，因吸食毒品分别被劳动教养一年六个月、二年六个月、三年。曾因犯运输毒品罪，于2007年9月被判处有期徒刑十年，罚金人民币十万元，2013年9月20日刑满释放。因吸食毒品，于2017年5月13日被处以行政拘留十三日（未执行）、强制隔离戒毒二年（未执行）。2017年5月13日，因涉嫌犯贩卖毒品罪被刑事拘留，同年5月26日被逮捕，现羁押于南京市看守所。 南京市六合区人民检察院以宁六检诉刑诉（2017）601号起诉书指控被告人汤华犯贩卖毒品罪，于2017年8月11日向本院提起公诉。本院依法适用简易程序，实行独任审判，公开开庭审理了本案。南京市六合区人民检察院检察员冯长征出庭支持公诉。被告人汤华到庭参加诉讼。现已审理终结。 经审理查明，2017年5月12日13时30分许，被告人汤华在南京市雨花台区岱山公交车站台贩卖1小包毒品海洛因给王某，得款人民币800元，后被当场抓获。经鉴定，该包毒品中检测出海洛因成份，净重0.89克。被告人汤华归案后作如实供述。 上述事实，被告人汤华在开庭审理过程中亦无异议，并有证人杜某、王某的证言，通话记录、辨认笔录、搜查笔录、扣押清单、称重记录、刑事摄影照片、物证检验报告书等证据证实，足以认定。另有发破案经过、查获经过证实本案案发及被告人汤华归案情况；常住人口基本信息（表）证实被告人汤华年龄等自然情况；行政处罚决定书、刑事判决书、释放证明书证实被告人汤华的前科、劣迹情况。 本院认为，被告人汤华贩卖海洛因不满10克，其行为已构成贩卖毒品罪，应依法予以惩处；被告人汤华归案后如实供述罪行，系坦白，依法予以从轻处罚。被告人汤华曾因故意犯罪被判处有期徒刑，刑罚执行完毕后五年内再犯应当判处有期徒刑以上刑罚之罪，系累犯。被告人汤华曾因犯运输毒品罪被判刑，又犯贩卖毒品罪，系毒品犯罪的再犯，依法予以从重处罚。公诉机关指控被告人汤华犯贩卖毒品罪，事实清楚，证据确实、充分，罪名成立，本院予以采纳。为维护社会管理秩序，保障公民身心健康。依照《中华人民共和国刑法》第三百四十七条第一款、第四款、第六十七条第三款、第六十五条第一款、第三百五十六条、第五十二条、第六十四条之规定，判决如下： 一、被告人汤华犯贩卖毒品罪，判处有期徒刑一年，罚金人民币一万元。 （刑期从判决执行之日起计算。判决执行以前先行羁押的，羁押一日折抵刑期一日。即自2017年5月12日起至2018年5月11日止；罚金款人民币1万元，限于本判决生效后十日内缴至本院。） 二、扣押的非法所得人民币800元予以追缴，上交国库；扣押的海洛因由公安机关依法没收。 如不服本判决，可在接到判决书的第二日起十日内，通过本院或者直接向江苏省南京市中级人民法院提出上诉。书面上诉的，应当提交上诉状正本一份，副本二份。 审判员徐天兵 二〇一七年八月三十一日 书记员吕倩","writId":"02784f437196492acbbf03c9d92046ed785","writName":"被告人汤华犯贩卖毒品罪一审刑事判决书"}
