{"ajId":"dab90f0b-1c8a-46d1-839d-e5fa4b5a4bfc","ajName":"帖战军走私、贩卖、运输、制造毒品罪一案","ajjbqk":" 公诉机关指控并经本院审理查明：2016年6月17日21时，被告人帖战军在北京市朝阳区十里河桥西南角，欲以人民币200元的价格向安×（男，22岁）出售毒品，后被民警当场抓获，从其身上起获毒品海洛因0.98克。上述毒品已经鉴定并收缴。 上述事实，被告人帖战军在开庭审理过程中亦无异议，并有证人安×、左×、王×的证言、毒品检验报告、收缴毒品清单、物证照片、现场检测报告书、扣押物品清单、前科劣迹材料及公安机关出具的抓获经过等证据证实，足以认定。 ","cpfxgc":"本院认为，被告人帖战军无视国法，明知是毒品而向他人贩卖，其行为触犯了刑律，已构成贩卖毒品罪，应予惩处。北京市朝阳区人民检察院指控被告人帖战军犯贩卖毒品罪的事实清楚、证据确实、充分，罪名成立。被告人帖战军曾因犯罪行为被判处有期徒刑，刑罚执行完毕后五年内再次犯应判处有期徒刑以上刑罚之罪，系累犯，依法应予从重处罚，鉴于其当庭认罪、悔罪，故对其酌予从轻处罚。综上，本院对被告人帖战军依照《中华人民共和国刑法》第三百四十七条第一、四款、第六十五条第一款、第五十二条、第五十三条、第六十一条之规定，判决如下：","pjjg":" 被告人帖战军犯贩卖毒品罪，判处有期徒刑九个月，罚金人民币二千元（刑期从判决执行之日起计算。判决执行以前先行羁押的，羁押一日折抵刑期一日。即自2016年6月17日起至2017年3月16日止。罚金于本判决发生法律效力后3个月内缴纳）。 如不服本判决，可在接到判决书的第二日起十日内，通过本院或者直接向北京市第三中级人民法院提出上诉。书面上诉的，应当提交上诉状正本一份，副本二份。","qw":"帖战军走私、贩卖、运输、制造毒品罪一审刑事判决书 北京市朝阳区人民法院 刑事判决书 （2016）京0105刑初2098号 公诉机关北京市朝阳区人民检察院。 被告人帖战军，男，1983年9月8日出生；曾因盗窃于2006年4月8日被北京市公安局丰台分局行政拘留十五日，因犯盗窃罪被甘肃省西和县人民法院判处有期徒刑五年六个月（2015年1月15日经减刑释放），又因盗窃和吸毒于2016年3月31日被北京市公安局朝阳分局行政拘留二十日及社区戒毒三年；现因涉嫌犯贩卖毒品罪于2016年6月17日被羁押，次日被刑事拘留，同年7月22日被逮捕；现羁押于北京市朝阳区看守所。 北京市朝阳区人民检察院以京朝检公诉刑诉［2016］1599号起诉书指控被告人帖战军犯贩卖毒品罪，于2016年11月1日向本院提起公诉。本院依法适用简易程序，实行独任审判，公开开庭审理了本案。北京市朝阳区人民检察院指派检察员宋迎新出庭支持公诉，被告人帖战军到庭参加诉讼。现已审理终结。 公诉机关指控并经本院审理查明：2016年6月17日21时，被告人帖战军在北京市朝阳区十里河桥西南角，欲以人民币200元的价格向安×（男，22岁）出售毒品，后被民警当场抓获，从其身上起获毒品海洛因0.98克。上述毒品已经鉴定并收缴。 上述事实，被告人帖战军在开庭审理过程中亦无异议，并有证人安×、左×、王×的证言、毒品检验报告、收缴毒品清单、物证照片、现场检测报告书、扣押物品清单、前科劣迹材料及公安机关出具的抓获经过等证据证实，足以认定。 本院认为，被告人帖战军无视国法，明知是毒品而向他人贩卖，其行为触犯了刑律，已构成贩卖毒品罪，应予惩处。北京市朝阳区人民检察院指控被告人帖战军犯贩卖毒品罪的事实清楚、证据确实、充分，罪名成立。被告人帖战军曾因犯罪行为被判处有期徒刑，刑罚执行完毕后五年内再次犯应判处有期徒刑以上刑罚之罪，系累犯，依法应予从重处罚，鉴于其当庭认罪、悔罪，故对其酌予从轻处罚。综上，本院对被告人帖战军依照《中华人民共和国刑法》第三百四十七条第一、四款、第六十五条第一款、第五十二条、第五十三条、第六十一条之规定，判决如下： 被告人帖战军犯贩卖毒品罪，判处有期徒刑九个月，罚金人民币二千元（刑期从判决执行之日起计算。判决执行以前先行羁押的，羁押一日折抵刑期一日。即自2016年6月17日起至2017年3月16日止。罚金于本判决发生法律效力后3个月内缴纳）。 如不服本判决，可在接到判决书的第二日起十日内，通过本院或者直接向北京市第三中级人民法院提出上诉。书面上诉的，应当提交上诉状正本一份，副本二份。 审判员孙蕾 二〇一六年十一月十八日 书记员张蕊","writId":"0379807e7cf074f77c915c9862d5229d04f","writName":"帖战军走私、贩卖、运输、制造毒品罪一审刑事判决书"}
