{"ajId":"54490a96-695c-4700-88d6-6d680053776f","ajName":"解桂秋生产、销售假药一案","ajjbqk":" 原审法院查明，2017年4月间，原审被告人解桂秋在保定市桔色成人用品标准店，销售“虫草生精胶胶囊”、“角燕G蛋白伟哥片”、“藏秘金某”、“黄金肾宝”、“美国延时”、“硬度100”。以上销售的药品已被公安机关扣押，经河北省食品、药品监督管理局认定为假药。就上述事实，原审被告人解桂秋在庭审中未提出异议，且有报警受案登记表、立案决定书、公安户籍信息、抓获经过、侦办经过、原审被告人解桂秋供述、检查证检查笔录、调取证据通知书、调取证据清单、扣押物品照片、鉴定聘请书、河北省食品药品监督管理局产品认定意见、鉴定意见通知书等证据足以证实。 原审法院认为，被告人解桂秋违反国家药品管理法规，出售假药，其行为已构成销售假药罪。公诉机关指控的事实清楚，证据充分，罪名成立。鉴于被告人解桂秋认罪态度好，酌情从轻处罚，并可以适用缓刑。依照《中华人民共和国刑法》第一百九十六条、第六十一条、第五十二条、第五十三条、第六十四条、第七十二条、第七十三条之规定，判决：“一、被告人解桂秋犯销售假药罪，判处有期徒刑一年，缓刑一年，并处罚金人民币一万元。缓刑考验期限从判决执行之日起计算。二、扣押在案的假药，由扣押机关予以没收。” 河北省保定市人民检察院抗诉称，原审判决适用法律不当，确有错误。理由如下：一是原审被告人解桂秋触犯销售假药罪，违反《中华人民共和国刑法》第一百四十一条规定，一审判决适用的《中华人民共和国刑法》第一百九十六条为信用卡诈骗罪，引用法条错误。二是原审判决没有对原审被告人宣告禁止令，适用法律错误。《中华人民共和国刑法》第三十七条之一规定“因利用职业便利实施犯罪，或者实施违背职业要求的特定义务的犯罪被判处刑罚的，人民法院可以根据犯罪情况和预防再犯罪的需要，禁止其自刑罚执行完毕之日或者假释之日起从事相关职业，期限为三年至五年。”《最高人民法院、最高人民检察院〈关于办理危害药品安全刑事案件适用法律若干问题的解释〉》第十一条规定“对于适用缓刑的，应当同时宣告禁止令，禁止犯罪分子在缓刑考验期内从事药品生产、销售及相关活动”。 原审被告人解桂秋辩称，同意抗诉书的意见。 本院经再审查明的事实、证据与原审查明一致。 ","cpfxgc":"本院再审认为，原审被告人解桂秋犯销售假药罪的事实清楚，证据确实充分，其行为符合《中华人民共和国刑法》第一百四十一条规定的销售假药罪的犯罪构成要件，原公诉机关指控原审被告人解桂秋犯销售假药罪罪名成立，原审法院认定原审被告人解桂秋犯销售假药罪符合法律规定，但判决中适用《中华人民共和国刑法》第一百九十六条规定属适用法律错误，应予纠正。另，根据《最高人民法院、最高人民检察院〈关于办理危害药品安全刑事案件适用法律若干问题的解释〉》第十一条第一款“对实施本解释规定之犯罪的犯罪分子，应当依照刑法规定的条件，严格缓刑、免予刑事处罚的适用。对于适用缓刑的，应当同时宣告禁止令，禁止犯罪分子在缓刑考验期内从事药品生产、销售及相关活动。”的规定，原判对原审被告人解桂秋以销售假药罪判处有期徒刑一年，缓刑一年，未同时宣告禁止令属适用法律错误，河北省保定市人民检察院的抗诉理由应予支持。依照《中华人民共和国刑事诉讼法》第二百四十五条第一款、《最高人民法院关于适用〈中华人民共和国刑事诉讼法〉的解释》第三百八十九条第一款第（三）项、《中华人民共和国刑法》第一百四十一条、第七十二条第一款、第二款、第七十三条第二款、《最高人民法院、最高人民检察院〈关于办理危害药品安全刑事案件适用法律若干问题的解释〉》第十一条之规定，判决如下：","pjjg":" 一、撤销河北省保定市竞秀区人民法院（2018）冀0602刑初130号刑事判决； 二、原审被告人解桂秋犯销售假药罪，判处有期徒刑一年，缓刑一年，并处罚金1万元。 三、禁止原审被告人解桂秋在缓刑考验期内从事药品生产销售及相关活动。 （缓刑考验期自2018年6月4日起计算。） 本判决为终审判决。","qw":"河北省保定市中级人民法院 刑事判决书 （2018）冀06刑再12号 原公诉机关保定市竞秀区人民检察院。 原审被告人解桂秋，男，1954年8月19日出生，汉族，初中文化，户籍所在地河北保定市竞秀区，住保定市竞秀区。2017年4月28日因涉嫌生产、销售假药罪被保定市公安局竞秀区分局刑事拘留。2018年3月27日因涉嫌生产、销售假药罪被保定市竞秀区人民检察院取保候审。2018年4月27日被河北省保定市竞秀区人民法院取保候审。现在保定市竞秀区社区矫正管理局进行社区矫正。 河北省保定市竞秀区人民检察院指控被告人解桂秋犯生产、销售假药罪一案，河北省保定市竞秀区人民法院于2018年5月16日作出（2018）冀0602刑初130号刑事判决，已经发生法律效力。河北省保定市人民检察院于2018年8月29日作出冀保检公诉审刑抗［2018］7号刑事抗诉书，向本院提出抗诉。本院依法组成合议庭，公开开庭审理了本案。河北省保定市人民检察院检察员米利军、王兰出庭履行职务。原审被告人解桂秋到庭参加诉讼。现已审理终结。 原审法院查明，2017年4月间，原审被告人解桂秋在保定市桔色成人用品标准店，销售“虫草生精胶胶囊”、“角燕G蛋白伟哥片”、“藏秘金某”、“黄金肾宝”、“美国延时”、“硬度100”。以上销售的药品已被公安机关扣押，经河北省食品、药品监督管理局认定为假药。就上述事实，原审被告人解桂秋在庭审中未提出异议，且有报警受案登记表、立案决定书、公安户籍信息、抓获经过、侦办经过、原审被告人解桂秋供述、检查证检查笔录、调取证据通知书、调取证据清单、扣押物品照片、鉴定聘请书、河北省食品药品监督管理局产品认定意见、鉴定意见通知书等证据足以证实。 原审法院认为，被告人解桂秋违反国家药品管理法规，出售假药，其行为已构成销售假药罪。公诉机关指控的事实清楚，证据充分，罪名成立。鉴于被告人解桂秋认罪态度好，酌情从轻处罚，并可以适用缓刑。依照《中华人民共和国刑法》第一百九十六条、第六十一条、第五十二条、第五十三条、第六十四条、第七十二条、第七十三条之规定，判决：“一、被告人解桂秋犯销售假药罪，判处有期徒刑一年，缓刑一年，并处罚金人民币一万元。缓刑考验期限从判决执行之日起计算。二、扣押在案的假药，由扣押机关予以没收。” 河北省保定市人民检察院抗诉称，原审判决适用法律不当，确有错误。理由如下：一是原审被告人解桂秋触犯销售假药罪，违反《中华人民共和国刑法》第一百四十一条规定，一审判决适用的《中华人民共和国刑法》第一百九十六条为信用卡诈骗罪，引用法条错误。二是原审判决没有对原审被告人宣告禁止令，适用法律错误。《中华人民共和国刑法》第三十七条之一规定“因利用职业便利实施犯罪，或者实施违背职业要求的特定义务的犯罪被判处刑罚的，人民法院可以根据犯罪情况和预防再犯罪的需要，禁止其自刑罚执行完毕之日或者假释之日起从事相关职业，期限为三年至五年。”《最高人民法院、最高人民检察院〈关于办理危害药品安全刑事案件适用法律若干问题的解释〉》第十一条规定“对于适用缓刑的，应当同时宣告禁止令，禁止犯罪分子在缓刑考验期内从事药品生产、销售及相关活动”。 原审被告人解桂秋辩称，同意抗诉书的意见。 本院经再审查明的事实、证据与原审查明一致。 本院再审认为，原审被告人解桂秋犯销售假药罪的事实清楚，证据确实充分，其行为符合《中华人民共和国刑法》第一百四十一条规定的销售假药罪的犯罪构成要件，原公诉机关指控原审被告人解桂秋犯销售假药罪罪名成立，原审法院认定原审被告人解桂秋犯销售假药罪符合法律规定，但判决中适用《中华人民共和国刑法》第一百九十六条规定属适用法律错误，应予纠正。另，根据《最高人民法院、最高人民检察院〈关于办理危害药品安全刑事案件适用法律若干问题的解释〉》第十一条第一款“对实施本解释规定之犯罪的犯罪分子，应当依照刑法规定的条件，严格缓刑、免予刑事处罚的适用。对于适用缓刑的，应当同时宣告禁止令，禁止犯罪分子在缓刑考验期内从事药品生产、销售及相关活动。”的规定，原判对原审被告人解桂秋以销售假药罪判处有期徒刑一年，缓刑一年，未同时宣告禁止令属适用法律错误，河北省保定市人民检察院的抗诉理由应予支持。依照《中华人民共和国刑事诉讼法》第二百四十五条第一款、《最高人民法院关于适用〈中华人民共和国刑事诉讼法〉的解释》第三百八十九条第一款第（三）项、《中华人民共和国刑法》第一百四十一条、第七十二条第一款、第二款、第七十三条第二款、《最高人民法院、最高人民检察院〈关于办理危害药品安全刑事案件适用法律若干问题的解释〉》第十一条之规定，判决如下： 一、撤销河北省保定市竞秀区人民法院（2018）冀0602刑初130号刑事判决； 二、原审被告人解桂秋犯销售假药罪，判处有期徒刑一年，缓刑一年，并处罚金1万元。 三、禁止原审被告人解桂秋在缓刑考验期内从事药品生产销售及相关活动。 （缓刑考验期自2018年6月4日起计算。） 本判决为终审判决。 审判长张国芳 审判员韩皓 审判员刘华锋 二〇一八年十一月十二日 书记员王萌","writId":"013d1e3129d4bf041559496fe9ef8e05554","writName":"解桂秋生产、销售假药再审刑事判决书"}
