{"ajId":"bbec22e9-4361-48b9-a2a8-73358dfee76e","ajName":"段卜侠盗窃罪一案","ajjbqk":" 公诉机关指控： 1、2018年3、4月份的一天晚上，被告人段卜侠结伙段某、徐某（已判刑），至海盐县通元镇浙江嘉宇建设通元“两创中心”浙江诚创科技发展有限公司在建工地，采用搬运的方式，窃得铁扣件300余件，价值人民币1800元。 2、2018年6月15日晚，被告人段卜侠结伙段某、徐某，至海盐县秦山街道嘉兴美克斯建设浙江康盈五金科技有限公司在建工地，采用搬运的方式，窃得铁扣件1099件，价值人民币6594元。 另查，被告人段卜侠于2019年1月21日向公安机关主动投案，并如实供述上述事实。 公诉机关建议判处被告人段卜侠拘役五个月至有期徒刑八个月，并处罚金，可适用缓刑。 被告人段卜侠对起诉指控的事实、罪名及量刑建议没有异议且签字具结，在开庭审理过程中亦无异议。 ","cpfxgc":"本院认为，被告人段卜侠以非法占有为目的，结伙他人采用秘密手段盗窃他人财物，计价值人民币8394元，数额较大，其行为已构成盗窃罪。公诉机关的指控成立，量刑建议适当，应予采纳。被告人段卜侠认罪认罚，且在犯罪后能自动投案，并如实供述自己的罪行，系自首，可分别从宽、从轻处罚，并适用缓刑。据此，依照《中华人民共和国刑法》第二百六十四条、第二十五条第一款、第六十七条第一款、第七十二条之规定，判决如下：","pjjg":" 被告人段卜侠犯盗窃罪，判处有期徒刑七个月，缓刑一年，并处罚金人民币三千元。 （缓刑考验的期限，从判决确定之日起计算。判处的罚金，限判决生效后十日内缴纳。） 如不服本判决，可在接到判决书的第二日起十日内，通过本院或直接向浙江省嘉兴市中级人民法院提起上诉。书面上诉的，应当提交上诉状正本一份，副本两份。","qw":"浙江省海盐县人民法院 刑事判决书 （2019）浙0424刑初117号 公诉机关海盐县人民检察院。 被告人段卜侠，女，1965年3月8日生，汉族，文盲，无业，住河南省淮滨县。曾因盗窃，于2011年7月11日被海盐县公安局决定行政拘留五日。因涉嫌犯盗窃罪，于2019年1月21日被海盐县公安局决定取保候审。 海盐县人民检察院以盐检公诉刑诉（2019）第110号起诉书指控被告人段卜侠犯盗窃罪，于2019年3月22日向本院提起公诉。本院于同月27日立案，并依法适用速裁程序，实行独任审判，公开开庭审理了本案。海盐县人民检察院指派检察员柏水英出庭支持公诉，被告人段卜侠到庭参加了诉讼。现已审理终结。 公诉机关指控： 1、2018年3、4月份的一天晚上，被告人段卜侠结伙段某、徐某（已判刑），至海盐县通元镇浙江嘉宇建设通元“两创中心”浙江诚创科技发展有限公司在建工地，采用搬运的方式，窃得铁扣件300余件，价值人民币1800元。 2、2018年6月15日晚，被告人段卜侠结伙段某、徐某，至海盐县秦山街道嘉兴美克斯建设浙江康盈五金科技有限公司在建工地，采用搬运的方式，窃得铁扣件1099件，价值人民币6594元。 另查，被告人段卜侠于2019年1月21日向公安机关主动投案，并如实供述上述事实。 公诉机关建议判处被告人段卜侠拘役五个月至有期徒刑八个月，并处罚金，可适用缓刑。 被告人段卜侠对起诉指控的事实、罪名及量刑建议没有异议且签字具结，在开庭审理过程中亦无异议。 本院认为，被告人段卜侠以非法占有为目的，结伙他人采用秘密手段盗窃他人财物，计价值人民币8394元，数额较大，其行为已构成盗窃罪。公诉机关的指控成立，量刑建议适当，应予采纳。被告人段卜侠认罪认罚，且在犯罪后能自动投案，并如实供述自己的罪行，系自首，可分别从宽、从轻处罚，并适用缓刑。据此，依照《中华人民共和国刑法》第二百六十四条、第二十五条第一款、第六十七条第一款、第七十二条之规定，判决如下： 被告人段卜侠犯盗窃罪，判处有期徒刑七个月，缓刑一年，并处罚金人民币三千元。 （缓刑考验的期限，从判决确定之日起计算。判处的罚金，限判决生效后十日内缴纳。） 如不服本判决，可在接到判决书的第二日起十日内，通过本院或直接向浙江省嘉兴市中级人民法院提起上诉。书面上诉的，应当提交上诉状正本一份，副本两份。 审判员周明 二〇一九年四月四日 法官助理谭叶青 书记员沈叶利","writId":"001b9f6ef25d313651c68c932bfa7748022","writName":"段卜侠盗窃罪一审刑事判决书"}
