{"ajId":"7b8ca1c9-e0b5-43cd-a52e-8e02fd961d6e","ajName":"被告人曲某某贩卖毒品一案","ajjbqk":" 2017年6月中旬的一天，被告人曲某某在沈阳市铁西区北四中路32-9号楼下，以人民币400元的价格向穆某某贩卖约0.8克甲基苯丙胺（冰毒）。 被告人曲某某到案后自愿如实供述自己的罪行。 公诉机关认为被告人如能足额缴纳罚金，建议对其判处拘役三个月至四个月的量刑。 ","cpfxgc":"本院认为，公诉机关指控被告人曲某某犯罪事实清楚，证据确实充分，指控罪名成立，量刑建议合理。曲某某犯罪后能如实供述犯罪事实，并认罪认罚，积极缴纳罚金，依法予以从轻处罚。依照《中华人民共和国刑法》第三百四十七条第四款、第六十七条第三款、第六十四条之规定，判决如下：","pjjg":" 被告人曲某某犯贩卖毒品罪，判处拘役三个月，并处罚金人民币三万元（已缴纳）。 （刑期从判决执行之日起计算。判决执行以前先行羁押的，羁押一日折抵刑期一日，即自2017年6月30日起至2017年9月29日止。罚金款已缴纳。） 如不服本判决，可在接到判决书的第二日起十日内，通过本院或者直接向沈阳市中级人民法院提出上诉。书面上诉的，应当提交上诉状正本一份，副本二份。","qw":"沈阳市铁西区人民法院 刑事判决书 （2017）辽0106刑初576号 公诉机关沈阳市铁西区人民检察院。 被告人曲某某，男，1964年1月4日出生，汉族，初中文化，无职业，户籍地沈阳市和平区。曾于2016年因吸毒被沈阳市公安局沈河分局行政处罚五百元。因涉嫌犯贩卖毒品罪，于2017年6月30日被刑事拘留，同年7月13日被依法逮捕。 沈阳市铁西区人民检察院以沈西检公诉刑诉（2017）488号起诉书指控被告人曲某某犯贩卖毒品一案，本院依法适用认罪认罚程序审理。沈阳市铁西区人民检察院指派检察员张薪薪出庭支持公诉，被告人曲某某到庭参加诉讼，现已审理终结。 2017年6月中旬的一天，被告人曲某某在沈阳市铁西区北四中路32-9号楼下，以人民币400元的价格向穆某某贩卖约0.8克甲基苯丙胺（冰毒）。 被告人曲某某到案后自愿如实供述自己的罪行。 公诉机关认为被告人如能足额缴纳罚金，建议对其判处拘役三个月至四个月的量刑。 本院认为，公诉机关指控被告人曲某某犯罪事实清楚，证据确实充分，指控罪名成立，量刑建议合理。曲某某犯罪后能如实供述犯罪事实，并认罪认罚，积极缴纳罚金，依法予以从轻处罚。依照《中华人民共和国刑法》第三百四十七条第四款、第六十七条第三款、第六十四条之规定，判决如下： 被告人曲某某犯贩卖毒品罪，判处拘役三个月，并处罚金人民币三万元（已缴纳）。 （刑期从判决执行之日起计算。判决执行以前先行羁押的，羁押一日折抵刑期一日，即自2017年6月30日起至2017年9月29日止。罚金款已缴纳。） 如不服本判决，可在接到判决书的第二日起十日内，通过本院或者直接向沈阳市中级人民法院提出上诉。书面上诉的，应当提交上诉状正本一份，副本二份。 审判员杨晓满 二〇一七年九月六日 书记员王瑞琪","writId":"0268ab904d83a96bfd8e5a93da88f027a81","writName":"被告人曲某某贩卖毒品一案一审刑事判决书"}
