{"ajId":"49d4f670-a925-4842-a27a-d45bc486ebc4","ajName":"付宝童、梁春天犯抢劫罪一案","ajjbqk":" 河北省阜平县人民检察院指控：2015年6月7日19时许，被告人付宝童与被告人梁春天在阜平县阜平镇西门以租车为由将受害人吴某甲骗至保定市竞秀区北章村，后付宝童、梁春天二人用砖块对吴某甲实施殴打并抢走吴某甲海马牌轿车（车牌号为：冀F×××××）一辆、手机一部和人民币四百余元。经阜平县公安局物证鉴定室鉴定，吴某甲的人体损伤程度属轻伤一级。经阜平县物价局价格认证中心鉴定，被抢车辆价格为人民币79311元。 针对上述犯罪事实，公诉机关出示了被告人的供述与辩解、被害人陈述、证人证言、现场勘验检查笔录、鉴定意见、辨认笔录、物证、书证等证据，认定被告人付宝童、梁春天之行为触犯《中华人民共和国刑法》第二百六十三条之规定，构成抢劫罪，提请本院依法判处。 附带民事诉讼原告人吴某甲诉称，由于被告人付宝童、梁春天的抢劫行为造成其轻伤一级后果，并抢走吴某甲海马牌轿车一辆、手机一部和人民币400余元。在保定市第一中心医院共住院14天，故要求法院判令被告人付宝童、梁春天赔偿医疗费、住院伙食补助费、护理费、误工费、交通费等各种损失共计人民币10万元。 被告人付宝童对公诉机关的指控的事实无异议，并当庭认罪。其辩护人的主要辩护意见为：被告人付宝童认罪、悔罪态度较好、系初犯，希望法庭从轻处罚。 被告人梁春天对公诉机关的指控的事实无异议，并当庭认罪。其辩护人的主要辩护意见为：被告人梁春天认罪、悔罪态度较好，系初犯偶犯，在抢劫的过程中起辅助作用，系从犯，依法应当从轻或减轻处罚。 经审理查明：2015年6月7日上午，被告人付宝童让梁春天跟其去保定，后又让梁春天跟其回阜平老家找朋友凑钱买二手车，其朋友不在，二人租车回白沟，途中付宝童以接人为由，叫出租车司机吴某甲把车开至保定市竞秀区北章村。晚上23时左右，付宝童把事先准备好的辣椒面交给梁春天，让其抹吴某甲的眼睛，后付宝童、梁春天二人用砖块对吴某乙实施殴打并抢走吴某甲海马牌轿车（车牌号为：冀F×××××）一辆、手机一部和人民币四百余元。经阜平县公安局物证鉴定室鉴定，吴某甲的人体损伤程度属轻伤一级。经阜平县物价局价格认证中心鉴定，被抢车辆价格为人民币79311元。案发后，该车已返还被害人。被告人梁春天积极要求赔偿被害人，诚恳道歉，取得了被害人吴某乙的谅解。 另查明，附带民事诉讼原告人吴某甲受伤后在保定市第一中心医院共住院14天。花费医疗费人民币22998.81元，伙食补助费为14日×100元／日=1400元。护理费为14日×42.2元=590.8元，误工费为14日×42.2元=590.8元，共计人民币25580.41元。 上述事实有下列经庭审质证的证据证实： 1、被告人付宝童供述 其供述在2015年6月份的一天其叫着梁春天跟着其回阜平老家找朋友要钱凑钱买二手车，回阜平后那个朋友不在，二人也没要到钱，其和春天准备打车回保定，其和梁春天想去阜平县车站租车，后因价钱太高就去了阜平县西门，到西门之后，就找了吴某甲的出租车，谈好车费是400元，其和梁春天坐着吴某甲的车到了保定市西三环附近，说要接一个朋友，那个人一直没出来。一直等到晚上11点多，其和春天叫司机把车开到了一个村口的小水泥路上，三人一起下车等。当时其外衣里面有一些吃烧烤剩下的辣椒面，其把辣椒面给了春天，春天就用手抓了一把抹到那个司机的眼睛上，那个司机当时就看不见了，春天就对那个司机乱打，其也开始对那个司机一顿乱打。司机开始跑，其上前拽住了那个司机，把那个司机摁倒在地，春天从旁边的地上捡起一块板砖照着司机的头部拍了一下，后来那个司机又站起身跑了，其就追上那个司机又拽住了他，春天过来把司机扑到在地用板砖继续拍那个司机，其掐着司机的脖子也用板砖拍了他几下，后来司机不挣扎了。梁春天在司机衣服里找到车钥匙给了其，其开着司机的海马车二人就走了，其记着当时春天从那个司机衣服里掏出车钥匙时还掏出了一些钱放在其衣兜里，一共400元钱。其和春天一人一半，其的一部分当天晚上吃饭花了。当时车上还有一部黑色的触屏手机，电池和手机卡被春天半路扔了。其又当庭供述没有看到钱和手机。 2、被告人梁春天供述 其供述案发那天上午10点多的时候，付宝童让其跟他一起到保定，到保定后要说让其跟着一起去阜平老家，然后二人就从保定坐了一辆出租车到了阜平县。下午7点左右，付宝童说去找一个朋友，那个朋友不在家，其对付宝童说打车回家吧。当时付宝童说正好有一个出租车司机跟他有过节想要叫其和他一起坐那个出租车，到下车的时候再把那个司机打一顿然后跑掉不给那个人车费。付宝童还说不用其上手，帮他拉一下那个出租车，他自己打，当时其就同意了。之后付宝童带着其找到了一辆海马出租车，付宝童说就是那个司机和他有过节。坐上出租车后，付宝童告诉其先去保定满城接个人，到了满城周边的那个村口后，两人就下车等着接人，到了晚上11点多的时候，付宝童说先让其打司机，叫其抱住那个司机用辣椒面抹到那个人的眼睛上，其按照付宝童的要求做了，付宝童就开始对他拳打脚踢，其和付宝童把司机摔倒了，后来司机要跑付宝童捡起一块碎砖头照着司机的头部打了几下，其也拿着砖头在那个司机身上拍了几下。后来其在那个司机的上衣口袋里面找到了车钥匙，其把钥匙给了付宝童，付宝童开上车和其回了白沟。其在出租车司机的工具箱里发现了几百元钱，具体多少不知道，钱都是付宝童装了起来，回到世纪星城的时候，付宝童给了其二百元钱，已经花完，没看到司机有手机。其当天供述抢劫所使用的辣椒面是付宝童在租车之前阜平县一个胡同里买的。 3、被害人吴某甲陈述 其陈述2015年6月7日晚上7点多的时候，两个人要租车去满城，其和两人谈好400元拉两人到满城县，晚上9点左右的时候，两个人说是在村边的路上停下等个女的，那个女的暂时不出来，其就下车到村里溜达了一圈，等回到车跟前的时候，矮个子的那个人从背后抱住其，高个子的那个人从地上捡起一块砖头朝其头上砸去，其往前跑又被二人追上，二人把其拽到在地，每人手里拿着一块砖头在其头上乱打，一会其晕过去了，第二天早晨醒来发现身上的手机、钱、海马汽车都不见了，其就走到附近的一个派出所报案了。其被抢手机是酷派手机1320元，被抢了七八百元钱。 4、证人吴某甲乙证言 其系被害人吴某甲的姐姐，证实吴某甲于2015年6月7日晚上十一点至6月8日凌晨联系不到，听吴某甲丙说案发当天晚上吴某甲开着出租车拉着两个人走后至今联系不到，听开三轮车的人说，两个人，一个个子高，一个个子矮。个子高的像阜平五区的，个子低的说话像满城的。 5、证人吴某甲丙、李某证言 证实吴某甲平时开黑出租为生，案发当天晚上吴某甲开着出租车拉上两个小伙子到保定满城的事实。 6、证人吴某甲丁证言 其系被害人吴某甲的哥哥，证实其没有在阜平县砂窝乡全庄村征过地的事实。 7、证人侯某证言 证实2015年4月份，其和其妻子孙某还有付宝童及付宝童的对象刘某一起在白沟镇世纪星城A座1307居住。6月份左右的时候，听付宝童和梁春天说他们到阜平县后，把车主打了抢了一辆车。该车为红色的海马越野车。 8、证人刘某证言 证实付宝童又叫付雨泽，是其对象，付宝童有一辆比亚迪汽车2015年正月的时候卖了，还有一辆车什么品牌什么车型其不懂，其问过付宝童车的来源，付宝童不告诉其。 9、证人孙某证言 证实其和侯某、付宝童及付宝童的对象刘某一起居住，付宝童在2015年6月20号左右的时候开着一辆越野样式的车接过其和刘某，其不知道这车是什么品牌，不知道车是怎么来的。 10、证人吴某甲戊证言 其系被害人吴某甲的女儿，证实2015年6月7日19时左右，其爸吴某甲从阜平开车拉了两个人来的保定，后来家里就联系不上他了，到了6月8日8时左右，吴某甲打电话说他开的车被他拉到保定的人抢了，身上的物品也被抢了，还被人打伤了。吴某甲被抢了七八百元现金，手机一部，行车本、驾驶证、身份证等。吴某甲头部及全身都受伤了。 11、扣押决定书、清单、发还清单、移交物品清单 证实扣押海马S5汽车壹辆，红色、车架号为LMVHEKFD3EA028129，发还给被害人。阜平县公安局移交物品为吴某乙被抢劫案材料壹份，碎砖头贰块，水泥砖灰色。 12、提取笔录 在案发现场提取两块碎砖头，符合受害人描述的犯罪嫌疑人作案工具，据附近存卷描述案发现场有血迹，但由于案发后经历雨水天气，现场血迹被冲刷。 13、辨认笔录 付宝童指认案发现场位于保定市西二环通向保定市竞秀区北章村的公路附近及案发当时的情形。 吴某甲辨认出案发当时对其实施抢劫的人为付宝童和梁春天。吴某甲丙辨认出付宝童和梁春天。 14、指认现场勘验检查笔录制图1张，照相3张 证实案发现场位于保定市竞秀区南奇乡北章村西口。 15、法医学人体损伤程度鉴定意见书 证实被害人吴某甲人体损伤程度为轻伤一级。 16、阜平县物价局价格认证中心价格鉴定结论书 证实鉴定标的的鉴定值为人民币79311元。 17、抓获经过 证实2015年6月26日16时许，被告人付宝童和梁春天在保定市白沟新区世纪星城小区被抓获。 18、户籍证明及犯罪三联单 证实被告人付宝童、梁春天的刑事主体资格。 19、住院病历及票据 以上证据均经当庭出示、质证，经查证属实，本院予以认定。 ","cpfxgc":"本院认为，被告人付宝童、梁春天以非法占有为目的，采用暴力方法抢劫他人财物且数额巨大，其行为构成抢劫罪，公诉机关指控的罪名成立，本院予以支持。被告人付宝童、梁春天认罪且被抢出租车已返还给被害人，可酌定从轻处罚。被告人梁春天取得了被害人吴某甲的谅解，亦可从轻处罚。被告人付宝童在整个犯罪过程中起主要作用，系主犯。关于被告人梁春天辩护人认定梁春天系从犯的辩护意见，经查，案发当天，被告人付宝童让梁春天跟其从白沟到保定，又回阜平，从阜平打出租车至保定市竞秀区北章村，梁春天对抢劫出租车一事事先毫不知情，没有抢劫的动机和预谋；在案发地，梁春天用辣椒面抹受害人眼睛和殴打受害人也是在付宝童指使下进行的。其在整个犯罪过程中起辅助作用，系从犯，依法应当从轻或减轻处罚。故被告人梁春天辩护人的该辩护观点，本院予以采信。 由于被告人的犯罪行为给被害人造成的经济损失，被告人应予赔偿，被害人吴某甲受伤后在保定市第一中心医院共住院14天。花费医疗费人民币22998.81元，伙食补助费1400元，护理费590.8元，误工费590.8元，共计人民币25580.41元。其请求赔偿的其他费用没有票据支持，本院不予支持。据此，依据《中华人民共和国刑法》第二百六十三条第（四）项、第三十六条第一款、第二十五条、第五十五条第一款、第五十六条第一款、第六十一条，《中华人民共和国民法通则》第一百零六条第二款、第一百一十九条及《最高人民法院关于审理人身损害赔偿案件适用法律若干问题的解释》第十七条第一款之规定，判决如下：","pjjg":" 一、被告人付宝童犯抢劫罪，判处有期徒刑十二年，剥夺政治权利二年，并处罚金人民币一万元。于判决书生效后十日内缴纳。 刑期从判决执行之日起计算，判决执行以前先行羁押的，羁押一日折抵刑期一日，即自2015年6月27日起至2027年6月26日止。 二、被告人梁春天犯抢劫罪，判处有期徒刑九年，剥夺政治权利一年。并处罚金人民币一万元。（已缴纳） 刑期从判决执行之日起计算，判决执行以前先行羁押的，羁押一日折抵刑期一日，即自2015年6月27日起至2024年6月26日止。 三、被告人付宝童、梁春天连带赔偿附带民事诉讼原告人吴金平医疗费、护理费、误工费、伙食补助费等各项经济损失共计人民币25580.41元。于判决书生效后十日内付清。 四、驳回附带民事诉讼原告人吴金平的其它诉讼请求。 如不服本判决，可在接到判决书的第二日起十日内通过本院或直接向河北省保定市中级人民法院提起上诉，书面上诉的应提交上诉状正本一份，副本两份。","qw":"付宝童、梁春天犯抢劫罪一审刑事判决书 河北省阜平县人民法院 刑事附带民事判决书 （2015）阜刑初字第66号 公诉机关河北省阜平县人民检察院。 附带民事诉讼原告人吴某甲，务农。系本案被害人。 被告人付宝童，无业。2015年6月27日因涉嫌抢劫罪被刑事拘留，经批准于同年8月3日被执行逮捕，现羁押于阜平县看守所。 辩护人客迎伏，北京如阳律师事务所律师。 被告人梁春天，无业。2015年6月27日因涉嫌抢劫罪被刑事拘留，经批准于同年8月3日被执行逮捕，现羁押于阜平县看守所。 辩护人王朝，河北金杯律师事务所律师。 河北省阜平县人民检察院以阜检公诉刑诉（2015）60号起诉书指控被告人付宝童、梁春天犯抢劫罪，于2015年10月22日向本院提起公诉，本院受理后依法组成合议庭，公开开庭审理了本案。在诉讼过程中，附带民事诉讼原告人吴某甲向本院提起了刑事附带民事诉讼，要求被告人付宝童、梁春天赔偿各项损失共计人民币10万元。河北省阜平县人民检察院指派检察员高东云出庭支持公诉，被告人付宝童及其辩护人客迎伏、被告人梁春天及其辩护人王朝、被害人吴某甲到庭参加诉讼。现已审理终结。 河北省阜平县人民检察院指控：2015年6月7日19时许，被告人付宝童与被告人梁春天在阜平县阜平镇西门以租车为由将受害人吴某甲骗至保定市竞秀区北章村，后付宝童、梁春天二人用砖块对吴某甲实施殴打并抢走吴某甲海马牌轿车（车牌号为：冀F×××××）一辆、手机一部和人民币四百余元。经阜平县公安局物证鉴定室鉴定，吴某甲的人体损伤程度属轻伤一级。经阜平县物价局价格认证中心鉴定，被抢车辆价格为人民币79311元。 针对上述犯罪事实，公诉机关出示了被告人的供述与辩解、被害人陈述、证人证言、现场勘验检查笔录、鉴定意见、辨认笔录、物证、书证等证据，认定被告人付宝童、梁春天之行为触犯《中华人民共和国刑法》第二百六十三条之规定，构成抢劫罪，提请本院依法判处。 附带民事诉讼原告人吴某甲诉称，由于被告人付宝童、梁春天的抢劫行为造成其轻伤一级后果，并抢走吴某甲海马牌轿车一辆、手机一部和人民币400余元。在保定市第一中心医院共住院14天，故要求法院判令被告人付宝童、梁春天赔偿医疗费、住院伙食补助费、护理费、误工费、交通费等各种损失共计人民币10万元。 被告人付宝童对公诉机关的指控的事实无异议，并当庭认罪。其辩护人的主要辩护意见为：被告人付宝童认罪、悔罪态度较好、系初犯，希望法庭从轻处罚。 被告人梁春天对公诉机关的指控的事实无异议，并当庭认罪。其辩护人的主要辩护意见为：被告人梁春天认罪、悔罪态度较好，系初犯偶犯，在抢劫的过程中起辅助作用，系从犯，依法应当从轻或减轻处罚。 经审理查明：2015年6月7日上午，被告人付宝童让梁春天跟其去保定，后又让梁春天跟其回阜平老家找朋友凑钱买二手车，其朋友不在，二人租车回白沟，途中付宝童以接人为由，叫出租车司机吴某甲把车开至保定市竞秀区北章村。晚上23时左右，付宝童把事先准备好的辣椒面交给梁春天，让其抹吴某甲的眼睛，后付宝童、梁春天二人用砖块对吴某乙实施殴打并抢走吴某甲海马牌轿车（车牌号为：冀F×××××）一辆、手机一部和人民币四百余元。经阜平县公安局物证鉴定室鉴定，吴某甲的人体损伤程度属轻伤一级。经阜平县物价局价格认证中心鉴定，被抢车辆价格为人民币79311元。案发后，该车已返还被害人。被告人梁春天积极要求赔偿被害人，诚恳道歉，取得了被害人吴某乙的谅解。 另查明，附带民事诉讼原告人吴某甲受伤后在保定市第一中心医院共住院14天。花费医疗费人民币22998.81元，伙食补助费为14日×100元／日=1400元。护理费为14日×42.2元=590.8元，误工费为14日×42.2元=590.8元，共计人民币25580.41元。 上述事实有下列经庭审质证的证据证实： 1、被告人付宝童供述 其供述在2015年6月份的一天其叫着梁春天跟着其回阜平老家找朋友要钱凑钱买二手车，回阜平后那个朋友不在，二人也没要到钱，其和春天准备打车回保定，其和梁春天想去阜平县车站租车，后因价钱太高就去了阜平县西门，到西门之后，就找了吴某甲的出租车，谈好车费是400元，其和梁春天坐着吴某甲的车到了保定市西三环附近，说要接一个朋友，那个人一直没出来。一直等到晚上11点多，其和春天叫司机把车开到了一个村口的小水泥路上，三人一起下车等。当时其外衣里面有一些吃烧烤剩下的辣椒面，其把辣椒面给了春天，春天就用手抓了一把抹到那个司机的眼睛上，那个司机当时就看不见了，春天就对那个司机乱打，其也开始对那个司机一顿乱打。司机开始跑，其上前拽住了那个司机，把那个司机摁倒在地，春天从旁边的地上捡起一块板砖照着司机的头部拍了一下，后来那个司机又站起身跑了，其就追上那个司机又拽住了他，春天过来把司机扑到在地用板砖继续拍那个司机，其掐着司机的脖子也用板砖拍了他几下，后来司机不挣扎了。梁春天在司机衣服里找到车钥匙给了其，其开着司机的海马车二人就走了，其记着当时春天从那个司机衣服里掏出车钥匙时还掏出了一些钱放在其衣兜里，一共400元钱。其和春天一人一半，其的一部分当天晚上吃饭花了。当时车上还有一部黑色的触屏手机，电池和手机卡被春天半路扔了。其又当庭供述没有看到钱和手机。 2、被告人梁春天供述 其供述案发那天上午10点多的时候，付宝童让其跟他一起到保定，到保定后要说让其跟着一起去阜平老家，然后二人就从保定坐了一辆出租车到了阜平县。下午7点左右，付宝童说去找一个朋友，那个朋友不在家，其对付宝童说打车回家吧。当时付宝童说正好有一个出租车司机跟他有过节想要叫其和他一起坐那个出租车，到下车的时候再把那个司机打一顿然后跑掉不给那个人车费。付宝童还说不用其上手，帮他拉一下那个出租车，他自己打，当时其就同意了。之后付宝童带着其找到了一辆海马出租车，付宝童说就是那个司机和他有过节。坐上出租车后，付宝童告诉其先去保定满城接个人，到了满城周边的那个村口后，两人就下车等着接人，到了晚上11点多的时候，付宝童说先让其打司机，叫其抱住那个司机用辣椒面抹到那个人的眼睛上，其按照付宝童的要求做了，付宝童就开始对他拳打脚踢，其和付宝童把司机摔倒了，后来司机要跑付宝童捡起一块碎砖头照着司机的头部打了几下，其也拿着砖头在那个司机身上拍了几下。后来其在那个司机的上衣口袋里面找到了车钥匙，其把钥匙给了付宝童，付宝童开上车和其回了白沟。其在出租车司机的工具箱里发现了几百元钱，具体多少不知道，钱都是付宝童装了起来，回到世纪星城的时候，付宝童给了其二百元钱，已经花完，没看到司机有手机。其当天供述抢劫所使用的辣椒面是付宝童在租车之前阜平县一个胡同里买的。 3、被害人吴某甲陈述 其陈述2015年6月7日晚上7点多的时候，两个人要租车去满城，其和两人谈好400元拉两人到满城县，晚上9点左右的时候，两个人说是在村边的路上停下等个女的，那个女的暂时不出来，其就下车到村里溜达了一圈，等回到车跟前的时候，矮个子的那个人从背后抱住其，高个子的那个人从地上捡起一块砖头朝其头上砸去，其往前跑又被二人追上，二人把其拽到在地，每人手里拿着一块砖头在其头上乱打，一会其晕过去了，第二天早晨醒来发现身上的手机、钱、海马汽车都不见了，其就走到附近的一个派出所报案了。其被抢手机是酷派手机1320元，被抢了七八百元钱。 4、证人吴某甲乙证言 其系被害人吴某甲的姐姐，证实吴某甲于2015年6月7日晚上十一点至6月8日凌晨联系不到，听吴某甲丙说案发当天晚上吴某甲开着出租车拉着两个人走后至今联系不到，听开三轮车的人说，两个人，一个个子高，一个个子矮。个子高的像阜平五区的，个子低的说话像满城的。 5、证人吴某甲丙、李某证言 证实吴某甲平时开黑出租为生，案发当天晚上吴某甲开着出租车拉上两个小伙子到保定满城的事实。 6、证人吴某甲丁证言 其系被害人吴某甲的哥哥，证实其没有在阜平县砂窝乡全庄村征过地的事实。 7、证人侯某证言 证实2015年4月份，其和其妻子孙某还有付宝童及付宝童的对象刘某一起在白沟镇世纪星城A座1307居住。6月份左右的时候，听付宝童和梁春天说他们到阜平县后，把车主打了抢了一辆车。该车为红色的海马越野车。 8、证人刘某证言 证实付宝童又叫付雨泽，是其对象，付宝童有一辆比亚迪汽车2015年正月的时候卖了，还有一辆车什么品牌什么车型其不懂，其问过付宝童车的来源，付宝童不告诉其。 9、证人孙某证言 证实其和侯某、付宝童及付宝童的对象刘某一起居住，付宝童在2015年6月20号左右的时候开着一辆越野样式的车接过其和刘某，其不知道这车是什么品牌，不知道车是怎么来的。 10、证人吴某甲戊证言 其系被害人吴某甲的女儿，证实2015年6月7日19时左右，其爸吴某甲从阜平开车拉了两个人来的保定，后来家里就联系不上他了，到了6月8日8时左右，吴某甲打电话说他开的车被他拉到保定的人抢了，身上的物品也被抢了，还被人打伤了。吴某甲被抢了七八百元现金，手机一部，行车本、驾驶证、身份证等。吴某甲头部及全身都受伤了。 11、扣押决定书、清单、发还清单、移交物品清单 证实扣押海马S5汽车壹辆，红色、车架号为LMVHEKFD3EA028129，发还给被害人。阜平县公安局移交物品为吴某乙被抢劫案材料壹份，碎砖头贰块，水泥砖灰色。 12、提取笔录 在案发现场提取两块碎砖头，符合受害人描述的犯罪嫌疑人作案工具，据附近存卷描述案发现场有血迹，但由于案发后经历雨水天气，现场血迹被冲刷。 13、辨认笔录 付宝童指认案发现场位于保定市西二环通向保定市竞秀区北章村的公路附近及案发当时的情形。 吴某甲辨认出案发当时对其实施抢劫的人为付宝童和梁春天。吴某甲丙辨认出付宝童和梁春天。 14、指认现场勘验检查笔录制图1张，照相3张 证实案发现场位于保定市竞秀区南奇乡北章村西口。 15、法医学人体损伤程度鉴定意见书 证实被害人吴某甲人体损伤程度为轻伤一级。 16、阜平县物价局价格认证中心价格鉴定结论书 证实鉴定标的的鉴定值为人民币79311元。 17、抓获经过 证实2015年6月26日16时许，被告人付宝童和梁春天在保定市白沟新区世纪星城小区被抓获。 18、户籍证明及犯罪三联单 证实被告人付宝童、梁春天的刑事主体资格。 19、住院病历及票据 以上证据均经当庭出示、质证，经查证属实，本院予以认定。 本院认为，被告人付宝童、梁春天以非法占有为目的，采用暴力方法抢劫他人财物且数额巨大，其行为构成抢劫罪，公诉机关指控的罪名成立，本院予以支持。被告人付宝童、梁春天认罪且被抢出租车已返还给被害人，可酌定从轻处罚。被告人梁春天取得了被害人吴某甲的谅解，亦可从轻处罚。被告人付宝童在整个犯罪过程中起主要作用，系主犯。关于被告人梁春天辩护人认定梁春天系从犯的辩护意见，经查，案发当天，被告人付宝童让梁春天跟其从白沟到保定，又回阜平，从阜平打出租车至保定市竞秀区北章村，梁春天对抢劫出租车一事事先毫不知情，没有抢劫的动机和预谋；在案发地，梁春天用辣椒面抹受害人眼睛和殴打受害人也是在付宝童指使下进行的。其在整个犯罪过程中起辅助作用，系从犯，依法应当从轻或减轻处罚。故被告人梁春天辩护人的该辩护观点，本院予以采信。 由于被告人的犯罪行为给被害人造成的经济损失，被告人应予赔偿，被害人吴某甲受伤后在保定市第一中心医院共住院14天。花费医疗费人民币22998.81元，伙食补助费1400元，护理费590.8元，误工费590.8元，共计人民币25580.41元。其请求赔偿的其他费用没有票据支持，本院不予支持。据此，依据《中华人民共和国刑法》第二百六十三条第（四）项、第三十六条第一款、第二十五条、第五十五条第一款、第五十六条第一款、第六十一条，《中华人民共和国民法通则》第一百零六条第二款、第一百一十九条及《最高人民法院关于审理人身损害赔偿案件适用法律若干问题的解释》第十七条第一款之规定，判决如下： 一、被告人付宝童犯抢劫罪，判处有期徒刑十二年，剥夺政治权利二年，并处罚金人民币一万元。于判决书生效后十日内缴纳。 刑期从判决执行之日起计算，判决执行以前先行羁押的，羁押一日折抵刑期一日，即自2015年6月27日起至2027年6月26日止。 二、被告人梁春天犯抢劫罪，判处有期徒刑九年，剥夺政治权利一年。并处罚金人民币一万元。（已缴纳） 刑期从判决执行之日起计算，判决执行以前先行羁押的，羁押一日折抵刑期一日，即自2015年6月27日起至2024年6月26日止。 三、被告人付宝童、梁春天连带赔偿附带民事诉讼原告人吴金平医疗费、护理费、误工费、伙食补助费等各项经济损失共计人民币25580.41元。于判决书生效后十日内付清。 四、驳回附带民事诉讼原告人吴金平的其它诉讼请求。 如不服本判决，可在接到判决书的第二日起十日内通过本院或直接向河北省保定市中级人民法院提起上诉，书面上诉的应提交上诉状正本一份，副本两份。 审判长辛吉贵 审判员王林 人民陪审员张金平 二〇一五年十一月十三日 书记员张拴茹 附相关法条： 《中华人民共和国刑法》 第二十五条共同犯罪是指二人以上共同故意犯罪。 二人以上共同过失犯罪，不以共同犯罪论处；应当负刑事责任的，按照他们所犯的罪分别处罚。 第三十六条由于犯罪行为而使被害人遭受经济损失的，对犯罪分子除依法给予刑事处罚外，并应根据情况判处赔偿经济损失。 承担民事赔偿责任的犯罪分子，同时被判处罚金，其财产不足以全部支付的，或者被判处没收财产的，应当先承担对被害人的民事赔偿责任。 第五十五条剥夺政治权利的期限，除本法第五十七条规定外，为一年以上五年以下。 判处管制附加剥夺政治权利的，剥夺政治权利的期限与管制的期限相等，同时执行。 第五十六条对于危害国家安全的犯罪分子应当附加剥夺政治权利；对于故意杀人、强奸、放火、爆炸、投毒、抢劫等严重破坏社会秩序的犯罪分子，可以附加剥夺政治权利。 独立适用剥夺政治权利的，依照本法分则的规定。 第六十一条对于犯罪分子决定刑罚的时候，应当根据犯罪的事实、犯罪的性质、情节和对于社会的危害程度，依照本法的有关规定判处。 第二百六十三条以暴力、胁迫或者其他方法抢劫公私财物的，处三年以上十年以下有期徒刑，并处罚金；有下列情形之一的，处十年以上有期徒刑、无期徒刑或者死刑，并处罚金或者没收财产： （一）入户抢劫的； （二）在公共交通工具上抢劫的； （三）抢劫银行或者其他金融机构的； （四）多次抢劫或者抢劫数额巨大的； （五）抢劫致人重伤、死亡的； （六）冒充军警人员抢劫的； （七）持枪抢劫的； （八）抢劫军用物资或者抢险、救灾、救济物资的。 《中华人民共和国民法通则》 第一百零六条公民、法人违反合同或者不履行其他义务的，应当承担民事责任。 公民、法人由于过错侵害国家的、集体的财产，侵害他人财产、人身的，应当承担民事责任。 没有过错，但法律规定应当承担民事责任的，应当承担民事责任。 第一百一十九条侵害公民身体造成伤害的，应当赔偿医疗费、因误工减少的收入、残废者生活补助费等费用；造成死亡的，并应当支付丧葬费、死者生前扶养的人必要的生活费等费用。 《最高人民法院关于审理人身损害赔偿案件适用法律若干问题的解释》 第十七条受害人遭受人身损害，因就医治疗支出的各项费用以及因误工减少的收入，包括医疗费、误工费、护理费、交通费、住宿费、住院伙食补助费、必要的营养费，赔偿义务人应当予以赔偿。 受害人因伤致残的，其因增加生活上需要所支出的必要费用以及因丧失劳动能力导致的收入损失，包括残疾赔偿金、残疾辅助器具费、被扶养人生活费，以及因康复护理、继续治疗实际发生的必要的康复费、护理费、后续治疗费，赔偿义务人也应当予以赔偿。 受害人死亡的，赔偿义务人除应当根据抢救治疗情况赔偿本条第一款规定的相关费用外，还应当赔偿丧葬费、被扶养人生活费、死亡补偿费以及受害人亲属办理丧葬事宜支出的交通费、住宿费和误工损失等其他合理费用。","writId":"0497ddfc589a3597eb17c029dd92beb47e2","writName":"付宝童、梁春天犯抢劫罪一审刑事判决书"}
