{"ajId":"c9d3d241-ff4f-4075-89ef-f349a4c390da","ajName":"朱永义贩卖毒品罪一案","ajjbqk":" 重庆市渝中区人民检察院指控被告人朱永义于2017年2月17日20时许，在重庆市渝中区石油路万科锦城广场中国建设银行门口，将净重0.58克甲基苯丙胺（俗称“冰毒”）和0.18克甲基苯丙胺片剂（俗称“麻古”）贩卖给赵某某，获毒资500元。双方交易后被公安人员捉获，并查获前述毒品和毒资。被告人朱永义归案后如实供述了上述事实。公诉机关认为，被告人朱永义的行为已构成贩卖毒品罪，具有如实供述自己罪行的从轻处罚情节，建议判处八个月以上，十个月以下有期徒刑，并处罚金。 上述事实，被告人朱永义在开庭审理过程中亦无异议，并有归案经过材料、证人赵某某、王某某的证言、提取和封存笔录、称量笔录、扣押物品清单、物证照片、毒品鉴定结论、身份信息、前科证明材料判决书和刑满释放证明书等证据证实，足以认定。其辩护人的辩护意见是，被告人朱永义归案后如实供述自己的犯罪事实并预缴纳罚金，认罪态度好，提议对其从轻处罚。 ","cpfxgc":"本院认为，被告人朱永义违反国家毒品管理法规规定，贩卖毒品甲基苯丙胺0.58克和甲基苯丙胺片剂0.18克，其行为已构成贩卖毒品罪。重庆市渝中区人民检察院指控成立。被告人朱永义归案后如实供述自己的罪行，依法从轻处罚。被告人朱永义在案件审理过程中主动缴纳三千元作为罚金执行的保证，酌情从轻处罚。对其辩护人的辩护意见予以采纳。依照《中华人民共和国刑法》第三百四十七条第四款、第六十七条第三款、第五十二条、第四十七条、第六十四条之规定，判决如下：","pjjg":" 一、被告人朱永义犯贩卖毒品罪，判处有期徒刑八个月，并处罚金三千元。 （刑期从判决执行之日起计算。判决执行以前先行羁押的，羁押一日折抵刑期一日。即自2017年2月17日起至2017年10月16日止） 二、扣押在案的毒品和毒资由扣押机关予以没收。 如不服本判决，可在接到本判决书的第二日起十日内，通过本院或者直接向重庆市第五中级人民法院提出上诉，书面上诉的，应提交上诉状正本一份、副本二份。","qw":"朱永义贩卖毒品罪一审刑事判决书 重庆市渝中区人民法院 刑事判决书 （2017）渝0103刑初571号 公诉机关重庆市渝中区人民检察院。 被告人朱永义（曾用名：朱永宜），男，1983年1月18日出生，汉族，高中文化，无业，居住地安徽省安庆市迎江区。2002年12月12日因犯抢劫罪被安徽省安庆市大观区人民法院判处有期徒刑五年，2006年11月29日刑满释放。2017年2月17日因本案被捉获，次日被刑事拘留，同年3月1日被逮捕。现押于重庆市渝中区看守所。 辩护人向勇、薄利军，重庆鼎圣（大渡口）律师事务所律师。 重庆市渝中区人民检察院以渝中检刑诉［2017］第556号起诉书指控被告人朱永义犯贩卖毒品罪，于2017年5月22日向本院提起公诉。本院受理后，依法适用简易程序，实行独任审判，于同月25日公开开庭审理了本案。重庆市渝中区人民检察院指派代理检察员吴海金出庭支持公诉，被告人朱永义及其辩护人薄利军到庭参加诉讼。现已审理终结。 重庆市渝中区人民检察院指控被告人朱永义于2017年2月17日20时许，在重庆市渝中区石油路万科锦城广场中国建设银行门口，将净重0.58克甲基苯丙胺（俗称“冰毒”）和0.18克甲基苯丙胺片剂（俗称“麻古”）贩卖给赵某某，获毒资500元。双方交易后被公安人员捉获，并查获前述毒品和毒资。被告人朱永义归案后如实供述了上述事实。公诉机关认为，被告人朱永义的行为已构成贩卖毒品罪，具有如实供述自己罪行的从轻处罚情节，建议判处八个月以上，十个月以下有期徒刑，并处罚金。 上述事实，被告人朱永义在开庭审理过程中亦无异议，并有归案经过材料、证人赵某某、王某某的证言、提取和封存笔录、称量笔录、扣押物品清单、物证照片、毒品鉴定结论、身份信息、前科证明材料判决书和刑满释放证明书等证据证实，足以认定。其辩护人的辩护意见是，被告人朱永义归案后如实供述自己的犯罪事实并预缴纳罚金，认罪态度好，提议对其从轻处罚。 本院认为，被告人朱永义违反国家毒品管理法规规定，贩卖毒品甲基苯丙胺0.58克和甲基苯丙胺片剂0.18克，其行为已构成贩卖毒品罪。重庆市渝中区人民检察院指控成立。被告人朱永义归案后如实供述自己的罪行，依法从轻处罚。被告人朱永义在案件审理过程中主动缴纳三千元作为罚金执行的保证，酌情从轻处罚。对其辩护人的辩护意见予以采纳。依照《中华人民共和国刑法》第三百四十七条第四款、第六十七条第三款、第五十二条、第四十七条、第六十四条之规定，判决如下： 一、被告人朱永义犯贩卖毒品罪，判处有期徒刑八个月，并处罚金三千元。 （刑期从判决执行之日起计算。判决执行以前先行羁押的，羁押一日折抵刑期一日。即自2017年2月17日起至2017年10月16日止） 二、扣押在案的毒品和毒资由扣押机关予以没收。 如不服本判决，可在接到本判决书的第二日起十日内，通过本院或者直接向重庆市第五中级人民法院提出上诉，书面上诉的，应提交上诉状正本一份、副本二份。 审判员文跃 二〇一七年五月二十五日 书记员刘至严","writId":"046ebd24cbb2ad3240bd3e116c362bf94f5","writName":"朱永义贩卖毒品罪一审刑事判决书"}
