{"ajId":"fcf414f6-e931-4e2d-b59a-b6a98d2c3bfa","ajName":"陈明元走私、贩卖、运输、制造毒品一案","ajjbqk":" 红河哈尼族彝族自治州人民检察院指控：2017年4月20日，被告人陈明元携带购买来的毒品，驾驶其所有的云G×××××红色二轮摩托车欲前往金平县二级公路进行交易。当日15时许，被告人陈明元行驶至金平县二级公路入城口100米处时被公安民警人赃俱获，当场从其驾驶的摩托车左侧保险杆上查获2包某、绿色片剂毒品可疑物。经鉴定和称量：查获的毒品可疑物系毒品甲基苯丙胺成份，含量为18.0％—19.0％，净重1123.5克。 公诉机关认为被告人陈明元故意违反我国对毒品的管理制度，贩卖、运输毒品甲基苯丙胺1123.5克，其行为已触犯《中华人民共和国刑法》第三百四十七条第一款、第二款第（一）项、第三百五十七条之规定，犯罪事实清楚，证据确实、充分，应当以贩卖、运输毒品罪追究其刑事责任。被告人陈明元到案后如实供述自己罪行，根据《中华人民共和国刑法》第六十七第三款之规定，可以从轻处罚。根据《中华人民共和国刑事诉讼法》第一百七十二条之规定，提起公诉，建议以贩卖、运输毒品罪对被告人陈明元判处无期徒刑以上刑罚。针对以上指控事实，公诉机关提供了相应的证据。 被告人陈明元辩称：对公诉机关指控的犯罪罪名无异议，但对指控的犯罪事实有意见。起诉书中没有提到被告人到底与谁进行毒品交易。希望法庭从轻处罚。 辩护人刘永生为被告人陈明元辩护认为：1、本案存在特情介入，属犯意和数量双重引诱，应当对陈明元从轻或减轻处罚。具体如下：（1）陈明元无吸毒史，无与毒品关联的犯罪记录，即陈明元未接触过毒品。（2）与陈明元共同实施贩卖毒品行为的盘少强未被公安机关采取强制措施，甚至未在起诉书中被提及。（3）陈明元向盘少强请教有什么可以赚钱的生意，盘少强主动提出介绍陈明元贩卖毒品，而不是陈明元欲贩卖毒品再向盘少强寻求帮助，贩卖毒品的犯意是盘少强提出的。（4）本案所涉毒品是在盘少强的介绍下，陈明元出资购买，又在盘少强介绍下进行出售，且陈明元拿到毒品第二天就被公安机关抓获，明显是有知情人举报。（5）公安机关出具的《受案登记表》、《抓获经过》对于案件来源语言不祥，明显带有隐瞒。2、陈明元到案后能如实供述自己的犯罪行为，根据《刑法》第六十七条第三款“犯罪嫌疑人虽不具有前两款自首情节，但是如实供述自己罪行的，可以从轻处罚”之规定，可以对其从轻处罚。 经审理查明，2017年4月20日，被告人陈明元携带购买来的毒品，驾驶其所有的红色云G×××××二轮摩托车欲前往金平县二级公路进行交易。当日15时许，被告人陈明元行驶至金平县二级公路入城口100米处时被公安民警人赃俱获，当场从其驾驶的摩托车左侧保险杆上查获2包某、绿色片剂毒品可疑物。经鉴定和称量：查获的毒品可疑物系毒品甲基苯丙胺成份，含量为18.0％—19.0％，净重1123.5克。 以上认定事实，有公诉机关提供的，并经当庭质证、认证的下列证据予以证明： 1、户口证明证实：被告人陈明元的出生时间及其他自然情况。 2、（2007）金刑初字第69号刑事判决证实，被告人陈明元曾犯诈骗罪，被金平县人民法院判处有期徒刑三年，并处罚金人民币1000元。 3、抓获经过及现场照片证实：2017年4月20日15时10分，金平县公安局禁毒大队民警得知情报后，在金平县城附近的二级公路上设伏，将从双金桥方向向三家寨方向行驶至金平县二级路入口100米处的、陈明元驾驶的红色云G×××××二轮摩托车截停后，从该摩托车左侧保险杆上查获2包带有奶香味的红绿色片剂状可疑物。经称量，2包毒品可疑物毛重1375克，净重1123.5克。 4、辨认笔录及照片，照片人员信息证实：被告人陈明元供述其买得的“小麻”是两名勐拉瑶族卖给他的，一个叫盘小明，一个不知姓名。侦查人员将事先准备好的不同男性免冠正面照片9张，及被告人照片1张，分别编号为1－10号，在见证人见证下，通过被告人陈明元认真仔细辨认，被告人陈明元无法辨认本组照片中的人员（包括盘小明在内）。 5、人身安全检查笔录及提取笔录、扣押笔录证实：2017年4月20日19时05分，办案民警在见证人的见证下对被告人陈明元进行全身检查。经检查，未发现陈明元身上有其他外伤。从陈明元裤包中查到一部手机（绿色外壳、直板），一个黑色钱夹，2114.5元人民币（其中面值100元的21张、面值10元的1张、面值1元的3张、面值0.5元的2张纸币1个硬币），一本机动车驾驶证，一本机动车行驶证，一张农村信用联社金碧卡（卡号：62×××94），一枚戒指（黄金材质）。19时23分，民警依法提取了上述物品及陈明元驾驶的二轮摩托车，并依法予以扣押。 6、提取笔录及物证照片证实：2017年4月20日17时15分，在见证人黄天柱见证下，经被告人陈明元指认、确认，金平县公安局禁毒大队民警从其驾驶的红色云G×××××二轮摩托车左保险杆处查获用橘黄色布袋包裹的2包毒品可疑物，并进行现场提取、当场封存。 7、称量笔录、照片及称量结果告知书证实：在见证人黄天柱见证下，经被告人陈明元确认电子秤功能正常后，侦查员把2包毒品可疑物依次编号为1号、2号，经称量，2包可疑物毛重1375克，1号可疑物净重566克、2号可疑物净重557.5克，2包可疑物净重合计1123.5克。并将这一结果告知了被告人陈明元。 8、取样笔录及照片证实：金平县公案局民警把1－2号可疑物的包装袋拆开后将内部的片剂状可疑物放入对应编号的物证袋中，提取4个定性分析检材，即从1号物证袋内随机抽取3颗红色片剂状可疑物，经称量，净重为0.29克，装入检材1号物证袋中；从1号物证袋中随机抽取3颗绿色片剂状可疑物，经称量，净重为0.28克，装入检材2号物证袋中。从2号物证袋内随机抽取3颗红色片剂状可疑物，经称量，净重为0.27克，装入检材3号物证袋中；从2号物证袋中随机抽取3颗绿色片剂状可疑物，经称量，净重为0.28克，装入检材4号物证袋中。接着提取4个定量分析检材，即从1号物证袋内的片剂状可疑物随机抽取5颗红色片剂状可疑物，经称量，净重为0.48克，装入检材1号物证袋中。从1号物证袋中随机抽取5颗绿色片剂状可疑物，经称量，净重为0.46克，装入检材2号物证袋中。从2号物证袋中随机抽取5颗红色片剂状可疑物，经称量，净重为0.48克，装入检材3号物证袋中。从2号物证袋中随机抽取5颗绿色片剂状可疑物，经称量，净重为0.49克，装入检材4号物证袋中。在见证人黄天柱见证下，民警将用于定性分析的4个检材和用于作定量分析的4个检材装入信封内，并把信封封好，让被告人陈明元在信封上按手印，并将装有检材的信封送往红河州公安司法鉴定中心作定性和定量分析。 9、尿液提取笔录及照片、现场检测报告证实：被告人陈明元尿样经现场检测，吗啡／甲基安非他明检测结果均呈阴性。 10、扣押决定、扣押清单证实：金平县公安局依法扣押了被告人陈明元持有的冰毒片剂可疑物2包，红色云G×××××普通二轮摩托车1辆，唐为TANGWEI、正面黑色，四周为墨绿色的手机1部，人民币2114.5元（详见上述第5项），机动车驾驶证1本，机动车行驶证1本，农村信用联社金碧借记卡1张（卡号：62×××94），戒指1枚（宽约1厘米、直径约2厘米，金黄色，外侧有不规则花纹的金属戒指）。钱包1个（黑色，宽约9.2厘米，长约22厘米，外层印有HUADING字样）。 11、鉴定委托书、毒品检验鉴定及鉴定意见通知书证实：送检的1—4号检材中检出均有甲基苯丙胺成分，甲基苯丙胺含量分别为18.4％、19.0％、18.0％、19.0％。并已将上述结果告知被告人陈明元。 12、被告人陈明元供述：老绕来找他说卖“小麻”能挣钱，他说他不会做，老绕就说蚂蝗塘有人有，叫他联系，他就和蚂蝗塘那个就是勐拉两个瑶族里高个子那个联系，那高个子一会说有，一会说没有。昨天（2017年4月19日），那高个子打电话给他说有了，叫他准备好钱，今天（2017年4月20日）把“小麻”送来给他。老绕原来说不用他出钱，叫老板出，后又叫他垫钱。他出了130000元，买得12000颗，12元一颗，打算14元一颗卖，卖成了，老绕和他每颗各得一元钱。后去交易途中就被抓了。130000元钱全部是他出的。 上列证据，取证程序合法，内容客观真实，且能相互印证，本院予以采信。 ","cpfxgc":"本院认为，被告人陈明元无视国家法律，贩卖、运输毒品甲基苯丙胺1123.5克，其行为已构成贩卖、运输毒品罪。公诉机关指控被告人陈明元犯贩卖、运输毒品罪的事实清楚，证据确实、充分，指控罪名成立，对被告人陈明元的量刑建议符合罪责刑相一致的法定原则，本院予以采纳。被告人陈明元归案后，能如实供述自己的犯罪事实，根据《中华人民共和国刑法》第六十七第三款之规定，可以从轻处罚。辩护人刘永生认为“贩卖毒品的犯意是盘少强提出，所涉毒品是在盘少强介绍下，陈明元出资购买，又在盘少强介绍下进行出售。而盘少强未被公安机关采取强制措施，甚至未在起诉书中被提及，存在特情介入，属犯意和数量双重引诱。”的辩解与本院查明的事实不符，本院不予采纳。综上，依照《中华人民共和国刑法》第三百四十七条第一款、第二款第（一）项、第五十七条、第六十一条、第六十四条之规定，判决如下：","pjjg":" 一、被告人陈明元犯贩卖、运输毒品罪，判处无期徒刑，剥夺政治权利终身，并处没收个人全部财产。 二、查获的毒品甲基苯丙胺1123.5克依法予以没收。 三、随案移交的黑色唐为TANGWEI手机1部，机动车驾驶证1本，机动车行驶证1本，农村信用联社金碧借记卡1张（卡号：62×××94），戒指1枚，黑色钱包1个依法予以没收，上缴国库。 如不服本判决，可于接到判决书的第二日起十日内，通过本院或者直接向云南省高级人民法院提出上诉，书面上诉的，应交上诉状正本一份，副本两份。","qw":"云南省红河哈尼族彝族自治州中级人民法院 刑事判决书 （2017）云25刑初160号 公诉机关云南省红河哈尼族彝族自治州人民检察院。 被告人陈明元，男，1974年6月20日生，汉族，农民，初中文化，云南省金平县人，住金平县。2007年7月25日因犯诈骗罪被金平县人民法院判处有期徒刑3年。2017年4月21日因涉嫌贩卖、运输毒品罪被金平县公安局刑事拘留，同年5月5日经金平县人民检察院批准逮捕，同日由金平县公安局执行逮捕。现押于云南省金平县看守所。 指定辩护人刘永生，云南红河谷律师事务所律师。 红河哈尼族彝族自治州人民检察院以红检公诉刑诉［2017］160号起诉书指控被告人陈明元犯贩卖、运输毒品罪，于2017年11月9日向本院提起公诉。本院依法组成合议庭，公开开庭对本案进行了审理。红河哈尼族彝族自治州人民检察院指派检察员孙某、代理检察员杨某出庭支持公诉，被告人陈明元及辩护人刘永生到庭参加诉讼。现已审理终结。 红河哈尼族彝族自治州人民检察院指控：2017年4月20日，被告人陈明元携带购买来的毒品，驾驶其所有的云G×××××红色二轮摩托车欲前往金平县二级公路进行交易。当日15时许，被告人陈明元行驶至金平县二级公路入城口100米处时被公安民警人赃俱获，当场从其驾驶的摩托车左侧保险杆上查获2包某、绿色片剂毒品可疑物。经鉴定和称量：查获的毒品可疑物系毒品甲基苯丙胺成份，含量为18.0％—19.0％，净重1123.5克。 公诉机关认为被告人陈明元故意违反我国对毒品的管理制度，贩卖、运输毒品甲基苯丙胺1123.5克，其行为已触犯《中华人民共和国刑法》第三百四十七条第一款、第二款第（一）项、第三百五十七条之规定，犯罪事实清楚，证据确实、充分，应当以贩卖、运输毒品罪追究其刑事责任。被告人陈明元到案后如实供述自己罪行，根据《中华人民共和国刑法》第六十七第三款之规定，可以从轻处罚。根据《中华人民共和国刑事诉讼法》第一百七十二条之规定，提起公诉，建议以贩卖、运输毒品罪对被告人陈明元判处无期徒刑以上刑罚。针对以上指控事实，公诉机关提供了相应的证据。 被告人陈明元辩称：对公诉机关指控的犯罪罪名无异议，但对指控的犯罪事实有意见。起诉书中没有提到被告人到底与谁进行毒品交易。希望法庭从轻处罚。 辩护人刘永生为被告人陈明元辩护认为：1、本案存在特情介入，属犯意和数量双重引诱，应当对陈明元从轻或减轻处罚。具体如下：（1）陈明元无吸毒史，无与毒品关联的犯罪记录，即陈明元未接触过毒品。（2）与陈明元共同实施贩卖毒品行为的盘少强未被公安机关采取强制措施，甚至未在起诉书中被提及。（3）陈明元向盘少强请教有什么可以赚钱的生意，盘少强主动提出介绍陈明元贩卖毒品，而不是陈明元欲贩卖毒品再向盘少强寻求帮助，贩卖毒品的犯意是盘少强提出的。（4）本案所涉毒品是在盘少强的介绍下，陈明元出资购买，又在盘少强介绍下进行出售，且陈明元拿到毒品第二天就被公安机关抓获，明显是有知情人举报。（5）公安机关出具的《受案登记表》、《抓获经过》对于案件来源语言不祥，明显带有隐瞒。2、陈明元到案后能如实供述自己的犯罪行为，根据《刑法》第六十七条第三款“犯罪嫌疑人虽不具有前两款自首情节，但是如实供述自己罪行的，可以从轻处罚”之规定，可以对其从轻处罚。 经审理查明，2017年4月20日，被告人陈明元携带购买来的毒品，驾驶其所有的红色云G×××××二轮摩托车欲前往金平县二级公路进行交易。当日15时许，被告人陈明元行驶至金平县二级公路入城口100米处时被公安民警人赃俱获，当场从其驾驶的摩托车左侧保险杆上查获2包某、绿色片剂毒品可疑物。经鉴定和称量：查获的毒品可疑物系毒品甲基苯丙胺成份，含量为18.0％—19.0％，净重1123.5克。 以上认定事实，有公诉机关提供的，并经当庭质证、认证的下列证据予以证明： 1、户口证明证实：被告人陈明元的出生时间及其他自然情况。 2、（2007）金刑初字第69号刑事判决证实，被告人陈明元曾犯诈骗罪，被金平县人民法院判处有期徒刑三年，并处罚金人民币1000元。 3、抓获经过及现场照片证实：2017年4月20日15时10分，金平县公安局禁毒大队民警得知情报后，在金平县城附近的二级公路上设伏，将从双金桥方向向三家寨方向行驶至金平县二级路入口100米处的、陈明元驾驶的红色云G×××××二轮摩托车截停后，从该摩托车左侧保险杆上查获2包带有奶香味的红绿色片剂状可疑物。经称量，2包毒品可疑物毛重1375克，净重1123.5克。 4、辨认笔录及照片，照片人员信息证实：被告人陈明元供述其买得的“小麻”是两名勐拉瑶族卖给他的，一个叫盘小明，一个不知姓名。侦查人员将事先准备好的不同男性免冠正面照片9张，及被告人照片1张，分别编号为1－10号，在见证人见证下，通过被告人陈明元认真仔细辨认，被告人陈明元无法辨认本组照片中的人员（包括盘小明在内）。 5、人身安全检查笔录及提取笔录、扣押笔录证实：2017年4月20日19时05分，办案民警在见证人的见证下对被告人陈明元进行全身检查。经检查，未发现陈明元身上有其他外伤。从陈明元裤包中查到一部手机（绿色外壳、直板），一个黑色钱夹，2114.5元人民币（其中面值100元的21张、面值10元的1张、面值1元的3张、面值0.5元的2张纸币1个硬币），一本机动车驾驶证，一本机动车行驶证，一张农村信用联社金碧卡（卡号：62×××94），一枚戒指（黄金材质）。19时23分，民警依法提取了上述物品及陈明元驾驶的二轮摩托车，并依法予以扣押。 6、提取笔录及物证照片证实：2017年4月20日17时15分，在见证人黄天柱见证下，经被告人陈明元指认、确认，金平县公安局禁毒大队民警从其驾驶的红色云G×××××二轮摩托车左保险杆处查获用橘黄色布袋包裹的2包毒品可疑物，并进行现场提取、当场封存。 7、称量笔录、照片及称量结果告知书证实：在见证人黄天柱见证下，经被告人陈明元确认电子秤功能正常后，侦查员把2包毒品可疑物依次编号为1号、2号，经称量，2包可疑物毛重1375克，1号可疑物净重566克、2号可疑物净重557.5克，2包可疑物净重合计1123.5克。并将这一结果告知了被告人陈明元。 8、取样笔录及照片证实：金平县公案局民警把1－2号可疑物的包装袋拆开后将内部的片剂状可疑物放入对应编号的物证袋中，提取4个定性分析检材，即从1号物证袋内随机抽取3颗红色片剂状可疑物，经称量，净重为0.29克，装入检材1号物证袋中；从1号物证袋中随机抽取3颗绿色片剂状可疑物，经称量，净重为0.28克，装入检材2号物证袋中。从2号物证袋内随机抽取3颗红色片剂状可疑物，经称量，净重为0.27克，装入检材3号物证袋中；从2号物证袋中随机抽取3颗绿色片剂状可疑物，经称量，净重为0.28克，装入检材4号物证袋中。接着提取4个定量分析检材，即从1号物证袋内的片剂状可疑物随机抽取5颗红色片剂状可疑物，经称量，净重为0.48克，装入检材1号物证袋中。从1号物证袋中随机抽取5颗绿色片剂状可疑物，经称量，净重为0.46克，装入检材2号物证袋中。从2号物证袋中随机抽取5颗红色片剂状可疑物，经称量，净重为0.48克，装入检材3号物证袋中。从2号物证袋中随机抽取5颗绿色片剂状可疑物，经称量，净重为0.49克，装入检材4号物证袋中。在见证人黄天柱见证下，民警将用于定性分析的4个检材和用于作定量分析的4个检材装入信封内，并把信封封好，让被告人陈明元在信封上按手印，并将装有检材的信封送往红河州公安司法鉴定中心作定性和定量分析。 9、尿液提取笔录及照片、现场检测报告证实：被告人陈明元尿样经现场检测，吗啡／甲基安非他明检测结果均呈阴性。 10、扣押决定、扣押清单证实：金平县公安局依法扣押了被告人陈明元持有的冰毒片剂可疑物2包，红色云G×××××普通二轮摩托车1辆，唐为TANGWEI、正面黑色，四周为墨绿色的手机1部，人民币2114.5元（详见上述第5项），机动车驾驶证1本，机动车行驶证1本，农村信用联社金碧借记卡1张（卡号：62×××94），戒指1枚（宽约1厘米、直径约2厘米，金黄色，外侧有不规则花纹的金属戒指）。钱包1个（黑色，宽约9.2厘米，长约22厘米，外层印有HUADING字样）。 11、鉴定委托书、毒品检验鉴定及鉴定意见通知书证实：送检的1—4号检材中检出均有甲基苯丙胺成分，甲基苯丙胺含量分别为18.4％、19.0％、18.0％、19.0％。并已将上述结果告知被告人陈明元。 12、被告人陈明元供述：老绕来找他说卖“小麻”能挣钱，他说他不会做，老绕就说蚂蝗塘有人有，叫他联系，他就和蚂蝗塘那个就是勐拉两个瑶族里高个子那个联系，那高个子一会说有，一会说没有。昨天（2017年4月19日），那高个子打电话给他说有了，叫他准备好钱，今天（2017年4月20日）把“小麻”送来给他。老绕原来说不用他出钱，叫老板出，后又叫他垫钱。他出了130000元，买得12000颗，12元一颗，打算14元一颗卖，卖成了，老绕和他每颗各得一元钱。后去交易途中就被抓了。130000元钱全部是他出的。 上列证据，取证程序合法，内容客观真实，且能相互印证，本院予以采信。 本院认为，被告人陈明元无视国家法律，贩卖、运输毒品甲基苯丙胺1123.5克，其行为已构成贩卖、运输毒品罪。公诉机关指控被告人陈明元犯贩卖、运输毒品罪的事实清楚，证据确实、充分，指控罪名成立，对被告人陈明元的量刑建议符合罪责刑相一致的法定原则，本院予以采纳。被告人陈明元归案后，能如实供述自己的犯罪事实，根据《中华人民共和国刑法》第六十七第三款之规定，可以从轻处罚。辩护人刘永生认为“贩卖毒品的犯意是盘少强提出，所涉毒品是在盘少强介绍下，陈明元出资购买，又在盘少强介绍下进行出售。而盘少强未被公安机关采取强制措施，甚至未在起诉书中被提及，存在特情介入，属犯意和数量双重引诱。”的辩解与本院查明的事实不符，本院不予采纳。综上，依照《中华人民共和国刑法》第三百四十七条第一款、第二款第（一）项、第五十七条、第六十一条、第六十四条之规定，判决如下： 一、被告人陈明元犯贩卖、运输毒品罪，判处无期徒刑，剥夺政治权利终身，并处没收个人全部财产。 二、查获的毒品甲基苯丙胺1123.5克依法予以没收。 三、随案移交的黑色唐为TANGWEI手机1部，机动车驾驶证1本，机动车行驶证1本，农村信用联社金碧借记卡1张（卡号：62×××94），戒指1枚，黑色钱包1个依法予以没收，上缴国库。 如不服本判决，可于接到判决书的第二日起十日内，通过本院或者直接向云南省高级人民法院提出上诉，书面上诉的，应交上诉状正本一份，副本两份。 审判长孙利波 审判员王玉顺 审判员何江 二〇一八年二月九日 书记员李春桃","writId":"014eff0d6ff9f3d4019d81776d9a97a40b4","writName":"陈明元走私、贩卖、运输、制造毒品一审刑事判决书"}
