{"ajId":"4555820c-0852-498b-b7e3-466ae8450c8f","ajName":"91陈军故意伤害罪一案","ajjbqk":" 江苏省太仓市人民检察院指控，被告人陈军于2017年6月18日，因琐事与被害人江某在太仓市娄东街道高尔夫鑫城2期工地澡堂处发生争执，后被告人陈军将被害人江某推倒，致其腿部受伤。经鉴定，被害人江某的伤情为人体轻伤二级。公诉机关认为，被告人陈军的行为应以故意伤害罪追究刑事责任。被告人陈军如实供述自己罪行，可以从轻处罚。 被告人陈军当庭对太仓市人民检察院指控其犯故意伤害罪的事实认罪。 经审理查明，被告人陈军与被害人江某均系太仓市娄东街道高尔夫鑫城2期工地的工人。2017年6月18日，被告人陈军因琐事与被害人江某在工地澡堂处发生争执，后被告人陈军将被害人江某推倒，致其腿部受伤。 经法医鉴定，被害人江某的人体损伤程度为轻伤二级。 被告人陈军到案后如实供述了自己的犯罪事实。 案发后，被告人陈军与被害人江某达成刑事和解协议，并取得其谅解。 上述事实，有公诉人举证的，并经法庭质证、认证的未到庭被害人江某陈述及辨认笔录；未到庭证人董某、方某、张某证言及相关辨认笔录；公安机关出具和调取的到案经过、人体损伤程度鉴定意见书；刑事和解协议书；被告人陈军供述及其身份材料等证据证实。 上述事实和证据，被告人陈军在开庭审理过程中无异议。 ","cpfxgc":"本院认为，被告人陈军故意伤害他人身体，致一人轻伤，其行为已构成故意伤害罪。被告人陈军到案后如实供述自己罪行，当庭自愿认罪，且已与被害人达成刑事和解协议，并取得其谅解，确有悔罪表现，对此，予以从轻处罚和酌情从轻处罚，并适用缓刑。据此，依照《中华人民共和国刑法》第二百三十四条第一款，第六十七条第三款，第七十二条第一款，第七十三条第二款、第三款之规定，判决如下：","pjjg":" 被告人陈军犯故意伤害罪，判处有期徒刑八个月，缓刑一年。缓刑的考验期限从判决确定之日起计算。 如不服本判决，可在接到本判决书的第二日起十日内，通过本院或者直接向江苏省苏州市中级人民法院提出上诉。书面上诉的，应提交上诉状正本一份，副本二份。","qw":"江苏省太仓市人民法院 刑事判决书 （2018）苏0585刑初91号 公诉机关江苏省太仓市人民检察院。 被告人陈军，男，1974年8月30日生，汉族，初中文化，工人，住重庆市垫江县。因涉嫌故意伤害，于2017年6月20日被决定取保候审。 江苏省太仓市人民检察院以太检诉刑诉（2018）84号起诉书指控被告人陈军犯故意伤害罪。本院依法适用简易程序，实行独任审判，公开开庭审理了本案。 江苏省太仓市人民检察院指控，被告人陈军于2017年6月18日，因琐事与被害人江某在太仓市娄东街道高尔夫鑫城2期工地澡堂处发生争执，后被告人陈军将被害人江某推倒，致其腿部受伤。经鉴定，被害人江某的伤情为人体轻伤二级。公诉机关认为，被告人陈军的行为应以故意伤害罪追究刑事责任。被告人陈军如实供述自己罪行，可以从轻处罚。 被告人陈军当庭对太仓市人民检察院指控其犯故意伤害罪的事实认罪。 经审理查明，被告人陈军与被害人江某均系太仓市娄东街道高尔夫鑫城2期工地的工人。2017年6月18日，被告人陈军因琐事与被害人江某在工地澡堂处发生争执，后被告人陈军将被害人江某推倒，致其腿部受伤。 经法医鉴定，被害人江某的人体损伤程度为轻伤二级。 被告人陈军到案后如实供述了自己的犯罪事实。 案发后，被告人陈军与被害人江某达成刑事和解协议，并取得其谅解。 上述事实，有公诉人举证的，并经法庭质证、认证的未到庭被害人江某陈述及辨认笔录；未到庭证人董某、方某、张某证言及相关辨认笔录；公安机关出具和调取的到案经过、人体损伤程度鉴定意见书；刑事和解协议书；被告人陈军供述及其身份材料等证据证实。 上述事实和证据，被告人陈军在开庭审理过程中无异议。 本院认为，被告人陈军故意伤害他人身体，致一人轻伤，其行为已构成故意伤害罪。被告人陈军到案后如实供述自己罪行，当庭自愿认罪，且已与被害人达成刑事和解协议，并取得其谅解，确有悔罪表现，对此，予以从轻处罚和酌情从轻处罚，并适用缓刑。据此，依照《中华人民共和国刑法》第二百三十四条第一款，第六十七条第三款，第七十二条第一款，第七十三条第二款、第三款之规定，判决如下： 被告人陈军犯故意伤害罪，判处有期徒刑八个月，缓刑一年。缓刑的考验期限从判决确定之日起计算。 如不服本判决，可在接到本判决书的第二日起十日内，通过本院或者直接向江苏省苏州市中级人民法院提出上诉。书面上诉的，应提交上诉状正本一份，副本二份。 审判员张朋朋 二〇一八年二月十三日 书记员潘丽丽","writId":"030d818dec69e4fbe281019616adbee65c4","writName":"91陈军故意伤害罪一审刑事判决书"}
