{"ajId":"a042c4ae-949b-436e-90c8-8d200627ac5b","ajName":"191李伟使用虚假身份证件罪一案","ajjbqk":" 溧阳市人民检察院指控，2015年3月，被告人李伟在未取得机动车驾驶证的情况下，向常州市钟楼大道常州市车管所附近认识的一陌生人购买了一本以自己身份证信息伪造的机动车驾驶证（准驾车型：C1），后陆续进行使用。2017年12月15日20时左右，被告人李伟驾驶逾期未检验的苏D×××××的小型轿车经过溧阳市社渚公安检查站时，被溧阳市公安局交通警察大队社渚中队民警查获，并被扣押了伪造的机动车驾驶证1本。被告人李伟归案后，如实供述了犯罪事实。公诉机关为指证上述事实，提供了相关的证据。并据此认为，被告人李伟的行为已触犯了《中华人民共和国刑法》第二百八十条之一，应当以使用虚假身份证件罪追究其刑事责任。同时认为，被告人李伟归案后如实供述自己的犯罪事实，可以从轻处罚。建议判处其拘役二至四个月，并处罚金。 被告人李伟对溧阳市人民检察院指控的犯罪事实和量刑建议均无异议。 经审理查明，2015年3月，被告人李伟在未取得机动车驾驶证的情况下，向他人购买了一本以自己身份证信息伪造的机动车驾驶证（准驾车型：C1），后用于平时车辆驾驶。2017年12月15日20时左右，被告人李伟驾驶逾期未检验的苏D×××××的小型轿车经过溧阳市社渚公安检查站时，被民警查获，并被扣押了伪造的机动车驾驶证1本。被告人李伟当庭供述，其使用伪造的机动车驾驶证在10次左右。 被告人李伟归案后，如实供述了自己的罪行。 上述事实，有公诉机关举证，并经当庭质证、认证的被告人李伟的供述，扣押决定书、清单及照片，物证伪造的驾驶证，驾驶人信息查询结果单、车辆信息查询，案发经过及抓获经过等证据证实。被告人李伟对上述事实亦供认不讳，足以认定。 ","cpfxgc":"本院认为，被告人李伟在依照国家规定应当提供身份证明的活动中，使用伪造的驾驶证，情节严重，其行为已构成使用虚假身份证件罪。公诉机关起诉指控被告人李伟犯使用虚假身份证件罪，事实清楚，证据确实充分，罪名成立，应予支持。被告人李伟归案后如实供述自己的罪行，可以从轻处罚；被告人李伟系初犯，认罪态度较好，可酌情从轻处罚。综上，决定对被告人李伟从轻处罚并适用缓刑。公诉机关的量刑建议适当，予以采纳。据此，依照《中华人民共和国刑法》第二百八十条之一第一款，第六十七条第三款，第七十二条第一款、第三款，第七十三条第一款、第三款，第五十二条，第五十三条，第六十四条之规定，判决如下：","pjjg":" 一、被告人李伟犯使用虚假身份证件罪，判处拘役四个月，缓刑六个月，并处罚金人民币五千元。 （缓刑考验期限自判决确定之日起计算，所处罚金已缴纳。） 二、依法扣押的伪造的驾驶证1本，予以没收。 如不服本判决，可在接到判决书的第二日起十日内，通过本院或者直接向江苏省常州市中级人民法院提出上诉。书面上诉的，应当提交上诉状正本一份，副本两份。","qw":"江苏省溧阳市人民法院 刑事判决书 （2018）苏0481刑初191号 公诉机关溧阳市人民检察院。 被告人李伟，男，1990年12月8日生，汉族，安徽省郎溪县人，初中文化，汽车修理工，户籍地安徽省郎溪县。因涉嫌犯使用虚假身份证件罪，于2017年12月25日被溧阳市公安局取保候审，2018年4月8日被溧阳市人民检察院决定取保候审。 溧阳市人民检察院以溧检诉刑诉［2018］200号起诉书，指控被告人李伟犯使用虚假身份证件罪，于2018年4月11日向本院提起公诉。本院于当日立案，并依法适用简易程序，实行独任审判，公开开庭审理了本案。溧阳市人民检察院指派检察员王丽霞出庭支持公诉，被告人李伟到庭参加了诉讼。现已审理终结。 溧阳市人民检察院指控，2015年3月，被告人李伟在未取得机动车驾驶证的情况下，向常州市钟楼大道常州市车管所附近认识的一陌生人购买了一本以自己身份证信息伪造的机动车驾驶证（准驾车型：C1），后陆续进行使用。2017年12月15日20时左右，被告人李伟驾驶逾期未检验的苏D×××××的小型轿车经过溧阳市社渚公安检查站时，被溧阳市公安局交通警察大队社渚中队民警查获，并被扣押了伪造的机动车驾驶证1本。被告人李伟归案后，如实供述了犯罪事实。公诉机关为指证上述事实，提供了相关的证据。并据此认为，被告人李伟的行为已触犯了《中华人民共和国刑法》第二百八十条之一，应当以使用虚假身份证件罪追究其刑事责任。同时认为，被告人李伟归案后如实供述自己的犯罪事实，可以从轻处罚。建议判处其拘役二至四个月，并处罚金。 被告人李伟对溧阳市人民检察院指控的犯罪事实和量刑建议均无异议。 经审理查明，2015年3月，被告人李伟在未取得机动车驾驶证的情况下，向他人购买了一本以自己身份证信息伪造的机动车驾驶证（准驾车型：C1），后用于平时车辆驾驶。2017年12月15日20时左右，被告人李伟驾驶逾期未检验的苏D×××××的小型轿车经过溧阳市社渚公安检查站时，被民警查获，并被扣押了伪造的机动车驾驶证1本。被告人李伟当庭供述，其使用伪造的机动车驾驶证在10次左右。 被告人李伟归案后，如实供述了自己的罪行。 上述事实，有公诉机关举证，并经当庭质证、认证的被告人李伟的供述，扣押决定书、清单及照片，物证伪造的驾驶证，驾驶人信息查询结果单、车辆信息查询，案发经过及抓获经过等证据证实。被告人李伟对上述事实亦供认不讳，足以认定。 本院认为，被告人李伟在依照国家规定应当提供身份证明的活动中，使用伪造的驾驶证，情节严重，其行为已构成使用虚假身份证件罪。公诉机关起诉指控被告人李伟犯使用虚假身份证件罪，事实清楚，证据确实充分，罪名成立，应予支持。被告人李伟归案后如实供述自己的罪行，可以从轻处罚；被告人李伟系初犯，认罪态度较好，可酌情从轻处罚。综上，决定对被告人李伟从轻处罚并适用缓刑。公诉机关的量刑建议适当，予以采纳。据此，依照《中华人民共和国刑法》第二百八十条之一第一款，第六十七条第三款，第七十二条第一款、第三款，第七十三条第一款、第三款，第五十二条，第五十三条，第六十四条之规定，判决如下： 一、被告人李伟犯使用虚假身份证件罪，判处拘役四个月，缓刑六个月，并处罚金人民币五千元。 （缓刑考验期限自判决确定之日起计算，所处罚金已缴纳。） 二、依法扣押的伪造的驾驶证1本，予以没收。 如不服本判决，可在接到判决书的第二日起十日内，通过本院或者直接向江苏省常州市中级人民法院提出上诉。书面上诉的，应当提交上诉状正本一份，副本两份。 审判员黄连庚 二〇一八年四月二十五日 书记员庄丽娟 附本案援引法律条款 《中华人民共和国刑法》 第二百八十条之一在依照国家规定应当提供身份证明的活动中，使用伪造、变造的或者盗用他人的居民身份证、护照、社会保障卡、驾驶证等依法可以用于证明身份的证件，情节严重的，处拘役或者管制，并处或者单处罚金。 有前款行为，同时构成其他犯罪的，依照处罚较重的规定定罪处罚。 第六十七条犯罪以后自动投案，如实供述自己的罪行的，是自首。对于自首的犯罪分子，可以从轻或者减轻处罚。其中，犯罪较轻的，可以免除处罚。 被采取强制措施的犯罪嫌疑人、被告人和正在服刑的罪犯，如实供述司法机关还未掌握的本人其他罪行的，以自首论。 犯罪嫌疑人虽不具有前两款规定的自首情节，但是如实供述自己罪行的，可以从轻处罚；因其如实供述自己罪行，避免特别严重后果发生的，可以减轻处罚。 第七十二条对于被判处拘役、三年以下有期徒刑的犯罪分子，同时符合下列条件的，可以宣告缓刑，对其中不满十八周岁的人、怀孕的妇女和已满七十五周岁的人，应当宣告缓刑： （一）犯罪情节较轻； （二）有悔罪表现； （三）没有再犯罪的危险； （四）宣告缓刑对所居住社区没有重大不良影响。 宣告缓刑，可以根据犯罪情况，同时禁止犯罪分子在缓刑考验期限内从事特定活动，进入特定区域、场所，接触特定的人。 被宣告缓刑的犯罪分子，如果被判处附加刑，附加刑仍须执行。 第七十三条拘役的缓刑考验期限为原判刑期以上一年以下，但是不能少于两个月。 有期徒刑的缓刑考验期限为原判刑期以上五年以下，但是不能少于一年。 缓刑考验期限，从判决确定之日起计算。 第五十二条判处罚金，应当根据犯罪情节决定罚金数额。 第五十三条罚金在判决指定的期限内一次或者分期缴纳。期满不缴纳的，强制缴纳。对于不能全部缴纳罚金的，人民法院在任何时候发现被执行人有可以执行的财产，应当随时追缴。 由于遭遇不能抗拒的灾祸等原因缴纳确实有困难的，经人民法院裁定，可以延期缴纳、酌情减少或者免除。 第六十四条犯罪分子违法所得的一切财物，应当予以追缴或者责令退赔；对被害人的合法财产，应当及时返还；违禁品和供犯罪所用的本人财物，应当予以没收。没收的财物和罚金，一律上缴国库，不得挪用和自行处理。","writId":"01536a626e761d36fcfdc90f7fc3514e0f3","writName":"191李伟使用虚假身份证件罪一审刑事判决书"}
