{"ajId":"eef39d02-9b33-4c5f-bf14-2dbfad77f3b3","ajName":"郭治走私、贩卖、运输、制造毒品一案","ajjbqk":" 经审理查明，被告人郭治与吸毒人员崔某系朋友关系。2016年9月30日11时许，崔某与被告人郭治经电话联系后，在天津市河北区金霞路XX里小区附近，被告人郭治以人民币2200元的价格向崔某贩卖白色晶体状毒品可疑物一袋，后被公安机关当场抓获。经依法搜查，民警从被告人郭治随身处查获作案工具黑色酷派牌手机一部，从崔某处收缴白色晶体状毒品可疑物一袋，另民警在抓获被告人郭治的过程中，从其被抓获附近的地面上查获毒资人民币2200元。经天津市公安局毒品检验鉴定中心鉴定，上述白色晶体状毒品可疑物重10.074克，从中检出甲基苯丙胺成分。 案发后，上述毒品甲基苯丙胺被依法收缴，作案使用手机一部被依法扣押。后被告人郭治于被抓获当日协助公安机关抓获涉嫌向其贩卖毒品的犯罪嫌疑人朱某。 上述事实，被告人郭治在开庭审理过程中亦无异议，并有公诉机关提交的证人崔某的证言，辨认笔录，物证照片，搜查材料，接受证据材料清单，扣押清单，扣押笔录，称量笔录，天津市公安局毒品检验报告，现场检测报告，朱某笔录，立案决定书，天津市河北区计量检定所检定证书，案件来源，抓获经过，户籍证明，情况说明，光盘2张等证据证实，足以认定。 ","cpfxgc":"本院认为，被告人郭治违反国家对毒品的管理制度，向他人贩卖毒品甲基苯丙胺十克以上，其行为已构成贩卖毒品罪。公诉机关指控被告人郭治的罪名成立，应予处罚。被告人郭治到案后主动协助公安机关抓捕其他犯罪嫌疑人，系立功，可以减轻处罚。庭审中，被告人郭治如实供述犯罪事实，认罪态度较好，可酌情从轻处罚。据此，依照《中华人民共和国刑法》第三百四十七条第一款、第三款，第六十八条，第六十四条之规定，判决如下：","pjjg":" 一、被告人郭治犯贩卖毒品罪，判处有期徒刑六年，并处罚金人民币5000元。 （刑期从判决执行之日起计算。判决执行以前先行羁押的，羁押一日折抵刑期一日，即自2016年9月30日起至2022年9月29日止。罚金自判决生效后一个月内缴纳。） 二、随案移送的作案工具手机一部，依法没收。 如不服本判决，可在接到本判决书的第二日起十日内，通过本院或者直接向天津市第一中级人民法院提出上诉。书面上诉的，应提交上诉状正本一份，副本二份。","qw":"天津市河北区人民法院 刑事判决书 （2016）津0105刑初398号 公诉机关天津市河北区人民检察院。 被告人郭治，绰号“大治”，男，1977年3月27日出生于天津市，汉族，高中文化，无职业，住天津市河北区，户籍地同居住地。因本案于2016年9月30日被刑事拘留，同年10月13日被逮捕，现羁押于天津市河北区看守所。 天津市河北区人民检察院以津北检公诉刑诉（2016）423号起诉书指控被告人郭治犯贩卖毒品罪，于2016年11月28日向本院提起公诉。本院依法适用简易程序，组成合议庭，公开开庭审理了本案。天津市河北区人民检察院指派检察员李龙跃出庭支持公诉，被告人郭治到庭参加诉讼。现已审理终结。 经审理查明，被告人郭治与吸毒人员崔某系朋友关系。2016年9月30日11时许，崔某与被告人郭治经电话联系后，在天津市河北区金霞路XX里小区附近，被告人郭治以人民币2200元的价格向崔某贩卖白色晶体状毒品可疑物一袋，后被公安机关当场抓获。经依法搜查，民警从被告人郭治随身处查获作案工具黑色酷派牌手机一部，从崔某处收缴白色晶体状毒品可疑物一袋，另民警在抓获被告人郭治的过程中，从其被抓获附近的地面上查获毒资人民币2200元。经天津市公安局毒品检验鉴定中心鉴定，上述白色晶体状毒品可疑物重10.074克，从中检出甲基苯丙胺成分。 案发后，上述毒品甲基苯丙胺被依法收缴，作案使用手机一部被依法扣押。后被告人郭治于被抓获当日协助公安机关抓获涉嫌向其贩卖毒品的犯罪嫌疑人朱某。 上述事实，被告人郭治在开庭审理过程中亦无异议，并有公诉机关提交的证人崔某的证言，辨认笔录，物证照片，搜查材料，接受证据材料清单，扣押清单，扣押笔录，称量笔录，天津市公安局毒品检验报告，现场检测报告，朱某笔录，立案决定书，天津市河北区计量检定所检定证书，案件来源，抓获经过，户籍证明，情况说明，光盘2张等证据证实，足以认定。 本院认为，被告人郭治违反国家对毒品的管理制度，向他人贩卖毒品甲基苯丙胺十克以上，其行为已构成贩卖毒品罪。公诉机关指控被告人郭治的罪名成立，应予处罚。被告人郭治到案后主动协助公安机关抓捕其他犯罪嫌疑人，系立功，可以减轻处罚。庭审中，被告人郭治如实供述犯罪事实，认罪态度较好，可酌情从轻处罚。据此，依照《中华人民共和国刑法》第三百四十七条第一款、第三款，第六十八条，第六十四条之规定，判决如下： 一、被告人郭治犯贩卖毒品罪，判处有期徒刑六年，并处罚金人民币5000元。 （刑期从判决执行之日起计算。判决执行以前先行羁押的，羁押一日折抵刑期一日，即自2016年9月30日起至2022年9月29日止。罚金自判决生效后一个月内缴纳。） 二、随案移送的作案工具手机一部，依法没收。 如不服本判决，可在接到本判决书的第二日起十日内，通过本院或者直接向天津市第一中级人民法院提出上诉。书面上诉的，应提交上诉状正本一份，副本二份。 审判长李金柱 审判员胡桂琴 人民陪审员梁华 二〇一六年十二月二十日 书记员张单宁 附：本裁判文书适用法律条文 《中华人民共和国刑法》 第三百四十七条第一款走私、贩卖、运输、制造毒品，无论数量多少，都应当追究刑事责任，予以刑事处罚。 第三款走私、贩卖、运输、制造鸦片二百克以上不满一千克、海洛因或者甲基苯丙胺十克以上不满五十克或者其他毒品数量较大的，处七年以上有期徒刑，并处罚金。 第六十八条。犯罪分子有揭发他人犯罪行为，查证属实的，或者提供重要线索，从而得以侦破其他案件等立功表现的，可以从轻或者减轻处罚；有重大立功表现的，可以减轻或者免除处罚。 第六十四条犯罪分子违法所得的一切财物，应当予以追缴或者责令退赔；对被害人的合法财产，应当及时返还；违禁品和供犯罪所用的本人财物，应当予以没收。没收的财物和罚金，一律上缴国库，不得挪用和自行处理。","writId":"026420b56ebacbd37174e1692fb6061ee9f","writName":"郭治走私、贩卖、运输、制造毒品一审刑事判决书"}
