{"ajId":"f73f5c53-5c5d-446a-813d-48a2cf0c4560","ajName":"陆胤鋆、林栋骗购外汇罪一案","ajjbqk":" 闽侯县人民检察院指控，2016年底至2017年初期间，被告人陆胤鋆欲将人民币975.46万元汇往加拿大，因其个人及家人的外汇账户被外汇管理局管控无法往境外汇钱。于是被告人陆胤鋆找来其朋友被告人林栋商议如何将钱汇往境外，两人商定可以将这975.46万元人民币分拆至多个账户后由不同账户以留学交学费及旅游等名目购买外汇后汇出。之后被告人林栋找来林某4、陈某1、邓某、陈某2、林某1、许某、王某、何某、廖某、胡某、黄某1、纪某、林某2、杨某、黄某2、范某、池某、滕某、詹某、马某、姚某、林某3等22人将人民币975.46万元分拆至上述账户，林某4、陈某1、邓某、陈某2等22人收到人民币后，由被告人林栋安排林某4、陈某1、邓某、陈某2等22人通过银行网银以个人额度分拆方式，购买澳元再汇往被告人陆胤鋆提供的境外账户。上述人员通过上述方式，共购汇30笔，金额合计186.84万澳元，折合138.66万美元。2017年6月29日17时许，公安民警在福建省人民银行国家外汇管理局福建省分局抓获被告人陆胤鋆。2017年7月19日9时许，被告人林栋在家属陪同下主动到福州市公安局上街（高新区）分局投案。 公诉机关当庭宣读和出示了相关证据，通过举证，公诉机关认为，被告人陆胤鋆、林栋的行为触犯全国人民代表大会常务委员会《关于惩治骗购外汇、逃汇和非法买卖外汇犯罪的决定》第一条第一款第（三）项的规定，应当以骗购外汇罪追究其刑事责任。 被告人陆胤鋆、林栋对公诉机关指控的罪名和犯罪事实均不持异议。 被告人陆胤鋆的辩护人辩称，被告人陆胤鋆在被采取强制措施之前，主动到外汇管理部门接受调查，如实供述自己罪行，应成立自首；本案涉嫌犯罪的构成具有特定时间、空间的因素，本案拆购外汇是由《外汇管理条例》进行规定，该规定会根据外汇管理需要进行变更和浮动，具有相对不稳定性；本案被告人陆胤鋆骗取外汇目的是自己使用，不具有盈利性和经营性，属初犯，并未对外汇监管秩序造成较大损失；被告人陆胤鋆是国际贸易和工商管理双硕士，从事正当贸易，请求从轻处罚。 被告人林栋的辩护人辩称，本案被告人林栋使用他人额度以个人分拆方式购买外汇不属于《全国人民代表大会常务委员会关于惩治骗购外汇、逃汇和非法买卖外汇犯罪的决定》规定的“以其他方法骗购外汇”的情形，仅属逃汇，自然人不构成逃汇罪，仅可对被告人林栋行政处罚。本案被告人林栋为帮助朋友被告人陆胤鋆在澳洲买房而从事套汇行为，未从中获利，如构成犯罪，也是从犯，应从轻、减轻或、免于刑事处罚。 经审理查明，2016年底至2017年初期间，被告人陆胤鋆欲将人民币975.46万元汇往加拿大，因其个人及家人的外汇账户被外汇管理局管控无法往境外汇钱。于是被告人陆胤鋆找来其朋友被告人林栋商议如何将钱汇往境外，两人商定可以将这975.46万元人民币分拆至多个账户后由不同账户以留学交学费及旅游等名目购买外汇后汇出。之后被告人林栋找来林某4、陈某1、邓某、陈某2、林某1、许某、王某、何某、廖某、胡某、黄某1、纪某、林某2、杨某、黄某2、范某、池某、滕某、詹某、马某、姚某、林某3等22人将人民币975.46万元分拆至上述账户，林某4、陈某1、邓某、陈某2等22人收到人民币后，由被告人林栋安排林某4、陈某1、邓某、陈某2等22人通过银行网银以个人额度分拆方式，购买澳元再汇往被告人陆胤鋆提供的境外账户。上述人员通过上述方式，共购汇30笔，金额合计186.84万澳元，折合138.66万美元。2017年6月29日17时许，公安民警在福建省人民银行国家外汇管理局福建省分局抓获被告人陆胤鋆。2017年7月19日9时许，被告人林栋在家属陪同下主动到福州市公安局上街（高新区）分局投案。 上述事实，被告人陆胤鋆、林栋在庭审中亦无异议，且有户籍证明、国家外汇管理局闽侯支局文件、分拆购汇情况表、银行流水、购房合同等材料；证人林某4、陈某1、邓某、陈某2、林某1、许某、王某、何某、廖某、胡某、黄某1、纪某、林某2、杨某、黄某2、范某、池某、滕某、詹某、马某、姚某、林某3等人的证言；被告人陆胤鋆、林栋的供述和辩解；审前社会调查评估报告；到案经过、破获经过等证据证实，足以认定。 ","cpfxgc":"本院认为，被告人陆胤鋆、林栋分拆资金，逃避监管骗购外汇共计138.66万美元，数额较大，其行为已构成骗购外汇罪。公诉机关指控的罪名成立，适用法律准确，本院予以支持。被告人陆胤鋆到案后如实供述自己的罪行，系坦白，依法可以从轻处罚。被告人林栋主动投案并如实供述自己的罪行，系自首，依法可以从轻或者减轻处罚。被告人陆胤鋆辩护人有关被告人陆胤鋆构成自首的辩护意见，经查，本案是外汇管理部门根据其主动发现的线索展开调查，被告人陆胤鋆经外汇管理部门多次通知后到外汇管理部门接受调查，但没有供述本案所有犯罪事实，也未表明其愿意将自己置于司法机关控制之下，被告人陆胤鋆在完成调查并离开过程中，在电梯口被公安机关抓获，其行为不构成主动投案，该辩护意见本院不予采纳。被告人陆胤鋆辩护人有关本案涉嫌犯罪的构成具有特定时间、空间的因素，本案拆购外汇是由《外汇管理条例》进行规定，该规定会根据外汇管理需要进行变更和浮动，具有相对不稳定性；本案被告人陆胤鋆骗取外汇目的是自己使用，不具有盈利性和经营性，属初犯，并未对外汇监管秩序造成较大损失，请求从轻处罚的辩护意见，经查，国家对于境内个人购汇实行年度总额管理，在年度总额内凭个人有效身份证件在银行办理，同时规定不得以分拆等方式逃避限额监管，被告人陆胤鋆的上述行为造成了国家外汇资金流失138.66美元，侵犯了国家外汇管理秩序，被告人陆胤鋆骗购外汇的目的不影响骗购外汇罪的成立，辩护人的上述其他辩护意见，本院在量刑时综合予以考量。被告人林栋辩护人有关本案被告人林栋使用他人额度以个人分拆方式购买外汇不属于《全国人民代表大会常务委员会关于惩治骗购外汇、逃汇和非法买卖外汇犯罪的决定》规定的“以其他方法骗购外汇”的情形，仅属逃汇，自然人不构成逃汇罪，仅可对被告人林栋行政处罚的辩护意见，经查，被告人陆胤鋆、林栋对本案指控的事实均无异议，被告人陆胤鋆、林栋实施了将购汇资金分拆至其所掌握的多个账户后，由不同账户以留学交学费等名目购买外汇后汇往境外的行为；国家对于境内个人购汇实行年度总额管理，规定不得以分拆等方式逃避限额监管，被告人陆胤鋆、林栋的行为造成了国家外汇资金流失，侵犯了国家外汇管理秩序，其行为均符合骗购外汇罪的构成要件，故辩护人的上述辩护意见，本院不予采纳。被告人林栋辩护人有关被告人林栋是从犯的辩护意见，经查，被告人林栋与被告人陆胤鋆共同商议，并由被告人林栋找来林某4等22人进行实际分拆购买外汇并汇往被告人陆胤鋆提供的境外账户，故被告人林栋不属从犯，该辩护意见本院不予采纳。被告人林栋辩护人有关本案被告人林栋为帮助朋友被告人陆胤鋆在澳洲买房而从事套汇行为，未从中获利的辩护意见，本院在量刑时综合予以考量。综合被告人陆胤鋆、林栋的犯罪事实和量刑情节，及相关司法局均认为被告人陆胤鋆、林栋符合社区矫正的基本条件，本院依法对被告人陆胤鋆、林栋从轻处罚并适用缓刑。依照全国人民代表大会常务委员会《关于惩治骗购外汇、逃汇和非法买卖外汇犯罪的决定》第一条第一款第（三）项、《中华人民共和国刑法》第二十五条第一款、第五十二条、第六十七条第一款、第三款、第七十二条第一、三款、第七十三条第二、三款、《最高人民法院关于处理自首和立功具体应用法律若干问题的解释》第一条第一款、第三条之规定，判决如下：","pjjg":" 一、被告人陆胤鋆犯骗购外汇罪，判处有期徒刑二年九个月，缓刑四年，并处罚金人民币100万元。 （缓刑考验期限，从判决确定之日起计算，罚金自本判决生效之日起十日内缴清）。 二、被告人林栋犯骗购外汇罪，判处有期徒刑一年九个月，缓刑二年六个月，并处罚金人民币50万元。 （缓刑考验期限，从判决确定之日起计算，罚金自本判决生效之日起十日内缴清）。 如不服本判决，可在接到判决书的第二日起十日内，通过本院或者直接向福建省福州市中级人民法院提出上诉，书面上诉的，应交上诉状正本一份，副本二份。","qw":"福建省闽侯县人民法院 刑事判决书 （2018）闽0121刑初525号 公诉机关福建省闽侯县人民检察院。 被告人陆胤鋆，男，1983年11月6日出生于浙江省宁波市江东区，汉族，硕士研究生，无固定职业，住浙江省宁波市江东区。因涉嫌犯骗购外汇罪，于2017年7月3日被福州市公安局上街（高新区）分局取保候审，2018年6月15日被福建省闽侯县人民检察院取保候审。 辩护人周林、黄佳慧，福建新世通律师事务所律师。 被告人林栋，男，1988年1月3日出生于福建省福州市仓山区，汉族，大学本科，无固定职业，住福建省福州市仓山区。因涉嫌犯骗购外汇罪，于2017年7月3日被福州市公安局上街（高新区）分局取保候审，2018年6月15日被福建省闽侯县人民检察院取保候审。 辩护人李宁、郑运达，福建真唯律师事务所律师。 闽侯县人民检察院以侯检公诉刑诉［2018］494号起诉书指控被告人陆胤鋆、林栋犯骗购外汇罪，于2018年6月15日向本院提起公诉。本院依法组成合议庭，公开开庭进行了审理。闽侯县人民检察院指派检察员林品雪出庭支持公诉，被告人陆胤鋆、林栋及相关辩护人周林、郑运达到庭参加诉讼。本案现已审理终结。 闽侯县人民检察院指控，2016年底至2017年初期间，被告人陆胤鋆欲将人民币975.46万元汇往加拿大，因其个人及家人的外汇账户被外汇管理局管控无法往境外汇钱。于是被告人陆胤鋆找来其朋友被告人林栋商议如何将钱汇往境外，两人商定可以将这975.46万元人民币分拆至多个账户后由不同账户以留学交学费及旅游等名目购买外汇后汇出。之后被告人林栋找来林某4、陈某1、邓某、陈某2、林某1、许某、王某、何某、廖某、胡某、黄某1、纪某、林某2、杨某、黄某2、范某、池某、滕某、詹某、马某、姚某、林某3等22人将人民币975.46万元分拆至上述账户，林某4、陈某1、邓某、陈某2等22人收到人民币后，由被告人林栋安排林某4、陈某1、邓某、陈某2等22人通过银行网银以个人额度分拆方式，购买澳元再汇往被告人陆胤鋆提供的境外账户。上述人员通过上述方式，共购汇30笔，金额合计186.84万澳元，折合138.66万美元。2017年6月29日17时许，公安民警在福建省人民银行国家外汇管理局福建省分局抓获被告人陆胤鋆。2017年7月19日9时许，被告人林栋在家属陪同下主动到福州市公安局上街（高新区）分局投案。 公诉机关当庭宣读和出示了相关证据，通过举证，公诉机关认为，被告人陆胤鋆、林栋的行为触犯全国人民代表大会常务委员会《关于惩治骗购外汇、逃汇和非法买卖外汇犯罪的决定》第一条第一款第（三）项的规定，应当以骗购外汇罪追究其刑事责任。 被告人陆胤鋆、林栋对公诉机关指控的罪名和犯罪事实均不持异议。 被告人陆胤鋆的辩护人辩称，被告人陆胤鋆在被采取强制措施之前，主动到外汇管理部门接受调查，如实供述自己罪行，应成立自首；本案涉嫌犯罪的构成具有特定时间、空间的因素，本案拆购外汇是由《外汇管理条例》进行规定，该规定会根据外汇管理需要进行变更和浮动，具有相对不稳定性；本案被告人陆胤鋆骗取外汇目的是自己使用，不具有盈利性和经营性，属初犯，并未对外汇监管秩序造成较大损失；被告人陆胤鋆是国际贸易和工商管理双硕士，从事正当贸易，请求从轻处罚。 被告人林栋的辩护人辩称，本案被告人林栋使用他人额度以个人分拆方式购买外汇不属于《全国人民代表大会常务委员会关于惩治骗购外汇、逃汇和非法买卖外汇犯罪的决定》规定的“以其他方法骗购外汇”的情形，仅属逃汇，自然人不构成逃汇罪，仅可对被告人林栋行政处罚。本案被告人林栋为帮助朋友被告人陆胤鋆在澳洲买房而从事套汇行为，未从中获利，如构成犯罪，也是从犯，应从轻、减轻或、免于刑事处罚。 经审理查明，2016年底至2017年初期间，被告人陆胤鋆欲将人民币975.46万元汇往加拿大，因其个人及家人的外汇账户被外汇管理局管控无法往境外汇钱。于是被告人陆胤鋆找来其朋友被告人林栋商议如何将钱汇往境外，两人商定可以将这975.46万元人民币分拆至多个账户后由不同账户以留学交学费及旅游等名目购买外汇后汇出。之后被告人林栋找来林某4、陈某1、邓某、陈某2、林某1、许某、王某、何某、廖某、胡某、黄某1、纪某、林某2、杨某、黄某2、范某、池某、滕某、詹某、马某、姚某、林某3等22人将人民币975.46万元分拆至上述账户，林某4、陈某1、邓某、陈某2等22人收到人民币后，由被告人林栋安排林某4、陈某1、邓某、陈某2等22人通过银行网银以个人额度分拆方式，购买澳元再汇往被告人陆胤鋆提供的境外账户。上述人员通过上述方式，共购汇30笔，金额合计186.84万澳元，折合138.66万美元。2017年6月29日17时许，公安民警在福建省人民银行国家外汇管理局福建省分局抓获被告人陆胤鋆。2017年7月19日9时许，被告人林栋在家属陪同下主动到福州市公安局上街（高新区）分局投案。 上述事实，被告人陆胤鋆、林栋在庭审中亦无异议，且有户籍证明、国家外汇管理局闽侯支局文件、分拆购汇情况表、银行流水、购房合同等材料；证人林某4、陈某1、邓某、陈某2、林某1、许某、王某、何某、廖某、胡某、黄某1、纪某、林某2、杨某、黄某2、范某、池某、滕某、詹某、马某、姚某、林某3等人的证言；被告人陆胤鋆、林栋的供述和辩解；审前社会调查评估报告；到案经过、破获经过等证据证实，足以认定。 本院认为，被告人陆胤鋆、林栋分拆资金，逃避监管骗购外汇共计138.66万美元，数额较大，其行为已构成骗购外汇罪。公诉机关指控的罪名成立，适用法律准确，本院予以支持。被告人陆胤鋆到案后如实供述自己的罪行，系坦白，依法可以从轻处罚。被告人林栋主动投案并如实供述自己的罪行，系自首，依法可以从轻或者减轻处罚。被告人陆胤鋆辩护人有关被告人陆胤鋆构成自首的辩护意见，经查，本案是外汇管理部门根据其主动发现的线索展开调查，被告人陆胤鋆经外汇管理部门多次通知后到外汇管理部门接受调查，但没有供述本案所有犯罪事实，也未表明其愿意将自己置于司法机关控制之下，被告人陆胤鋆在完成调查并离开过程中，在电梯口被公安机关抓获，其行为不构成主动投案，该辩护意见本院不予采纳。被告人陆胤鋆辩护人有关本案涉嫌犯罪的构成具有特定时间、空间的因素，本案拆购外汇是由《外汇管理条例》进行规定，该规定会根据外汇管理需要进行变更和浮动，具有相对不稳定性；本案被告人陆胤鋆骗取外汇目的是自己使用，不具有盈利性和经营性，属初犯，并未对外汇监管秩序造成较大损失，请求从轻处罚的辩护意见，经查，国家对于境内个人购汇实行年度总额管理，在年度总额内凭个人有效身份证件在银行办理，同时规定不得以分拆等方式逃避限额监管，被告人陆胤鋆的上述行为造成了国家外汇资金流失138.66美元，侵犯了国家外汇管理秩序，被告人陆胤鋆骗购外汇的目的不影响骗购外汇罪的成立，辩护人的上述其他辩护意见，本院在量刑时综合予以考量。被告人林栋辩护人有关本案被告人林栋使用他人额度以个人分拆方式购买外汇不属于《全国人民代表大会常务委员会关于惩治骗购外汇、逃汇和非法买卖外汇犯罪的决定》规定的“以其他方法骗购外汇”的情形，仅属逃汇，自然人不构成逃汇罪，仅可对被告人林栋行政处罚的辩护意见，经查，被告人陆胤鋆、林栋对本案指控的事实均无异议，被告人陆胤鋆、林栋实施了将购汇资金分拆至其所掌握的多个账户后，由不同账户以留学交学费等名目购买外汇后汇往境外的行为；国家对于境内个人购汇实行年度总额管理，规定不得以分拆等方式逃避限额监管，被告人陆胤鋆、林栋的行为造成了国家外汇资金流失，侵犯了国家外汇管理秩序，其行为均符合骗购外汇罪的构成要件，故辩护人的上述辩护意见，本院不予采纳。被告人林栋辩护人有关被告人林栋是从犯的辩护意见，经查，被告人林栋与被告人陆胤鋆共同商议，并由被告人林栋找来林某4等22人进行实际分拆购买外汇并汇往被告人陆胤鋆提供的境外账户，故被告人林栋不属从犯，该辩护意见本院不予采纳。被告人林栋辩护人有关本案被告人林栋为帮助朋友被告人陆胤鋆在澳洲买房而从事套汇行为，未从中获利的辩护意见，本院在量刑时综合予以考量。综合被告人陆胤鋆、林栋的犯罪事实和量刑情节，及相关司法局均认为被告人陆胤鋆、林栋符合社区矫正的基本条件，本院依法对被告人陆胤鋆、林栋从轻处罚并适用缓刑。依照全国人民代表大会常务委员会《关于惩治骗购外汇、逃汇和非法买卖外汇犯罪的决定》第一条第一款第（三）项、《中华人民共和国刑法》第二十五条第一款、第五十二条、第六十七条第一款、第三款、第七十二条第一、三款、第七十三条第二、三款、《最高人民法院关于处理自首和立功具体应用法律若干问题的解释》第一条第一款、第三条之规定，判决如下： 一、被告人陆胤鋆犯骗购外汇罪，判处有期徒刑二年九个月，缓刑四年，并处罚金人民币100万元。 （缓刑考验期限，从判决确定之日起计算，罚金自本判决生效之日起十日内缴清）。 二、被告人林栋犯骗购外汇罪，判处有期徒刑一年九个月，缓刑二年六个月，并处罚金人民币50万元。 （缓刑考验期限，从判决确定之日起计算，罚金自本判决生效之日起十日内缴清）。 如不服本判决，可在接到判决书的第二日起十日内，通过本院或者直接向福建省福州市中级人民法院提出上诉，书面上诉的，应交上诉状正本一份，副本二份。 审判长林孔亮 人民陪审员林金水 人民陪审员程文泽 二〇一八年十一月二十一日 书记员洪锦 附： 本案适用法律条文 《全国人民代表大会常务委员会关于惩治骗购外汇、逃汇和非法买卖外汇犯罪的决定》 一、有下列情形之一，骗购外汇，数额较大的，处五年以下有期徒刑或者拘役，并处骗购外汇数额百分之五以上百分之三十以下罚金；数额巨大或者有其他严重情节的，处五年以上十年以下有期徒刑，并处骗购外汇数额百分之五以上百分之三十以下罚金；数额特别巨大或者有其他特别严重情节的，处十年以上有期徒刑或者无期徒刑，并处骗购外汇数额百分之五以上百分之三十以下罚金或者没收财产： （一）使用伪造、变造的海关签发的报关单、进口证明、外汇管理部门核准件等凭证和单据的； （二）重复使用海关签发的报关单、进口证明、外汇管理部门核准件等凭证和单据的； （三）以其他方式骗购外汇的。 伪造、变造海关签发的报关单、进口证明、外汇管理部门核准件等凭证和单据，并用于骗购外汇的，依照前款的规定从重处罚。 明知用于骗购外汇而提供人民币资金的，以共犯论处。 单位犯前三款罪的，对单位依照第一款的规定判处罚金，并对其直接负责的主管人员和其他直接责任人员，处五年以下有期徒刑或者拘役；数额巨大或者有其他严重情节的，处五年以上十年以下有期徒刑；数额特别巨大或者有其他特别严重情节的，处十年以上有期徒刑或者无期徒刑。 第二十五条共同犯罪是指二人以上共同故意犯罪。二人以上共同过失犯罪，不以共同犯罪论处；应当负刑事责任的，按照他们所犯的罪分别处罚。 《中华人民共和国刑法》第七十二条对于被判处拘役、三年以下有期徒刑的犯罪分子，同时符合下列条件的，可以宣告缓刑，对其中不满十八周岁的人、怀孕的妇女和已满七十五周岁的人，应当宣告缓刑： （一）犯罪情节较轻； （二）有悔罪表现； （三）没有再犯罪的危险； （四）宣告缓刑对所居住社区没有重大不良影响。 宣告缓刑，可以根据犯罪情况，同时禁止犯罪分子在缓刑考验期限内从事特定活动，进入特定区域、场所，接触特定的人。 被宣告缓刑的犯罪分子，如果被判处附加刑，附加刑仍须执行。 第七十三条拘役的缓刑考验期限为原判刑期以上一年以下，但是不能少于二个月。 有期徒刑的缓刑考验期限为原判刑期以上五年以下，但是不能少于一年。 缓刑考验期限，从判决确定之日起计算。 第五十二条判处罚金，应当根据犯罪情节决定罚金数额。 第六十七条犯罪以后自动投案，如实供述自己的罪行的，是自首。对于自首的犯罪分子，可以从轻或者减轻处罚。其中，犯罪较轻的，可以免除处罚。 被采取强制措施的犯罪嫌疑人、被告人和正在服刑的罪犯，如实供述司法机关还未掌握的本人其他罪行的，以自首论。 犯罪嫌疑人虽不具有前两款规定的自首情节，但是如实供述自己罪行的，可以从轻处罚；因其如实供述自己罪行，避免特别严重后果发生的，可以减轻处罚。 《最高人民法院关于处理自首和立功具体应用法律若干问题的解释》 第一条根据刑法第六十七条第一款的规定，犯罪以后自动投案，如实供述自己的罪行的，是自首。 （一）自动投案，是指犯罪事实或者犯罪嫌疑人未被司法机关发觉，或者虽被发觉，但犯罪嫌疑人尚未受到讯问、未被采取强制措施时，主动、直接向公安机关、人民检察院或者人民法院投案。犯罪嫌疑人向其所在单位、城乡基层组织或者其他有关负责人员投案的；犯罪嫌疑人因病、伤或者为了减轻犯罪后果，委托他人先代为投案，或者先以信电投案的；罪行未被司法机关发觉，仅因形迹可疑被有关组织或者司法机关盘问、教育后，主动交代自己的罪行的；犯罪后逃跑，在被通缉、追捕过程中，主动投案的；经查实确已准备去投案，或者正在投案途中，被公安机关捕获的，应当视为自动投案。并非出于犯罪嫌疑人主动，而是经亲友规劝、陪同投案的；公安机关通知犯罪嫌疑人的亲友，或者亲友主动报案后，将犯罪嫌疑人送去投案的，也应当视为自动投案。犯罪嫌疑人自动投案后又逃跑的，不能认定为自首。（二）如实供述自己的罪行，是指犯罪嫌疑人自动投案后，如实交代自己的主要犯罪事实。犯有数罪的犯罪嫌疑人仅如实供述所犯数罪中部分犯罪的，只对如实供述部分犯罪的行为，认定为自首。共同犯罪案件中的犯罪嫌疑人，除如实供述自己的罪行，还应当供述所知的同案犯，主犯则应当供述所知其他同案的共同犯罪事实，才能认定为自首。犯罪嫌疑人自动投案并如实供述自己的罪行后又翻供的，不能认定为自首，但在一审判决前又能如实供述的，应当认定为自首。 第三条根据刑法第六十七条第一款的规定，对于自首的犯罪分子，可以从轻或者减轻处罚；对于犯罪较轻的，可以免除处罚。具体确定从轻、减轻还是免除处罚，应当根据犯罪轻重，并考虑自首的具体情节。 。","writId":"015b16ced3266aec8b7f03fa09386dd8de1","writName":"陆胤鋆、林栋骗购外汇罪一审刑事判决书"}
