{"ajId":"4cc98251-c253-4917-920f-682165f59953","ajName":"奚某某非法持有毒品一案","ajjbqk":" 公诉机关指控，2017年12月6日10时许，被告人奚某某在本市静安区彭浦新村XXX号门口，遇公安人员盘查，被当场查获其藏匿于上衣左侧内插袋中用塑料袋包装的白色晶体状毒品十一包。经鉴定，查获的白色晶体共净重10.77克，均检出甲基苯丙胺成分。 到案后，被告人奚某某如实供述了上述事实。 上述事实，被告人奚某某在庭审中不持异议，且有证人施某某的证言笔录，公安机关制作的《扣押决定书》、《扣押清单》、《扣押笔录》、《称重笔录》、《收缴毒品专用单据》及毒品编号、称重照片、《办案说明》及抓捕现场录像，上海市毒品检验中心出具的《鉴定文书》，上海市计量测试技术研究院华东国家计量测试中心《检定证书》，相关的《刑事判决书》，上海市监狱管理局《释放证明》，被告人奚某某的供述笔录和户籍资料等证据证实，足以认定。 ","cpfxgc":"本院认为，被告人奚某某非法持有毒品甲基苯丙胺10.77克，其行为已构成非法持有毒品罪，依法应予惩处。公诉机关指控的罪名成立，本院予以支持。被告人奚某某曾因贩卖毒品罪被判处有期徒刑，在刑罚执行完毕后五年内又犯非法持有毒品罪，系累犯同时又是毒品再犯，依法应当从重处罚。被告人奚某某如实供述自己的罪行，依法可以从轻处罚。据此，依照《中华人民共和国刑法》第三百四十八条、第六十五条第一款、第三百五十六条、第六十七条第三款和第六十四条之规定，判决如下：","pjjg":" 一、被告人奚某某犯非法持有毒品罪，判处有期徒刑七个月，并处罚金人民币二千元。 （刑期从判决执行之日起计算。判决执行以前先行羁押的，羁押一日折抵刑期一日，即自2017年12月6日起至2018年7月5日止；罚金自本判决生效之日起三十日内向本院缴纳。） 二、缴获的毒品予以没收。 如不服本判决，可在接到判决书的第二日起十日内，通过本院或者直接向上海市第二中级人民法院提出上诉。书面上诉的，应交上诉状正本一份，副本一份。","qw":"上海市静安区人民法院 刑事判决书 （2018）沪0106刑初90号 公诉机关上海市静安区人民检察院。 被告人奚某某，男，1960年3月3日出生，汉族，户籍所在地本市静安区，暂住本市静安区。 上海市静安区人民检察院以沪静检诉刑诉［2018］99号起诉书指控被告人奚某某犯非法持有毒品罪，于2018年1月18日向本院提起公诉。本院受理后，依法适用简易程序，实行独任审判，公开开庭审理了本案。上海市静安区人民检察院指派代理检察员陈柳眉出庭支持公诉。被告人奚某某到庭参加诉讼。现已审理终结。 公诉机关指控，2017年12月6日10时许，被告人奚某某在本市静安区彭浦新村XXX号门口，遇公安人员盘查，被当场查获其藏匿于上衣左侧内插袋中用塑料袋包装的白色晶体状毒品十一包。经鉴定，查获的白色晶体共净重10.77克，均检出甲基苯丙胺成分。 到案后，被告人奚某某如实供述了上述事实。 上述事实，被告人奚某某在庭审中不持异议，且有证人施某某的证言笔录，公安机关制作的《扣押决定书》、《扣押清单》、《扣押笔录》、《称重笔录》、《收缴毒品专用单据》及毒品编号、称重照片、《办案说明》及抓捕现场录像，上海市毒品检验中心出具的《鉴定文书》，上海市计量测试技术研究院华东国家计量测试中心《检定证书》，相关的《刑事判决书》，上海市监狱管理局《释放证明》，被告人奚某某的供述笔录和户籍资料等证据证实，足以认定。 本院认为，被告人奚某某非法持有毒品甲基苯丙胺10.77克，其行为已构成非法持有毒品罪，依法应予惩处。公诉机关指控的罪名成立，本院予以支持。被告人奚某某曾因贩卖毒品罪被判处有期徒刑，在刑罚执行完毕后五年内又犯非法持有毒品罪，系累犯同时又是毒品再犯，依法应当从重处罚。被告人奚某某如实供述自己的罪行，依法可以从轻处罚。据此，依照《中华人民共和国刑法》第三百四十八条、第六十五条第一款、第三百五十六条、第六十七条第三款和第六十四条之规定，判决如下： 一、被告人奚某某犯非法持有毒品罪，判处有期徒刑七个月，并处罚金人民币二千元。 （刑期从判决执行之日起计算。判决执行以前先行羁押的，羁押一日折抵刑期一日，即自2017年12月6日起至2018年7月5日止；罚金自本判决生效之日起三十日内向本院缴纳。） 二、缴获的毒品予以没收。 如不服本判决，可在接到判决书的第二日起十日内，通过本院或者直接向上海市第二中级人民法院提出上诉。书面上诉的，应交上诉状正本一份，副本一份。 审判员高欣 二〇一八年一月二十二日 书记员严艳雯 附：相关法律条文 《中华人民共和国刑法》 第三百四十八条非法持有鸦片一千克以上、海洛因或者甲基苯丙胺五十克以上或者其他毒品数量大的，处七年以上有期徒刑或者无期徒刑，并处罚金；非法持有鸦片二百克以上不满一千克、海洛因或者甲基苯丙胺十克以上不满五十克或者其他毒品数量较大的，处三年以下有期徒刑、拘役或者管制，并处罚金；情节严重的，处三年以上七年以下有期徒刑，并处罚金。 第六十五条被判处有期徒刑以上刑罚的犯罪分子，刑罚执行完毕或者赦免以后，在五年以内再犯应当判处有期徒刑以上刑罚之罪的，是累犯，应当从重处罚，但是过失犯罪和不满十八周岁的人犯罪的除外。 …… 第三百五十六条因走私、贩卖、运输、制造、非法持有毒品罪被判过刑，又犯本节规定之罪的，从重处罚。 第六十七条…… 犯罪嫌疑人虽不具有前两款规定的自首情节，但是如实供述自己罪行的，可以从轻处罚；因其如实供述自己罪行，避免特别严重后果发生的，可以减轻处罚。 第六十四条犯罪分子违法所得的一切财物，应当予以追缴或者责令退赔；对被害人的合法财产，应当及时返还；违禁品和供犯罪所用的本人财物，应当予以没收。没收的财物和罚金，一律上缴国库，不得挪用和自行处理。","writId":"01297a68ddcd819b20e952e7f26d35109a8","writName":"奚某某非法持有毒品一审刑事判决书"}
