{"ajId":"0bbdf374-6347-4fad-8b84-9a8e343a837c","ajName":"瞿龙贵贩卖毒品罪一案","ajjbqk":" 重庆市渝中区人民检察院指控被告人瞿龙贵于2017年3月13日23时许，在本市渝中区中山一路148号附12号附近，为李某某代购200元的毒品海洛因0.46克，并收取100元好处费。双方交易完成后被公安人员当场捉获，查获前述毒品和毒资。被告人瞿龙贵归案后如实供述了上述事实。公诉机关认为，被告人瞿龙贵的行为已构成贩卖毒品罪，具有如实供述自己罪行的从轻处罚情节，建议判处一年以下有期徒刑，并处罚金。 上述事实，被告人瞿龙贵在开庭审理过程中亦无异议，并有归案经过材料、情况说明、证人李某某的证言、现场指认笔录及照片、辨认笔录、搜查笔录、提取和封存笔录、称量笔录、扣押物品清单、物证照片、毒品鉴定结论、身份信息等证据证实，足以认定。 ","cpfxgc":"本院认为，被告人瞿龙贵违反国家毒品管理法规规定，贩卖毒品海洛因0.46克，其行为已构成贩卖毒品罪。重庆市渝中区人民检察院指控成立。被告人瞿龙贵归案后如实供述自己的罪行，依法从轻处罚。依照《中华人民共和国刑法》第三百四十七条第四款、第六十七条第三款、第五十二条、第五十三条、第四十七条、第六十四条之规定，判决如下：","pjjg":" 一、被告人瞿龙贵犯贩卖毒品罪，判处有期徒刑七个月，并处罚金一千元。 （刑期从判决执行之日起计算。判决执行以前先行羁押的，羁押一日折抵刑期一日。即自2017年3月26日起至2017年10月24日止） 二、扣押在案的毒品及毒资由扣押机关予以没收。 上述罚金于本判决生效之日起十日内向本院缴纳。 如不服本判决，可在接到本判决书的第二日起十日内，通过本院或者直接向重庆市第五中级人民法院提出上诉，书面上诉的，应提交上诉状正本一份、副本二份。","qw":"瞿龙贵贩卖毒品罪一审刑事判决书 重庆市渝中区人民法院 刑事判决书 （2017）渝0103刑初651号 公诉机关重庆市渝中区人民检察院。 被告人瞿龙贵，男，1958年2月27日出生于重庆市渝中区，汉族，小学文化，无业。2017年3月13日因本案被捉获，次日因吸毒被行政拘留十二日，同月26日被刑事拘留，同年4月6日被逮捕。现羁押于重庆市渝中区看守所。 重庆市渝中区人民检察院以渝中检刑诉［2017］第634号起诉书指控被告人瞿龙贵犯贩卖毒品罪，于2017年6月2日向本院提起公诉。本院受理后，依法适用简易程序，实行独任审判，于同月12日公开开庭审理了本案。重庆市渝中区人民检察院指派代理检察员郭潇出庭支持公诉，被告人瞿龙贵到庭参加诉讼。现已审理终结。 重庆市渝中区人民检察院指控被告人瞿龙贵于2017年3月13日23时许，在本市渝中区中山一路148号附12号附近，为李某某代购200元的毒品海洛因0.46克，并收取100元好处费。双方交易完成后被公安人员当场捉获，查获前述毒品和毒资。被告人瞿龙贵归案后如实供述了上述事实。公诉机关认为，被告人瞿龙贵的行为已构成贩卖毒品罪，具有如实供述自己罪行的从轻处罚情节，建议判处一年以下有期徒刑，并处罚金。 上述事实，被告人瞿龙贵在开庭审理过程中亦无异议，并有归案经过材料、情况说明、证人李某某的证言、现场指认笔录及照片、辨认笔录、搜查笔录、提取和封存笔录、称量笔录、扣押物品清单、物证照片、毒品鉴定结论、身份信息等证据证实，足以认定。 本院认为，被告人瞿龙贵违反国家毒品管理法规规定，贩卖毒品海洛因0.46克，其行为已构成贩卖毒品罪。重庆市渝中区人民检察院指控成立。被告人瞿龙贵归案后如实供述自己的罪行，依法从轻处罚。依照《中华人民共和国刑法》第三百四十七条第四款、第六十七条第三款、第五十二条、第五十三条、第四十七条、第六十四条之规定，判决如下： 一、被告人瞿龙贵犯贩卖毒品罪，判处有期徒刑七个月，并处罚金一千元。 （刑期从判决执行之日起计算。判决执行以前先行羁押的，羁押一日折抵刑期一日。即自2017年3月26日起至2017年10月24日止） 二、扣押在案的毒品及毒资由扣押机关予以没收。 上述罚金于本判决生效之日起十日内向本院缴纳。 如不服本判决，可在接到本判决书的第二日起十日内，通过本院或者直接向重庆市第五中级人民法院提出上诉，书面上诉的，应提交上诉状正本一份、副本二份。 审判员文跃 二〇一七年六月十二日 书记员杨岚","writId":"0381e8311ce3bdbc2420cbd04ba220cd590","writName":"瞿龙贵贩卖毒品罪一审刑事判决书"}
