{"ajId":"3c516f5f-b8a6-4a70-9c41-dc68720b4570","ajName":"被告人彭力、王国伟信用卡诈骗一案","ajjbqk":" 旬阳县人民检察院指控称，被告人彭力、王国伟在网上聊天认识，合谋窃取用户银行卡信息资料后复制银行卡境外取款。2017年3月下旬王国伟到西安与彭力、候荣（在逃、身份不详）汇合，被告人彭力等人先后购买摄像头以及读卡器等零部件拼装自制盗码器。2017年4月20日至4月25日，被告人彭力伙同王国伟、侯荣先后在西安市长乐中路建设银行、旬阳县邮政银行ATM机上安装盗码器实施作案。彭力负责盗码器的安装及盗取用户信息资料的提取，侯荣负责望风，王国伟负责盗码器的拆卸，合伙盗取储户信用卡信息八条。2017年4月26日被告人彭力乘飞机到深圳找网名“狼少一哥”成功复制西安、旬阳用户银行卡六张，当晚到澳门盗取被害人辛某5299.21元、黄某9899.65元、何某5392.89元、王某2125.59元、艾某444.85元、仇某1820元，共计人民币24982.19元。 2017年2月至3月份，彭力伙同曹某、惠某、梁某（三人均另案处理）等人先后在山东单县、成武县等地用相同方法盗取储户信息并复制被害人武某等六人银行卡，盗取武某4765.75元、段某2022元、张某6066元、董某507元、曹某14964元、田某6775元，共计人民币35099.75元。 公诉机关认为，二被告人以非法占有为目的，使用伪造的信用卡窃取他人财物，其中被告人彭力涉案数额巨大、王国伟涉案数额较大，其二人已触犯《中华人民共和国刑法》第一百九十六条第一款第一项、第二十五条之规定，犯罪事实清楚，证据确实、充分，应当以信用卡诈骗罪追究其刑事责任。现根据《中华人民共和国刑事诉讼法》第一百七十二条的规定，提起公诉，请依法判处。 被告人彭力辩称，对公诉机关指控的犯罪事实和罪名没有意见，因自己法律意识淡薄，犯下如此大祸，给被害人造成了经济损失，给社会带来负面影响，表示深深忏悔，请求从轻处罚。 被告人王国伟辩称，对公诉机关指控的犯罪事实和罪名没有意见，因个人感情受挫，一时冲动走上了犯罪道路，现愿意接受法律的惩处，改正自己的错误，重新做人，请求从轻处罚。 审理查明的事实与公诉机关指控的一致。 另查明，案发后被告人彭力向公安机关缴纳了25000元的脏款，公安机关已经向旬阳县被害人黄正明退赔9899元、向何静退赔5392元、向王树锴退赔2125元、向艾丽退赔444元，合计17860元。 审理查明的事实，有公诉机关提供的旬阳县公安局接处警登记表、受案登记表、立案决定书、户籍证明信、抓获经过说明书、调取银行记录、ATM机交易记录、辨认笔录、被害人陈述和开户、交易信息、证人证言、被告人供述、安装和拆卸盗码器视频、银行卡等物证在卷佐证。 上述证据，均经庭审查证，其来源和形式合法、内容客观真实、相互印证关联，可以作为本案定罪量刑的依据，被告人亦无异议，本院予以确认。 ","cpfxgc":"本院认为，被告人彭力、王国伟以非法占有为目的，违反信用卡管理法规，使用伪造的信用卡窃取他人财物，二被告人的行为均已触犯了《中华人民共和国刑法》第一百九十六条、第二十五条的规定，旬阳县人民检察院指控被告人彭力、王国伟犯信用卡诈骗罪事实和罪名成立，且属共同犯罪。其中被告人彭力涉案数额巨大，被告人王国伟涉案数额较大。在被告人彭力与王国伟、候荣等人的共同犯罪中，被告人彭力起主要作用，系主犯，被告人王国伟起次要作用，系从犯，依法可以从轻、减轻处罚。二被告人的行为既危害了信用卡管理制度，又侵犯了公民的财产所有权，具有严重的社会危害性，理应从重处罚，鉴于二被告人归案后能如实供述犯罪事实，庭审中认罪悔罪态度较好，构成坦白，其中被告人彭力缴纳了部分脏款用于退赔，依法或酌情可以从轻处罚。二被告人关于已认识到自己犯罪行为的严重危害性，真诚悔过，请求从轻处罚的辩解意见，本院予以采纳。据此，依照《中华人民共和国刑法》第一百九十六条一款（一）项、第二十五条、第二十六条、第二十七条、第六十四条、第六十七条三款和《最高人民法院、最高人民检察院关于办理妨害信用卡管理刑事案件具体应用法律若干问题的解释》第五条之规定，判决如下：","pjjg":" 一、被告人彭力犯信用卡诈骗罪，判处有期徒刑五年零二个月（刑期从判决执行之日起计算，判决执行以前先行羁押的，羁押一日折抵刑期一日，即自2017年4月29日起至2022年6月28日止），并处罚金50000元，限判决生效后三十日内缴纳。 二、被告人王国伟犯信用卡诈骗罪，判处有期徒刑一年零二个月（刑期从判决执行之日起计算，判决执行以前先行羁押的，羁押一日折抵刑期一日，即自2017年4月26日起至2018年6月25日止），并处罚金20000元，限判决生效后三十日内缴纳。 三、作案工具笔记本电脑一台、手机、太阳镜、棒球帽、口罩、盗码器等物品予以没收。 四、责令被告人彭力、王国伟向被害人辛可可退赔5299.21元、仇艳星退赔1820元；被告人彭力向被害人武敬存退赔4765.75元、向段福海退赔2022元、向张启柱6066元、向董春丽退赔507元、向曹培荣退赔14964元、向田非非退赔6775元。 如不服本判决，可在接到判决书的第二日起十日内，通过本院或者直接向陕西省安康市中级人民法院提出上诉。书面上诉的，应当提交上诉状正本一份，副本三份。","qw":"被告人彭力、王国伟信用卡诈骗一案一审刑事判决书 陕西省旬阳县人民法院 刑事判决书 （2017）陕0928刑初73号 公诉机关旬阳县人民检察院。 被告人彭力，男，汉族，陕西省高陵县人。 被告人王国伟，男，汉族，辽宁省葫芦岛市绥中县人。 旬阳县人民检察院以旬检公诉刑诉（2017）第57号起诉书指控被告人彭力、王国伟犯信用卡诈骗罪，于2017年8月28日向本院提起公诉。本院受理后，依法组成合议庭，公开开庭进行了审理。旬阳县人民检察院指派检察员杨军出庭支持公诉，被告人彭力、王国伟到庭参加了诉讼。现已审理终结。 旬阳县人民检察院指控称，被告人彭力、王国伟在网上聊天认识，合谋窃取用户银行卡信息资料后复制银行卡境外取款。2017年3月下旬王国伟到西安与彭力、候荣（在逃、身份不详）汇合，被告人彭力等人先后购买摄像头以及读卡器等零部件拼装自制盗码器。2017年4月20日至4月25日，被告人彭力伙同王国伟、侯荣先后在西安市长乐中路建设银行、旬阳县邮政银行ATM机上安装盗码器实施作案。彭力负责盗码器的安装及盗取用户信息资料的提取，侯荣负责望风，王国伟负责盗码器的拆卸，合伙盗取储户信用卡信息八条。2017年4月26日被告人彭力乘飞机到深圳找网名“狼少一哥”成功复制西安、旬阳用户银行卡六张，当晚到澳门盗取被害人辛某5299.21元、黄某9899.65元、何某5392.89元、王某2125.59元、艾某444.85元、仇某1820元，共计人民币24982.19元。 2017年2月至3月份，彭力伙同曹某、惠某、梁某（三人均另案处理）等人先后在山东单县、成武县等地用相同方法盗取储户信息并复制被害人武某等六人银行卡，盗取武某4765.75元、段某2022元、张某6066元、董某507元、曹某14964元、田某6775元，共计人民币35099.75元。 公诉机关认为，二被告人以非法占有为目的，使用伪造的信用卡窃取他人财物，其中被告人彭力涉案数额巨大、王国伟涉案数额较大，其二人已触犯《中华人民共和国刑法》第一百九十六条第一款第一项、第二十五条之规定，犯罪事实清楚，证据确实、充分，应当以信用卡诈骗罪追究其刑事责任。现根据《中华人民共和国刑事诉讼法》第一百七十二条的规定，提起公诉，请依法判处。 被告人彭力辩称，对公诉机关指控的犯罪事实和罪名没有意见，因自己法律意识淡薄，犯下如此大祸，给被害人造成了经济损失，给社会带来负面影响，表示深深忏悔，请求从轻处罚。 被告人王国伟辩称，对公诉机关指控的犯罪事实和罪名没有意见，因个人感情受挫，一时冲动走上了犯罪道路，现愿意接受法律的惩处，改正自己的错误，重新做人，请求从轻处罚。 审理查明的事实与公诉机关指控的一致。 另查明，案发后被告人彭力向公安机关缴纳了25000元的脏款，公安机关已经向旬阳县被害人黄正明退赔9899元、向何静退赔5392元、向王树锴退赔2125元、向艾丽退赔444元，合计17860元。 审理查明的事实，有公诉机关提供的旬阳县公安局接处警登记表、受案登记表、立案决定书、户籍证明信、抓获经过说明书、调取银行记录、ATM机交易记录、辨认笔录、被害人陈述和开户、交易信息、证人证言、被告人供述、安装和拆卸盗码器视频、银行卡等物证在卷佐证。 上述证据，均经庭审查证，其来源和形式合法、内容客观真实、相互印证关联，可以作为本案定罪量刑的依据，被告人亦无异议，本院予以确认。 本院认为，被告人彭力、王国伟以非法占有为目的，违反信用卡管理法规，使用伪造的信用卡窃取他人财物，二被告人的行为均已触犯了《中华人民共和国刑法》第一百九十六条、第二十五条的规定，旬阳县人民检察院指控被告人彭力、王国伟犯信用卡诈骗罪事实和罪名成立，且属共同犯罪。其中被告人彭力涉案数额巨大，被告人王国伟涉案数额较大。在被告人彭力与王国伟、候荣等人的共同犯罪中，被告人彭力起主要作用，系主犯，被告人王国伟起次要作用，系从犯，依法可以从轻、减轻处罚。二被告人的行为既危害了信用卡管理制度，又侵犯了公民的财产所有权，具有严重的社会危害性，理应从重处罚，鉴于二被告人归案后能如实供述犯罪事实，庭审中认罪悔罪态度较好，构成坦白，其中被告人彭力缴纳了部分脏款用于退赔，依法或酌情可以从轻处罚。二被告人关于已认识到自己犯罪行为的严重危害性，真诚悔过，请求从轻处罚的辩解意见，本院予以采纳。据此，依照《中华人民共和国刑法》第一百九十六条一款（一）项、第二十五条、第二十六条、第二十七条、第六十四条、第六十七条三款和《最高人民法院、最高人民检察院关于办理妨害信用卡管理刑事案件具体应用法律若干问题的解释》第五条之规定，判决如下： 一、被告人彭力犯信用卡诈骗罪，判处有期徒刑五年零二个月（刑期从判决执行之日起计算，判决执行以前先行羁押的，羁押一日折抵刑期一日，即自2017年4月29日起至2022年6月28日止），并处罚金50000元，限判决生效后三十日内缴纳。 二、被告人王国伟犯信用卡诈骗罪，判处有期徒刑一年零二个月（刑期从判决执行之日起计算，判决执行以前先行羁押的，羁押一日折抵刑期一日，即自2017年4月26日起至2018年6月25日止），并处罚金20000元，限判决生效后三十日内缴纳。 三、作案工具笔记本电脑一台、手机、太阳镜、棒球帽、口罩、盗码器等物品予以没收。 四、责令被告人彭力、王国伟向被害人辛可可退赔5299.21元、仇艳星退赔1820元；被告人彭力向被害人武敬存退赔4765.75元、向段福海退赔2022元、向张启柱6066元、向董春丽退赔507元、向曹培荣退赔14964元、向田非非退赔6775元。 如不服本判决，可在接到判决书的第二日起十日内，通过本院或者直接向陕西省安康市中级人民法院提出上诉。书面上诉的，应当提交上诉状正本一份，副本三份。 审判长肖爱平 审判员李娟 人民陪审员龚建华 二〇一七年九月十八日 书记员陈芳 附本案适用的有关法律规定： 《中华人民共和国刑法》 第一百九十六条有下列情形之一，进行信用卡诈骗活动，数额较大的，处五年以下有期徒刑或者拘役，并处二万元以上二十万元以下罚金；数额巨大或者有其他严重情节的，处五年以上十年以下有期徒刑，并处五万元以上五十万元以下罚金；数额特别巨大或者有其他特别严重情节的，处十年以上有期徒刑或者无期徒刑，并处五万元以上五十万元以下罚金或者没收财产：（一）使用伪造的信用卡，或者使用以虚假的身份证明骗领的信用卡的； （二）使用作废的信用卡的；（三）冒用他人信用卡的； （四）恶意透支的。前款所称恶意透支，是指持卡人以非法占有为目的，超过规定限额或者规定期限透支，并且经发卡银行催收后仍不归还的行为。盗窃信用卡并使用的，依照本法第二百六十四条的规定定罪处罚。 第二十五条共同犯罪是指二人以上共同故意犯罪。二人以上共同过失犯罪，不以共同犯罪论处；应当负刑事责任的，按照他们所犯的罪分别处罚。 第二十六条组织、领导犯罪集团进行犯罪活动的或者在共同犯罪中起主要作用的，是主犯。三人以上为共同实施犯罪而组成的较为固定的犯罪组织，是犯罪集团。对组织、领导犯罪集团的首要分子，按照集团所犯的全部罪行处罚。对于第三款规定以外的主犯，应当按照其所参与的或者组织、指挥的全部犯罪处罚。 第二十七条在共同犯罪中起次要或者辅助作用的，是从犯。对于从犯，应当从轻、减轻处罚或者免除处罚。 第六十四条犯罪分子违法所得的一切财物，应当予以追缴或者责令退赔；对被害人的合法财产，应当及时返还；违禁品和供犯罪所用的本人财物，应当予以没收。没收的财物和罚金，一律上缴国库，不得挪用和自行处理。 第六十七条犯罪以后自动投案，如实供述自己的罪行的，是自首。对于自首的犯罪分子，可以从轻或者减轻处罚。其中，犯罪较轻的，可以免除处罚。被采取强制措施的犯罪嫌疑人、被告人和正在服刑的罪犯，如实供述司法机关还未掌握的本人其他罪行的，以自首论。犯罪嫌疑人虽不具有前两款规定的自首情节，但是如实供述自己罪行的，可以从轻处罚；因其如实供述自己罪行，避免特别严重后果发生的，可以减轻处罚。 《最高人民法院、最高人民检察院关于办理妨害信用卡管理刑事案件具体应用法律若干问题的解释》 第五条使用伪造的信用卡、以虚假的身份证明骗领的信用卡、作废的信用卡或者冒用他人信用卡，进行信用卡诈骗活动，数额在5000元以上不满5万元的，应当认定为刑法第一百九十六条规定的“数额较大”；数额在5万元以上不满50万元的，应当认定为刑法第一百九十六条规定的“数额巨大”；数额在50万元以上的，应当认定为刑法第一百九十六条规定的“数额特别巨大”。","writId":"009deb1d222b5b005c672b8fde8b37d0731","writName":"被告人彭力、王国伟信用卡诈骗一案一审刑事判决书"}
