{"ajId":"55c948f3-9788-4792-b79a-8b7fc4c8df26","ajName":"李某合同诈骗一案","ajjbqk":" 延津县人民检察院指控：2015年7月份，被告人李某和延津县被害人王某达成协议，被告人李某承诺将被害人王某提供的工人通过中铁十四局送往孟加拉国出国劳务，然后被害人王某向被告人李某汇款33000元作为工人的保证金。在该合同履行过程中，中铁十四局不再需要工人出国务工，被告人李某隐瞒该消息，并在王某向李某要求退还保证金的情况下，被告人李某向被害人王某谎称保证金已经交给中铁十四局对外招工单位，然后被告人李某将被害人王某所汇保证金挥霍并进行逃匿。 公诉机关认为，被告人李某以非法占有为目的，在履行合同过程中，骗取对方当事人财物后逃匿，且数额较大，其行为触犯了《中华人民共和国刑法》第二百二十四条第四项，犯罪事实清楚，证据确实、充分，应当以合同诈骗罪追究其刑事责任。建议对被告人李某在有期徒刑半年到一年之间量刑，并处罚金，并责令退赔。 被告人李某辩称：我没有隐瞒中铁十四局不要人的事实；我不认认识王某这个人；我和杨经理始终有联系，还款的事也多次协商；我们之间属于经济纠纷，不构成诈骗。 辩护人认为公诉机关指控被告人李某的行为构成合同诈骗罪证据不足。被告人李某始终没有说中铁十四局不再需要工人，也未隐瞒这一事实；公诉机关指控被告人李某收取保证金后逃匿，证据不足；被告人李某的收款行为应当视为公司行为。李某将收到的款项用于公司，更说明是公司行为；认定李某有非法占有的目的，证据不足；根据最高检、公安部关于刑事案件立案追诉标准的规定，2万元才是数额较大的标准，本案涉案数额是33000元，刑期不应当高于拘役六个月。 经审理查明：2015年7月份，被告人李某与国创劳务公司的王某达成向孟加拉国输送出国务工人员的协议。被告人李某承诺在一个月左右将王某提供的工人，通过中铁十四局送往孟加拉国出国劳务。王某于2015年9月10日至11日向被告人李某在中国工商银行的个人账户汇款33000元，作为工人的保证金，并提供了工人的资料。之后，被告人李某与孙某（与济南鼎和人力资源管理有限公司有合作关系，负责为该公司招人）联系过出国务工事宜。孙某说让他准备资料，但被告人李某并未向孙某提供出国务工人员的材料。在得知中铁十四局暂不需要出国务工人员的消息后，被告人李某隐瞒该消息，并谎称保证金已经交给中铁十四局对外招工单位。被害人王某多次到河北找被告人李某要求退款。被告人李某采取不接电话、不与其见面的方式进行逃匿，至今未退款。 上述事实由经法庭质证的下列证据予以证实，足以认定： 1、被告人李某的户籍证明、河北省沧县人民法院刑事判决书、到案经过、临时羁押证明可以证明被告人李某出生时间；因犯交通肇事罪，于2005年4月13日被河北省沧县人民法院判处有期徒刑一年零六个月，缓刑二年；2017年1月17日在马鞍山市被抓获，2017年1月17日至20日被临时羁押于马鞍山市看守所。 2、银行明细可以证明被害人王某向被告人李某在中国工商银行的个人账户汇款33000元保证金的事实。 3、被告人李某的供述可以证明2015年7月份，国创公司的杨经理向其询问中铁十四局往孟加拉国招人还要不要了。他就联系了中铁十四局负责招工的孙经理，得到消息后给杨经理打电话说可以招人，并让杨经理按照人数把出国保证金交了。他当时与国创公司商定的是一个月左右把工人送出国，但是因为中铁十四局说暂时不要人了，我也没有告诉他中铁十四局暂时不要人了。当中铁十四局说不要人时钱已被其花光，一直拖着。国创公司多次给他要钱，他就告诉国创公司说钱已经打给了济南的孙经理，其实就是个托词。他知道国创公司多次到河北沧州找他，但他不想见他们，因为没有办法解决问题。国创公司的人打电话或者发微信问他在哪里，他就告诉他们他在外地，从来没有给国创公司说过他在哪里，不想让国创公司的人找到他。 4、被害人王某的陈述可以证明李某说让把钱直接汇给他，他也没有多想就汇过去了。李某说最多一个月就能把工人送出去。他将钱汇过去后立刻就把工人的资料寄过去了，然后就等李某的消息。等了一个月，一直没有消息，他就给李某打电话，每次都是通了没人接或者直接关机。一直到报案，李某都没有接过电话，也没有和他见面。他往沧州去过六次，都没有见到李某。 5、证人孙某的证言可以证明他得知中铁十四局在孟加拉国的项目后告诉了李某，让李某去招人。李某让其帮忙输送几个劳务，并向其提供了几个工人的名字和联系电话。他给这些人打电话了解情况之后，让李某把其认为的合格人员的资料发给他。李某没有给他递过资料，也没有给过钱。这个工程因为资金问题一直没有进行。 6、证人孟某（济南鼎和人力资源管理有限公司法人代表）证言可以证明他和孙某是合作关系。他告诉有项目，告诉孙某，由孙某负责向外界找工人，进行人员储备。2015年济南鼎和人力资源管理有限公司和中铁十四局第一工程公司签订了劳务派遣协议。孟加拉国的项目还没有启动。 7、证人吕某证言可以证明她系沧州某境外服务有限公司的法人，其公司有送工人去国外打工的资质，李某是借用其公司的资质做劳务输出。 ","cpfxgc":"本院认为，被告人李某与被害人王某先达成口头协议，许诺在一个月左右将工人送出去，骗取王某汇过去的的工人出国务工保证金后，采取不接电话、不与见面等方式进行逃匿，其行为构成合同诈骗罪。公诉机关指控的罪名成立。被告人供述、被害人陈述与证人证言及本案相关书证相印证，足以证明被告人李某犯合同诈骗罪的犯罪事实。被告人及其辩护人的辩解不成立，本院不予采纳。被告人李某有前科，酌情从重处罚。根据《中华人民共和国刑法》第二百二十四条第四项、第六十四条之规定，判决如下：","pjjg":" 一、被告人李某犯合同诈骗罪，判处有期徒刑一年，并处罚金5000元。罚金限判决生效后十日内缴纳。 （刑期自判决执行之日起计算，判决执行以前先行羁押的，羁押一日折抵刑期一日。即自2017年1月17日起至2018年1月16日止。） 二、责令被告人李某退赔被害人王某经济损失33000元。 如不服本判决，可于接到判决书的第二日起十日内，通过本院或者直接向新乡市中级人民法院提出上诉。书面上诉的，应当提交上诉状正本一份，副本五份。","qw":"李某合同诈骗一审刑事判决书 河南省延津县人民法院 刑事判决书 （2017）豫0726刑初185号 公诉机关延津县人民检察院。 被害人王某，男，汉族，住延津县。 被告人李某，男，汉族，中专毕业，自由职业者。因犯交通肇事罪，于2005年4月13日被河北省沧县人民法院判处有期徒刑一年零六个月，缓刑二年。因涉嫌诈骗罪，2017年1月5日被批准刑事拘留，2017年1月17日被安徽省马鞍山市公安局抓获，2017年1月17日至20日被临时羁押于马鞍山市看守所，2017年1月21日被刑事拘留，2017年1月26日经延津县人民检察院批准被逮捕。 辩护人刘炳江，河北通和律师事务所律师。 延津县人民检察院以新延检公诉刑诉（2017）132号起诉书指控被告人李某犯合同诈骗罪，于2017年7月3日向本院提起公诉。本院受理后，依法组成合议庭，公开开庭进行了审理。延津县人民检察院检察员牛长士出庭支持公诉，被害人王某、被告人李某及其辩护人刘炳江到庭参加诉讼。现已审理终结。 延津县人民检察院指控：2015年7月份，被告人李某和延津县被害人王某达成协议，被告人李某承诺将被害人王某提供的工人通过中铁十四局送往孟加拉国出国劳务，然后被害人王某向被告人李某汇款33000元作为工人的保证金。在该合同履行过程中，中铁十四局不再需要工人出国务工，被告人李某隐瞒该消息，并在王某向李某要求退还保证金的情况下，被告人李某向被害人王某谎称保证金已经交给中铁十四局对外招工单位，然后被告人李某将被害人王某所汇保证金挥霍并进行逃匿。 公诉机关认为，被告人李某以非法占有为目的，在履行合同过程中，骗取对方当事人财物后逃匿，且数额较大，其行为触犯了《中华人民共和国刑法》第二百二十四条第四项，犯罪事实清楚，证据确实、充分，应当以合同诈骗罪追究其刑事责任。建议对被告人李某在有期徒刑半年到一年之间量刑，并处罚金，并责令退赔。 被告人李某辩称：我没有隐瞒中铁十四局不要人的事实；我不认认识王某这个人；我和杨经理始终有联系，还款的事也多次协商；我们之间属于经济纠纷，不构成诈骗。 辩护人认为公诉机关指控被告人李某的行为构成合同诈骗罪证据不足。被告人李某始终没有说中铁十四局不再需要工人，也未隐瞒这一事实；公诉机关指控被告人李某收取保证金后逃匿，证据不足；被告人李某的收款行为应当视为公司行为。李某将收到的款项用于公司，更说明是公司行为；认定李某有非法占有的目的，证据不足；根据最高检、公安部关于刑事案件立案追诉标准的规定，2万元才是数额较大的标准，本案涉案数额是33000元，刑期不应当高于拘役六个月。 经审理查明：2015年7月份，被告人李某与国创劳务公司的王某达成向孟加拉国输送出国务工人员的协议。被告人李某承诺在一个月左右将王某提供的工人，通过中铁十四局送往孟加拉国出国劳务。王某于2015年9月10日至11日向被告人李某在中国工商银行的个人账户汇款33000元，作为工人的保证金，并提供了工人的资料。之后，被告人李某与孙某（与济南鼎和人力资源管理有限公司有合作关系，负责为该公司招人）联系过出国务工事宜。孙某说让他准备资料，但被告人李某并未向孙某提供出国务工人员的材料。在得知中铁十四局暂不需要出国务工人员的消息后，被告人李某隐瞒该消息，并谎称保证金已经交给中铁十四局对外招工单位。被害人王某多次到河北找被告人李某要求退款。被告人李某采取不接电话、不与其见面的方式进行逃匿，至今未退款。 上述事实由经法庭质证的下列证据予以证实，足以认定： 1、被告人李某的户籍证明、河北省沧县人民法院刑事判决书、到案经过、临时羁押证明可以证明被告人李某出生时间；因犯交通肇事罪，于2005年4月13日被河北省沧县人民法院判处有期徒刑一年零六个月，缓刑二年；2017年1月17日在马鞍山市被抓获，2017年1月17日至20日被临时羁押于马鞍山市看守所。 2、银行明细可以证明被害人王某向被告人李某在中国工商银行的个人账户汇款33000元保证金的事实。 3、被告人李某的供述可以证明2015年7月份，国创公司的杨经理向其询问中铁十四局往孟加拉国招人还要不要了。他就联系了中铁十四局负责招工的孙经理，得到消息后给杨经理打电话说可以招人，并让杨经理按照人数把出国保证金交了。他当时与国创公司商定的是一个月左右把工人送出国，但是因为中铁十四局说暂时不要人了，我也没有告诉他中铁十四局暂时不要人了。当中铁十四局说不要人时钱已被其花光，一直拖着。国创公司多次给他要钱，他就告诉国创公司说钱已经打给了济南的孙经理，其实就是个托词。他知道国创公司多次到河北沧州找他，但他不想见他们，因为没有办法解决问题。国创公司的人打电话或者发微信问他在哪里，他就告诉他们他在外地，从来没有给国创公司说过他在哪里，不想让国创公司的人找到他。 4、被害人王某的陈述可以证明李某说让把钱直接汇给他，他也没有多想就汇过去了。李某说最多一个月就能把工人送出去。他将钱汇过去后立刻就把工人的资料寄过去了，然后就等李某的消息。等了一个月，一直没有消息，他就给李某打电话，每次都是通了没人接或者直接关机。一直到报案，李某都没有接过电话，也没有和他见面。他往沧州去过六次，都没有见到李某。 5、证人孙某的证言可以证明他得知中铁十四局在孟加拉国的项目后告诉了李某，让李某去招人。李某让其帮忙输送几个劳务，并向其提供了几个工人的名字和联系电话。他给这些人打电话了解情况之后，让李某把其认为的合格人员的资料发给他。李某没有给他递过资料，也没有给过钱。这个工程因为资金问题一直没有进行。 6、证人孟某（济南鼎和人力资源管理有限公司法人代表）证言可以证明他和孙某是合作关系。他告诉有项目，告诉孙某，由孙某负责向外界找工人，进行人员储备。2015年济南鼎和人力资源管理有限公司和中铁十四局第一工程公司签订了劳务派遣协议。孟加拉国的项目还没有启动。 7、证人吕某证言可以证明她系沧州某境外服务有限公司的法人，其公司有送工人去国外打工的资质，李某是借用其公司的资质做劳务输出。 本院认为，被告人李某与被害人王某先达成口头协议，许诺在一个月左右将工人送出去，骗取王某汇过去的的工人出国务工保证金后，采取不接电话、不与见面等方式进行逃匿，其行为构成合同诈骗罪。公诉机关指控的罪名成立。被告人供述、被害人陈述与证人证言及本案相关书证相印证，足以证明被告人李某犯合同诈骗罪的犯罪事实。被告人及其辩护人的辩解不成立，本院不予采纳。被告人李某有前科，酌情从重处罚。根据《中华人民共和国刑法》第二百二十四条第四项、第六十四条之规定，判决如下： 一、被告人李某犯合同诈骗罪，判处有期徒刑一年，并处罚金5000元。罚金限判决生效后十日内缴纳。 （刑期自判决执行之日起计算，判决执行以前先行羁押的，羁押一日折抵刑期一日。即自2017年1月17日起至2018年1月16日止。） 二、责令被告人李某退赔被害人王某经济损失33000元。 如不服本判决，可于接到判决书的第二日起十日内，通过本院或者直接向新乡市中级人民法院提出上诉。书面上诉的，应当提交上诉状正本一份，副本五份。 审判长何振礼 审判员申长林 人民陪审员李继武 二〇一七年八月八日 书记员徐冰晶","writId":"010bbde1ec28d3b7532fef5a7760c708e82","writName":"李某合同诈骗一审刑事判决书"}
