{"ajId":"d4637620-3721-4465-a544-6e12d30a97e5","ajName":"刘某甲盗窃罪一案","ajjbqk":" 公诉机关指控，2012年2月11日凌晨，被告人刘某甲伙同徐洪梅、尚子勤、邓昌敏、邓大侠（均已判决）以及刘杰（另案处理）等人在本市下城区中山北路598号旁下城区腾达建设集团股份有限公司的地铁文化广场站工地，采用木梯攀爬围墙的方式进入工地内盗窃，分工配合，共计窃得工地内无缝钢管87米、焊管15根、电缆线（16平方米规格）60米，电缆线（50平方米规格）80米、电缆线（90平方米规格）40米，水泵1台、注浆专用钻杆9根、氧气钢瓶1只、乙炔钢瓶1只、十字扣件300只、转扣100只，专用螺丝150套（经鉴定，共计价值人民币46119.5元），并用二辆三轮车分别运走。当日凌晨5时许，被告人刘某甲以及徐洪梅、尚子勤、邓昌敏、邓大侠、刘杰等人将所窃赃物销赃给钱长法（已判决），将销赃得款人民币2800余元均分挥霍。 2013年1月30日15时许，被告人刘某甲到杭州市朝晖路派出所投案。 被告人刘某甲对上述指控无异议，请求法院对其从轻处罚。 辩护人辩称，被告人系自首，具有法定从宽处罚情节；其获赃较少，赃物已被搜查追缴，社会危害性不大；被告人一贯表现好，如实交代、当庭认罪，有悔罪表现，主观恶性较小。综上，请求法院在量刑时予以充分考虑，建议在有期徒刑二年以下量刑并适用缓刑。 上述事实，有经庭审质证认证的被告人刘某甲及其同案犯徐洪梅、邓昌敏、尚子勤、邓大侠、钱长法等人的供述与辩解、证人邱某、刘某乙的证言、现场照片、价格鉴定结论书、辨认笔录、抓获经过、前科材料、户籍证明等证据证实，足以认定。 审理期间，被告人刘某甲退赔违法所得人民币280元。 ","cpfxgc":"本院认为，被告人刘某甲伙同他人，以非法占有为目的，秘密窃取公私财物，数额较大，其行为已构成盗窃罪，且系共同犯罪。公诉机关指控的罪名成立。被告人刘某甲在犯罪后自动向公安机关投案，并如实供述自己的罪行，系自首，可以从轻处罚；其当庭自愿认罪，有悔罪表现，可酌情从轻处罚；被告人刘某甲曾因收购赃物被行政处罚，可酌情从重处罚。辩护人的相关辩护意见本院予以采纳。综上，结合本案的事实、性质、社会危害程度，不宜适用缓刑。辩护人请求适用缓刑的辩护意见，本院不予采纳。据此，依照《中华人民共和国刑法》第二百六十四条、第二十五条第一款、第六十七条第一款、第五十二条、第五十三条、第六十四条及《最高人民法院最高人民检察院关于办理盗窃刑事案件适用法律若干问题的解释》第一条之规定，判决如下：","pjjg":" 一、被告人刘某甲犯盗窃罪，判处有期徒刑二年，并处罚金人民币4000元。 （刑期从判决执行之日起计算。判决执行前先行羁押的，羁押一日折抵刑期一日，即自2013年5月20日起至2015年5月15日止；罚金限判决生效后十日内缴纳。） 二、被告人刘某甲的违法所得人民币280元，予以追缴，上缴国库。 如不服本判决，可在接到判决书的第二日起十日内，通过本院或者直接向浙江省杭州市中级人民法院提出上诉。书面上诉的，应当提交上诉状正本一份，副本二份。","qw":"杭州市下城区人民法院 刑事判决书 （2013）杭下刑初字第238号 公诉机关杭州市下城区人民检察院。 被告人刘某甲。曾因收赃于2007年12月25日被处以行政拘留十日并处罚款500元的处罚。因本案于2013年1月30日被刑事拘留，同年2月2日变更为取保候审，同年5月20日被逮捕。 辩护人武娟娟。 杭州市下城区人民检察院以杭下检刑诉（2013）179号起诉书指控被告人刘某甲犯盗窃罪，于2013年5月3日向本院提起公诉。本院依法适用简易程序，实行独任审判，于同年5月14日公开开庭审理了本案。杭州市下城区人民检察院指派检察员贺明海出庭支持公诉。被告人刘某甲及其辩护人武娟娟到庭参加诉讼。现已审理终结。 公诉机关指控，2012年2月11日凌晨，被告人刘某甲伙同徐洪梅、尚子勤、邓昌敏、邓大侠（均已判决）以及刘杰（另案处理）等人在本市下城区中山北路598号旁下城区腾达建设集团股份有限公司的地铁文化广场站工地，采用木梯攀爬围墙的方式进入工地内盗窃，分工配合，共计窃得工地内无缝钢管87米、焊管15根、电缆线（16平方米规格）60米，电缆线（50平方米规格）80米、电缆线（90平方米规格）40米，水泵1台、注浆专用钻杆9根、氧气钢瓶1只、乙炔钢瓶1只、十字扣件300只、转扣100只，专用螺丝150套（经鉴定，共计价值人民币46119.5元），并用二辆三轮车分别运走。当日凌晨5时许，被告人刘某甲以及徐洪梅、尚子勤、邓昌敏、邓大侠、刘杰等人将所窃赃物销赃给钱长法（已判决），将销赃得款人民币2800余元均分挥霍。 2013年1月30日15时许，被告人刘某甲到杭州市朝晖路派出所投案。 被告人刘某甲对上述指控无异议，请求法院对其从轻处罚。 辩护人辩称，被告人系自首，具有法定从宽处罚情节；其获赃较少，赃物已被搜查追缴，社会危害性不大；被告人一贯表现好，如实交代、当庭认罪，有悔罪表现，主观恶性较小。综上，请求法院在量刑时予以充分考虑，建议在有期徒刑二年以下量刑并适用缓刑。 上述事实，有经庭审质证认证的被告人刘某甲及其同案犯徐洪梅、邓昌敏、尚子勤、邓大侠、钱长法等人的供述与辩解、证人邱某、刘某乙的证言、现场照片、价格鉴定结论书、辨认笔录、抓获经过、前科材料、户籍证明等证据证实，足以认定。 审理期间，被告人刘某甲退赔违法所得人民币280元。 本院认为，被告人刘某甲伙同他人，以非法占有为目的，秘密窃取公私财物，数额较大，其行为已构成盗窃罪，且系共同犯罪。公诉机关指控的罪名成立。被告人刘某甲在犯罪后自动向公安机关投案，并如实供述自己的罪行，系自首，可以从轻处罚；其当庭自愿认罪，有悔罪表现，可酌情从轻处罚；被告人刘某甲曾因收购赃物被行政处罚，可酌情从重处罚。辩护人的相关辩护意见本院予以采纳。综上，结合本案的事实、性质、社会危害程度，不宜适用缓刑。辩护人请求适用缓刑的辩护意见，本院不予采纳。据此，依照《中华人民共和国刑法》第二百六十四条、第二十五条第一款、第六十七条第一款、第五十二条、第五十三条、第六十四条及《最高人民法院最高人民检察院关于办理盗窃刑事案件适用法律若干问题的解释》第一条之规定，判决如下： 一、被告人刘某甲犯盗窃罪，判处有期徒刑二年，并处罚金人民币4000元。 （刑期从判决执行之日起计算。判决执行前先行羁押的，羁押一日折抵刑期一日，即自2013年5月20日起至2015年5月15日止；罚金限判决生效后十日内缴纳。） 二、被告人刘某甲的违法所得人民币280元，予以追缴，上缴国库。 如不服本判决，可在接到判决书的第二日起十日内，通过本院或者直接向浙江省杭州市中级人民法院提出上诉。书面上诉的，应当提交上诉状正本一份，副本二份。 代理审判员张闪闪 二〇一三年五月二十日 书记员胡梁","writId":"06204d488189e8ab6c0ab82b7b58552a811","writName":"刘某甲盗窃罪一审刑事判决书"}
