{"ajId":"e3fa27d7-705f-4551-a9be-0a83a452164a","ajName":"鲁统伟、意见一案","qw":"认罪认罚 山东省日照市东港区人民法院 刑事判决书 （2018）鲁1102刑初689号 公诉机关 日照市东港区人民检察院 被告人 基本情况 被告人鲁统伟，男，1985年9月19日出生于山东省莒南县，汉族，初中文化，原日照市顺通物流有限公司司机，住山东省莒南县。2017年12月6日因涉嫌犯交通肇事罪被日照港公安局刑事拘留，同年12月9日被该局取保候审。 公诉机关 指控情况 起诉书文号 日东检公刑诉［2018］639号 指控事实 2017年12月5日11时许，被告人鲁统伟驾驶鲁LXXXXX号牌重型自卸车，在日照港港西十一路与港南二路路口南100米处掉头行驶，被害人金红磊驾驶鲁LJ9992号牌二轮摩托车行至事故地点，失去平衡，滑移至被告人鲁统伟驾驶的车辆底部被碾压，至胸腔脏器损伤死亡。被告人鲁统伟负该事故的全部责任。事故发生后，被告人鲁统伟电话报警并在现场等候处理，归案后如实供述犯罪事实。2017年12月25日，被告人鲁统伟与被害人近亲属达成调解协议，取得被害人近亲属谅解。 指控罪名 交通肇事罪 量刑建议 有期徒刑一年至二年，适用缓刑。 被告人意见 被告人鲁统伟对指控事实、罪名及量刑建议没有异议且签字具结，在开庭审理过程中亦无异议。 判决理由 公诉机关指控被告人鲁统伟犯交通肇事罪罪名成立，量刑建议适当，予以采纳。被告人鲁统伟案发后电话报警并在现场等候，归案后如实供述犯罪事实，自愿认罪认罚，系自首，可以从轻处罚。被告人鲁统伟已与被害人近亲属达成调解协议，并取得被害人近亲属谅解，可以酌情从轻处罚。 法律依据 《中华人民共和国刑法》第一百三十三条、第六十七条第一款、第七十二条第一款、第七十三条第二款、第三款、第七十六条。 判决结果 被告人鲁统伟犯交通肇事罪，判处有期徒刑一年零二个月，缓刑二年（缓刑考验期自判决确定之日起计算，在缓刑考验期内依法实行社区矫正）。 权利告知 如不服本判决，可在接到判决书的第二日起十日内，通过本院或者直接向山东省日照市中级人民法院提出上诉。书面上诉的，应当提交上诉状正本一份，副本四份。 审判员隋秀芹 二○一八年十二月四日 书记员宋菲","writId":"0622410bc1faa0a8c5308a3d19993b98e47","writName":"鲁统伟、意见一审刑事判决书"}
