{"ajId":"62b19ad2-f2a8-41b3-94ad-85a567fd7cdb","ajName":"陈某、徐某某贩卖毒品一案","ajjbqk":" 经审理查明： 2017年7月11日，被告人陈某经与被告人徐某某事先联系，至本市黄浦区某某路某某弄某某超市附近，以人民币2，400元的价格将毒品甲基苯丙胺（冰毒）4.26克出售给被告人徐某某。 同日，被告人徐某某经与吸毒人员胡某某事先联系，至本市浦东新区三林路、长清路路口，以人民币2，800元的价格将其从被告人陈某处购买的甲基苯丙胺4.26克出售给胡某某。 当日被告人徐某某在交易现场被公安民警抓获，2017年8月2日被告人陈某被公安民警抓获。二被告人到案后均如实供述了上述事实。 上述事实，被告人陈某在开庭审理过程中亦无异议，并有其辨认笔录，证人胡某某、沈某某、戚某某的证言及相关辨认笔录、辨认照片，上海市人体生物样本（尿液类）毒品检测报告单，复旦大学附属金山医院检验报告单，上海市金山区计量质量检测所出具的检定证书、称量笔录、照片、取样笔录，上海市毒品检验中心检验报告，上海市公安局缉毒处收缴毒品专用单据，公安机关出具的扣押笔录、扣押决定书、扣押清单、电子数据检验工作记录、提取电子数据清单及封存电子数据清单、证据清单、侦破经过、工作情况、常住人口基本信息、上海市公安局行政处罚决定书、强制隔离戒毒决定书、责令社区戒毒决定书、刑事判决书等证据所证实，足以认定。 ","cpfxgc":"本院认为，被告人陈某、徐某某分别违反国家毒品管理法规，明知是毒品而予以贩卖，其行为均已构成贩卖毒品罪。被告人陈某、徐某某到案后如实供述自己的罪行，均可以从轻处罚。依据《中华人民共和国刑法》第三百四十七条第一款、第四款、第六十七条第三款、第六十四条之规定，判决如下：","pjjg":" 一、被告人陈某犯贩卖毒品罪，判处有期徒刑一年二个月，并处罚金人民币三千元。 （刑期自判决执行之日起计算，判决执行前先行羁押的，羁押一日折抵刑期一日，即刑期自2017年8月2日起至2018年10月1日止；罚金于判决生效后十日内缴纳） 二、被告人徐某某犯贩卖毒品罪，判处有期徒刑一年二个月，并处罚金人民币三千元。 （刑期自判决执行之日起计算，判决执行前先行羁押的，羁押一日折抵刑期一日，即刑期自2017年7月11日起至2018年9月10日止；罚金于判决生效后十日内缴纳） 三、在案扣押的毒品及赃物白色塑料瓶、塑料袋予以没收；责令二被告人于判决生效之日起十日内退缴违法所得并予以没收。 如不服本判决，可在接到判决书的第二日起十日内，通过本院或者直接向上海市第一中级人民法院提出上诉。书面上诉的，应当提交上诉状正本一份，副本二份。","qw":"上海市金山区人民法院 刑事判决书 （2017）沪0116刑初1118号 公诉机关上海市金山区人民检察院。 被告人陈某，女，1964年7月1日生，汉族，户籍所在地本市浦东新区，暂住本市黄浦区。 被告人徐某某，男，1962年9月24日生，汉族，户籍所在地本市黄浦区。 上海市金山区人民检察院以沪金检诉刑诉（2017）1110号起诉书指控被告人陈某、徐某某犯贩卖毒品罪，于2017年10月30日向本院提起公诉。经上海市高级人民法院指定，本案由本院审理。本院依法适用简易程序，实行独任审判，公开开庭审理了本案。上海市金山区人民检察院指派检察员许某出庭支持公诉。被告人陈某、徐某某到庭参加诉讼。现已审理终结。 经审理查明： 2017年7月11日，被告人陈某经与被告人徐某某事先联系，至本市黄浦区某某路某某弄某某超市附近，以人民币2，400元的价格将毒品甲基苯丙胺（冰毒）4.26克出售给被告人徐某某。 同日，被告人徐某某经与吸毒人员胡某某事先联系，至本市浦东新区三林路、长清路路口，以人民币2，800元的价格将其从被告人陈某处购买的甲基苯丙胺4.26克出售给胡某某。 当日被告人徐某某在交易现场被公安民警抓获，2017年8月2日被告人陈某被公安民警抓获。二被告人到案后均如实供述了上述事实。 上述事实，被告人陈某在开庭审理过程中亦无异议，并有其辨认笔录，证人胡某某、沈某某、戚某某的证言及相关辨认笔录、辨认照片，上海市人体生物样本（尿液类）毒品检测报告单，复旦大学附属金山医院检验报告单，上海市金山区计量质量检测所出具的检定证书、称量笔录、照片、取样笔录，上海市毒品检验中心检验报告，上海市公安局缉毒处收缴毒品专用单据，公安机关出具的扣押笔录、扣押决定书、扣押清单、电子数据检验工作记录、提取电子数据清单及封存电子数据清单、证据清单、侦破经过、工作情况、常住人口基本信息、上海市公安局行政处罚决定书、强制隔离戒毒决定书、责令社区戒毒决定书、刑事判决书等证据所证实，足以认定。 本院认为，被告人陈某、徐某某分别违反国家毒品管理法规，明知是毒品而予以贩卖，其行为均已构成贩卖毒品罪。被告人陈某、徐某某到案后如实供述自己的罪行，均可以从轻处罚。依据《中华人民共和国刑法》第三百四十七条第一款、第四款、第六十七条第三款、第六十四条之规定，判决如下： 一、被告人陈某犯贩卖毒品罪，判处有期徒刑一年二个月，并处罚金人民币三千元。 （刑期自判决执行之日起计算，判决执行前先行羁押的，羁押一日折抵刑期一日，即刑期自2017年8月2日起至2018年10月1日止；罚金于判决生效后十日内缴纳） 二、被告人徐某某犯贩卖毒品罪，判处有期徒刑一年二个月，并处罚金人民币三千元。 （刑期自判决执行之日起计算，判决执行前先行羁押的，羁押一日折抵刑期一日，即刑期自2017年7月11日起至2018年9月10日止；罚金于判决生效后十日内缴纳） 三、在案扣押的毒品及赃物白色塑料瓶、塑料袋予以没收；责令二被告人于判决生效之日起十日内退缴违法所得并予以没收。 如不服本判决，可在接到判决书的第二日起十日内，通过本院或者直接向上海市第一中级人民法院提出上诉。书面上诉的，应当提交上诉状正本一份，副本二份。 审判员沈磊 二〇一七年十一月二十一日 书记员周阿楠 附：相关法律条文 附：相关的法律条文 《中华人民共和国刑法》 第三百四十七条走私、贩卖、运输、制造毒品，无论数量多少，都应当追究刑事责任，予以刑事处罚。 走私、贩卖、运输、制造毒品，有下列情形之一的，处十五年有期徒刑、无期徒刑或者死刑，并处没收财产： （一）走私、贩卖、运输、制造鸦片一千克以上、海洛因或者甲基苯丙胺五十克以上或者其他毒品数量大的； （二）走私、贩卖、运输、制造毒品集团的首要分子； （三）武装掩护走私、贩卖、运输、制造毒品的； （四）以暴力抗拒检查、拘留、逮捕，情节严重的； （五）参与有组织的国际贩毒活动的。 走私、贩卖、运输、制造鸦片二百克以上不满一千克、海洛因或者甲基苯丙胺十克以上不满五十克或者其他毒品数量较大的，处七年以上有期徒刑，并处罚金。 走私、贩卖、运输、制造鸦片不满二百克、海洛因或者甲基苯丙胺不满十克或者其他少量毒品的，处三年以下有期徒刑、拘役或者管制，并处罚金；情节严重的，处三年以上七年以下有期徒刑，并处罚金。 单位犯第二款、第三款、第四款罪的，对单位判处罚金，并对其直接负责的主管人员和其他直接责任人员，依照各该款的规定处罚。 利用、教唆未成年人走私、贩卖、运输、制造毒品，或者向未成年人出售毒品的，从重处罚。 对多次走私、贩卖、运输、制造毒品，未经处理的，毒品数量累计计算。 第六十七条犯罪以后自动投案，如实供述自己的罪行的，是自首。对于自首的犯罪分子，可以从轻或者减轻处罚。其中，犯罪较轻的，可以免除处罚。 被采取强制措施的犯罪嫌疑人、被告人和正在服刑的罪犯，如实供述司法机关还未掌握的本人其他罪行的，以自首论。 犯罪嫌疑人虽不具有前两款规定的自首情节，但是如实供述自己罪行的，可以从轻处罚；因其如实供述自己罪行，避免特别严重后果发生的，可以减轻处罚。 第六十四条犯罪分子违法所得的一切财物，应当予以追缴或者责令退赔；对被害人的合法财产，应当及时返还；违禁品和供犯罪所用的本人财物，应当予以没收。没收的财物和罚金，一律上缴国库，不得挪用和自行处理。 。","writId":"008ae8cdfa27720fedd2caefaba203c99f2","writName":"陈某、徐某某贩卖毒品一审刑事判决书"}
