{"ajId":"709771c2-17e7-4a19-af85-2e77264c3711","ajName":"黄昌星诈骗一案","ajjbqk":" 阳朔县人民检察院指控，2015年11月份的一天，被告人黄昌星用虚构事实的手段骗取到被害人苏某的身份信息及银行卡账号，并绑定在事先准备好的支付宝账号上。2016年2月28日，黄昌星用支付宝从绑定的被害人苏某的银行卡里转账6000元到自己掌握的银行卡里。公诉机关认为，被告人黄昌星的行为构成诈骗罪。提请本院依法惩处。 被告人黄昌星对公诉机关指控的犯罪事实无异议，并自愿认罪。 经审理查明：2015年11月份的一天，被告人黄昌星用事先准备好的手机拨打经营位于阳朔县阳朔镇荆凤路“上丰管道”建材店老板苏某的手机号码，谎称自己是阳朔戏楼的项目经理，需要向其购买一批水管建材，骗取到被害人苏某的身份信息及银行卡账号。尔后，被告人黄昌星用苏某的身份信息和银行卡账号绑定事先准备好的支付宝账号。后又以转账不成功为由骗取发送到苏某手机上的支付宝验证码。2016年2月28日，黄昌星用支付宝从绑定的被害人苏某的银行卡里分两次转账6000元到自己掌握的银行卡里，后将钱取出挥霍。 另查明，案发后，黄昌星向被害人苏某赔偿了6000元，取得了谅解。2016年12月13日，广西荔浦县人民法院（2016）桂0331刑初208号刑事判决书认定黄昌星犯诈骗罪，判处有期徒刑三年，缓刑四年，并处罚金一万元（已缴纳）。黄昌星当日被释放，因该案其于2016年6月24日至2016年12月13日被羁押。 上述事实，被告人黄昌星在开庭审理过程中亦无异议，并有被告人黄昌星的供述，被害人苏某的陈述，书证户籍证明、到案经过、接受证据材料清单、扣押笔录、扣押决定书、扣押清单及发还清单、谅解书、刑事判决书，辨认笔录、照片等证据证实，足以认定。 ","cpfxgc":"本院认为，被告人黄昌星以非法占有为目的，采用虚构事实、隐瞒真相的手段骗取他人财物，数额较大，其行为已触犯《中华人民共和国刑法》第二百六十六条之规定，构成诈骗罪，公诉机关指控的罪名成立，应予惩处。被告人黄昌星在缓刑考验期限内发现判决宣告以前还有本罪没有判决，应当撤销缓刑，对发现的漏罪作出判决，对前后两个判决所判处的刑罚根据数罪并罚原则执行刑罚。被告人黄昌星被抓获后能够如实供述犯罪事实，自愿认罪，可从轻处罚；其赔偿了被害人经济损失，取得了谅解，亦可酌情从轻处罚。依照《中华人民共和国刑法》第二百六十六条、第七十七条第一款、第六十九条第一款、第三款、第六十七条第三款、第五十二条之规定，判决如下：","pjjg":" 一、撤销（2016）桂0331刑初208号刑事判决书第一项对黄昌星的缓刑执行部分。 二、被告人黄昌星犯诈骗罪，判处有期徒刑七个月，并处罚金二千元。与前罪有期徒刑三年，并处罚金一万元，数罪并罚，决定执行有期徒刑三年四个月，并处罚金一万二千元。 （刑期从判决执行之日起计算。判决执行以前先行羁押的，羁押一日折抵刑期一日。罚金原已缴纳一万元，尚欠二千元应在判决生效后三十日内缴清，逾期则强制缴纳。） 如不服本判决，可在接到判决书的第二日起十日内，通过本院或者直接向桂林市中级人民法院提出上诉。书面上诉的，应当提交上诉状正本一份，副本二份。","qw":"广西壮族自治区阳朔县人民法院 刑事判决书 （2017）桂0321刑初236号 公诉机关广西壮族自治区阳朔县人民检察院。 被告人黄昌星，男，1986年1月15日出生于广西壮族自治区永福县，汉族，初中文化，农民，住永福县。因犯诈骗罪，于2016年12月13日被广西荔浦县人民法院判处有期徒刑三年，缓刑四年，当日被释放。因涉嫌诈骗罪，于2017年9月15日被阳朔县公安局取保候审，2017年9月26日经阳朔县人民检察院批准逮捕，同日由阳朔县公安局监视居住，2017年11月24日被本院决定监视居住。 阳朔县人民检察院以朔检刑诉（2017）239号起诉书指控被告人黄昌星犯诈骗罪，于2017年11月22日向本院提起公诉。本院依法适用简易程序，实行独任审判，公开开庭对本案进行了审理。阳朔县人民检察院指派检察员郭金明出庭支持公诉，被告人黄昌星到庭参加了诉讼。现已审理终结。 阳朔县人民检察院指控，2015年11月份的一天，被告人黄昌星用虚构事实的手段骗取到被害人苏某的身份信息及银行卡账号，并绑定在事先准备好的支付宝账号上。2016年2月28日，黄昌星用支付宝从绑定的被害人苏某的银行卡里转账6000元到自己掌握的银行卡里。公诉机关认为，被告人黄昌星的行为构成诈骗罪。提请本院依法惩处。 被告人黄昌星对公诉机关指控的犯罪事实无异议，并自愿认罪。 经审理查明：2015年11月份的一天，被告人黄昌星用事先准备好的手机拨打经营位于阳朔县阳朔镇荆凤路“上丰管道”建材店老板苏某的手机号码，谎称自己是阳朔戏楼的项目经理，需要向其购买一批水管建材，骗取到被害人苏某的身份信息及银行卡账号。尔后，被告人黄昌星用苏某的身份信息和银行卡账号绑定事先准备好的支付宝账号。后又以转账不成功为由骗取发送到苏某手机上的支付宝验证码。2016年2月28日，黄昌星用支付宝从绑定的被害人苏某的银行卡里分两次转账6000元到自己掌握的银行卡里，后将钱取出挥霍。 另查明，案发后，黄昌星向被害人苏某赔偿了6000元，取得了谅解。2016年12月13日，广西荔浦县人民法院（2016）桂0331刑初208号刑事判决书认定黄昌星犯诈骗罪，判处有期徒刑三年，缓刑四年，并处罚金一万元（已缴纳）。黄昌星当日被释放，因该案其于2016年6月24日至2016年12月13日被羁押。 上述事实，被告人黄昌星在开庭审理过程中亦无异议，并有被告人黄昌星的供述，被害人苏某的陈述，书证户籍证明、到案经过、接受证据材料清单、扣押笔录、扣押决定书、扣押清单及发还清单、谅解书、刑事判决书，辨认笔录、照片等证据证实，足以认定。 本院认为，被告人黄昌星以非法占有为目的，采用虚构事实、隐瞒真相的手段骗取他人财物，数额较大，其行为已触犯《中华人民共和国刑法》第二百六十六条之规定，构成诈骗罪，公诉机关指控的罪名成立，应予惩处。被告人黄昌星在缓刑考验期限内发现判决宣告以前还有本罪没有判决，应当撤销缓刑，对发现的漏罪作出判决，对前后两个判决所判处的刑罚根据数罪并罚原则执行刑罚。被告人黄昌星被抓获后能够如实供述犯罪事实，自愿认罪，可从轻处罚；其赔偿了被害人经济损失，取得了谅解，亦可酌情从轻处罚。依照《中华人民共和国刑法》第二百六十六条、第七十七条第一款、第六十九条第一款、第三款、第六十七条第三款、第五十二条之规定，判决如下： 一、撤销（2016）桂0331刑初208号刑事判决书第一项对黄昌星的缓刑执行部分。 二、被告人黄昌星犯诈骗罪，判处有期徒刑七个月，并处罚金二千元。与前罪有期徒刑三年，并处罚金一万元，数罪并罚，决定执行有期徒刑三年四个月，并处罚金一万二千元。 （刑期从判决执行之日起计算。判决执行以前先行羁押的，羁押一日折抵刑期一日。罚金原已缴纳一万元，尚欠二千元应在判决生效后三十日内缴清，逾期则强制缴纳。） 如不服本判决，可在接到判决书的第二日起十日内，通过本院或者直接向桂林市中级人民法院提出上诉。书面上诉的，应当提交上诉状正本一份，副本二份。 审判员梁永生 二〇一七年十二月四日 代书记员张文昱","writId":"0646e596b424dba93959731dee8be16c4ea","writName":"黄昌星诈骗一审刑事判决书"}
