{"ajId":"6290ec8e-2594-41d9-aaf0-bf3a07387c1e","ajName":"李某列故意伤害罪一案","ajjbqk":" 公诉机关指控：被告人李某列与被害人罗某因生活琐事发生纠纷。2016年10月18日中午13时许，在深圳市龙华新区观澜街道牛湖深圳市祥利有限公司工厂后门口，被告人李某列将罗某推倒在地后，持铁铲殴打罗某。铁铲头打断后，继续持铁铲柄殴打，致罗某头部、身体多处受伤。经法医鉴定，罗某所受伤情为轻伤二级。 为支持指控，公诉机关当庭出示了相关证据予以证实，并据此认为应当以故意伤害罪追究被告人李某列的刑事责任并提请本院依法惩处。 被告人李某列否认指控罪名，辩称自己并不认识被害人罗某，自己在公司工作时罗某辱骂骚扰我，并先动手殴打我，自己是在反击过程中将对方打伤的。 经审理查明：2016年10月18日上午，被告人李某列因琐事与邓清花发生口角，后邓清花将此事告知被害人罗某（二人系夫妻关系）并声称自己受欺侮了，罗某听了后心中不平遂来到深圳市龙华新区观澜街道牛湖深圳市祥利有限公司工厂宿舍通道处找到李某列，双方在争吵和推搡过程中李某列持清洁工作用的铁铲殴打罗某，致罗某头部、胳膊多处受伤。经法医鉴定，罗某所受伤情为轻伤二级。 认定上述事实，有经当庭质证的下列证据予以证实： 一、物证书证：扣押决定书、扣押清单、扣押铁铲一把、搜查笔录、提取笔录、作案工具照片、违法犯罪记录查询情况说明、到案经过、情况说明、社会危险性情况证据表等。 二、证人邵某的证言：证实案发时其在保安室上班时，看到一名中年男子拿着木棍打在老头的腰部，其大喊一声，中年男子就离开了，其看到老头的头上流血，不知道其他地方有没有受伤。辨认出李某列就是打人的中年男子。 三、被害人罗某的陈述：案发当天我老婆邓清花告诉我说友联18栋那个扫地的男子和她吵架了。我听了气不过就到祥利厂宿舍门口找到那名男子，我和他争吵问他为什么骂我老婆。因为我的声音比较大，那男子以为我是去找他打架的，就拿一把铁铲把我打伤了。辨认出李某列就是打人的男子。 四、被告人李某列的供述与辩解：称当天早上与一个老太婆发生争吵，中午的时候有一个老头跟其争吵说他欺负了老头的老婆，后其走了，该老头又追上来，其就拿了一个木棍打了老头一下后就走了。 五、伤情鉴定意见：罗某所受损伤为轻伤二级。 六、现场勘验、检查、辨认等笔录。 七、视听资料：监控录像光盘一张。 上列证据来源真实合法，本院均予以确认。 ","cpfxgc":"本院认为，被告人李某列无视国家法律，故意伤害他人身体并致一人轻伤，其行为已构成故意伤害罪。公诉机关指控罪名成立，本院予以支持。 综合在案证据材料，虽被告人李某列否认控罪，但对其打伤他人的事实还是予以认可。李某列关于本案系被害人首先有过错，先辱骂骚扰并先动手的辩解系其合法辩解权利，其对相关法律规定的不理解而否认控罪，不能当然的认定为否认犯罪事实，无认罪悔罪表现。 依照《中华人民共和国刑法》第二百三十四条第一款、第六十七条第三款之规定，判决如下：","pjjg":" 被告人李某列犯故意伤害罪，判处有期徒刑八个月（刑期从判决执行之日起计算。判决执行以前先行羁押的，羁押一日折抵刑期一日。即自2016年10月18日起至2017年6月17日止）。 如不服本判决，可在接到判决书的第二日起十日内，通过本院或者直接向深圳市中级人民法院提起上诉，书面上诉的，应当提交上诉状正本一份，副本两份。","qw":"广东省深圳市宝安区人民法院 刑事判决书 （2017）粤0306刑初750号 公诉机关深圳市宝安区人民检察院。 被告人李某列，男，1972年12月20日出生，汉族，小学文化，户籍所在地湖北省孝感市。因涉嫌故意伤害罪于2016年10月18日被羁押，2016年10月19日被刑事拘留；2016年11月2日被逮捕。 公诉机关以深宝检公一刑诉（2017）324号起诉书指控被告人李某列犯故意伤害罪，于2017年1月17日向本院提起公诉。本院依法组成合议庭，于2017年3月1日公开开庭审理了本案。公诉机关指派检察员黄敏出庭支持公诉，被告人李某列到庭参加诉讼。现已审理终结。 公诉机关指控：被告人李某列与被害人罗某因生活琐事发生纠纷。2016年10月18日中午13时许，在深圳市龙华新区观澜街道牛湖深圳市祥利有限公司工厂后门口，被告人李某列将罗某推倒在地后，持铁铲殴打罗某。铁铲头打断后，继续持铁铲柄殴打，致罗某头部、身体多处受伤。经法医鉴定，罗某所受伤情为轻伤二级。 为支持指控，公诉机关当庭出示了相关证据予以证实，并据此认为应当以故意伤害罪追究被告人李某列的刑事责任并提请本院依法惩处。 被告人李某列否认指控罪名，辩称自己并不认识被害人罗某，自己在公司工作时罗某辱骂骚扰我，并先动手殴打我，自己是在反击过程中将对方打伤的。 经审理查明：2016年10月18日上午，被告人李某列因琐事与邓清花发生口角，后邓清花将此事告知被害人罗某（二人系夫妻关系）并声称自己受欺侮了，罗某听了后心中不平遂来到深圳市龙华新区观澜街道牛湖深圳市祥利有限公司工厂宿舍通道处找到李某列，双方在争吵和推搡过程中李某列持清洁工作用的铁铲殴打罗某，致罗某头部、胳膊多处受伤。经法医鉴定，罗某所受伤情为轻伤二级。 认定上述事实，有经当庭质证的下列证据予以证实： 一、物证书证：扣押决定书、扣押清单、扣押铁铲一把、搜查笔录、提取笔录、作案工具照片、违法犯罪记录查询情况说明、到案经过、情况说明、社会危险性情况证据表等。 二、证人邵某的证言：证实案发时其在保安室上班时，看到一名中年男子拿着木棍打在老头的腰部，其大喊一声，中年男子就离开了，其看到老头的头上流血，不知道其他地方有没有受伤。辨认出李某列就是打人的中年男子。 三、被害人罗某的陈述：案发当天我老婆邓清花告诉我说友联18栋那个扫地的男子和她吵架了。我听了气不过就到祥利厂宿舍门口找到那名男子，我和他争吵问他为什么骂我老婆。因为我的声音比较大，那男子以为我是去找他打架的，就拿一把铁铲把我打伤了。辨认出李某列就是打人的男子。 四、被告人李某列的供述与辩解：称当天早上与一个老太婆发生争吵，中午的时候有一个老头跟其争吵说他欺负了老头的老婆，后其走了，该老头又追上来，其就拿了一个木棍打了老头一下后就走了。 五、伤情鉴定意见：罗某所受损伤为轻伤二级。 六、现场勘验、检查、辨认等笔录。 七、视听资料：监控录像光盘一张。 上列证据来源真实合法，本院均予以确认。 本院认为，被告人李某列无视国家法律，故意伤害他人身体并致一人轻伤，其行为已构成故意伤害罪。公诉机关指控罪名成立，本院予以支持。 综合在案证据材料，虽被告人李某列否认控罪，但对其打伤他人的事实还是予以认可。李某列关于本案系被害人首先有过错，先辱骂骚扰并先动手的辩解系其合法辩解权利，其对相关法律规定的不理解而否认控罪，不能当然的认定为否认犯罪事实，无认罪悔罪表现。 依照《中华人民共和国刑法》第二百三十四条第一款、第六十七条第三款之规定，判决如下： 被告人李某列犯故意伤害罪，判处有期徒刑八个月（刑期从判决执行之日起计算。判决执行以前先行羁押的，羁押一日折抵刑期一日。即自2016年10月18日起至2017年6月17日止）。 如不服本判决，可在接到判决书的第二日起十日内，通过本院或者直接向深圳市中级人民法院提起上诉，书面上诉的，应当提交上诉状正本一份，副本两份。 审判长王为明 人民陪审员龙少球 人民陪审员雷秀明 二〇一七年三月一日 书记员王丹霞（兼） 书记员黄永国 附相关法条： 《中华人民共和国刑法》 第二百三十四条故意伤害他人身体的，处三年以下有期徒刑、拘役或者管制。 犯前款罪，致人重伤的，处三年以上十年以下有期徒刑；致人死亡或者以特别残忍手段致人重伤造成严重残疾的，处十年以上有期徒刑、无期徒刑或者死刑。本法另有规定的，依照规定。 第六十七条犯罪以后自动投案，如实供述自己的罪行的，是自首。对于自首的犯罪分子，可以从轻或者减轻处罚。其中，犯罪较轻的，可以免除处罚。 被采取强制措施的犯罪嫌疑人、被告人和正在服刑的罪犯，如实供述司法机关还未掌握的本人其他罪行的，以自首论。 犯罪嫌疑人虽不具有前两款规定的自首情节，但是如实供述自己罪行的，可以从轻处罚；因其如实供述自己罪行，避免特别严重后果发生的，可以减轻处罚。","writId":"03995bbe0a9dc8df4455fc9dbd8f126172c","writName":"李某列故意伤害罪一审刑事判决书"}
