{"ajId":"82a142d2-08ae-40a1-b3bd-1a7280d782ba","ajName":"李某某容留他人吸毒一案","ajjbqk":" 上海市浦东新区人民检察院指控，2017年10月中旬至11月24日，被告人李某某在上海市静安区愚园路XXX弄XXX号XXX室暂住处，先后三次以烫吸的方式容留吸毒人员甘某某吸食甲基苯丙胺（冰毒）。为证实上述指控，公诉机关当庭出示和宣读了证人甘某某的证言及辨认笔录，证人周某某的证言，案发经过，被告人李某某到案后的供述、劣迹材料及户籍资料等证据。公诉机关认为被告人李某某为他人吸毒提供场所，其行为已构成容留他人吸毒罪。被告人李某某系坦白，可以从轻处罚；被告人李某某有劣迹，量刑时酌情考虑。提请依法审判。 被告人李某某对公诉机关指控的事实及罪名均无异议。 辩护人对公诉机关指控的事实及罪名均无异议。同时认为被告人李某某系坦白，希望对其从轻处罚。 经审理查明，2017年10月中旬至11月24日，被告人李某某在上海市静安区愚园路XXX弄XXX号XXX室暂住处，先后三次以烫吸的方式容留吸毒人员甘某某吸食甲基苯丙胺（冰毒）。 2017年12月25日，被告人李某某被民警抓获到案，后如实供述了上述犯罪事实。 上述事实，有以下经庭审质证属实的证据予以证实，本院予以确认： 1、证人甘某某的证言及辨认笔录，证实其先后三次在涉案地址与被告人李某某一起吸食毒品的情况。 2、证人周某某的证言及案发经过，证实本案的案发及被告人李某某的到案经过。 3、被告人李某某的供述、劣迹材料及户籍资料。 ","cpfxgc":"本院认为，被告人李某某为他人吸毒提供场所，其行为已构成容留他人吸毒罪。公诉机关指控罪名成立，本院予以支持。被告人李某某系坦白，予以从轻处罚；被告人李某某有劣迹，量刑时酌情考虑。辩护人相关从轻处罚的辩护意见，本院予以采纳。据此，依照《中华人民共和国刑法》第三百五十四条、第六十七条第三款、第五十二条、第五十三条之规定，判决如下：","pjjg":" 被告人李某某犯容留他人吸毒罪，判处拘役五个月，罚金人民币二千元。 （刑期从判决执行之日起计算。判决执行以前先行羁押的，羁押一日折抵刑期一日，即自2017年12月25日起至2018年5月24日止。罚金自判决生效后一个月内向本院缴纳） 如不服本判决，可在接到判决书的第二日起十日内，通过本院或者直接向上海市第一中级人民法院提出上诉。书面上诉的，应当提交上诉状正本一份，副本二份。","qw":"上海市浦东新区人民法院 刑事判决书 （2018）沪0115刑初1256号 公诉机关上海市浦东新区人民检察院。 被告人李某某，男，1991年6月20日出生，彝族，户籍地贵州省贵阳市南明区蓑草路＊＊＊号＊＊＊栋＊＊＊单元＊＊＊号，暂住地上海市静安区。 辩护人洪举，上海明伦律师事务所律师。 上海市浦东新区人民检察院以沪浦检诉一刑诉［2018］1287号起诉书指控被告人李某某犯容留他人吸毒罪，于2018年4月2日向本院提起公诉。本案由上海市高级人民法院指定本院管辖。本院依法适用简易程序，因有不宜适用简易程序审理的情形，本院于2018年4月20日转为普通程序，组成合议庭，公开开庭审理了本案。上海市浦东新区人民检察院指派代理检察员焦某某出庭支持公诉，被告人李某某及辩护人洪举到庭参加诉讼。现已审理终结。 上海市浦东新区人民检察院指控，2017年10月中旬至11月24日，被告人李某某在上海市静安区愚园路XXX弄XXX号XXX室暂住处，先后三次以烫吸的方式容留吸毒人员甘某某吸食甲基苯丙胺（冰毒）。为证实上述指控，公诉机关当庭出示和宣读了证人甘某某的证言及辨认笔录，证人周某某的证言，案发经过，被告人李某某到案后的供述、劣迹材料及户籍资料等证据。公诉机关认为被告人李某某为他人吸毒提供场所，其行为已构成容留他人吸毒罪。被告人李某某系坦白，可以从轻处罚；被告人李某某有劣迹，量刑时酌情考虑。提请依法审判。 被告人李某某对公诉机关指控的事实及罪名均无异议。 辩护人对公诉机关指控的事实及罪名均无异议。同时认为被告人李某某系坦白，希望对其从轻处罚。 经审理查明，2017年10月中旬至11月24日，被告人李某某在上海市静安区愚园路XXX弄XXX号XXX室暂住处，先后三次以烫吸的方式容留吸毒人员甘某某吸食甲基苯丙胺（冰毒）。 2017年12月25日，被告人李某某被民警抓获到案，后如实供述了上述犯罪事实。 上述事实，有以下经庭审质证属实的证据予以证实，本院予以确认： 1、证人甘某某的证言及辨认笔录，证实其先后三次在涉案地址与被告人李某某一起吸食毒品的情况。 2、证人周某某的证言及案发经过，证实本案的案发及被告人李某某的到案经过。 3、被告人李某某的供述、劣迹材料及户籍资料。 本院认为，被告人李某某为他人吸毒提供场所，其行为已构成容留他人吸毒罪。公诉机关指控罪名成立，本院予以支持。被告人李某某系坦白，予以从轻处罚；被告人李某某有劣迹，量刑时酌情考虑。辩护人相关从轻处罚的辩护意见，本院予以采纳。据此，依照《中华人民共和国刑法》第三百五十四条、第六十七条第三款、第五十二条、第五十三条之规定，判决如下： 被告人李某某犯容留他人吸毒罪，判处拘役五个月，罚金人民币二千元。 （刑期从判决执行之日起计算。判决执行以前先行羁押的，羁押一日折抵刑期一日，即自2017年12月25日起至2018年5月24日止。罚金自判决生效后一个月内向本院缴纳） 如不服本判决，可在接到判决书的第二日起十日内，通过本院或者直接向上海市第一中级人民法院提出上诉。书面上诉的，应当提交上诉状正本一份，副本二份。 审判长倪建军 审判员王美玲 人民陪审员靳艳霞 二〇一八年五月三日 书记员张颖 附：相关法律条文 《中华人民共和国刑法》 第三百五十四条容留他人吸食、注射毒品的，处三年以下有期徒刑、拘役或者管制，并处罚金。 第六十七条犯罪以后自动投案，如实供述自己的罪行的，是自首。对于自首的犯罪分子，可以从轻或者减轻处罚。其中，犯罪较轻的，可以免除处罚。 被采取强制措施的犯罪嫌疑人、被告人和正在服刑的罪犯，如实供述司法机关还未掌握的本人其他罪行的，以自首论。 犯罪嫌疑人虽不具有前两款规定的自首情节，但是如实供述自己罪行的，可以从轻处罚；因其如实供述自己罪行，避免特别严重后果发生的，可以减轻处罚。 第五十二条判处罚金，应当根据犯罪情节决定罚金数额。 第五十三条罚金在判决指定的期限内一次或者分期缴纳。期满不缴纳的，强制缴纳。对于不能全部缴纳罚金的，人民法院在任何时候发现被执行人有可以执行的财产，应当随时追缴。 由于遭遇不能抗拒的灾祸等原因缴纳确实有困难的，经人民法院裁定，可以延期缴纳、酌情减少或者免除。","writId":"0545119b2894381bf2f1477b37d49ab8909","writName":"李某某容留他人吸毒一审刑事判决书"}
