{"ajId":"f4444352-45d2-4586-9502-23099e743baa","ajName":"蒲某某故意伤害罪一案","ajjbqk":" 成都市青白江区人民检察院指控： 2014年6月17日11时许，被告人蒲某某在与王某某协商解决债务纠纷过程中，遭到王某某等人殴打。事后蒲某某产生了报复王某某的念头。当日下午14时许，蒲某某在青白江区大弯二菜市一五金店购买了一把菜刀后，于下午16时许，在青白江区青江茶园二楼一包间内找到王某某，后持菜刀朝王某某身上乱砍，致王某某左手臂等多处受伤。事发后，蒲某某主动到公安机关投案并如实供述了犯罪事实。 经鉴定，王某某所受损伤评定为重伤二级。 为支持指控事实，公诉机关提交了以下证据予以证明： 被害人报案及陈述、证人证言、伤情鉴定意见、现场勘查笔录及照片、扣押物品清单、到案经过、被告人供述及辨认笔录等。请求本院以故意伤害罪追究被告人蒲某某的刑事责任。 被告人蒲某某对指控事实、证据均无异议，且表示自愿认罪。辩解被害人有过错，请求法庭从轻处罚。 辩护人提出的辩护意见是，蒲某某是在被激怒的情况下产生报复伤人，系自首，被害人王某某的重伤鉴定意见不是结论或定论，申请重新鉴定。 经审理查明的事实、证据与公诉机关的指控一致，本院予以确认。 ","cpfxgc":"本院认为，被告人蒲某某故意非法伤害他人身体，致一人重伤，其行为已构成故意伤害罪。公诉机关指控罪名成立。对被告人蒲某某依法应当判处三年以上十年以下有期徒刑。蒲某某案发后主动到公安机关投案并如实供述犯罪事实，系自首，可以从轻或者减轻处罚。辩护人提出对被害人伤情重新鉴定的意见，本院审查认为，作出鉴定意见的鉴定机构和鉴定人具有法定资质，鉴定意见的形式要件完备，鉴定程序合法，故采信该证据，对其申请予以驳回。据此，依照《中华人民共和国刑法》第二百三十四条、第六十七条第一款之规定，判决如下：","pjjg":" 被告人蒲某某犯故意伤害罪，判处有期徒刑七年。 （刑期从判决执行之日起计算，判决执行以前先行羁押的，羁押一日抵刑期一日，即刑期从2014年10月10日起至2021年10月9日止。） 如不服本判决，可在接到判决书的第二日起十日内，通过本院或者直接向四川省成都市中级人民法院提出上诉。书面上诉的，应当提交上诉状正本一份，副本二份。","qw":"成都市青白江区人民法院 刑事判决书 （2014）青白刑初字第303号 公诉机关成都市青白江区人民检察院。 被告人蒲某某，男，1973年9月3日出生于成都市青白江区，身份证号码，汉族，高中文化，住成都市青白江区。2014年6月18日因涉嫌故意伤害罪被成都市公安局青白江区分局决定取保候审；同年10月10日因涉嫌故意伤害罪被成都市公安局青白江区分局刑事拘留；同年10月21日被逮捕。现羁押于成都市青白江区看守所。 辩护人舒一，四川路石律师事务所律师。 成都市青白江区人民检察院以成青白检公诉刑诉（2014）291号起诉书指控被告人蒲某某犯故意伤害罪，于2014年11月17向本院提起公诉。本院依法组成合议庭，公开开庭审理了本案。成都市青白江区人民检察院指派代理检察员刘浩、伍炳章出庭支持公诉，被告人蒲某某到庭参加诉讼。现已审理终结。 成都市青白江区人民检察院指控： 2014年6月17日11时许，被告人蒲某某在与王某某协商解决债务纠纷过程中，遭到王某某等人殴打。事后蒲某某产生了报复王某某的念头。当日下午14时许，蒲某某在青白江区大弯二菜市一五金店购买了一把菜刀后，于下午16时许，在青白江区青江茶园二楼一包间内找到王某某，后持菜刀朝王某某身上乱砍，致王某某左手臂等多处受伤。事发后，蒲某某主动到公安机关投案并如实供述了犯罪事实。 经鉴定，王某某所受损伤评定为重伤二级。 为支持指控事实，公诉机关提交了以下证据予以证明： 被害人报案及陈述、证人证言、伤情鉴定意见、现场勘查笔录及照片、扣押物品清单、到案经过、被告人供述及辨认笔录等。请求本院以故意伤害罪追究被告人蒲某某的刑事责任。 被告人蒲某某对指控事实、证据均无异议，且表示自愿认罪。辩解被害人有过错，请求法庭从轻处罚。 辩护人提出的辩护意见是，蒲某某是在被激怒的情况下产生报复伤人，系自首，被害人王某某的重伤鉴定意见不是结论或定论，申请重新鉴定。 经审理查明的事实、证据与公诉机关的指控一致，本院予以确认。 本院认为，被告人蒲某某故意非法伤害他人身体，致一人重伤，其行为已构成故意伤害罪。公诉机关指控罪名成立。对被告人蒲某某依法应当判处三年以上十年以下有期徒刑。蒲某某案发后主动到公安机关投案并如实供述犯罪事实，系自首，可以从轻或者减轻处罚。辩护人提出对被害人伤情重新鉴定的意见，本院审查认为，作出鉴定意见的鉴定机构和鉴定人具有法定资质，鉴定意见的形式要件完备，鉴定程序合法，故采信该证据，对其申请予以驳回。据此，依照《中华人民共和国刑法》第二百三十四条、第六十七条第一款之规定，判决如下： 被告人蒲某某犯故意伤害罪，判处有期徒刑七年。 （刑期从判决执行之日起计算，判决执行以前先行羁押的，羁押一日抵刑期一日，即刑期从2014年10月10日起至2021年10月9日止。） 如不服本判决，可在接到判决书的第二日起十日内，通过本院或者直接向四川省成都市中级人民法院提出上诉。书面上诉的，应当提交上诉状正本一份，副本二份。 审判长曾启俊 审判员王军 人民陪审员尹念兵 二〇一四年十二月八日 书记员蒲梦伊 附：所引用的《中华人民共和国刑法》条文： 第二百三十四条：故意伤害他人身体的，处三年以下有期徒刑、拘役或者管制。 犯前款罪，致人重伤的，处三年以上十年以下有期徒刑；致人死亡或者以特别残忍手段致人重伤造成严重残疾的，处十年以上有期徒刑、无期徒刑或者死刑。本法另有规定的，依照规定。 第六十七条第一款：犯罪以后自动投案，如实供述自己的罪行的，是自首。对于自首的犯罪分子，可以从轻或者减轻处罚。其中，犯罪较轻的，可以免除处罚。","writId":"007b9097f1abb378781480f913a324d5334","writName":"蒲某某故意伤害罪一审刑事判决书"}
