{"ajId":"73112779-ea7b-4d6e-95ed-48932ff7ea95","ajName":"李某妨害公务一案","ajjbqk":" 上海市黄浦区人民检察院指控，2015年3月13日21时45分许，在本市淮海中路XXX号XXX楼“小笼包遇上红烧肉”餐厅，被告人李某酒后因地面湿滑摔跤而与店方发生纠纷、将服务员谢某某摔倒在地、砸碎花盆。公安民警龚某某、魏某接报赶到现场处置。被告人李某情绪激动，辱骂、拉扯、推搡、掐拗、挥拳击打公安民警，致龚某某左手背侧皮肤划伤、软组织挫伤、左胸外伤等；致魏某右手皮肤软组织挫伤。公安民警强行将被告人李某传唤至公安机关。 针对上述指控事实，公诉人当庭宣读和出示了被害人陈述，证人证言及辨认笔录，调取证据通知书、调取证据清单、现场监控录像及截图、作案地点照片、工作情况，验伤通知书、被害人伤情照片、鉴定聘请书、司法鉴定意见书、鉴定意见通知书，相关民警在职证明，抓获经过，被告人的户籍及前科劣迹材料，被告人的供述及辩解等证据。公诉机关认为，被告人李某酒后以暴力方法阻碍国家机关工作人员依法执行职务，其行为已构成妨害公务罪。提请法院依法审判。 被告人李某对公诉机关指控的事实及罪名无异议，表示认罪悔罪，请求法院对其从轻处罚。 经审理查明，2015年3月13日21时45分许，在本市淮海中路XXX号XXX楼“小笼包遇上红烧肉”餐厅，被告人李某酒后因地面湿滑摔跤与店方发生纠纷并将服务员谢某某摔倒在地、砸碎店内花盆。公安民警龚某某、魏某接报赶到现场处置。被告人李某情绪激动，辱骂、拉扯、推搡、掐拗、挥拳击打公安民警，致龚某某左手背侧皮肤划伤、软组织挫伤、左胸外伤等；致魏某右手皮肤软组织损伤等。公安民警强行将被告人李某传唤至公安机关。 上述事实，有下列证据证实： 1、证人龚某某的证言证实，其系上海市公安局黄浦分局的民警，其与同事在本市淮海中路XXX号XXX楼“小笼包遇上红烧肉”饭店处理纠纷的过程中被被告人打伤的事实。证人魏某的证言与上述证言基本一致，相互印证。 2、证人谢某某的证言及辨认笔录证实，其在本市淮海中路XXX号XXX楼“小笼包遇上红烧肉”饭店上班时，被告人酒后将其摔伤的事实。 3、证人陈某某的证言及辨认笔录证实，被告人在其工作的店内酒后闹事，将其店内员工谢某某摔伤并打碎花盆等物。后民警接警到现场处置，被告人情绪激动并对民警使用暴力的过程。证人孙某的证言与上述证言基本一致，相互印证。 4、调取证据通知书、调取证据清单、现场监控录像及截图、作案地点照片、上海市公安局黄浦分局瑞金二路派出所出具的工作情况证实，本案的案发地点为本市淮海中路XXX号XXX楼“小笼包遇上红烧肉”饭店及案发现场的具体情况。 5、验伤通知书、被害人伤情照片、鉴定聘请书、司法鉴定意见书、鉴定意见通知书证实，被告人李某暴力阻碍公安民警执行公务，致龚某某、魏某均受伤，尚不构成轻微伤。 6、上海市公安局黄浦分局政治处出具的在职证明证实，龚某某、魏某系上海市公安局黄浦分局在职在编民警。 7、上海市公安局黄浦分局瑞金二路派出所出具的抓获经过证实，被告人李某的到案情况。 8、被告人李某的户籍及前科材料证实，被告人李某的身份情况和前科情况。 9、被告人李某的供述及辩解。 上述证据均经庭审质证，证据合法有效，应予认定。 ","cpfxgc":"本院认为，被告人李某以暴力方法阻碍国家机关工作人员依法执行职务，其行为已触犯刑律，构成妨害公务罪，应当予以刑事处罚。公诉机关指控的罪名成立，应当予以支持。被告人李某醉酒后犯罪，应当承担相应的刑事责任。鉴于被告人李某当庭自愿认罪，结合其犯罪情节及认罪悔罪态度，可酌情从轻处罚并适用缓刑。据此，依照《中华人民共和国刑法》第二百七十七条第一款、第十八条第四款、第七十二条第一款之规定，判决如下：","pjjg":" 被告人李某犯妨害公务罪，判处拘役五个月，缓刑五个月。 （缓刑考验期，从判决确定之日起计算。） 如不服本判决，可在接到判决书的第二日起十日内，通过本院或者直接向上海市第二中级人民法院提出上诉。书面上诉的，应当提交上诉状正本一份，副本一份。","qw":"上海市黄浦区人民法院 刑事判决书 （2015）黄浦刑初字第348号 公诉机关上海市黄浦区人民检察院。 被告人李某。 上海市黄浦区人民检察院以沪黄检诉刑诉（2015）343号起诉书指控被告人李某犯妨害公务罪，于2015年4月27日向本院提起公诉。本院依法组成合议庭，公开开庭审理了本案。上海市黄浦区人民检察院指派检察员朱某某出庭支持公诉，被告人李某到庭参加诉讼。现已审理终结。 上海市黄浦区人民检察院指控，2015年3月13日21时45分许，在本市淮海中路XXX号XXX楼“小笼包遇上红烧肉”餐厅，被告人李某酒后因地面湿滑摔跤而与店方发生纠纷、将服务员谢某某摔倒在地、砸碎花盆。公安民警龚某某、魏某接报赶到现场处置。被告人李某情绪激动，辱骂、拉扯、推搡、掐拗、挥拳击打公安民警，致龚某某左手背侧皮肤划伤、软组织挫伤、左胸外伤等；致魏某右手皮肤软组织挫伤。公安民警强行将被告人李某传唤至公安机关。 针对上述指控事实，公诉人当庭宣读和出示了被害人陈述，证人证言及辨认笔录，调取证据通知书、调取证据清单、现场监控录像及截图、作案地点照片、工作情况，验伤通知书、被害人伤情照片、鉴定聘请书、司法鉴定意见书、鉴定意见通知书，相关民警在职证明，抓获经过，被告人的户籍及前科劣迹材料，被告人的供述及辩解等证据。公诉机关认为，被告人李某酒后以暴力方法阻碍国家机关工作人员依法执行职务，其行为已构成妨害公务罪。提请法院依法审判。 被告人李某对公诉机关指控的事实及罪名无异议，表示认罪悔罪，请求法院对其从轻处罚。 经审理查明，2015年3月13日21时45分许，在本市淮海中路XXX号XXX楼“小笼包遇上红烧肉”餐厅，被告人李某酒后因地面湿滑摔跤与店方发生纠纷并将服务员谢某某摔倒在地、砸碎店内花盆。公安民警龚某某、魏某接报赶到现场处置。被告人李某情绪激动，辱骂、拉扯、推搡、掐拗、挥拳击打公安民警，致龚某某左手背侧皮肤划伤、软组织挫伤、左胸外伤等；致魏某右手皮肤软组织损伤等。公安民警强行将被告人李某传唤至公安机关。 上述事实，有下列证据证实： 1、证人龚某某的证言证实，其系上海市公安局黄浦分局的民警，其与同事在本市淮海中路XXX号XXX楼“小笼包遇上红烧肉”饭店处理纠纷的过程中被被告人打伤的事实。证人魏某的证言与上述证言基本一致，相互印证。 2、证人谢某某的证言及辨认笔录证实，其在本市淮海中路XXX号XXX楼“小笼包遇上红烧肉”饭店上班时，被告人酒后将其摔伤的事实。 3、证人陈某某的证言及辨认笔录证实，被告人在其工作的店内酒后闹事，将其店内员工谢某某摔伤并打碎花盆等物。后民警接警到现场处置，被告人情绪激动并对民警使用暴力的过程。证人孙某的证言与上述证言基本一致，相互印证。 4、调取证据通知书、调取证据清单、现场监控录像及截图、作案地点照片、上海市公安局黄浦分局瑞金二路派出所出具的工作情况证实，本案的案发地点为本市淮海中路XXX号XXX楼“小笼包遇上红烧肉”饭店及案发现场的具体情况。 5、验伤通知书、被害人伤情照片、鉴定聘请书、司法鉴定意见书、鉴定意见通知书证实，被告人李某暴力阻碍公安民警执行公务，致龚某某、魏某均受伤，尚不构成轻微伤。 6、上海市公安局黄浦分局政治处出具的在职证明证实，龚某某、魏某系上海市公安局黄浦分局在职在编民警。 7、上海市公安局黄浦分局瑞金二路派出所出具的抓获经过证实，被告人李某的到案情况。 8、被告人李某的户籍及前科材料证实，被告人李某的身份情况和前科情况。 9、被告人李某的供述及辩解。 上述证据均经庭审质证，证据合法有效，应予认定。 本院认为，被告人李某以暴力方法阻碍国家机关工作人员依法执行职务，其行为已触犯刑律，构成妨害公务罪，应当予以刑事处罚。公诉机关指控的罪名成立，应当予以支持。被告人李某醉酒后犯罪，应当承担相应的刑事责任。鉴于被告人李某当庭自愿认罪，结合其犯罪情节及认罪悔罪态度，可酌情从轻处罚并适用缓刑。据此，依照《中华人民共和国刑法》第二百七十七条第一款、第十八条第四款、第七十二条第一款之规定，判决如下： 被告人李某犯妨害公务罪，判处拘役五个月，缓刑五个月。 （缓刑考验期，从判决确定之日起计算。） 如不服本判决，可在接到判决书的第二日起十日内，通过本院或者直接向上海市第二中级人民法院提出上诉。书面上诉的，应当提交上诉状正本一份，副本一份。 审判长刘艳燕 代理审判员李倩岚 人民陪审员周明 二〇一五年六月十日 书记员苏文逸 附：相关法律条文 第二百七十七条 以暴力、威胁方法阻碍国家机关工作人员依法执行职务的，处三年以下有期徒刑、拘役、管制或者罚金。 …… 第十八条…… 醉酒的人犯罪，应当负刑事责任。 第七十二条对于被判处拘役、三年以下有期徒刑的犯罪分子，同时符合下列条件的，可以宣告缓刑，对其中不满十八周岁的人、怀孕的妇女和已满七十五周岁的人，应当宣告缓刑： （一）犯罪情节较轻； （二）有悔罪表现； （三）没有再犯罪的危险； （四）宣告缓刑对所居住社区没有重大不良影响。 ……","writId":"044cd44f969bc5cb5d2b1d6f9d6f63155ff","writName":"李某妨害公务一审刑事判决书"}
