{"ajId":"f99b3dbe-b83d-415e-b212-8e64419c53a1","ajName":"缪某走私、贩卖、运输、制造毒品一案","ajjbqk":" 上海市黄浦区人民检察院指控，2017年6月15日，被告人缪某经与购毒人王某1事先微信联系，于当日18时许至本市金陵东路XXX号后门处，将装于一纸质红包内的1袋用透明塑料自封袋包装的白色块状物以人民币5，000元（以下币种均为人民币）的价格贩卖给王某1。二人交易完成后，被民警当场人赃俱获。 经称量、取样和上海市毒品检验中心检验：送检王某1的3.87克白色碎块中检出可卡因成分。 为证明上述指控，公诉人当庭宣读、出示了相关证人证言、书证、检验报告、被告人供述等证据，并据此认为被告人缪某的行为已触犯《中华人民共和国刑法》第三百四十七条第一、第四款之规定，应当以贩卖毒品罪追究其刑事责任。被告人缪某到案后能够如实供述自己的罪行，适用《中华人民共和国刑法》第六十七条第三款，可以从轻处罚。建议对被告人缪某在有期徒刑6个月到8个月之间量刑，并处罚金。被告人缪某在缓刑考验期内犯新罪，适用《中华人民共和国刑法》第七十七条、第六十九条，应当撤销缓刑，两罪并罚。 被告人缪某及其辩护人对起诉指控的事实、证据和罪名均无异议。被告人缪某的辩护人提出缪某不以贩毒为业，就本案而言是初犯，其供述虽有反复，但能当庭如实供述并自愿认罪等辩护意见，建议法庭对其从轻处罚。 经审理查明，被告人缪某经与购毒人员王某1事先微信联系，于2017年6月15日18时许至本市金陵东路XXX号后门处，将装于一纸质红包内的1袋用透明塑料自封袋包装的白色块状物以5，000元的价格贩卖给王某1。二人交易完成后，被民警当场人赃俱获。 经称量、取样和上海市毒品检验中心检验：送检王某1的3.87克白色碎块中检出可卡因成分。 上述事实，有证人王某1、王2、马某某的证言；公安机关出具的扣押决定书、扣押笔录及清单、毒品照片、称重笔录、收缴毒品专用单据；上海市毒品检验中心检验报告；被告人缪某的供述及前科材料等证据证实，足以认定。 ","cpfxgc":"本院认为，被告人缪某明知是毒品而予以贩卖，其行为已构成贩卖毒品罪，依法应予刑事处罚。公诉机关指控的罪名成立。缪某到案后能如实供述自己的罪行，依法可从轻处罚。鉴于其能当庭自愿认罪，可酌情从轻处罚。辩护人的相关辩护意见可予采纳。被告人缪某在缓刑考验期限内犯新罪，应当撤销缓刑，实行数罪并罚。据此，依照《中华人民共和国刑法》第三百四十七条第一款、第四款、第六十七条第三款、第七十七条第一款、第六十九条第一款、第三款、第六十四条之规定，判决如下：","pjjg":" 一、被告人缪某犯贩卖毒品罪，判处有期徒刑八个月，并处罚金人民币二千元；撤销（2015）崇刑初字第379号刑事判决对被告人缪某判处有期徒刑三年，缓刑四年，并处罚金人民币八万元的缓刑部分，决定执行有期徒刑三年三个月，并处罚金人民币八万二千元。 （刑期从判决执行之日起计算。判决执行以前先行羁押的，羁押一日折抵刑期一日，即自2017年6月15日起至2020年8月15日止。罚金自判决生效后第二日起十日内缴纳，已缴纳部分，可予抵扣。） 二、涉案毒品予以没收。 如不服本判决，可在接到判决书的第二日起十日内，通过本院或者直接向上海市第二中级人民法院提出上诉。书面上诉的，应当提交上诉状正本一份，副本一份。","qw":"缪某走私、贩卖、运输、制造毒品一审刑事判决书 上海市黄浦区人民法院 刑事判决书 （2017）沪0101刑初837号 公诉机关上海市黄浦区人民检察院。 被告人缪某，男，1972年11月21日出生，户籍在本市，暂住本市鲁班路XXX弄XXX号XXX室；曾因犯虚开发票罪于2015年12月9日被原上海市崇明县。 辩护人程诤，上海市郑传本律师事务所律师。 上海市黄浦区人民检察院以沪黄检诉刑诉（2017）787号起诉书指控被告人缪某犯贩卖毒品罪，于2017年9月27日向本院提起公诉，并建议适用简易程序审理。本院认为本案不适用简易程序，依法组成合议庭，公开开庭审理了本案。上海市黄浦区人民检察院指派检察员黄某某出庭支持公诉，被告人缪某及其辩护人程诤到庭参加诉讼。现已审理终结。 上海市黄浦区人民检察院指控，2017年6月15日，被告人缪某经与购毒人王某1事先微信联系，于当日18时许至本市金陵东路XXX号后门处，将装于一纸质红包内的1袋用透明塑料自封袋包装的白色块状物以人民币5，000元（以下币种均为人民币）的价格贩卖给王某1。二人交易完成后，被民警当场人赃俱获。 经称量、取样和上海市毒品检验中心检验：送检王某1的3.87克白色碎块中检出可卡因成分。 为证明上述指控，公诉人当庭宣读、出示了相关证人证言、书证、检验报告、被告人供述等证据，并据此认为被告人缪某的行为已触犯《中华人民共和国刑法》第三百四十七条第一、第四款之规定，应当以贩卖毒品罪追究其刑事责任。被告人缪某到案后能够如实供述自己的罪行，适用《中华人民共和国刑法》第六十七条第三款，可以从轻处罚。建议对被告人缪某在有期徒刑6个月到8个月之间量刑，并处罚金。被告人缪某在缓刑考验期内犯新罪，适用《中华人民共和国刑法》第七十七条、第六十九条，应当撤销缓刑，两罪并罚。 被告人缪某及其辩护人对起诉指控的事实、证据和罪名均无异议。被告人缪某的辩护人提出缪某不以贩毒为业，就本案而言是初犯，其供述虽有反复，但能当庭如实供述并自愿认罪等辩护意见，建议法庭对其从轻处罚。 经审理查明，被告人缪某经与购毒人员王某1事先微信联系，于2017年6月15日18时许至本市金陵东路XXX号后门处，将装于一纸质红包内的1袋用透明塑料自封袋包装的白色块状物以5，000元的价格贩卖给王某1。二人交易完成后，被民警当场人赃俱获。 经称量、取样和上海市毒品检验中心检验：送检王某1的3.87克白色碎块中检出可卡因成分。 上述事实，有证人王某1、王2、马某某的证言；公安机关出具的扣押决定书、扣押笔录及清单、毒品照片、称重笔录、收缴毒品专用单据；上海市毒品检验中心检验报告；被告人缪某的供述及前科材料等证据证实，足以认定。 本院认为，被告人缪某明知是毒品而予以贩卖，其行为已构成贩卖毒品罪，依法应予刑事处罚。公诉机关指控的罪名成立。缪某到案后能如实供述自己的罪行，依法可从轻处罚。鉴于其能当庭自愿认罪，可酌情从轻处罚。辩护人的相关辩护意见可予采纳。被告人缪某在缓刑考验期限内犯新罪，应当撤销缓刑，实行数罪并罚。据此，依照《中华人民共和国刑法》第三百四十七条第一款、第四款、第六十七条第三款、第七十七条第一款、第六十九条第一款、第三款、第六十四条之规定，判决如下： 一、被告人缪某犯贩卖毒品罪，判处有期徒刑八个月，并处罚金人民币二千元；撤销（2015）崇刑初字第379号刑事判决对被告人缪某判处有期徒刑三年，缓刑四年，并处罚金人民币八万元的缓刑部分，决定执行有期徒刑三年三个月，并处罚金人民币八万二千元。 （刑期从判决执行之日起计算。判决执行以前先行羁押的，羁押一日折抵刑期一日，即自2017年6月15日起至2020年8月15日止。罚金自判决生效后第二日起十日内缴纳，已缴纳部分，可予抵扣。） 二、涉案毒品予以没收。 如不服本判决，可在接到判决书的第二日起十日内，通过本院或者直接向上海市第二中级人民法院提出上诉。书面上诉的，应当提交上诉状正本一份，副本一份。 审判长吴明峰 代理审判员李倩岚 人民陪审员徐红富 二〇一七年十月二十七日 书记员尹媛卉 附：相关法律条文 第三百四十七条走私、贩卖、运输、制造毒品，无论数量多少，都应当追究刑事责任，予以刑事处罚。 …… 走私、贩卖、运输、制造鸦片不满二百克、海洛因或者甲基苯丙胺不满十克或者其他少量毒品的，处三年以下有期徒刑、拘役或者管制，并处罚金；情节严重的，处三年以上七年以下有期徒刑，并处罚金。 …… 第六十七条…… 犯罪嫌疑人虽不具有前两款规定的自首情节，但是如实供述自己罪行的，可以从轻处罚；因其如实供述自己罪行，避免特别严重后果发生的，可以减轻处罚。 第七十七条被宣告缓刑的犯罪分子，在缓刑考验期限内犯新罪或者发现判决宣告以前还有其他罪没有判决的，应当撤销缓刑，对新犯的罪或者新发现的罪作出判决，把前罪和后罪所判处的刑罚，依照本法第六十九条的规定，决定执行的刑罚。 …… 第六十九条判决宣告以前一人犯数罪的，除判处死刑和无期徒刑的以外，应当在总和刑期以下、数刑中最高刑期以上，酌情决定执行的刑期，但是管制最高不能超过三年，拘役最高不能超过一年，有期徒刑总和刑期不满三十五年的，最高不能超过二十年，总和刑期在三十五年以上的，最高不能超过二十五年。 …… 数罪中有判处附加刑的，附加刑仍须执行，其中附加刑种类相同的，合并执行，种类不同的，分别执行。 第六十四条犯罪分子违法所得的一切财物，应当予以追缴或者责令退赔；对被害人的合法财产，应当及时返还；违禁品和供犯罪所用的本人财物，应当予以没收。没收的财物和罚金，一律上缴国库，不得挪用和自行处理。","writId":"049b3c19ed379a57a1e31b799b19c6839b6","writName":"缪某走私、贩卖、运输、制造毒品一审刑事判决书"}
