{"ajId":"19a4079a-3278-4859-8d37-c8b1cf793b24","ajName":"被告人杨某走私、贩卖、运输、制造毒品罪一案","ajjbqk":" 南京市溧水区人民检察院指控： 2016年10月19日晚上11时许，被告人杨某在南京市秦淮区堂子街与罗廊路十字路口处堂子街北侧路边以人民币200元每克的价格向刘某、葛某贩卖大麻叶各一克，被告人杨某获利人民币400元。 2016年11月18日，被告人杨某在南京市莫愁路329号越界梦幻城贝客公寓521房间被民警抓获，民警在被告人杨某住处依法查扣3小袋淡黄色草状毒品疑似物、1瓶淡黄色草状毒品疑似物（分别编号1-4号），经鉴定4小袋疑似大麻毒品检出大麻二酚、四氢大麻酚、大麻酚成分；分别重0.95克、1.07克、4.85克、6.36克。 为证明所指控的犯罪事实，公诉机关当庭出示了公安机关扣押的大麻叶等物证照片、被告人杨某1户籍资料、证人葛某等人的证言、鉴定意见、辨认笔录、搜查笔录、被告人杨某1供述和辩解等证据。 公诉机关认为，被告人杨某以牟利为目的，向他人贩卖大麻叶15.23克，应当以贩卖毒品罪追究其刑事责任。建议依照《中华人民共和国刑法》第三百四十七条第一款及第四款之规定判处。 被告人杨某在庭审中未辩解。 被告人杨某1辩护人发表辩护意见：对公诉机关指控罪名不持异议，但被告人杨某具有坦白情节，系初犯，无前科劣迹，认罪悔罪，愿意主动缴纳罚金，建议对其从轻处罚。 被告人杨某辩护人在庭审中提交被告人入学许可证一份，证明其被相关学校录取继续学习。 经审理查明： 2016年10月19日晚上11时许，被告人杨某在南京市秦淮区堂子街与罗廊路十字路口处堂子街北侧路边以人民币200元每克的价格向刘某、葛某贩卖大麻叶各一克，被告人杨某获利人民币400元。 2016年11月18日，被告人杨某在南京市莫愁路329号越界梦幻城贝客公寓521房间被民警抓获，民警在被告人杨某住处依法查扣3小袋淡黄色草状毒品疑似物、1瓶淡黄色草状毒品疑似物（分别编号1-4号），经鉴定4小袋疑似大麻毒品检出大麻二酚、四氢大麻酚、大麻酚成分；分别重0.95克、1.07克、4.85克、6.36克。 2016年11月18日，被告人杨某被公安机关抓获，到案后如实供述了自己的犯罪事实。 上述犯罪事实，被告人杨某及其辩护人在开庭审理过程中亦无异议，且有公诉机关当庭提供并经庭审质证的下列证据予以证实：1、南京市公安局溧水分局扣押的大麻叶等物证照片；2、被告人杨某1户籍证明、抓获经过、称重记录、扣押清单、证明；3、证人刘某、葛某、顾某的证言；4、检验报告书；5、搜查笔录、辨认笔录及照片；6、被告人杨某1供述和辩解等。 ","cpfxgc":"本院认为，被告人杨某以牟利为目的，向他人贩卖大麻叶15.23克，其行为已构成贩卖毒品罪。公诉机关指控罪名成立，本院予以支持。被告人杨某到案后如实供述自己的犯罪事实，依法予以从轻处罚。被告人杨某辩护人提出对其从轻处罚的辩护意见，经查证属实，本院予以采纳。根据被告人杨某1犯罪事实、性质、情节及对社会的危害程度，并结合被告人杨某2调查评估基本具备适用社区矫正的条件，本院依法对其宣告缓刑。综上，依照《中华人民共和国刑法》第三百四十七条第一款及第四款、第六十七条第三款、第五十二条、第五十三条第一款、第七十二条第一款及第三款、第七十三条第一款及第三款之规定，判决如下：","pjjg":" 被告人杨某犯贩卖毒品罪，判处拘役四个月，缓刑六个月，并处罚金人民币五千元。 （缓刑考验期限，从判决确定之日起计算；罚金已预缴。） 如不服本判决，可在接到判决书的第二日起十日内，通过本院或者直接向江苏省南京市中级人民法院提出上诉。书面上诉的，应提交上诉状正本一份，副本二份。","qw":"被告人杨某走私、贩卖、运输、制造毒品罪一审刑事判决书 南京市溧水区人民法院 刑事判决书 （2017）苏0117刑初105号 公诉机关南京市溧水区人民检察院。 被告人杨某，男，1997年8月8日出生于江苏省盐城市，汉族，高中文化，无业，户籍所在地江苏省盐城市亭湖区，住江苏省盐城市城南新区。被告人杨某因涉嫌犯贩卖毒品罪，于2016年11月18日被刑事拘留，2016年11月30日经南京市溧水区人民检察院以无逮捕必要不批准逮捕被取保候审。2017年2月16日被南京市溧水区人民检察院决定取保候审。 辩护人孙仁荣，江苏昊业律师事务所律师。 南京市溧水区人民检察院以宁溧检诉刑诉［2017］98号起诉书指控被告人杨某犯贩卖毒品罪，于2017年4月5日向本院提起公诉。本院受理后，依法组成合议庭，公开开庭进行了审理。南京市溧水区人民检察院指派检察员钱瑞振出庭支持公诉，被告人杨某及其辩护人孙仁荣到庭参加诉讼。本案现已审理终结。 南京市溧水区人民检察院指控： 2016年10月19日晚上11时许，被告人杨某在南京市秦淮区堂子街与罗廊路十字路口处堂子街北侧路边以人民币200元每克的价格向刘某、葛某贩卖大麻叶各一克，被告人杨某获利人民币400元。 2016年11月18日，被告人杨某在南京市莫愁路329号越界梦幻城贝客公寓521房间被民警抓获，民警在被告人杨某住处依法查扣3小袋淡黄色草状毒品疑似物、1瓶淡黄色草状毒品疑似物（分别编号1-4号），经鉴定4小袋疑似大麻毒品检出大麻二酚、四氢大麻酚、大麻酚成分；分别重0.95克、1.07克、4.85克、6.36克。 为证明所指控的犯罪事实，公诉机关当庭出示了公安机关扣押的大麻叶等物证照片、被告人杨某1户籍资料、证人葛某等人的证言、鉴定意见、辨认笔录、搜查笔录、被告人杨某1供述和辩解等证据。 公诉机关认为，被告人杨某以牟利为目的，向他人贩卖大麻叶15.23克，应当以贩卖毒品罪追究其刑事责任。建议依照《中华人民共和国刑法》第三百四十七条第一款及第四款之规定判处。 被告人杨某在庭审中未辩解。 被告人杨某1辩护人发表辩护意见：对公诉机关指控罪名不持异议，但被告人杨某具有坦白情节，系初犯，无前科劣迹，认罪悔罪，愿意主动缴纳罚金，建议对其从轻处罚。 被告人杨某辩护人在庭审中提交被告人入学许可证一份，证明其被相关学校录取继续学习。 经审理查明： 2016年10月19日晚上11时许，被告人杨某在南京市秦淮区堂子街与罗廊路十字路口处堂子街北侧路边以人民币200元每克的价格向刘某、葛某贩卖大麻叶各一克，被告人杨某获利人民币400元。 2016年11月18日，被告人杨某在南京市莫愁路329号越界梦幻城贝客公寓521房间被民警抓获，民警在被告人杨某住处依法查扣3小袋淡黄色草状毒品疑似物、1瓶淡黄色草状毒品疑似物（分别编号1-4号），经鉴定4小袋疑似大麻毒品检出大麻二酚、四氢大麻酚、大麻酚成分；分别重0.95克、1.07克、4.85克、6.36克。 2016年11月18日，被告人杨某被公安机关抓获，到案后如实供述了自己的犯罪事实。 上述犯罪事实，被告人杨某及其辩护人在开庭审理过程中亦无异议，且有公诉机关当庭提供并经庭审质证的下列证据予以证实：1、南京市公安局溧水分局扣押的大麻叶等物证照片；2、被告人杨某1户籍证明、抓获经过、称重记录、扣押清单、证明；3、证人刘某、葛某、顾某的证言；4、检验报告书；5、搜查笔录、辨认笔录及照片；6、被告人杨某1供述和辩解等。 本院认为，被告人杨某以牟利为目的，向他人贩卖大麻叶15.23克，其行为已构成贩卖毒品罪。公诉机关指控罪名成立，本院予以支持。被告人杨某到案后如实供述自己的犯罪事实，依法予以从轻处罚。被告人杨某辩护人提出对其从轻处罚的辩护意见，经查证属实，本院予以采纳。根据被告人杨某1犯罪事实、性质、情节及对社会的危害程度，并结合被告人杨某2调查评估基本具备适用社区矫正的条件，本院依法对其宣告缓刑。综上，依照《中华人民共和国刑法》第三百四十七条第一款及第四款、第六十七条第三款、第五十二条、第五十三条第一款、第七十二条第一款及第三款、第七十三条第一款及第三款之规定，判决如下： 被告人杨某犯贩卖毒品罪，判处拘役四个月，缓刑六个月，并处罚金人民币五千元。 （缓刑考验期限，从判决确定之日起计算；罚金已预缴。） 如不服本判决，可在接到判决书的第二日起十日内，通过本院或者直接向江苏省南京市中级人民法院提出上诉。书面上诉的，应提交上诉状正本一份，副本二份。 审判长周荣强 人民陪审员张庆华 人民陪审员黄烈隆 二〇一七年六月十二日 书记员宋荷娣","writId":"05067caf25b8303eeba3ff55f27646a4134","writName":"被告人杨某走私、贩卖、运输、制造毒品罪一审刑事判决书"}
