{"ajId":"1bb8cc60-10dc-40e0-a572-220b44593c3d","ajName":"王2、马某寻衅滋事一案","ajjbqk":" 上海市黄浦区人民检察院指控，2017年6月15日23时20分许，在本市制造局路XXX号香港新坐标KTV门前，被告人王2、马某酒后无故脚踢停着的助动车、折断牌号为沪FE·0167奥迪牌轿车左前后视镜（经鉴定，物损价值人民币993元）；车主庄某某和妻子郑某某找王2等理论，遭到被告人王2、马某追逐殴打。庄某某为避免被殴打躲进KTV，被告人王2、马某追进KTV踢门寻找，并在大堂掀翻脚踢大理石茶几、沙发凳等（经鉴定，物损价值人民币300元）。 经复旦大学上海医学院司法鉴定中心法医临床司法鉴定：庄某某因外伤致右手中指皮肤擦伤（面积未达10.0平方厘米），腹壁软组织损伤，均未构成轻微伤；郑某某因外伤致腹壁软组织损伤，未构成轻微伤。 公安民警接报至现场将被告人王2、马某传唤至公安机关。 到案后，被告人王2、马某如实供述作案事实。 2017年6月21日，被告人王2的家属赔偿被害方人民币4000元，取得被害方谅解。 公诉机关认为，被告人王2、马某的行为已触犯《中华人民共和国刑法》第二百九十三条第一款第（一）项、第（三）项、第十八条第四款之规定，应当以寻衅滋事罪追究其刑事责任；系共同犯罪，适用《中华人民共和国刑法》第二十五条第一款；二名被告人如实供述犯罪事实，适用《中华人民共和国刑法》第六十七条第三款之规定，可以从轻处罚。建议对被告人王2、马某在拘役的刑罚幅度内量刑。 上述事实，有被害人庄某某、郑某某的陈述及辨认笔录，证人肖某某、陶某某、姚某某、王1、左某某的证言及辨认笔录，作案地点照片、作案对象照片、调取证据通知书、调取证据清单、现场监控录像及截图，验伤通知书、被害人鉴定聘请书、司法鉴定意见书、被害人鉴定意见通知书，物损鉴定聘请书、价格认定结论书、物价价值鉴定意见通知书，上海市公安局黄浦分局半淞园派出所出具的“抓获经过”，庄某某出具的“谅解书”，被告人王2、马某的户籍证明及供述等证据证实，足以认定。 庭审中，被告人王2、马某对公诉机关所控事实不表异议，本院在告知有关法律规定及可能导致的法律后果后，被告人王2、马某表示自愿认罪，辩护人提出被告人王2系初犯，建议法庭对其免予刑事处罚。 ","cpfxgc":"本院认为，被告人王2、马某酒后任意损毁公私财物，情节严重、且随意殴打他人，情节恶劣，其行为已构成寻衅滋事罪，且系共同犯罪，依法均应承担刑事责任。公诉机关指控被告人王2、马某犯寻衅滋事罪的事实清楚，证据确实充分，指控罪名成立，本院予以支持。鉴于两名被告人能如实供述犯罪事实，可以从轻处罚；能自愿认罪可酌情从轻处罚。关于辩护人提出对被告人王2免予刑事处罚的量刑建议，根据本案被告人王2的犯罪事实、情节，本院认为被告人王2的犯罪行为具有一定的社会危害性，不符合免予刑事处罚的适用条件，故辩护人的上述量刑建议不予采纳。据此，依照《中华人民共和国刑法》第二百九十三条第一款第（三）项、第（一）项、第十八条第四款、第二十五条第一款、第六十七条第三款之规定，判决如下：","pjjg":" 一、被告人王2犯寻衅滋事罪，判处拘役六个月。 （刑期从判决执行之日起计算。判决执行以前先行羁押的，羁押一日折抵刑期一日，即自2017年6月15日起至2017年12月14日止。） 二、被告人马某犯寻衅滋事罪，判处拘役六个月。 （刑期从判决执行之日起计算。判决执行以前先行羁押的，羁押一日折抵刑期一日，即自2017年6月15日起至2017年12月14日止。） 如不服本判决，可在接到判决书的第二日起十日内，通过本院或者直接向上海市第二中级人民法院提出上诉。书面上诉的，应当提交上诉状正本一份，副本二份。","qw":"上海市黄浦区人民法院 刑事判决书 （2017）沪0101刑初984号 公诉机关上海市黄浦区人民检察院。 被告人王2，男，1989年4月6日出生，汉族，户籍在安徽省，暂住本市。 辩护人宫玉涛，上海市光大律师事务所律师。 被告人马某，男，1994年4月10日出生，汉族，户籍在安徽省，住本市黄浦区。 上海市黄浦区人民检察院以沪黄检诉刑诉（2017）906号起诉书指控被告人王2、马某犯寻衅滋事罪，于2017年11月17日向本院提起公诉。本院适用简易程序，实行独任审判，公开开庭审理了本案，上海市黄浦区人民检察院指派检察员袁某某出庭支持公诉，被告人王2及其辩护人宫玉涛、被告人马某到庭参加了诉讼。现已审理终结。 上海市黄浦区人民检察院指控，2017年6月15日23时20分许，在本市制造局路XXX号香港新坐标KTV门前，被告人王2、马某酒后无故脚踢停着的助动车、折断牌号为沪FE·0167奥迪牌轿车左前后视镜（经鉴定，物损价值人民币993元）；车主庄某某和妻子郑某某找王2等理论，遭到被告人王2、马某追逐殴打。庄某某为避免被殴打躲进KTV，被告人王2、马某追进KTV踢门寻找，并在大堂掀翻脚踢大理石茶几、沙发凳等（经鉴定，物损价值人民币300元）。 经复旦大学上海医学院司法鉴定中心法医临床司法鉴定：庄某某因外伤致右手中指皮肤擦伤（面积未达10.0平方厘米），腹壁软组织损伤，均未构成轻微伤；郑某某因外伤致腹壁软组织损伤，未构成轻微伤。 公安民警接报至现场将被告人王2、马某传唤至公安机关。 到案后，被告人王2、马某如实供述作案事实。 2017年6月21日，被告人王2的家属赔偿被害方人民币4000元，取得被害方谅解。 公诉机关认为，被告人王2、马某的行为已触犯《中华人民共和国刑法》第二百九十三条第一款第（一）项、第（三）项、第十八条第四款之规定，应当以寻衅滋事罪追究其刑事责任；系共同犯罪，适用《中华人民共和国刑法》第二十五条第一款；二名被告人如实供述犯罪事实，适用《中华人民共和国刑法》第六十七条第三款之规定，可以从轻处罚。建议对被告人王2、马某在拘役的刑罚幅度内量刑。 上述事实，有被害人庄某某、郑某某的陈述及辨认笔录，证人肖某某、陶某某、姚某某、王1、左某某的证言及辨认笔录，作案地点照片、作案对象照片、调取证据通知书、调取证据清单、现场监控录像及截图，验伤通知书、被害人鉴定聘请书、司法鉴定意见书、被害人鉴定意见通知书，物损鉴定聘请书、价格认定结论书、物价价值鉴定意见通知书，上海市公安局黄浦分局半淞园派出所出具的“抓获经过”，庄某某出具的“谅解书”，被告人王2、马某的户籍证明及供述等证据证实，足以认定。 庭审中，被告人王2、马某对公诉机关所控事实不表异议，本院在告知有关法律规定及可能导致的法律后果后，被告人王2、马某表示自愿认罪，辩护人提出被告人王2系初犯，建议法庭对其免予刑事处罚。 本院认为，被告人王2、马某酒后任意损毁公私财物，情节严重、且随意殴打他人，情节恶劣，其行为已构成寻衅滋事罪，且系共同犯罪，依法均应承担刑事责任。公诉机关指控被告人王2、马某犯寻衅滋事罪的事实清楚，证据确实充分，指控罪名成立，本院予以支持。鉴于两名被告人能如实供述犯罪事实，可以从轻处罚；能自愿认罪可酌情从轻处罚。关于辩护人提出对被告人王2免予刑事处罚的量刑建议，根据本案被告人王2的犯罪事实、情节，本院认为被告人王2的犯罪行为具有一定的社会危害性，不符合免予刑事处罚的适用条件，故辩护人的上述量刑建议不予采纳。据此，依照《中华人民共和国刑法》第二百九十三条第一款第（三）项、第（一）项、第十八条第四款、第二十五条第一款、第六十七条第三款之规定，判决如下： 一、被告人王2犯寻衅滋事罪，判处拘役六个月。 （刑期从判决执行之日起计算。判决执行以前先行羁押的，羁押一日折抵刑期一日，即自2017年6月15日起至2017年12月14日止。） 二、被告人马某犯寻衅滋事罪，判处拘役六个月。 （刑期从判决执行之日起计算。判决执行以前先行羁押的，羁押一日折抵刑期一日，即自2017年6月15日起至2017年12月14日止。） 如不服本判决，可在接到判决书的第二日起十日内，通过本院或者直接向上海市第二中级人民法院提出上诉。书面上诉的，应当提交上诉状正本一份，副本二份。 审判员孙攀峰 二〇一七年十一月二十九日 书记员胡霁雯 附：相关法律条文 第二百九十三条有下列寻衅滋事行为之一，破坏社会秩序的，处五年以下有期徒刑、拘役或者管制： （一）随意殴打他人，情节恶劣的； （二）追逐、拦截、辱骂、恐吓他人，情节恶劣的； （三）强拿硬要或者任意损毁、占用公私财物，情节严重的； （四）在公共场所起哄闹事，造成公共场所秩序严重混乱的。 纠集他人多次实施前款行为，严重破坏社会秩序的，处五年以上十年以下有期徒刑，可以并处罚金。 第十八条第四款醉酒的人犯罪，应当负刑事责任。 第二十五条第一款共同犯罪是指二人以上共同故意犯罪。 第六十七条第三款犯罪嫌疑人虽不具有前两款规定的自首情节，但是如实供述自己罪行的，可以从轻处罚；因其如实供述自己罪行，避免特别严重后果发生的，可以减轻处罚。","writId":"060988485427d28a56fa83454dd93b35969","writName":"王2、马某寻衅滋事一审刑事判决书"}
