{"ajId":"2a3a877a-8fbc-4043-a27b-6cf858789d5f","ajName":"徐某一案","ajjbqk":" 公诉机关指控：2018年10月11日22时许，被告人徐某在武汉市江岸区丹水池小学门口，以人民币300元的价格向胡某贩卖白色卫生纸包裹着的透明塑料袋装红色片剂5颗（净重0.45克）和白色晶体颗粒（净重0.22克）混合物一袋，被民警当场抓获。经鉴定，上述物品均检出毒品甲基苯丙胺成分。 公诉机关认为，被告人徐某具有自愿认罪、累犯、毒品再犯等量刑情节，建议判处被告人徐某有期徒刑六个月至有期徒刑八个月，并处罚金。 被告人徐某对指控事实、罪名及量刑建议没有异议，且签字具结，在开庭审理过程中亦无异议。 ","cpfxgc":"本院认为，公诉机关指控被告人徐某犯贩卖毒品罪的事实清楚，证据确实、充分，指控罪名成立，量刑建议适当，应予以采纳。依照《中华人民共和国刑法》第三百四十七条第一款、第四款、第六十五条第一款、第三百五十六条、第五十二条、第五十三条的规定，判决如下：","pjjg":" 被告人徐某犯贩卖毒品罪，判处有期徒刑八个月，并处罚金人民币三千元。 （刑期自2018年10月11日起至2019年6月10日止。罚金于判决生效后十日内缴纳）。 如不服本判决，可在接到判决书的第二日起十日内，通过本院或者直接向湖北省武汉市中级人民法院提出上诉，书面上诉的，应当提交上诉状正本一份、副本二份。","qw":"湖北省武汉市江岸区人民法院 刑事判决书 （2018）鄂0102刑初1568号 公诉机关武汉市江岸区人民检察院。 被告人徐某，无职业。1997年7月因犯抢劫罪被判处有期徒刑八年；2007年1月因犯盗窃罪被判处有期徒刑三年，并处罚金人民币2，000元；2010年7月因犯盗窃罪被判处有期徒刑八个月，并处罚金人民币2，000元；2013年12月因犯盗窃罪被判处有期徒刑七个月，并处罚金人民币2，000元；2017年10月因犯贩卖毒品罪被判处有期徒刑六个月，并处罚金人民币2，000元。2018年2月1日刑满。因涉嫌犯贩卖毒品罪于2018年10月12日被刑事拘留，同年11月8日被逮捕。现羁押于武汉市江岸区看守所。 公诉机关以武某岸诉刑诉［2018］1603号起诉书指控被告人徐某犯贩卖毒品罪。本院适用刑事案件速裁程序，实行独任审判，公开开庭审理了本案。 公诉机关指控：2018年10月11日22时许，被告人徐某在武汉市江岸区丹水池小学门口，以人民币300元的价格向胡某贩卖白色卫生纸包裹着的透明塑料袋装红色片剂5颗（净重0.45克）和白色晶体颗粒（净重0.22克）混合物一袋，被民警当场抓获。经鉴定，上述物品均检出毒品甲基苯丙胺成分。 公诉机关认为，被告人徐某具有自愿认罪、累犯、毒品再犯等量刑情节，建议判处被告人徐某有期徒刑六个月至有期徒刑八个月，并处罚金。 被告人徐某对指控事实、罪名及量刑建议没有异议，且签字具结，在开庭审理过程中亦无异议。 本院认为，公诉机关指控被告人徐某犯贩卖毒品罪的事实清楚，证据确实、充分，指控罪名成立，量刑建议适当，应予以采纳。依照《中华人民共和国刑法》第三百四十七条第一款、第四款、第六十五条第一款、第三百五十六条、第五十二条、第五十三条的规定，判决如下： 被告人徐某犯贩卖毒品罪，判处有期徒刑八个月，并处罚金人民币三千元。 （刑期自2018年10月11日起至2019年6月10日止。罚金于判决生效后十日内缴纳）。 如不服本判决，可在接到判决书的第二日起十日内，通过本院或者直接向湖北省武汉市中级人民法院提出上诉，书面上诉的，应当提交上诉状正本一份、副本二份。 审判员桂莉 二〇一八年十二月二十六日 书记员袁莎","writId":"0584ebe5ce66ffa5f79f4a93aef7238bfbd","writName":"徐某一审刑事判决书"}
