{"ajId":"cc65d31f-e3b4-4e9e-bfcd-58880c4c388a","ajName":"基本、杜修琴一案","cpfxgc":" 判决","pjjg":" 理由 公诉机关指控被告人杜修琴犯诈骗罪罪名成立，量刑建议适当，本院予以采纳。辩护人的辩护意见符合本案实际，予以采纳。被告人杜修琴在共同犯罪中起次要或辅助作用，是从犯，到案后如实供述自己的犯罪事实，认罪态度好，自愿认罪认罚，有悔罪表现，对其应当从轻处罚。 法律 依据 《中华人民共和国刑法》第二百六十六条、第二十七条、第六十四条、第六十七条第三款、第七十二条第一款、第七十三条第二款、第三款、《中华人民共和国刑事诉讼法》第十五条、第二百零一条第一款和最高人民法院、最高人民检察院、公安部《关于依法惩治民族资产解冻类诈骗及相关犯罪的意见》之规定。 判决 结果 一、被告人杜修琴犯诈骗罪，判处有期徒刑八个月，缓刑一年，并处罚金人民币一千元。 （缓刑考验期限从判决确定之日起计算。罚金款已缴纳。） 二、对缴获的被告人杜修琴供犯罪所用的本人财物予以没收，由扣押的公安机关负责处理。 权利 告知 如不服本判决，可在接到判决书的第二日起十日内，通过本院或者直接向湖北省襄阳市中级人民法院提出上诉，书面上诉的，应当提交上诉状正本一份、副本二份。","qw":"文书内容 湖北省枣阳市人民法院 刑事判决书 （2019）鄂0683刑初594号 公诉 机关 湖北省枣阳市人民检察院 被告人基本 情况 被告人杜修琴，女，1962年2月14日出生于湖北省枣阳市，汉族，初中文化，无业，户籍地为湖北省枣阳市，现住枣阳市。因涉嫌犯诈骗罪，于2019年8月23日被枣阳市公安局刑事拘留，同年9月28日被逮捕。现羁押于枣阳市看守所。 辩护人 马明玥，湖北胜和律师事务所律师。 公诉机关 指控情况 起诉书文号 鄂枣检刑诉（2019）582号 指控事实 2016年以来，被告人杜修琴通过微信加入“南宁基金会”、“富民慈善基金会”、“N慈善基金会”等各类“民族资产解冻”项目。被告人杜修琴在超过6个月没有成功兑现的情况下，于2018年11月至12月，在“N慈善基金会”微信群中担任群统计报单职务，并根据吉某某（另案处理）的授意，通过微信收取冯某某、王某1、王某2等人的会员费共计人民币19587元，然后将收取的款项全部再通过微信转账给吉某某。 指控罪名 诈骗罪 量刑建议 有期徒刑八个月，并处罚金，可以适用缓刑。 被告人及辩护人意见 被告人杜修琴对指控事实、罪名及量刑建议没有异议，同意适用速裁程序且签字具结，在开庭审理过程中亦无异议。其辩护人的意见是：被告人杜修琴到案后坦白其诈骗犯罪的全过程，自愿认罪认罚并同意按速裁程序审理，在共同犯罪中起次要或者辅助作用，是从犯，且属初犯、偶犯，没有前科，诈骗金额不大，社会危害性相对较小，对其应当从轻、减轻处罚。 判决 理由 公诉机关指控被告人杜修琴犯诈骗罪罪名成立，量刑建议适当，本院予以采纳。辩护人的辩护意见符合本案实际，予以采纳。被告人杜修琴在共同犯罪中起次要或辅助作用，是从犯，到案后如实供述自己的犯罪事实，认罪态度好，自愿认罪认罚，有悔罪表现，对其应当从轻处罚。 法律 依据 《中华人民共和国刑法》第二百六十六条、第二十七条、第六十四条、第六十七条第三款、第七十二条第一款、第七十三条第二款、第三款、《中华人民共和国刑事诉讼法》第十五条、第二百零一条第一款和最高人民法院、最高人民检察院、公安部《关于依法惩治民族资产解冻类诈骗及相关犯罪的意见》之规定。 判决 结果 一、被告人杜修琴犯诈骗罪，判处有期徒刑八个月，缓刑一年，并处罚金人民币一千元。 （缓刑考验期限从判决确定之日起计算。罚金款已缴纳。） 二、对缴获的被告人杜修琴供犯罪所用的本人财物予以没收，由扣押的公安机关负责处理。 权利 告知 如不服本判决，可在接到判决书的第二日起十日内，通过本院或者直接向湖北省襄阳市中级人民法院提出上诉，书面上诉的，应当提交上诉状正本一份、副本二份。 审判员黄志斌 二零一九年十二月六日 书记员马瑞","writId":"06055a4b7e357dd1989c44a87869beff899","writName":"基本、杜修琴一审刑事判决书"}
