{"ajId":"8929f52e-5110-4ec4-8f06-a8c5caff507a","ajName":"潘堂元一案","cpfxgc":" 辩护意见 被告人对起诉书指控的犯罪事实无异议，并认罪。 查明事实 2018年7月5日，群众林某向公安机关举报称有人贩毒，后民警安排举报人以买毒人身份和被告人潘堂元联系，双方约定以每支人民币100元的价格交易2支“G点液”，后举报人用微信转账毒资200元给被告人。当晚，被告人潘堂元微信联系上家（具体情况不详，在逃），以人民币110元的总价购得2支“G点液”，由上家以邮寄方式交付。2018年7月7日中午，被告人收到上家邮寄的“G点液”后联系了举报人。当晚21时30分许，双方在宝安区沙井街道XX社区XX酒店大厅交易完毕后被民警抓获，当场缴获“G点液”2支（分别净重3.03克、3.02克，经鉴定均含有N，N-二异丙基-5-甲氧基色胺（5-MeO-DiPT）成分）。 本院意见 被告人的行为构成贩卖毒品罪，其具有认罪认罚从宽情节。 判决","pjjg":" 一、被告人潘堂元犯贩卖毒品罪，判处有期徒刑七个月，并处罚金人民币二千元（刑期自判决执行之日起计算。判决执行之前先行羁押的，羁押一日折抵刑期一日，即自2018年7月7日起至2019年2月6日止。罚金限于判决生效后一个月内向本院一次性缴纳）。 二、缴获的涉案毒品，由扣押机关予以销毁；缴获的作案工具OPPO手机一部，予以没收。 判决根据 《中华人民共和国刑法》第三百四十七条、第六十四条、第六十七条第三款。 如不服本判决，可于接到判决书的第二日起十日内，通过本院或者直接向广东省深圳市中级人民法院提起上诉。书面上诉的，应当提交上诉状正本一份、副本二份。","qw":"文书内容 广东省深圳市宝安区人民法院 刑事判决书 （速裁程序专用） （2018）粤0306刑初5561号 公诉机关 深圳市宝安区人民检察院 适用程序 速裁程序 被告人信息 被告人潘堂元，男，1980年1月5日出生。因涉嫌犯贩卖毒品罪，于2018年7月7日被羁押，次日被刑事拘留，2018年8月10日被逮捕。现押于深圳市宝安区看守所。 指控意见 公诉机关根据深宝检刑诉［2018］5280号起诉书，指控被告人犯贩卖毒品罪，鉴于被告人自愿认罪认罚，建议判处六个月至九个月有期徒刑，并处罚金。 辩护意见 被告人对起诉书指控的犯罪事实无异议，并认罪。 查明事实 2018年7月5日，群众林某向公安机关举报称有人贩毒，后民警安排举报人以买毒人身份和被告人潘堂元联系，双方约定以每支人民币100元的价格交易2支“G点液”，后举报人用微信转账毒资200元给被告人。当晚，被告人潘堂元微信联系上家（具体情况不详，在逃），以人民币110元的总价购得2支“G点液”，由上家以邮寄方式交付。2018年7月7日中午，被告人收到上家邮寄的“G点液”后联系了举报人。当晚21时30分许，双方在宝安区沙井街道XX社区XX酒店大厅交易完毕后被民警抓获，当场缴获“G点液”2支（分别净重3.03克、3.02克，经鉴定均含有N，N-二异丙基-5-甲氧基色胺（5-MeO-DiPT）成分）。 本院意见 被告人的行为构成贩卖毒品罪，其具有认罪认罚从宽情节。 判决 一、被告人潘堂元犯贩卖毒品罪，判处有期徒刑七个月，并处罚金人民币二千元（刑期自判决执行之日起计算。判决执行之前先行羁押的，羁押一日折抵刑期一日，即自2018年7月7日起至2019年2月6日止。罚金限于判决生效后一个月内向本院一次性缴纳）。 二、缴获的涉案毒品，由扣押机关予以销毁；缴获的作案工具OPPO手机一部，予以没收。 判决根据 《中华人民共和国刑法》第三百四十七条、第六十四条、第六十七条第三款。 如不服本判决，可于接到判决书的第二日起十日内，通过本院或者直接向广东省深圳市中级人民法院提起上诉。书面上诉的，应当提交上诉状正本一份、副本二份。 审判员李雯 二〇一八年九月二十日 书记员王丹霞","writId":"05546182f3a52c83b4f257a064a4e166e37","writName":"潘堂元一审刑事判决书"}
