{"ajId":"a9f4cd82-cc35-4339-ad4a-693d92556c32","ajName":"邱某犯交通肇事罪一案","ajjbqk":" 公诉机关指控：2015年9月22日17时许，被告人邱某驾驶浙A×××××号重型半挂牵引车，拖挂浙A×××××挂号重型低平板半挂车从杭州市萧山区新湾街道出发驶往杭州市萧山区义蓬街道。当日17时33分许，该货车沿青六线由北向南行驶至义蓬街道义隆路交叉口时，在由北向西右转弯通过路口的过程中，与由北向南直行通过路口陈某甲骑行的自行车相碰撞，陈某甲倒地后被被告人邱某驾驶的重型半挂车碾压，造成陈某甲死亡。经事故认定，被告人邱某负事故全部责任。案发后，被告人邱某主动报警，并在现场等待。归案后，被告人邱某如实供述了犯罪事实。 对上述指控，公诉机关当庭提供了被告人的供述；证人证言及案发经过；户籍证明、驾驶证及行驶证复印件、驾驶人及机动车信息查询结果单、死亡医学证明书、火化证明、道路交通事故调查报告、事故款暂存单和支取单；道路交通事故车辆技术检验报告、法医病理学鉴定意见书、道路交通事故认定书；交通事故现场勘查笔录、交通事故现场图、照片等证据予以佐证。认为被告人邱某的行为已构成交通肇事罪，提请本院依法惩处。 被害人的法定代理人陈某及其诉讼代理人对公诉机关指控的犯罪事实无异议，认为公诉机关指控被告人邱某的行为构成交通肇事罪不当，应改为以危险方法危害公共安全罪，理由：一是主观方面，被告人邱某对被害人的死亡持放任态度；二是客观方面，被告人邱某暴力驾驶机件不符合技术标准车辆的行为对不特定多数人的人身财产安全带来极大的危险，现实也造成被害人死亡的严重后果。被告人邱某未如实供述其犯罪事实，不具有自首情节，赔偿态度不积极，请求对被告人邱某从重处罚。 被告人邱某对指控的犯罪事实及罪名均无异议，并表示愿意赔偿被害人家属经济损失。 被告人邱某辩护人对公诉机关指控的犯罪事实及罪名均无异议。认为被告人邱某有自首情节，同时考虑其犯罪主观过错程度不大及认罪、悔罪态度较好，请求对被告人邱某从轻处罚，并适用缓刑。 经审理查明：2015年9月22日17时33分许，被告人邱某驾驶浙A×××××号重型半挂牵引车／浙A×××××挂号重型低平板半挂车，沿青六线由北向南行驶至义蓬街道义隆路路口向西右转弯时，与由北向南直行通过路口骑行自行车的陈某甲相碰撞，造成陈某甲死亡、车辆损坏。事故发生后，被告人邱某立即拨打“110”电话报警，并在现场等候处理。经事故认定，被告人邱某驾驶机件不符合技术标准的机动车上道路行驶，未注意观察路上其他车辆，转弯未让直行车辆先行，负事故全部责任。归案后，被告人邱某作了如实供述。被告人邱某家属已支付被害人家属赔偿款50000元。 上述事实，由户籍证明、驾驶证和行驶证复印件、驾驶人和机动车信息查询结果单、道路交通事故调查报告、居民死亡医学证明书、火化证明、事故款暂存单和支取单；证人陈某乙、李某、吕某能的证言及案发经过；被告人邱某的供述和辩解；道路交通事故车辆技术检验报告、法医病理学鉴定意见书、道路交通事故认定书；交通事故现场勘查笔录、交通事故现场图、照片等证据证实，被告人邱某及其辩护人在开庭审理过程中亦无异议，足以认定。 ","cpfxgc":"本院认为：被告人邱某违反交通运输管理法规，因而发生重大交通事故，致一人死亡，负事故全部责任，其行为构成交通肇事罪，公诉机关指控罪名成立。关于被害人的法定代理人及其诉讼代理人所提被告人邱某的行为应改定为以危险方法危害公共安全罪的辩论意见。经审理认为，被告人邱某驾驶机件不符合技术标准的机动车上道路行驶，在肇事后立即采取刹车措施，并拨打报警电话，由此体现出其主观上未对危害后果持希望或放任态度，客观上仅是一般交通事故的危险程度，不能认定其行为构成以危险方法危害公共安全罪。被害人的法定代理人及其诉讼代理人所提该项辩论意见与法律规定不相符合，本院不予采纳。关于被害人的法定代理人及其诉讼代理人所提被告人邱某不具有自首情节的辩论意见。经审理认为，被告人邱某在事故发生后，主动拨打“110”电话报警，并在现场等候处理，归案后能如实供述其罪行，依法成立自首。被害人的法定代理人及其诉讼代理人所提该项辩论意见与法律规定不相符合，本院不予采纳。鉴于被告人邱某自首及已赔偿被害人家属部分经济损失，可对其从轻处罚。关于辩护人所提建议对被告人邱某适用缓刑的辩护意见。经审理认为，根据被告人邱某的犯罪情节及危害后果，不宜适用缓刑，辩护人所提的该项辩护意见，本院不予采纳。据此，依照《中华人民共和国刑法》第一百三十三条、第六十七条第一款及《最高人民法院关于审理交通肇事刑事案件具体应用法律若干问题的解释》第二条第一款（一）项之规定，判决如下：","pjjg":" 被告人邱某犯交通肇事罪，判处有期徒刑一年九个月。 （刑期从判决执行之日起计算，判决执行以前先行羁押的，羁押一日折抵刑期一日，即从2015年9月23日起至2017年6月22日止）。 如不服本判决，可在接到判决书的第二日起十日内，通过本院或者直接向浙江省杭州市中级人民法院提出上诉。书面上诉的，应当提交上诉状正本一份，副本二份。","qw":"杭州市萧山区人民法院 刑事判决书 （2015）杭萧刑初字第2496号 公诉机关杭州市萧山区人民检察院。 被害人的法定代理人陈某乙。 诉讼代理人任长喜。 被告人邱某。因本案，于2015年9月23日被杭州市公安局大江东产业集聚区分局刑事拘留，同年10月1日被逮捕。现羁押于杭州市萧山区看守所。 辩护人倪卡。 杭州市萧山区人民检察院以杭萧检公诉刑诉（2015）1727号起诉书指控被告人邱某犯交通肇事罪，于2015年11月25日向本院提起公诉。本院于次日立案，并依法组成合议庭，适用简易程序公开开庭进行了审理。杭州市萧山区人民检察院指派代理检察员方芸出庭支持公诉，被害人的法定代理人陈某乙及其诉讼代理人任长喜、被告人邱某及辩护人倪卡到庭参加诉讼。现已审理终结。 公诉机关指控：2015年9月22日17时许，被告人邱某驾驶浙A×××××号重型半挂牵引车，拖挂浙A×××××挂号重型低平板半挂车从杭州市萧山区新湾街道出发驶往杭州市萧山区义蓬街道。当日17时33分许，该货车沿青六线由北向南行驶至义蓬街道义隆路交叉口时，在由北向西右转弯通过路口的过程中，与由北向南直行通过路口陈某甲骑行的自行车相碰撞，陈某甲倒地后被被告人邱某驾驶的重型半挂车碾压，造成陈某甲死亡。经事故认定，被告人邱某负事故全部责任。案发后，被告人邱某主动报警，并在现场等待。归案后，被告人邱某如实供述了犯罪事实。 对上述指控，公诉机关当庭提供了被告人的供述；证人证言及案发经过；户籍证明、驾驶证及行驶证复印件、驾驶人及机动车信息查询结果单、死亡医学证明书、火化证明、道路交通事故调查报告、事故款暂存单和支取单；道路交通事故车辆技术检验报告、法医病理学鉴定意见书、道路交通事故认定书；交通事故现场勘查笔录、交通事故现场图、照片等证据予以佐证。认为被告人邱某的行为已构成交通肇事罪，提请本院依法惩处。 被害人的法定代理人陈某及其诉讼代理人对公诉机关指控的犯罪事实无异议，认为公诉机关指控被告人邱某的行为构成交通肇事罪不当，应改为以危险方法危害公共安全罪，理由：一是主观方面，被告人邱某对被害人的死亡持放任态度；二是客观方面，被告人邱某暴力驾驶机件不符合技术标准车辆的行为对不特定多数人的人身财产安全带来极大的危险，现实也造成被害人死亡的严重后果。被告人邱某未如实供述其犯罪事实，不具有自首情节，赔偿态度不积极，请求对被告人邱某从重处罚。 被告人邱某对指控的犯罪事实及罪名均无异议，并表示愿意赔偿被害人家属经济损失。 被告人邱某辩护人对公诉机关指控的犯罪事实及罪名均无异议。认为被告人邱某有自首情节，同时考虑其犯罪主观过错程度不大及认罪、悔罪态度较好，请求对被告人邱某从轻处罚，并适用缓刑。 经审理查明：2015年9月22日17时33分许，被告人邱某驾驶浙A×××××号重型半挂牵引车／浙A×××××挂号重型低平板半挂车，沿青六线由北向南行驶至义蓬街道义隆路路口向西右转弯时，与由北向南直行通过路口骑行自行车的陈某甲相碰撞，造成陈某甲死亡、车辆损坏。事故发生后，被告人邱某立即拨打“110”电话报警，并在现场等候处理。经事故认定，被告人邱某驾驶机件不符合技术标准的机动车上道路行驶，未注意观察路上其他车辆，转弯未让直行车辆先行，负事故全部责任。归案后，被告人邱某作了如实供述。被告人邱某家属已支付被害人家属赔偿款50000元。 上述事实，由户籍证明、驾驶证和行驶证复印件、驾驶人和机动车信息查询结果单、道路交通事故调查报告、居民死亡医学证明书、火化证明、事故款暂存单和支取单；证人陈某乙、李某、吕某能的证言及案发经过；被告人邱某的供述和辩解；道路交通事故车辆技术检验报告、法医病理学鉴定意见书、道路交通事故认定书；交通事故现场勘查笔录、交通事故现场图、照片等证据证实，被告人邱某及其辩护人在开庭审理过程中亦无异议，足以认定。 本院认为：被告人邱某违反交通运输管理法规，因而发生重大交通事故，致一人死亡，负事故全部责任，其行为构成交通肇事罪，公诉机关指控罪名成立。关于被害人的法定代理人及其诉讼代理人所提被告人邱某的行为应改定为以危险方法危害公共安全罪的辩论意见。经审理认为，被告人邱某驾驶机件不符合技术标准的机动车上道路行驶，在肇事后立即采取刹车措施，并拨打报警电话，由此体现出其主观上未对危害后果持希望或放任态度，客观上仅是一般交通事故的危险程度，不能认定其行为构成以危险方法危害公共安全罪。被害人的法定代理人及其诉讼代理人所提该项辩论意见与法律规定不相符合，本院不予采纳。关于被害人的法定代理人及其诉讼代理人所提被告人邱某不具有自首情节的辩论意见。经审理认为，被告人邱某在事故发生后，主动拨打“110”电话报警，并在现场等候处理，归案后能如实供述其罪行，依法成立自首。被害人的法定代理人及其诉讼代理人所提该项辩论意见与法律规定不相符合，本院不予采纳。鉴于被告人邱某自首及已赔偿被害人家属部分经济损失，可对其从轻处罚。关于辩护人所提建议对被告人邱某适用缓刑的辩护意见。经审理认为，根据被告人邱某的犯罪情节及危害后果，不宜适用缓刑，辩护人所提的该项辩护意见，本院不予采纳。据此，依照《中华人民共和国刑法》第一百三十三条、第六十七条第一款及《最高人民法院关于审理交通肇事刑事案件具体应用法律若干问题的解释》第二条第一款（一）项之规定，判决如下： 被告人邱某犯交通肇事罪，判处有期徒刑一年九个月。 （刑期从判决执行之日起计算，判决执行以前先行羁押的，羁押一日折抵刑期一日，即从2015年9月23日起至2017年6月22日止）。 如不服本判决，可在接到判决书的第二日起十日内，通过本院或者直接向浙江省杭州市中级人民法院提出上诉。书面上诉的，应当提交上诉状正本一份，副本二份。 审判长鲍桂兰 人民陪审员周桂珍 人民陪审员何汉潮 二〇一六年一月八日 书记员许熠","writId":"038b05f24c605fe8437c391043beb6027f5","writName":"邱某犯交通肇事罪一审刑事判决书"}
