{"ajId":"3f029ca8-7c94-4143-8fae-b385cd79954c","ajName":"郑某犯寻衅滋事罪一案","ajjbqk":" 经审理查明，2014年1月31日凌晨1时30分许，被告人郑某与“阿强”、“南哥”等人在本市桐山街道“玛索酒吧”内喝酒，期间，同伴吕阿德、郑荣荣（均已判决）与“老张”在该酒吧楼下因琐事与被害人董某等人发生扭打。随后，被告人郑某等人受吕阿德、郑荣荣与“老张”纠集下楼，当见被害人董某等人正搭乘出租车离开时，遂乘坐由同伙驾驶的一辆丰田轿车，与另一辆福特轿车共同在本市市区搜寻被害人董某等人踪迹，伺机报复。同日凌晨1时38分许，被告人郑某与“老张”、“南哥”等人在本市兴业银行富阳路网点处发现被害人董某、张某、林某乙等人，即持匕首将董某、张某捅伤，将林某乙打伤。经福鼎市公安局法医学人体损伤程度检验鉴定，被害人董某的伤情为轻伤二级，被害人张某、林某乙的伤情为轻微伤。 案发后，被告人郑某及同案犯吕阿德、郑荣荣三人家属共同赔偿被害人董某、张某、林某乙医疗费等经济损失人民币138000元（其中被告人郑某家属支付人民币40000元，吕阿德家属支付人民币23000元，郑荣荣家属支付人民币75000元），取得三被害人谅解。另查明，被告人郑某于2015年7月2日向福鼎市公安局投案，如实供述罪行。 上述事实，被告人郑某在开庭审理过程中亦无异议，并有经庭审举证、质证的被害人被害人董某、张某、林某乙陈述，同案犯郑荣荣、吕阿德供述，证人雷某、林某甲、周某、胡某证言，辨认笔录，提取笔录，勘验笔录，福鼎市公安局法医学人体损伤程度检验鉴定书，现场照片，同案犯刑事判决书，投案情况说明，民事赔偿协议书，领条，谅解书，破案经过，户籍证明及被告人郑某供述等证据证实，足以认定。 关于被告人郑某检举他人的犯罪行为是否构成立功的问题。经查，本院认为，被告人郑某系在到案前检举、揭发他人犯罪行为，不符合刑法关于立功构成条件的规定，依法不能认定为立功，但可作为酌定从轻量刑情节予以考虑。故被告人郑某的辩解意见，本院不予采纳。 ","cpfxgc":"本院认为，被告人郑某无视国家法纪和社会公德，结伙持械在公共场所随意殴打他人，破坏社会秩序，致一人轻伤、二人轻微伤，情节恶劣，其行为已构成寻衅滋事罪，公诉机关指控罪名成立。案发后，被告人郑某主动投案并如实供述罪行，属自首，可从轻处罚；积极赔偿被害人经济损失并取得谅解，可酌情从轻处罚。据此，依照《中华人民共和国刑法》第二百九十三条第一款第（一）项、第二十五条第一款、第六十七条第一款的规定，判决如下：","pjjg":" 被告人郑某犯寻衅滋事罪，判处有期徒刑一年。 （刑期从判决执行之日起计算。判决执行以前先行羁押的，羁押一日折抵刑期一日，即自2015年9月2日起至2016年9月1日止） 如不服本判决，可在接到判决书的第二日起十日内，通过本院或者直接向福建省宁德市中级人民法院提出上诉。书面上诉的，应当提交上诉状正本一份，副本二份。","qw":"福建省福鼎市人民法院 刑事判决书 （2015）鼎刑初字第324号 公诉机关福建省福鼎市人民检察院。 被告人郑某，男，1993年10月2日出生，住福建省福鼎市。因涉嫌犯寻衅滋事罪于2015年7月2日向福鼎市公安局投案，次日被取保候审。2015年9月2日经本院决定，同日由福鼎市公安局执行逮捕。现羁押于福鼎市看守所。 福建省福鼎市人民检察院以鼎检诉刑诉（2015）291号起诉书指控被告人郑某犯寻衅滋事罪，于2015年9月2日向本院提起公诉。本院依法适用简易程序，实行独任审判，公开开庭审理了本案，福鼎市人民检察院指派代理检察员江祖程出庭支持公诉，被告人郑某到庭参加诉讼。现已审理终结。 经审理查明，2014年1月31日凌晨1时30分许，被告人郑某与“阿强”、“南哥”等人在本市桐山街道“玛索酒吧”内喝酒，期间，同伴吕阿德、郑荣荣（均已判决）与“老张”在该酒吧楼下因琐事与被害人董某等人发生扭打。随后，被告人郑某等人受吕阿德、郑荣荣与“老张”纠集下楼，当见被害人董某等人正搭乘出租车离开时，遂乘坐由同伙驾驶的一辆丰田轿车，与另一辆福特轿车共同在本市市区搜寻被害人董某等人踪迹，伺机报复。同日凌晨1时38分许，被告人郑某与“老张”、“南哥”等人在本市兴业银行富阳路网点处发现被害人董某、张某、林某乙等人，即持匕首将董某、张某捅伤，将林某乙打伤。经福鼎市公安局法医学人体损伤程度检验鉴定，被害人董某的伤情为轻伤二级，被害人张某、林某乙的伤情为轻微伤。 案发后，被告人郑某及同案犯吕阿德、郑荣荣三人家属共同赔偿被害人董某、张某、林某乙医疗费等经济损失人民币138000元（其中被告人郑某家属支付人民币40000元，吕阿德家属支付人民币23000元，郑荣荣家属支付人民币75000元），取得三被害人谅解。另查明，被告人郑某于2015年7月2日向福鼎市公安局投案，如实供述罪行。 上述事实，被告人郑某在开庭审理过程中亦无异议，并有经庭审举证、质证的被害人被害人董某、张某、林某乙陈述，同案犯郑荣荣、吕阿德供述，证人雷某、林某甲、周某、胡某证言，辨认笔录，提取笔录，勘验笔录，福鼎市公安局法医学人体损伤程度检验鉴定书，现场照片，同案犯刑事判决书，投案情况说明，民事赔偿协议书，领条，谅解书，破案经过，户籍证明及被告人郑某供述等证据证实，足以认定。 关于被告人郑某检举他人的犯罪行为是否构成立功的问题。经查，本院认为，被告人郑某系在到案前检举、揭发他人犯罪行为，不符合刑法关于立功构成条件的规定，依法不能认定为立功，但可作为酌定从轻量刑情节予以考虑。故被告人郑某的辩解意见，本院不予采纳。 本院认为，被告人郑某无视国家法纪和社会公德，结伙持械在公共场所随意殴打他人，破坏社会秩序，致一人轻伤、二人轻微伤，情节恶劣，其行为已构成寻衅滋事罪，公诉机关指控罪名成立。案发后，被告人郑某主动投案并如实供述罪行，属自首，可从轻处罚；积极赔偿被害人经济损失并取得谅解，可酌情从轻处罚。据此，依照《中华人民共和国刑法》第二百九十三条第一款第（一）项、第二十五条第一款、第六十七条第一款的规定，判决如下： 被告人郑某犯寻衅滋事罪，判处有期徒刑一年。 （刑期从判决执行之日起计算。判决执行以前先行羁押的，羁押一日折抵刑期一日，即自2015年9月2日起至2016年9月1日止） 如不服本判决，可在接到判决书的第二日起十日内，通过本院或者直接向福建省宁德市中级人民法院提出上诉。书面上诉的，应当提交上诉状正本一份，副本二份。 代理审判员许嘉 二〇一五年九月十七日 书记员陈裕云 附：相关法律条文 《中华人民共和国刑法》 第二百九十三条有下列寻衅滋事行为之一，破坏社会秩序的，处五年以下有期徒刑、拘役或者管制： （一）随意殴打他人，情节恶劣的； （二）追逐、拦截、辱骂、恐吓他人，情节恶劣的； （三）强拿硬要或者任意损毁、占用公私财物，情节严重的； （四）在公共场所起哄闹事，造成公共场所秩序严重混乱的。 纠集他人多次实施前款行为，严重破坏社会秩序的，处五年以上十年以下有期徒刑，可以并处罚金。 第二十五条共同犯罪是指二人以上共同故意犯罪。 二人以上共同过失犯罪，不以共同犯罪论处；应当负刑事责任的，按照他们所犯的罪分别处罚。 第六十七条犯罪以后自动投案，如实供述自己的罪行的，是自首。对于自首的犯罪分子，可以从轻或者减轻处罚。其中，犯罪较轻的，可以免除处罚。 被采取强制措施的犯罪嫌疑人、被告人和正在服刑的罪犯，如实供述司法机关还未掌握的本人其他罪行的，以自首论。 犯罪嫌疑人虽不具有前两款规定的自首情节，但是如实供述自己罪行的，可以从轻处罚；因其如实供述自己罪行，避免特别严重后果发生的，可以减轻处罚。 《中华人民共和国刑事诉讼法》 第二百四十三条第三款最高人民检察院对各级人民法院已经发生法律效力的判决和裁定，上级人民检察院对下级人民法院已经发生法律效力的判决和裁定，如果发现确有错误，有权按照审判监督程序向同级人民法院提出抗诉。","writId":"064320e3a35de454f6d6bd00d2b087e624c","writName":"郑某犯寻衅滋事罪一审刑事判决书"}
