{"ajId":"fbf5820c-811d-4bdf-8bb6-aea5fd7bdc30","ajName":"魏乐寻衅滋事罪一案","ajjbqk":" 凤台县人民检察院指控：2015年10月30日21时许，在凤台县城关镇二厂街东头，被告人魏乐酒后无故拍了朱某女儿张某一下，张某告诉朱某其不认识这个拍她的男子。朱某质问魏乐做什么，后魏乐和朱某发生口角，朱某母女被人劝走离开，后被告人魏乐从后面追上朱某，对朱某拳打脚踢，致朱某多处受伤。经安徽理工司法鉴定中心鉴定，朱某的伤情属轻伤一级。 公诉机关指控上述事实向法庭举出的证据有：1、被害人朱某的陈述；2、证人童某、张某的证言；3、被告人魏乐的供述；4、安徽理工司法鉴定中心鉴定意见；5、凤台县公安局现场勘查笔录及刑侦技术图片，辨认笔录，户籍证明等证据。据此，公诉机关认为，被告人魏乐无故随意殴打他人，情节恶劣，其行为构成寻衅滋事罪。被告人魏乐能当庭认罪，可对其酌情从轻处罚。被告人魏乐因犯盗窃罪被判处有期徒刑，在刑满释放后五年内又故意犯罪被判处有期徒刑，是累犯，依法予以从重处罚。公诉机关提请本院依照《中华人民共和国刑法》第二百九十三条第一款第（一）项，第六十五条第一款之规定，对被告人魏乐予以惩处。 附带民事诉讼原告人朱某诉称：2015年10月30日21时许，在凤台县城关镇二厂街东头，其无故被被告人魏乐打伤。经安徽理工司法鉴定中心鉴定，其伤情属轻伤一级。故要求魏乐赔偿医疗等费用503934元，并提交相关证据。 被告人魏乐对公诉机关指控的犯罪事实无异议，辩解提出其行为不构成寻衅滋事罪，应构成故意伤害罪。对附带民事诉讼原告人朱某的诉讼请求按照法律规定赔偿。其辩护人辩护提出，被告人魏乐的行为不构成寻衅滋事罪，应构成故意伤害罪，被告人魏乐能当庭认罪，建议对其从轻处罚。 经审理查明：2015年10月30日21时许，被告人魏乐酒后在凤台县城关镇二厂街东头，无故拍了朱某女儿张某一下，张某告诉其母亲朱某不认识这个拍她的男子。朱某便问魏乐做什么，双方发生口角，后朱某母女被人劝走离开，被告人魏乐从后面追上朱某，对朱某拳打脚踢，致朱某多处受伤。经安徽理工司法鉴定中心鉴定，朱某的伤情属轻伤一级。 另查明：被告人魏乐因犯盗窃罪于2009年1月20日被凤台县人民法院判处有期徒刑六年，并处罚金40000元，2013年10月16日刑满释放。 另查明：被害人朱某被打伤后于2015年10月30日到凤台县人民医院住院治疗，2015年12月28日出院，住院治疗59天。2016年1月9日到淮南新华医疗集团住院治疗，2016年1月16日出院，住院治疗7天。两次共住院治疗66天，共花费医疗费（含门诊检查费、矫形器具费）21082.23元。 2016年8月12日，经凤台县人民法院委托，安徽同德司法鉴定所对朱某的伤残等级及误工期、营养期、护理期进行了鉴定。2016年8月23日，安徽同德司法鉴定所出具了鉴定报告，经鉴定，朱某的伤残等级为九级伤残，误工期为伤后至评残前一日，护理期约为120日，营养期约为120日。鉴定费2100元。2016年6月24日，朱某进行人体损伤程度鉴定支付鉴定费700元，鉴定费合计2800元。 上述事实，有公诉机关提交，并经法庭质证、认证的下列证据予以证明，证据来源合法、有效，所证内容客观真实，本院依法予以确认。 1、被害人朱某的陈述，证实2015年10月30日晚上，其和女儿张某从凤台县二厂东头往西走，西边来了二个男的，其中一个男的上来摸其女儿的脸，其就质问这个男的干什么，可是耍流氓，那个男的讲他就耍流氓了，又能把他怎么样。另外一个男的劝这个人不要闹事，其和女儿就往前走了。后那个男的追上来，一只手拽着其左胳膊，另一只手往其头上打了几下，其从旁边一家店门口拿了一把扫帚，那个男的上来把其扫帚夺过去丢在一边，后那个男的用手拽其头发，往其腿上踢了一脚，把其踢倒在地上，后用脚不停地踢，另一个男的上去拉他，把他拉走了，其被那人打伤。 3．证人童某的证言，证实2015年10月30日晚上9点30分左右，其在凤台县二厂街听到后面有人吵闹，回头一看是一个男的和二个女的吵话，吵了几句，然后那个男的就和那个年纪大的女子撕扯起来，其过去拉架，走到跟前看到那个年纪大些的女的拽着那个男的衣服，那个男的就用拳头往女的脸上打了几拳，其把那男的拉走了。走了有几米远，那个女的就在后面骂，这个男的听到有人骂他，就挣开其，回头冲上去拽那个女的头发，把那个女的摔倒在地上，用脚踢那个女的头部，其上去把他拉开。 3、证人张某的证言，证实2015年10月30日晚上9点多钟，其和母亲朱某从二厂往家．走，走到路东口时过来二个男的，其中一个男的上来就要搂其，其就往后面躲。其母亲就问那男的耍流氓可是，旁边那个男的讲这个人喝多了，让其妈不要和他一般见识。然后其母女就往前走，没走两步，其母亲接其父亲的电话，那个搂其的男的看到其母亲打电话，就过来问其母亲是不是要找人打他，其对他讲没有。后那人上去朝其母亲左边脸打了一拳，其就问他干什么，要是闹事的话其就报警了，其母亲从旁边拿了一把扫把往这个男的胳膊上打了一下，这个人一脚把其母亲踹到地上，然后就往其母亲的身上和头部踢，后那人就走了。 4、被告人魏乐的供述称，2015年10月底的一天晚上，其和童某一起在二厂东边溜达，看到前面有一个女孩，其就上去拍她一下，这个女孩回头其看不认识，然后有一个妇女跟那个女孩说了几句话，那个妇女就问其干什么的，其当时喝了点酒，听那妇女说话语气不好，其也没给那妇女好听的话。接着其就和她对骂起来，童某上来把其拉开，那两个女的就往前走了。其心里就不高兴，感觉有点丢人，就在后面继续骂，那个妇女听到其在后面骂，就回头和其对骂，其就追上去，抓住那妇女的胳膊把她摔在地上，然后用脚朝那个妇女身上、胳膊上、头上跺了几脚，童某上来把其拉开，然后其就离开现场了。 5、安徽理工司法鉴定中心［2016］临鉴字第150号人体损伤程度鉴定意见，证实朱某被他人打伤致左肩关节脱位伴左肱骨大结节撕脱性骨折遗留左肩关节功能丧失35.0％，评定为轻伤一级。 6、凤台县公安局现场勘验笔录及刑侦技术图片，证实案发现场位于凤台县城关镇二厂街等情况。 7、辨认笔录证实，经朱某辨认，殴打其的人是魏乐；经童某辨认，殴打朱某的人是魏乐。 8、凤台县公安局城关派出所出具的归案说明，证实魏乐于2016年2月7日被凤台县公安局抓获。 9、安徽省凤台县人民法院（2009）凤刑初字第06号刑事判决书，证实被告人魏乐因犯盗窃罪于2009年1月20日被凤台县人民法院判处有期徒刑六年，并处罚金40000元。 10、安徽省白湖监狱管理分局狱政科出具的离监犯信息，证实魏乐于2013年10月16日刑满释放。 11、凤台县人民医院、淮南新华医疗集团医院病历及医药费发票，证实朱某于2015年10月30日住院治疗，2015年12月28日出院，住院治疗59天。2016年1月9日到淮南新华医疗集团住院治疗，2016年1月16日出院，住院治疗7天。两次共住院治疗66天，共花费医疗费（含门诊检查费、矫形器具费）21082.23元。 12、鉴定费发票，证实鉴定费2800元。 13、安徽同德司法鉴定所皖同［2016］临鉴字第F1129号鉴定意见，鉴定朱某的误工期为伤后至评残前一日，护理期约为120日，营养期约为120日。朱某因外伤致左上肢丧失功能25％以上，属九级伤残。 14、户籍证明，证实魏乐于1988年8月11日出生，犯罪时具有完全刑事责任能力。 关于被告人魏乐及其辩护人辩解辩护提出，其行为不构成寻衅滋事罪，应构成故意伤害罪，经查，被告人魏乐酒后无故拍了被害人朱某女儿，为此双方发生口角，被害人朱某母女被人劝走后，被告人魏乐借故生非从后面追上朱某，对朱某拳打脚踢，故被告人魏乐的行为符合寻衅滋事罪的构成要件，行为构成寻衅滋事罪，故辩解辩护意见不成立，本院不予采纳。其辩护人辩护提出，被告人魏乐能当庭认罪，建议对其从轻处罚的辩护意见成立，本院予以采纳。 ","cpfxgc":"本院认为：被告人魏乐无故随意殴打他人，致一人轻伤，情节恶劣，其行为构成寻衅滋事罪，依法应予以惩处。凤台县人民检察院指控被告人魏乐犯罪事实和罪名成立，本院予以确认。被告人魏乐能当庭认罪，依法酌情从轻处罚。被告人魏乐因犯盗窃罪被判处有期徒刑，在刑罚执行完毕后五年内又故意犯罪被判处有期徒刑，是累犯，依法予以从重处罚。附带民事诉讼原告人朱某符合法律规定的损失，本院依法予以支持，不符合法律规定的损失，本院不予支持。附带民事诉讼原告人朱某符合法律规定的损失有：医药费21082.23元有票据证实，本院予以支持。朱某系公司法人代表，其未能提交证据证明其实际误工损失，亦未能提交证据证明其最近三年的平均收入状况，其误工费可参照安徽省批发和零售业45751元／年计算，其误工期为297天，误工费37227.5元（45751元／年÷365天×297天）。护理费，朱某未能提交证据证明实际护理费用，护理费可参照安徽省居民服务业41690元／天标准计算，其护理期为120天，护理费为13706.3元（41690元／年÷365×120天）。住院伙食补助费和营养费均可参照国家一般公务人员出差补助标准30元／天计算，住院伙食补助费为1980元（30元／天×66天），朱某的营养期为120天，其营养费为3600元（30元／天×1200天）。交通费，结合朱某住院时间、就诊地点，本院酌定5000元；鉴定费2800元，本院予以支持。附带民事诉讼原告人朱某的其他诉讼请求，缺乏法律依据，本院不予支持。依照《中华人民共和国刑法》第二百九十三条第一款第（一）项，第六十五条第一款，第三十六条第一款及最高人民法院关于适用《中华人民共和国刑事诉讼法》的解释第一百五十五条第一款、第二款之规定，判决如下：","pjjg":" 一、被告人魏乐犯寻衅滋事罪，判处有期徒刑三年五个月； （刑期从判决执行之日起计算；判决执行以前先行羁押的，羁押一日折抵刑期一日。即自2016年2月7日起至2019年7月6日止。） 二、被告人魏乐赔偿附带民事诉讼原告人朱某医疗费21082.23元、误工费37227.5元、护理费13706.3元、住院伙食补助费1980元、营养费3600元、交通费5000元、鉴定费2800元，合计85396.03元。上述款项于判决生效后10日内履行； 三、驳回附带民事诉讼原告人朱某其他诉讼请求。 如不服本判决，可在接到本判决书的第二日起十日内，通过本院或者直接向安徽省淮南市中级人民法院提出上诉。书面上诉的，应当提交上诉状正本一份、副本两份。","qw":"魏乐寻衅滋事罪一审刑事判决书 安徽省凤台县人民法院 刑事附带民事判决书 （2016）皖0421刑初280号 公诉机关安徽省凤台县人民检察院。 附带民事诉讼原告人朱某（被害人），女，1968年10月26日出生于安徽省凤台县，汉族，初中文化，个体工商户，住安徽省凤台县。 诉讼代理人李曙光，安徽永幸律师事务所律师。 被告人魏乐，男，1988年8月11日出生于安徽省凤台县，汉族，初中文化，无业，住安徽省凤台县。曾因犯盗窃罪于2009年1月20日被判处有期徒刑六年，并处罚金40000元，2013年10月16日刑满释放。现因犯寻衅滋事罪于2016年2月7日被凤台县公安局城关派出所抓获，次日被凤台县公安局刑事拘留，同年2月17日经凤台县人民检察院批准逮捕，同年2月19日被凤台县公安局执行逮捕。 辩护人王克强，安徽俊诚律师事务所律师。 凤台县人民检察院以凤检刑诉［2016］263号起诉书指控被告人魏乐犯寻衅滋事罪，于2016年8月1日向本院提起公诉。本院审查后于同日立案，在本院审理过程中，附带民事诉讼原告人朱某向本院提起附带民事诉讼，要求被告人魏乐赔偿其经济损失。本院依法组成合议庭，于2016年8月26日公开开庭合并审理了本案。凤台县人民检察院指派检察员贺侠、宁利出庭支持公诉，附带民事诉讼原告人朱某及其诉讼代理人李曙光，被告人魏乐及其辩护人王克强到庭参加诉讼。本案在审理期间，附带民事诉讼原告人朱某申请对其伤残等级方面进行鉴定，本院依法同意鉴定，在开庭审理过程中，被告人魏乐对部分事实有异议，本案由简易程序转化为普通程序。本案现已审理终结。 凤台县人民检察院指控：2015年10月30日21时许，在凤台县城关镇二厂街东头，被告人魏乐酒后无故拍了朱某女儿张某一下，张某告诉朱某其不认识这个拍她的男子。朱某质问魏乐做什么，后魏乐和朱某发生口角，朱某母女被人劝走离开，后被告人魏乐从后面追上朱某，对朱某拳打脚踢，致朱某多处受伤。经安徽理工司法鉴定中心鉴定，朱某的伤情属轻伤一级。 公诉机关指控上述事实向法庭举出的证据有：1、被害人朱某的陈述；2、证人童某、张某的证言；3、被告人魏乐的供述；4、安徽理工司法鉴定中心鉴定意见；5、凤台县公安局现场勘查笔录及刑侦技术图片，辨认笔录，户籍证明等证据。据此，公诉机关认为，被告人魏乐无故随意殴打他人，情节恶劣，其行为构成寻衅滋事罪。被告人魏乐能当庭认罪，可对其酌情从轻处罚。被告人魏乐因犯盗窃罪被判处有期徒刑，在刑满释放后五年内又故意犯罪被判处有期徒刑，是累犯，依法予以从重处罚。公诉机关提请本院依照《中华人民共和国刑法》第二百九十三条第一款第（一）项，第六十五条第一款之规定，对被告人魏乐予以惩处。 附带民事诉讼原告人朱某诉称：2015年10月30日21时许，在凤台县城关镇二厂街东头，其无故被被告人魏乐打伤。经安徽理工司法鉴定中心鉴定，其伤情属轻伤一级。故要求魏乐赔偿医疗等费用503934元，并提交相关证据。 被告人魏乐对公诉机关指控的犯罪事实无异议，辩解提出其行为不构成寻衅滋事罪，应构成故意伤害罪。对附带民事诉讼原告人朱某的诉讼请求按照法律规定赔偿。其辩护人辩护提出，被告人魏乐的行为不构成寻衅滋事罪，应构成故意伤害罪，被告人魏乐能当庭认罪，建议对其从轻处罚。 经审理查明：2015年10月30日21时许，被告人魏乐酒后在凤台县城关镇二厂街东头，无故拍了朱某女儿张某一下，张某告诉其母亲朱某不认识这个拍她的男子。朱某便问魏乐做什么，双方发生口角，后朱某母女被人劝走离开，被告人魏乐从后面追上朱某，对朱某拳打脚踢，致朱某多处受伤。经安徽理工司法鉴定中心鉴定，朱某的伤情属轻伤一级。 另查明：被告人魏乐因犯盗窃罪于2009年1月20日被凤台县人民法院判处有期徒刑六年，并处罚金40000元，2013年10月16日刑满释放。 另查明：被害人朱某被打伤后于2015年10月30日到凤台县人民医院住院治疗，2015年12月28日出院，住院治疗59天。2016年1月9日到淮南新华医疗集团住院治疗，2016年1月16日出院，住院治疗7天。两次共住院治疗66天，共花费医疗费（含门诊检查费、矫形器具费）21082.23元。 2016年8月12日，经凤台县人民法院委托，安徽同德司法鉴定所对朱某的伤残等级及误工期、营养期、护理期进行了鉴定。2016年8月23日，安徽同德司法鉴定所出具了鉴定报告，经鉴定，朱某的伤残等级为九级伤残，误工期为伤后至评残前一日，护理期约为120日，营养期约为120日。鉴定费2100元。2016年6月24日，朱某进行人体损伤程度鉴定支付鉴定费700元，鉴定费合计2800元。 上述事实，有公诉机关提交，并经法庭质证、认证的下列证据予以证明，证据来源合法、有效，所证内容客观真实，本院依法予以确认。 1、被害人朱某的陈述，证实2015年10月30日晚上，其和女儿张某从凤台县二厂东头往西走，西边来了二个男的，其中一个男的上来摸其女儿的脸，其就质问这个男的干什么，可是耍流氓，那个男的讲他就耍流氓了，又能把他怎么样。另外一个男的劝这个人不要闹事，其和女儿就往前走了。后那个男的追上来，一只手拽着其左胳膊，另一只手往其头上打了几下，其从旁边一家店门口拿了一把扫帚，那个男的上来把其扫帚夺过去丢在一边，后那个男的用手拽其头发，往其腿上踢了一脚，把其踢倒在地上，后用脚不停地踢，另一个男的上去拉他，把他拉走了，其被那人打伤。 3．证人童某的证言，证实2015年10月30日晚上9点30分左右，其在凤台县二厂街听到后面有人吵闹，回头一看是一个男的和二个女的吵话，吵了几句，然后那个男的就和那个年纪大的女子撕扯起来，其过去拉架，走到跟前看到那个年纪大些的女的拽着那个男的衣服，那个男的就用拳头往女的脸上打了几拳，其把那男的拉走了。走了有几米远，那个女的就在后面骂，这个男的听到有人骂他，就挣开其，回头冲上去拽那个女的头发，把那个女的摔倒在地上，用脚踢那个女的头部，其上去把他拉开。 3、证人张某的证言，证实2015年10月30日晚上9点多钟，其和母亲朱某从二厂往家．走，走到路东口时过来二个男的，其中一个男的上来就要搂其，其就往后面躲。其母亲就问那男的耍流氓可是，旁边那个男的讲这个人喝多了，让其妈不要和他一般见识。然后其母女就往前走，没走两步，其母亲接其父亲的电话，那个搂其的男的看到其母亲打电话，就过来问其母亲是不是要找人打他，其对他讲没有。后那人上去朝其母亲左边脸打了一拳，其就问他干什么，要是闹事的话其就报警了，其母亲从旁边拿了一把扫把往这个男的胳膊上打了一下，这个人一脚把其母亲踹到地上，然后就往其母亲的身上和头部踢，后那人就走了。 4、被告人魏乐的供述称，2015年10月底的一天晚上，其和童某一起在二厂东边溜达，看到前面有一个女孩，其就上去拍她一下，这个女孩回头其看不认识，然后有一个妇女跟那个女孩说了几句话，那个妇女就问其干什么的，其当时喝了点酒，听那妇女说话语气不好，其也没给那妇女好听的话。接着其就和她对骂起来，童某上来把其拉开，那两个女的就往前走了。其心里就不高兴，感觉有点丢人，就在后面继续骂，那个妇女听到其在后面骂，就回头和其对骂，其就追上去，抓住那妇女的胳膊把她摔在地上，然后用脚朝那个妇女身上、胳膊上、头上跺了几脚，童某上来把其拉开，然后其就离开现场了。 5、安徽理工司法鉴定中心［2016］临鉴字第150号人体损伤程度鉴定意见，证实朱某被他人打伤致左肩关节脱位伴左肱骨大结节撕脱性骨折遗留左肩关节功能丧失35.0％，评定为轻伤一级。 6、凤台县公安局现场勘验笔录及刑侦技术图片，证实案发现场位于凤台县城关镇二厂街等情况。 7、辨认笔录证实，经朱某辨认，殴打其的人是魏乐；经童某辨认，殴打朱某的人是魏乐。 8、凤台县公安局城关派出所出具的归案说明，证实魏乐于2016年2月7日被凤台县公安局抓获。 9、安徽省凤台县人民法院（2009）凤刑初字第06号刑事判决书，证实被告人魏乐因犯盗窃罪于2009年1月20日被凤台县人民法院判处有期徒刑六年，并处罚金40000元。 10、安徽省白湖监狱管理分局狱政科出具的离监犯信息，证实魏乐于2013年10月16日刑满释放。 11、凤台县人民医院、淮南新华医疗集团医院病历及医药费发票，证实朱某于2015年10月30日住院治疗，2015年12月28日出院，住院治疗59天。2016年1月9日到淮南新华医疗集团住院治疗，2016年1月16日出院，住院治疗7天。两次共住院治疗66天，共花费医疗费（含门诊检查费、矫形器具费）21082.23元。 12、鉴定费发票，证实鉴定费2800元。 13、安徽同德司法鉴定所皖同［2016］临鉴字第F1129号鉴定意见，鉴定朱某的误工期为伤后至评残前一日，护理期约为120日，营养期约为120日。朱某因外伤致左上肢丧失功能25％以上，属九级伤残。 14、户籍证明，证实魏乐于1988年8月11日出生，犯罪时具有完全刑事责任能力。 关于被告人魏乐及其辩护人辩解辩护提出，其行为不构成寻衅滋事罪，应构成故意伤害罪，经查，被告人魏乐酒后无故拍了被害人朱某女儿，为此双方发生口角，被害人朱某母女被人劝走后，被告人魏乐借故生非从后面追上朱某，对朱某拳打脚踢，故被告人魏乐的行为符合寻衅滋事罪的构成要件，行为构成寻衅滋事罪，故辩解辩护意见不成立，本院不予采纳。其辩护人辩护提出，被告人魏乐能当庭认罪，建议对其从轻处罚的辩护意见成立，本院予以采纳。 本院认为：被告人魏乐无故随意殴打他人，致一人轻伤，情节恶劣，其行为构成寻衅滋事罪，依法应予以惩处。凤台县人民检察院指控被告人魏乐犯罪事实和罪名成立，本院予以确认。被告人魏乐能当庭认罪，依法酌情从轻处罚。被告人魏乐因犯盗窃罪被判处有期徒刑，在刑罚执行完毕后五年内又故意犯罪被判处有期徒刑，是累犯，依法予以从重处罚。附带民事诉讼原告人朱某符合法律规定的损失，本院依法予以支持，不符合法律规定的损失，本院不予支持。附带民事诉讼原告人朱某符合法律规定的损失有：医药费21082.23元有票据证实，本院予以支持。朱某系公司法人代表，其未能提交证据证明其实际误工损失，亦未能提交证据证明其最近三年的平均收入状况，其误工费可参照安徽省批发和零售业45751元／年计算，其误工期为297天，误工费37227.5元（45751元／年÷365天×297天）。护理费，朱某未能提交证据证明实际护理费用，护理费可参照安徽省居民服务业41690元／天标准计算，其护理期为120天，护理费为13706.3元（41690元／年÷365×120天）。住院伙食补助费和营养费均可参照国家一般公务人员出差补助标准30元／天计算，住院伙食补助费为1980元（30元／天×66天），朱某的营养期为120天，其营养费为3600元（30元／天×1200天）。交通费，结合朱某住院时间、就诊地点，本院酌定5000元；鉴定费2800元，本院予以支持。附带民事诉讼原告人朱某的其他诉讼请求，缺乏法律依据，本院不予支持。依照《中华人民共和国刑法》第二百九十三条第一款第（一）项，第六十五条第一款，第三十六条第一款及最高人民法院关于适用《中华人民共和国刑事诉讼法》的解释第一百五十五条第一款、第二款之规定，判决如下： 一、被告人魏乐犯寻衅滋事罪，判处有期徒刑三年五个月； （刑期从判决执行之日起计算；判决执行以前先行羁押的，羁押一日折抵刑期一日。即自2016年2月7日起至2019年7月6日止。） 二、被告人魏乐赔偿附带民事诉讼原告人朱某医疗费21082.23元、误工费37227.5元、护理费13706.3元、住院伙食补助费1980元、营养费3600元、交通费5000元、鉴定费2800元，合计85396.03元。上述款项于判决生效后10日内履行； 三、驳回附带民事诉讼原告人朱某其他诉讼请求。 如不服本判决，可在接到本判决书的第二日起十日内，通过本院或者直接向安徽省淮南市中级人民法院提出上诉。书面上诉的，应当提交上诉状正本一份、副本两份。 审判长孙永强 审判员李晓敏 人民陪审员刘福品 二〇一六年十月十一日 书记员程诚 附相关法律条文 《中华人民共和国刑法》 第二百九十三条有下列寻衅滋事行为之一，破坏社会秩序的，处五年以下有期徒刑、拘役或者管制： （一）随意殴打他人，情节恶劣的； （二）追逐、拦截、辱骂、恐吓他人，情节恶劣的； （三）强拿硬要或者任意损毁、占用公私财物，情节严重的； （四）在公共场所起哄闹事，造成公共场所秩序严重混乱的。 纠集他人多次实施前款行为，严重破坏社会秩序的，处五年以上十年以下有期徒刑，可以并处罚金。 第六十五条被判处有期徒刑以上刑罚的犯罪分子，刑罚执行完毕或者赦免以后，在五年以内再犯应当判处有期徒刑以上刑罚之罪的，是累犯，应当从重处罚，但是过失犯罪和不满十八周岁的人犯罪的除外。 前款规定的期限，对于被假释的犯罪分子，从假释期满之日起计算。 第三十六条由于犯罪行为而使被害人遭受经济损失的，对犯罪分子除依法给予刑事处罚外，并应根据情况判处赔偿经济损失。 承担民事赔偿责任的犯罪分子，同时被判处罚金，其财产不足以全部支付的，或者被判处没收财产的，应当先承担对被害人的民事赔偿责任。 最高人民法院关于适用《中华人民共和国刑事诉讼法》的解释 第一百五十五条对附带民事诉讼作出判决，应当根据犯罪行为造成的物质损失，结合案件具体情况，确定被告人应当赔偿的数额。 犯罪行为造成被害人人身损害的，应当赔偿医疗费、护理费、交通费等为治疗和康复支付的合理费用，以及因误工减少的收入。造成被害人残疾的，还应当赔偿残疾生活辅助具费等费用；造成被害人死亡的，还应当赔偿丧葬费等费用。 驾驶机动车致人伤亡或者造成公私财产重大损失，构成犯罪的，依《中华人民共和国道路交通安全法》第七十六条的规定确定赔偿责任。 附带民事诉讼当事人就民事赔偿问题达成调解、和解协议的，赔偿范围、数额不受第二款第二款、第三款规定的限制。","writId":"03246dc869a3803bb41ec6141b7c90136cb","writName":"魏乐寻衅滋事罪一审刑事判决书"}
