{"ajId":"4ed1cf7d-23ba-40b4-b329-0973d3e90936","ajName":"李某某强奸一案","ajjbqk":" 吉林省农安县人民检察院指控：被告人李某某于2017年7月24日凌晨1时许，潜入本组居民韩X家，趁韩X熟睡之机，欲强奸韩X，因韩X发现后极力反抗而未能得逞。 公诉机关认定上述事实的证据如下：1、书证；2、证人证言；3、被害人陈述；4、被告人供述；5、鉴定意见；6、指认笔录；7、视听资料。并认为，被告人李某某强奸妇女，其行为触犯了《中华人民共和国刑法》第二百三十六条一款之规定，犯罪事实清楚，证据确实充分，应当以强奸罪追究其刑事责任。被告人李某某系犯罪未遂，根据《中华人民共和国刑法》第二十三条二款之规定，可以比照既遂犯从轻或者减轻处罚。 被告人李某某无辩解。 经审理查明：被告人李某某于2017年7月24日凌晨1时许，潜入本组居民韩某家，趁韩某熟睡之机，欲强奸韩某，因韩某发现后极力反抗而未能得逞。 上述事实，被告人李某某在庭审中供述：对起诉书指控的事实及罪名均无异议，表示认罪。 公诉机关提供如下证据予以证实： （一）书证 1、破案报告及抓捕经过。 2、户籍证明。 3、公民无违法犯罪记录证明。 4、被告人李某某被咬伤照片2张。 5、扣押返还材料。 （二）证人证言 1、证人孟某证言。 2、证人李某证言。 3、证人孙某证言。 （三）被害人陈述 1、被害人韩某陈述。 2、被告人韩某陈述。 （四）被告人供述 1、被告人李某某供述。 2、被告人李某某供述。 （五）鉴定意见 农安县价格认定中心（2017）259号价格认定结论书。 （六）指认现场笔录。 （七）视听资料 讯问笔录光盘。 上列证据，经当庭与被告人李某某质证，均无异议，应予确认，应当作为定案的依据 ","cpfxgc":"本合议庭认为，被告人李某某凌晨潜入被害人家中，趁被害人睡觉之机，对其实施强奸，其行为已构成强奸罪。公诉机关指控事实清楚，证据充分，罪名成立，应予支持。被告人李某某认罪，且系强奸未遂，可比照既遂犯对其从轻处罚。依照《中华人民共和国刑法》第二百三十六条第一款（强奸）、第六十七条三款（如实供述）、第二十三条二款（未遂）之规定，判决如下：","pjjg":" 被告人李某某犯强奸罪，判处有期徒刑四年。 （刑期从判决执行之日起计算，判决执行以前先行羁押的，羁押一日折抵刑期一日，即自2017年7月24日起至2021年7月23日止）。 如不服本判决，可在接到判决书的第二日起十日内，通过本院或者直接上诉于吉林省长春市中级人民法院。书面上诉的，应当提交上诉状正本一份，副本两份。","qw":"吉林省农安县人民法院 刑事判决书 （2017）吉0122刑初301号 公诉机关吉林省农安县人民检察院。 被告人李某某，男，1988年1月24日出生，汉族，吉林省农安县人，小学文化，无职业，住农安县。因涉嫌强奸，于2017年7月24日被刑事拘留；同年8月4日被逮捕。现羁押于农安县公安局看守所。 吉林省农安县人民检察院以吉农检刑诉［2017］274号起诉书指控被告人李某某犯强奸罪，向本院提起公诉。本院依法组成合议庭，不公开开庭审理了本案。吉林省农安县人民检察院指派检察员刘致远出庭支持公诉，被告人李某某到庭参加诉讼，现已审理终结。 吉林省农安县人民检察院指控：被告人李某某于2017年7月24日凌晨1时许，潜入本组居民韩X家，趁韩X熟睡之机，欲强奸韩X，因韩X发现后极力反抗而未能得逞。 公诉机关认定上述事实的证据如下：1、书证；2、证人证言；3、被害人陈述；4、被告人供述；5、鉴定意见；6、指认笔录；7、视听资料。并认为，被告人李某某强奸妇女，其行为触犯了《中华人民共和国刑法》第二百三十六条一款之规定，犯罪事实清楚，证据确实充分，应当以强奸罪追究其刑事责任。被告人李某某系犯罪未遂，根据《中华人民共和国刑法》第二十三条二款之规定，可以比照既遂犯从轻或者减轻处罚。 被告人李某某无辩解。 经审理查明：被告人李某某于2017年7月24日凌晨1时许，潜入本组居民韩某家，趁韩某熟睡之机，欲强奸韩某，因韩某发现后极力反抗而未能得逞。 上述事实，被告人李某某在庭审中供述：对起诉书指控的事实及罪名均无异议，表示认罪。 公诉机关提供如下证据予以证实： （一）书证 1、破案报告及抓捕经过。 2、户籍证明。 3、公民无违法犯罪记录证明。 4、被告人李某某被咬伤照片2张。 5、扣押返还材料。 （二）证人证言 1、证人孟某证言。 2、证人李某证言。 3、证人孙某证言。 （三）被害人陈述 1、被害人韩某陈述。 2、被告人韩某陈述。 （四）被告人供述 1、被告人李某某供述。 2、被告人李某某供述。 （五）鉴定意见 农安县价格认定中心（2017）259号价格认定结论书。 （六）指认现场笔录。 （七）视听资料 讯问笔录光盘。 上列证据，经当庭与被告人李某某质证，均无异议，应予确认，应当作为定案的依据 本合议庭认为，被告人李某某凌晨潜入被害人家中，趁被害人睡觉之机，对其实施强奸，其行为已构成强奸罪。公诉机关指控事实清楚，证据充分，罪名成立，应予支持。被告人李某某认罪，且系强奸未遂，可比照既遂犯对其从轻处罚。依照《中华人民共和国刑法》第二百三十六条第一款（强奸）、第六十七条三款（如实供述）、第二十三条二款（未遂）之规定，判决如下： 被告人李某某犯强奸罪，判处有期徒刑四年。 （刑期从判决执行之日起计算，判决执行以前先行羁押的，羁押一日折抵刑期一日，即自2017年7月24日起至2021年7月23日止）。 如不服本判决，可在接到判决书的第二日起十日内，通过本院或者直接上诉于吉林省长春市中级人民法院。书面上诉的，应当提交上诉状正本一份，副本两份。 审判长郭庆玺 审判员张春艳 人民陪审员王锦英 二〇一七年十一月二十七日 书记员蔡超","writId":"011979c22a9d8142c36ac8d132dd2ee6b67","writName":"李某某强奸一审刑事判决书"}
