{"ajId":"ed5845e1-5853-47b0-97f7-5674c3b2e9b1","ajName":"陈雷盗窃一案","ajjbqk":" 宿州市埇桥区人民检察院指控： 一、2012年6月的一天夜里，被告人陈雷在宿州市埇桥区北杨寨乡庙东村雷某2雷某1家中留宿，夜间上厕所时误穿雷某1的裤子，趁机将雷某1裤子口袋中的现金人民币120元盗走。 二、2015年9月份的一天，被告人陈雷在宿州市埇桥区北杨寨乡庙东村雷某2雷某1家中吃饭，到雷某1卧室内找东西时将雷某1衣柜内的现金人民币500元盗走。 三、2017年4月28日零时许，被告人陈雷事先得知雷某1当晚不在家，进入宿州市埇桥区北杨寨乡庙东村雷某2雷某1家中，将雷某1放在卧室床头柜的钱包内的现金人民币1200元盗走。 2017年4月28日，被告人陈雷在被害人雷某1家中被抓获。 针对上述指控，公诉机关当庭出示了被害人陈述、被告人供述、书证等相关证据予以证实，认为被告人陈雷的行为已构成盗窃罪，建议适用《中华人民共和国刑法》第二百六十四条的规定，对被告人陈雷在拘役三个月至有期徒刑六个月幅度内量刑。 被告人陈雷对公诉机关的指控无异议。其辩护人的辩护意见是：公诉机关指控的第一、二起事实，仅有被告人供述，无其他证据证实，应属事实不清、证据不足。本案是发生在家庭成员之间，被告人陈雷得知被害人雷某1报案后没有离开，在侦查机关对其询问时如实供述犯罪事实，系自首，建议对被告人从轻处罚。 经审理查明：2017年4月28日零时许，被告人陈雷路过宿州市埇桥区北杨寨乡庙东村雷某2其表弟被害人雷某1家中时，发现房门未锁，遂进入被害人雷某1卧室，盗窃现金人民币1200元。被害人雷某1现金被盗后，于当日14时许与被告人陈雷到宿州市公安局埇桥分局北杨寨派出所报案，后该所民警在侦查中发现陈雷有重大嫌疑，遂将陈雷带至北杨寨派出所立案调查。案发后，被盗的1200元现金已返还被害人雷某1。 上述事实，有公诉机关提交，并经法庭质证、认证的下列证据予以证实： 一、现场指认笔录及刑事技术拍照，证明2017年4月28日，被告人陈雷到埇桥区北杨寨乡庙东村雷家组56号雷某1卧室内指认盗窃现场。 二、领条，证明被盗的现金1200元已返还被害人雷某1。 三、被害人雷某1的陈述，证明2017年4月28日6时许，他发现放在卧室床头柜钱包中的1200元现金被盗，他怀疑是他表哥陈雷盗窃的。 四、被告人陈雷的供述，称2012年6月份的一天晚上，他在雷某1家休息时，错穿了雷某1的裤子，发现裤子口袋里有120现金，他将120元现金偷走。2015年9月份的一天，他在雷某1家衣柜里发现500元现金，他将500元现金盗走。2017年4月28日零时许，他从雷某1家路时发现门没有关，雷某1此前告诉他钱放在床头柜的钱包里，他知道雷某1此时不在家便进到雷某1的卧室将雷某1钱包内的1200元现金盗走。 五、本案其他相关证据 （一）户籍证明，证明被告人陈雷1993年5月4日出生于安徽省宿州市，身份证号码。 （二）案发及抓获经过，证明2017年4月28日14时许，被害人雷某1与被告人陈雷到宿州市公安局埇桥分局北杨寨派出所报案称雷某1现金被盗，本案遂案发。该所民警到现场进行勘察时发现被告人陈雷有重大嫌疑，遂将陈雷带至北杨寨派出所调查。 ","cpfxgc":"本院认为：被告人陈雷以非法占有为目的，入户盗窃他人现金1200元，其行为已构成盗窃罪。公诉机关指控的罪名成立，本院予以支持。对被告人辩护人提出的公诉机关指控的第一、二起事实属事实不清、证据不足的辩护意见，经查，公诉机关指控的此二起犯罪事实，仅有被告人陈雷的供述证实，无其他证据予以印证，应属事实不清、证据不足，故辩护人的此辩护意见，本院予以采纳。对被告人辩护人提出的本案发生在家庭成员之间，被告人陈雷系自首的辩护意见，经查，公安机关在侦查中发现被告人陈雷有作案嫌疑，遂将其带至公安机关，被告人陈雷到案并非主动、自愿，不符合自首的法律规定。被告人陈雷虽与被害人雷某1有亲属关系，并不在同一家庭共同生活，不属于同一家庭成员。故辩护人的此辩护意见不能成立，本院不予采纳。被告人陈雷归案后，如实供述犯罪事实，依法予以从轻处罚，退赔被害人经济损失，酌情予以从轻处罚，故对辩护人提出的对被告人从轻处罚的辩护意见，本院予以采纳。被告人陈雷犯罪情节较轻、认罪、悔罪，经社区矫正部门评估，宣告缓刑对其所居住社区无重大不良影响，符合缓刑适用条件，依法可对其适用缓刑。依照《中华人民共和国刑法》第二百六十四条、第六十七条第三款、第六十一条、第七十二条第一款、第三款、第七十三条第一款、第三款之规定，判决如下：","pjjg":" 被告人陈雷犯盗窃罪，判处拘役三个月，缓刑六个月；罚金人民币二千元。 （缓刑考验期限，从判决确定之日起计算。罚金已缴纳） 如不服本判决，可在接到判决书的第二日起十日内，通过本院或者直接向安徽省宿州市中级人民法院提出上诉。书面上诉的，应当提交上诉状正本一份，副本二份。","qw":"安徽省宿州市埇桥区人民法院 刑事判决书 （2017）皖1302刑初908号 公诉机关安徽省宿州市埇桥区人民检察院。 被告人陈雷，男，1993年5月4日出生于安徽省宿州市，汉族，初中文化，农民，住宿州市埇桥区。因涉嫌犯盗窃罪于2017年4月28日被宿州市公安局埇桥分局刑事拘留，同年5月3日被宿州市公安局埇桥分局取保候审。2017年11月17日被本院取保候审。 辩护人陈光跃，安徽大泽律师事务所律师。 辩护人王卓武，安徽大泽律师事务所实习律师。 宿州市埇桥区人民检察院以宿埇检刑诉（2017）963号起诉书指控被告人陈雷犯盗窃罪，于2017年11月16日向本院提起公诉。本院依法组成合议庭，公开开庭审理了本案。宿州市埇桥区人民检察院指派检察员徐昆仑、代理检察员时楚楚出庭支持公诉，被告人陈雷及其辩护人陈光跃、王卓武到庭参加诉讼。本案现已审理终结。 宿州市埇桥区人民检察院指控： 一、2012年6月的一天夜里，被告人陈雷在宿州市埇桥区北杨寨乡庙东村雷某2雷某1家中留宿，夜间上厕所时误穿雷某1的裤子，趁机将雷某1裤子口袋中的现金人民币120元盗走。 二、2015年9月份的一天，被告人陈雷在宿州市埇桥区北杨寨乡庙东村雷某2雷某1家中吃饭，到雷某1卧室内找东西时将雷某1衣柜内的现金人民币500元盗走。 三、2017年4月28日零时许，被告人陈雷事先得知雷某1当晚不在家，进入宿州市埇桥区北杨寨乡庙东村雷某2雷某1家中，将雷某1放在卧室床头柜的钱包内的现金人民币1200元盗走。 2017年4月28日，被告人陈雷在被害人雷某1家中被抓获。 针对上述指控，公诉机关当庭出示了被害人陈述、被告人供述、书证等相关证据予以证实，认为被告人陈雷的行为已构成盗窃罪，建议适用《中华人民共和国刑法》第二百六十四条的规定，对被告人陈雷在拘役三个月至有期徒刑六个月幅度内量刑。 被告人陈雷对公诉机关的指控无异议。其辩护人的辩护意见是：公诉机关指控的第一、二起事实，仅有被告人供述，无其他证据证实，应属事实不清、证据不足。本案是发生在家庭成员之间，被告人陈雷得知被害人雷某1报案后没有离开，在侦查机关对其询问时如实供述犯罪事实，系自首，建议对被告人从轻处罚。 经审理查明：2017年4月28日零时许，被告人陈雷路过宿州市埇桥区北杨寨乡庙东村雷某2其表弟被害人雷某1家中时，发现房门未锁，遂进入被害人雷某1卧室，盗窃现金人民币1200元。被害人雷某1现金被盗后，于当日14时许与被告人陈雷到宿州市公安局埇桥分局北杨寨派出所报案，后该所民警在侦查中发现陈雷有重大嫌疑，遂将陈雷带至北杨寨派出所立案调查。案发后，被盗的1200元现金已返还被害人雷某1。 上述事实，有公诉机关提交，并经法庭质证、认证的下列证据予以证实： 一、现场指认笔录及刑事技术拍照，证明2017年4月28日，被告人陈雷到埇桥区北杨寨乡庙东村雷家组56号雷某1卧室内指认盗窃现场。 二、领条，证明被盗的现金1200元已返还被害人雷某1。 三、被害人雷某1的陈述，证明2017年4月28日6时许，他发现放在卧室床头柜钱包中的1200元现金被盗，他怀疑是他表哥陈雷盗窃的。 四、被告人陈雷的供述，称2012年6月份的一天晚上，他在雷某1家休息时，错穿了雷某1的裤子，发现裤子口袋里有120现金，他将120元现金偷走。2015年9月份的一天，他在雷某1家衣柜里发现500元现金，他将500元现金盗走。2017年4月28日零时许，他从雷某1家路时发现门没有关，雷某1此前告诉他钱放在床头柜的钱包里，他知道雷某1此时不在家便进到雷某1的卧室将雷某1钱包内的1200元现金盗走。 五、本案其他相关证据 （一）户籍证明，证明被告人陈雷1993年5月4日出生于安徽省宿州市，身份证号码。 （二）案发及抓获经过，证明2017年4月28日14时许，被害人雷某1与被告人陈雷到宿州市公安局埇桥分局北杨寨派出所报案称雷某1现金被盗，本案遂案发。该所民警到现场进行勘察时发现被告人陈雷有重大嫌疑，遂将陈雷带至北杨寨派出所调查。 本院认为：被告人陈雷以非法占有为目的，入户盗窃他人现金1200元，其行为已构成盗窃罪。公诉机关指控的罪名成立，本院予以支持。对被告人辩护人提出的公诉机关指控的第一、二起事实属事实不清、证据不足的辩护意见，经查，公诉机关指控的此二起犯罪事实，仅有被告人陈雷的供述证实，无其他证据予以印证，应属事实不清、证据不足，故辩护人的此辩护意见，本院予以采纳。对被告人辩护人提出的本案发生在家庭成员之间，被告人陈雷系自首的辩护意见，经查，公安机关在侦查中发现被告人陈雷有作案嫌疑，遂将其带至公安机关，被告人陈雷到案并非主动、自愿，不符合自首的法律规定。被告人陈雷虽与被害人雷某1有亲属关系，并不在同一家庭共同生活，不属于同一家庭成员。故辩护人的此辩护意见不能成立，本院不予采纳。被告人陈雷归案后，如实供述犯罪事实，依法予以从轻处罚，退赔被害人经济损失，酌情予以从轻处罚，故对辩护人提出的对被告人从轻处罚的辩护意见，本院予以采纳。被告人陈雷犯罪情节较轻、认罪、悔罪，经社区矫正部门评估，宣告缓刑对其所居住社区无重大不良影响，符合缓刑适用条件，依法可对其适用缓刑。依照《中华人民共和国刑法》第二百六十四条、第六十七条第三款、第六十一条、第七十二条第一款、第三款、第七十三条第一款、第三款之规定，判决如下： 被告人陈雷犯盗窃罪，判处拘役三个月，缓刑六个月；罚金人民币二千元。 （缓刑考验期限，从判决确定之日起计算。罚金已缴纳） 如不服本判决，可在接到判决书的第二日起十日内，通过本院或者直接向安徽省宿州市中级人民法院提出上诉。书面上诉的，应当提交上诉状正本一份，副本二份。 审判长孙静 审判员陈叶亮 人民陪审员陈东 二〇一七年十二月七日 书记员张琼 附相关法条： 《中华人民共和国刑法》 第二百六十四条盗窃公私财物，数额较大的，或者多次盗窃、入户盗窃、携带凶器盗窃、扒窃的，处三年以下有期徒刑、拘役或者管制，并处或者单处罚金；数额巨大或者有其他严重情节的，处三年以上十年以下有期徒刑，并处罚金；数额特别巨大或者有其他特别严重情节的，处十年以上有期徒刑或者无期徒刑，并处罚金或者没收财产。 第六十七条第三款犯罪嫌疑人虽不具有前两款规定的自首情节，但是如实供述自己罪行的，可以从轻处罚；因其如实供述自己罪行，避免特别严重后果发生的，可以减轻处罚。 第六十一条对于犯罪分子决定刑罚的时候，应当根据犯罪的事实、犯罪的性质、情节和对于社会的危害程度，依照本法的有关规定判处。 第七十二条第一款对于被判处拘役、三年以下有期徒刑的犯罪分子，同时符合下列条件的，可以宣告缓刑，对其中不满十八周岁的人、怀孕的妇女和已满七十五周岁的人，应当宣告缓刑： （一）犯罪情节较轻； （二）有悔罪表现； （三）没有再犯罪的危险； （四）宣告缓刑对所居住社区没有重大不良影响。 第三款被宣告缓刑的犯罪分子，如果被判处附加刑，附加刑仍须执行。 第七十三条第一款拘役的缓刑考验期限为原判刑期以上一年以下，但是不能少于二个月。 第三款缓刑考验期限，从判决确定之日起计算。","writId":"054a30ceb647aaff4a01d47c314e0bb4a6d","writName":"陈雷盗窃一审刑事判决书"}
