{"ajId":"fac8c73a-2d2b-4ed6-8107-3fd20d5034f1","ajName":"詹某某非法制造、出售非法制造的发票罪、伪造、出售伪造的增值税专用发票罪一案","ajjbqk":" 公诉机关指控：自2016年2月始，被告人詹某某在本市白云区某街某村某南街某巷某号某房内，利用收购而来伪造的空白发票，应购买者的要求打印相关内容，后对外出售。2016年6月16日，詹某某在上址被公安人员当场抓获，并当场缴获假发票一批、印章42枚、打印机2台及电脑3台、无线移动电话机4部、U盘2个等作案工具及用于邮寄发票的顺丰快递单据1批。经统计，缴获的发票中，非法制造的普通发票2960份（其中已开具1058份，空白1902份），伪造的增值税专用发票72份（其中已经开具1份，空白71份）。 为证实指控的事实，公诉机关在法庭审理时宣读并出示了证人证言、鉴定意见、书证、被告人供述等证据。公诉机关据此认为，被告人詹某某非法制造、出售非法制造的发票、伪造、出售伪造的增值税专用发票，其行为分别触犯了《中华人民共和国刑法》第二百零六条第一款、第二百零九条第二款之规定，应分别以非法制造、出售非法制造的发票罪、伪造、出售伪造的增值税专用发票罪追究其刑事责任。詹某某犯非法制造、出售非法制造的发票罪、伪造、出售伪造的增值税专用发票二罪，依法应予数罪并罚。詹某某伪造、出售伪造的增值税专用发票犯罪未遂，可以比照既遂犯从轻处罚。詹某某犯罪后如实供述自己的罪行，可以从轻处罚。提请本院依法判处。 被告人詹某某对起诉书指控的犯罪事实及定性不持异议。 辩护人发表以下辩护意见：一、被告人詹某某并未从事普通发票的非法制造行为以及增值税专用发票的伪造行为。二、起诉书中认定的普通发票中的1902份空白发票，虽然被告人詹某某已从他处收购回来，但因被告人意志以外的原因而并未出售，因此，该部分发票亦应属于出售非法制造的发票罪未遂，请合议庭在量刑时考虑比照既遂犯从轻处罚。三、被告人詹某某属于初犯，一贯表现良好，而且案发后，无论在侦查、审查起诉阶段，还是在庭审阶段，都能如实供述自己的犯罪事实，认罪态度好，亦属于坦白，因此，请合议庭在量刑时对被告人从轻处罚。综上，请合议庭对被告人从轻处罚，判处其一年以下有期徒刑并宣告缓刑。 经审理查明：自2016年2月始，被告人詹某某在本市白云区某街某村某南街某巷某号某房内，利用收购而来伪造的空白发票，应购买者的要求打印相关内容，后对外出售。2016年6月16日，詹某某在上址被公安人员当场抓获，并当场缴获假发票一批、印章42枚、打印机2台及电脑3台、无线移动电话机4部、U盘2个等作案工具及用于邮寄发票的顺丰快递单据1批。经统计，缴获的发票中，非法制造的普通发票2960份（其中已开具1058份，空白1902份），伪造的增值税专用发票72份（其中已经开具1份，空白71份）。 上述事实，有下列经庭审举证、质证，本院予以确认的证据证实：涉案现场照片、现场勘验检查工作记录，搜查笔录，电子物证勘验笔录，涉案发票、印章照片，缴获的印章盖章样本，缴获的发票样本，詹某某涉案银行卡历史交易明细，房屋租赁协议书，詹某某微信转账记录截图，缴获的涉案快递单，广州市国家税务局发票鉴定书、深圳市国家税务局发票鉴定书、山东省国家税务局征管和科技发展处证明、东港股份有限公司证明、山东省地方税务局征管和科技发展处证明、广州市地方税务局发票鉴定书、浙江省杭州市国家税务局普通发票真伪鉴定证明、湖南省地方税务局发票管理处出具的湖南省地方税务局发票认定书、河北省地方税务局征收管理处出具的发票鉴别结果等书证，扣押清单，证人詹某1、詹某2的证言及辨认材料，到案经过，被告人詹某某的身份材料，被告人詹某某的供述。 ","cpfxgc":"本院认为，被告人詹某某非法制造、出售非法制造的发票、伪造、出售伪造的增值税专用发票，其行为已分别构成非法制造、出售非法制造的发票罪、伪造、出售伪造的增值税专用发票罪。公诉机关指控被告人詹某某犯非法制造、出售非法制造的发票罪、伪造、出售伪造的增值税专用发票罪二罪，事实清楚，证据确实、充分，罪名成立。被告人詹某某犯非法制造、出售非法制造的发票罪、伪造、出售伪造的增值税专用发票罪二罪，依法应予数罪并罚。詹某某伪造、出售伪造的增值税专用发票罪未遂，可以比照既遂犯从轻处罚。詹某某犯罪后如实供述自己的罪行，可以从轻处罚。 关于辩护人提出被告人詹某某未有从事普通发票的非法制造行为以及增值税专用发票的伪造行为的辩护意见，经查，被告人詹某某根据客户需要在发票上打印金额、时间及相关内容，对发票进行加工，属于非法制造发票的行为以及伪造增值税专用发票的行为。故辩护人就此提出的辩护意见与事实不符，本院不予采纳。关于辩护人提出涉案1902份空白发票应属于出售非法制造的发票罪未遂的辩护意见，本院评判如下，非法制造、出售非法制造的发票罪属于选择性罪行，本案被告人詹某某非法制造发票1058份，犯罪行为已经既遂，故辩护人就此提出的辩护意见本院不予采纳。关于辩护人的其他辩护意见，本院在量刑时予以充分考虑。被告人詹某某犯罪后如实供述自己的罪行，可以从轻处罚。综合全案的性质、情节、危害后果及被告人的认罪态度、悔罪表现，依照《中华人民共和国刑法》第二百零六条第一款、第二百零九条第二款、第六十九条第一款、第二十三条、第六十七条第三款、第五十二条、第五十三条、第六十四条之规定，判决如下：","pjjg":" 一、被告人詹某某犯非法制造、出售非法制造的发票罪，判处有期徒刑八个月，并处罚金一万元；犯伪造、出售伪造的增值税专用发票罪，判处有期徒刑六个月，并处罚金二万元。总和刑为有期徒刑一年二个月，并处罚金三万元。决定执行有期徒刑一年，并处罚金三万元。（刑期从判决执行之日起计算。判决执行以前先行羁押的，羁押一日折抵刑期一日，即自2016年6月16日起至2017年6月15日止。罚金自本判决生效第二日起五日内缴纳。） 二、缴获的作案工具打印机、电脑、无线移动电话机、U盘等物（以扣押清单为准），予以没收。（由广州市公安局执行。） 如不服本判决，可在接到判决书的第二日起十日内，通过本院或直接向广东省广州市中级人民法院提出上诉。书面上诉的，应当提交上诉状正本一份，副本二份。","qw":"詹某某非法制造、出售非法制造的发票罪、伪造、出售伪造的增值税专用发票罪一审刑事判决书 广东省广州市白云区人民法院 刑事判决书 （2017）粤0111刑初313号 公诉机关广州市白云区人民检察院。 被告人詹某某，男，1990年5月13日出生，汉族，出生地广东省饶平县，文化程度初中，住广东省饶平县。因本案于2016年6月16日被羁押，同日被刑事拘留，同年7月19日被逮捕。现羁押于广州市第三看守所。 辩护人朱江，广东伯方律师事务所律师。 广州市白云区人民检察院以穗云检公诉刑诉［2017］216号起诉书，指控被告人詹某某犯非法制造、出售非法制造的发票罪、伪造、出售伪造的增值税专用发票罪二罪，于2017年1月22日向本院提起公诉。本院依法组成合议庭，公开开庭审理了本案。广州市白云区人民检察院指派代理检察员伍尚昶出庭支持公诉，被告人詹某某及其辩护人朱江均到庭参加诉讼。本案现已审理终结。 公诉机关指控：自2016年2月始，被告人詹某某在本市白云区某街某村某南街某巷某号某房内，利用收购而来伪造的空白发票，应购买者的要求打印相关内容，后对外出售。2016年6月16日，詹某某在上址被公安人员当场抓获，并当场缴获假发票一批、印章42枚、打印机2台及电脑3台、无线移动电话机4部、U盘2个等作案工具及用于邮寄发票的顺丰快递单据1批。经统计，缴获的发票中，非法制造的普通发票2960份（其中已开具1058份，空白1902份），伪造的增值税专用发票72份（其中已经开具1份，空白71份）。 为证实指控的事实，公诉机关在法庭审理时宣读并出示了证人证言、鉴定意见、书证、被告人供述等证据。公诉机关据此认为，被告人詹某某非法制造、出售非法制造的发票、伪造、出售伪造的增值税专用发票，其行为分别触犯了《中华人民共和国刑法》第二百零六条第一款、第二百零九条第二款之规定，应分别以非法制造、出售非法制造的发票罪、伪造、出售伪造的增值税专用发票罪追究其刑事责任。詹某某犯非法制造、出售非法制造的发票罪、伪造、出售伪造的增值税专用发票二罪，依法应予数罪并罚。詹某某伪造、出售伪造的增值税专用发票犯罪未遂，可以比照既遂犯从轻处罚。詹某某犯罪后如实供述自己的罪行，可以从轻处罚。提请本院依法判处。 被告人詹某某对起诉书指控的犯罪事实及定性不持异议。 辩护人发表以下辩护意见：一、被告人詹某某并未从事普通发票的非法制造行为以及增值税专用发票的伪造行为。二、起诉书中认定的普通发票中的1902份空白发票，虽然被告人詹某某已从他处收购回来，但因被告人意志以外的原因而并未出售，因此，该部分发票亦应属于出售非法制造的发票罪未遂，请合议庭在量刑时考虑比照既遂犯从轻处罚。三、被告人詹某某属于初犯，一贯表现良好，而且案发后，无论在侦查、审查起诉阶段，还是在庭审阶段，都能如实供述自己的犯罪事实，认罪态度好，亦属于坦白，因此，请合议庭在量刑时对被告人从轻处罚。综上，请合议庭对被告人从轻处罚，判处其一年以下有期徒刑并宣告缓刑。 经审理查明：自2016年2月始，被告人詹某某在本市白云区某街某村某南街某巷某号某房内，利用收购而来伪造的空白发票，应购买者的要求打印相关内容，后对外出售。2016年6月16日，詹某某在上址被公安人员当场抓获，并当场缴获假发票一批、印章42枚、打印机2台及电脑3台、无线移动电话机4部、U盘2个等作案工具及用于邮寄发票的顺丰快递单据1批。经统计，缴获的发票中，非法制造的普通发票2960份（其中已开具1058份，空白1902份），伪造的增值税专用发票72份（其中已经开具1份，空白71份）。 上述事实，有下列经庭审举证、质证，本院予以确认的证据证实：涉案现场照片、现场勘验检查工作记录，搜查笔录，电子物证勘验笔录，涉案发票、印章照片，缴获的印章盖章样本，缴获的发票样本，詹某某涉案银行卡历史交易明细，房屋租赁协议书，詹某某微信转账记录截图，缴获的涉案快递单，广州市国家税务局发票鉴定书、深圳市国家税务局发票鉴定书、山东省国家税务局征管和科技发展处证明、东港股份有限公司证明、山东省地方税务局征管和科技发展处证明、广州市地方税务局发票鉴定书、浙江省杭州市国家税务局普通发票真伪鉴定证明、湖南省地方税务局发票管理处出具的湖南省地方税务局发票认定书、河北省地方税务局征收管理处出具的发票鉴别结果等书证，扣押清单，证人詹某1、詹某2的证言及辨认材料，到案经过，被告人詹某某的身份材料，被告人詹某某的供述。 本院认为，被告人詹某某非法制造、出售非法制造的发票、伪造、出售伪造的增值税专用发票，其行为已分别构成非法制造、出售非法制造的发票罪、伪造、出售伪造的增值税专用发票罪。公诉机关指控被告人詹某某犯非法制造、出售非法制造的发票罪、伪造、出售伪造的增值税专用发票罪二罪，事实清楚，证据确实、充分，罪名成立。被告人詹某某犯非法制造、出售非法制造的发票罪、伪造、出售伪造的增值税专用发票罪二罪，依法应予数罪并罚。詹某某伪造、出售伪造的增值税专用发票罪未遂，可以比照既遂犯从轻处罚。詹某某犯罪后如实供述自己的罪行，可以从轻处罚。 关于辩护人提出被告人詹某某未有从事普通发票的非法制造行为以及增值税专用发票的伪造行为的辩护意见，经查，被告人詹某某根据客户需要在发票上打印金额、时间及相关内容，对发票进行加工，属于非法制造发票的行为以及伪造增值税专用发票的行为。故辩护人就此提出的辩护意见与事实不符，本院不予采纳。关于辩护人提出涉案1902份空白发票应属于出售非法制造的发票罪未遂的辩护意见，本院评判如下，非法制造、出售非法制造的发票罪属于选择性罪行，本案被告人詹某某非法制造发票1058份，犯罪行为已经既遂，故辩护人就此提出的辩护意见本院不予采纳。关于辩护人的其他辩护意见，本院在量刑时予以充分考虑。被告人詹某某犯罪后如实供述自己的罪行，可以从轻处罚。综合全案的性质、情节、危害后果及被告人的认罪态度、悔罪表现，依照《中华人民共和国刑法》第二百零六条第一款、第二百零九条第二款、第六十九条第一款、第二十三条、第六十七条第三款、第五十二条、第五十三条、第六十四条之规定，判决如下： 一、被告人詹某某犯非法制造、出售非法制造的发票罪，判处有期徒刑八个月，并处罚金一万元；犯伪造、出售伪造的增值税专用发票罪，判处有期徒刑六个月，并处罚金二万元。总和刑为有期徒刑一年二个月，并处罚金三万元。决定执行有期徒刑一年，并处罚金三万元。（刑期从判决执行之日起计算。判决执行以前先行羁押的，羁押一日折抵刑期一日，即自2016年6月16日起至2017年6月15日止。罚金自本判决生效第二日起五日内缴纳。） 二、缴获的作案工具打印机、电脑、无线移动电话机、U盘等物（以扣押清单为准），予以没收。（由广州市公安局执行。） 如不服本判决，可在接到判决书的第二日起十日内，通过本院或直接向广东省广州市中级人民法院提出上诉。书面上诉的，应当提交上诉状正本一份，副本二份。 审判长吴云山 人民陪审员杨显元 人民陪审员黄文聪 二〇一七年二月二十四日 书记员曾佩雯 附：有关法律规定 中华人民共和国刑法 第二百零六条伪造或者出售伪造的增值税专用发票的，处三年以下有期徒刑、拘役或者管制，并处二万元以上二十万元以下罚金；数量较大或者有其他严重情节的，处三年以上十年以下有期徒刑，并处五万元以上五十万元以下罚金；数量巨大或者有其他特别严重情节的，处十年以上有期徒刑或者无期徒刑，并处五万元以上五十万元以下罚金或者没收财产。 单位犯本条规定之罪的，对单位判处罚金，并对其直接负责的主管人员和其他直接责任人员，处三年以下有期徒刑、拘役或者管制；数量较大或者有其他严重情节的，处三年以上十年以下有期徒刑；数量巨大或者有其他特别严重情节的，处十年以上有期徒刑或者无期徒刑。 第二百零九条伪造、擅自制造或者出售伪造、擅自制造的可以用于骗取出口退税、抵扣税款的其他发票的，处三年以下有期徒刑、拘役或者管制，并处二万元以上二十万元以下罚金；数量巨大的，处三年以上七年以下有期徒刑，并处五万元以上五十万元以下罚金；数量特别巨大的，处七年以上有期徒刑，并处五万元以上五十万元以下罚金或者没收财产。 伪造、擅自制造或者出售伪造、擅自制造的前款规定以外的其他发票的，处二年以下有期徒刑、拘役或者管制，并处或者单处一万元以上五万元以下罚金；情节严重的，处二年以上七年以下有期徒刑，并处五万元以上五十万元以下罚金。 非法出售可以用于骗取出口退税、抵扣税款的其他发票的，依照第一款的规定处罚。 非法出售第三款规定以外的其他发票的，依照第二款的规定处罚。","writId":"03470b3de1e72de8e15383c6eb3ad638cea","writName":"詹某某非法制造、出售非法制造的发票罪、伪造、出售伪造的增值税专用发票罪一审刑事判决书"}
