{"ajId":"ff8100c3-6816-4e34-9dc5-f9a692e89a8d","ajName":"淮安市洪泽区人民检察院诉被告人吕某甲、吕某乙等非法捕捞水产品罪严某甲、严某乙掩饰、隐瞒犯罪所得、犯罪所得收益罪一案","ajjbqk":" 淮安市洪泽区人民检察院指控，2018年3月期间，被告人吕某甲、吕某乙、董某甲、吕某丙、董某乙、高某、高某甲、梅某甲、梅某乙、高某乙、邓某某、潘某某、张某、陈某明知淮安市洪泽区南三河水域系禁渔期、禁渔区，仍分别在该水域使用多层拦网等渔具非法捕捞。其中被告人吕某甲捕捞水产品共888.6公斤，非法获利4033元（币种为人民币，下同）；被告人吕某乙捕捞水产品共724.6公斤，非法获利3158元；被告人董某甲捕捞水产品共617.05公斤，非法获利2655元；被告人吕某丙捕捞水产品共539.5公斤，非法获利2483元；被告人董某乙捕捞水产品共515.15公斤，非法获利2087元；被告人高某捕捞水产品共336.25公斤，非法获利1375元；被告人高某甲捕捞水产品共260.35公斤，非法获利1011元；被告人梅某甲捕捞水产品共249.7公斤，非法获利1095元；被告人梅某乙捕捞水产品共125.4公斤，非法获利553元；被告人高某乙捕捞水产品共112.35公斤，非法获利459元；被告人邓某某捕捞水产品共78.45公斤，非法获利376元；被告人潘某某捕捞水产品共70公斤，非法获利268元；被告人张某捕捞水产品共57.7公斤，非法获利253元；被告人陈某捕捞水产品共36.25公斤，非法获利139元。 被告人严某甲、严某乙明知上述被告人吕某甲等14人所销售的水产品系犯罪所得仍予以收购，数量达4611.35公斤，经鉴定，共计价值29000余元。 案发后，被告人吕某甲、吕某乙、董某甲、吕某丙、董某乙、高某、高某甲、梅某甲、梅某乙、高某乙、邓某某、潘某某、张某、陈某、严某甲、严某乙均主动投案，并如实供述自己的犯罪事实；被告人高某规劝其他犯罪嫌疑人主动到公安机关投案。 公诉机关针对上述指控的事实，当庭出示或宣读了被告人供述、证人证言、书证、鉴定结论等证据。 公诉机关认为，被告人吕某甲、吕某乙、董某甲、吕某丙、董某乙、高某、高某甲、梅某甲、梅某乙、高某乙、邓某某、潘某某、张某、陈某违反保护水产资源法规，在禁渔区、禁渔期使用禁用的工具捕捞水产品，情节严重，其行为均触犯了《中华人民共和国刑法》第三百四十条的规定，应当以非法捕捞水产品罪追究其刑事责任。被告人严某甲、严某乙明知是犯罪所得而予以收购，其行为均触犯了《中华人民共和国刑法》第三百一十二条第一款的规定，应当以掩饰、隐瞒犯罪所得罪追究其刑事责任。被告人吕某甲、吕某乙、董某甲、吕某丙、董某乙、高某、梅某甲、梅某乙、邓某某、陈某分别和他人、严某甲、严某乙共同故意犯罪，根据《中华人民共和国刑法》第二十五条第一款的规定，系共同犯罪。被告人吕某甲、吕某乙、董某甲、吕某丙、董某乙、高某、高某甲、梅某甲、梅某乙、高某乙、邓某某、潘某某、张某、陈某、严某甲、严某乙犯罪以后自动投案，如实供述自己的罪行，根据《中华人民共和国刑法》第六十七条第一款的规定，系自首，可以从轻处罚。被告人高某具有其他有利于国家和社会的突出表现，根据《中华人民共和国刑法》第六十八条的规定，系立功，可以从轻处罚。 刑事附带民事公益诉讼起诉人淮安市洪泽区人民检察院诉称，被告人吕某甲、吕某乙等14人明知是禁渔期、禁渔区而采用非法捕捞工具捕捞水产品，其行为违反了《中华人民共和国渔业法》第三十条的规定，不仅对渔业资源造成直接损害，对渔业资源增殖潜力和生物多样性造成一定影响，而且危害水域环境质量，损害社会公共利益，根据《中华人民共和国环境保护法》第六十四条、《中华人民共和国侵权责任法》第六十五条、第十五条的规定，应当依法承担侵权民事责任，赔偿因其侵权行为产生的生态修复费用。被告人严某甲、严某乙明知被告人吕某甲、吕某乙等14人在禁渔期、禁渔区、使用禁用的工具捕捞水产品而予以收购牟利，其与被告人吕某甲、吕某乙等14人相互配合，共同损害了渔业资源，破坏了渔业生态环境，构成共同侵权，根据《中华人民共和国侵权责任法》第八条、第十五条的规定，应对被告人吕某甲、吕某乙等14人各自承担的生态修复费用承担共同连带责任。请求判令：1．被告人吕某甲、吕某乙等14人对受损害的生态修复费用89366元在各自侵权责任范围内承担责任。其中被告人吕某甲承担生态修复费用17221元；被告人吕某乙承担生态修复费用14043元；被告人董某甲承担生态修复费用11958元；被告人吕某丙承担生态修复费用10456元；被告人董某乙承担生态修复费用9984元；被告人高某承担生态修复费用6517元；被告人高某甲承担生态修复费用5044元；被告人梅某甲承担生态修复费用4839元；被告人梅某乙承担生态修复费用2430元；被告人高某乙承担生态修复费用2177元；被告人邓某某承担生态修复费用1520元；被告人潘某某承担生态修复费用1357元；被告人张某承担生态修复费用1118元；被告人陈某承担生态修复费用703元。 2．被告人严某甲、严某乙对上述被告人吕某甲等14人各自承担的生态修复费用89366元承担共同连带责任。 3．上述16名被告人对本次生态修复鉴定费5000元承担连带责任。 被告人吕某甲、吕某乙、董某甲、吕某丙、董某乙、高某、高某甲、梅某甲、梅某乙、高某乙、邓某某、潘某某、张某、陈某、严某甲、严某乙对公诉机关指控的犯罪事实及刑事附带民事公益诉讼起诉人的诉讼请求均未提出异议。 被告人吕某甲、潘某某的辩护人的辩护意见是，被告人吕某甲、潘某某具有自首情节，且认罪悔罪，请求对其从轻处罚。 经审理查明，2018年3月期间，被告人吕某甲、吕某乙、董某甲、吕某丙、董某乙、高某、高某甲、梅某甲、梅某乙、高某乙、邓某某、潘某某、张某、陈某明知淮安市洪泽区南三河水域系禁渔期、禁渔区，仍分别在该水域使用多层拦网等渔具非法捕捞；所捕捞的水产品均销售给被告人严某甲、严某乙。 被告人严某甲、严某乙明知上述吕某甲等14人所销售的水产品系犯罪所得仍予以收购，数量达4611.35公斤，经鉴定，共计价值人民币29000余元。 案发后，被告人吕某甲、吕某乙、董某甲、吕某丙、董某乙、高某、高某甲、梅某甲、梅某乙、高某乙、邓某某、潘某某、张某、陈某、严某甲、严某乙均主动投案，并如实供述自己的犯罪事实；被告人高某归劝其他犯罪嫌疑人主动到公安机关投案。 案发后，上述被告人已退出全部违法所得。 另查明，在本案审理过程中，经本院主持调解，刑事附带民事公益诉讼起诉人已与上述16名被告人就民事公益诉讼部分达成调解协议，16名被告人自愿赔偿因本案侵权行为产生的生态修复费用89366元及生态修复鉴定费5000元，并已履行完毕。 上述事实，被告人吕某甲、吕某乙、董某甲、吕某丙、董某乙、高某、高某甲、梅某甲、梅某乙、高某乙、邓某某、潘某某、张某、陈某、严某甲、严某乙在开庭审理过程中亦无异议，并有到庭证人方某的证言、未到庭证人潘某甲、潘某乙、张某、汤某、高某丙、梅某丙、柴某、高某丁、董某丙、赵某、高某戊、陶某、吕某丁、潘某丙、潘某丁、陈某的证言、被告人严某甲、严某乙的收购明细表及记账本、鱼的品种图、淮安市洪泽区价格认定中心出具的价格认定结论书、辨认笔录及照片、淮安市公安局洪泽分局制作的扣押决定书、扣押清单、指认捕鱼工具及捕鱼现场的照片、江苏省海洋与渔业局《关于同意淮安市辖区水域禁渔有关事宜的批复》、淮安市辖区水域禁渔通告、洪泽区渔政监督大队张贴禁渔通告照片、洪泽区渔政监督大队出具的证明及渔业船舶证、渔业安全生产责任书、淮安市农业综合行政执法支队出具的证明及现场勘验渔具照片、淮安市公安局洪泽分局水上警察大队出具的发破案经过、严某甲、严某乙到案情况说明、16名被告人的照片、户籍证明等证据证实，足以认定。 ","cpfxgc":"本院认为，被告人吕某甲、吕某乙、董某甲、吕某丙、董某乙、高某、高某甲、梅某甲、梅某乙、高某乙、邓某某、潘某某、张某、陈某违反保护水产资源法规，在禁渔区、禁渔期使用禁用的工具捕捞水产品，情节严重，其行为均已构成非法捕捞水产品罪；被告人严某甲、严某乙明知是犯罪所得而予以收购，其行为均已构成掩饰、隐瞒犯罪所得罪。公诉机关指控的罪名成立，本院予以支持。被告人严某甲、严某乙共同实施故意犯罪，系共同犯罪。被告人吕某甲、吕某乙、董某甲、吕某丙、董某乙、高某、高某甲、梅某甲、梅某乙、高某乙、邓某某、潘某某、张某、陈某、严某甲、严某乙犯罪后自首，可以从轻处罚。被告人高某具有立功表现，可以从轻处罚。案发后，上述16名被告人已退出全部违法所得，可以酌情从轻处罚。16名被告人自愿赔偿因本案侵权行为产生的生态修复费用，并已履行完毕，亦可以酌情从轻处罚。结合本案的的实际情况以及各被告人的犯罪情节，可对被告人高某、邓某某、潘某某、张某、陈某免予刑事处罚。被告人吕某甲、潘某某的辩护人的相关辩护意见成立，本院予以采纳。据此，为保护环境资源，惩罚犯罪，依照《中华人民共和国刑法》第三百四十条、第三百一十二条第一款、第二十五条第一款、第六十七条第一款、第六十八条、第七十二条第一、三款、第七十三条、第三十七条、第五十二条、第五十三条、第六十四条的规定，判决如下：","pjjg":" 一、被告人吕某甲犯非法捕捞水产品罪，判处拘役三个月，缓刑四个月。 二、被告人吕某乙犯非法捕捞水产品罪，判处罚金人民币三千元。 三、被告人董某甲犯非法捕捞水产品罪，判处罚金人民币二千元。 四、被告人吕某丙犯非法捕捞水产品罪，判处拘役二个月，缓刑三个月。 五、被告人董某乙犯非法捕捞水产品罪，判处罚金人民币二千元。 六、被告人高某犯非法捕捞水产品罪，免予刑事处罚。 七、被告人高某甲犯非法捕捞水产品罪，判处罚金人民币一千元。 八、被告人梅某甲犯非法捕捞水产品罪，判处罚金人民币一千元。 九、被告人梅某乙犯非法捕捞水产品罪，判处罚金人民币一千元。 十、被告人高某乙犯非法捕捞水产品罪，判处罚金人民币一千元。 十一、被告人邓某某犯非法捕捞水产品罪，免予刑事处罚。 十二、被告人潘某某犯非法捕捞水产品罪，免予刑事处罚。 十三、被告人张某犯非法捕捞水产品罪，免予刑事处罚。 十四、被告人陈某犯非法捕捞水产品罪，免予刑事处罚。 十五、被告人严某甲犯掩饰、隐瞒犯罪所得罪，判处有期徒刑六个月，缓刑一年，并处罚金人民币二千元。 十六、被告人严某乙犯掩饰、隐瞒犯罪所得罪，判处有期徒刑六个月，缓刑一年，并处罚金人民币二千元。 （上述缓刑考验期限，均从判决确定之日起计算。罚金于判决生效后十日内缴纳。） 十七、各被告人退出的违法所得合计人民币一万九千九百四十五元予以没收，上缴国库；公安机关扣押的被告人吕某甲、吕某乙、董某甲、吕某丙、董某乙、高某、高某甲、梅某甲、梅某乙、高某乙、邓某某、潘某某、张某、陈某的作案工具多层拦网（三层丝网）予以没收。 如不服本判决，可在接到判决书的第二日起十日内，通过本院或者直接向江苏省淮安市中级人民法院提出上诉。书面上诉的，应当提交上诉状正本一份，副本两份。","qw":"淮安市洪泽区人民法院 刑事判决书 （2018）苏0813刑初161号 公诉机关暨刑事附带民事公益诉讼起诉人淮安市洪泽区人民检察院。 被告人吕某甲，因涉嫌犯非法捕捞水产品罪，于2018年5月18日被取保候审。 指定辩护人黎成龙，江苏泽之源律师事务所律师。 被告人吕某乙，因涉嫌犯非法捕捞水产品罪，于2018年5月18日被取保候审。 被告人董某甲，因涉嫌犯非法捕捞水产品罪，于2018年5月18日被取保候审。 被告人吕某丙，因涉嫌犯非法捕捞水产品罪，于2018年5月18日被取保候审。 被告人董某乙，因涉嫌犯非法捕捞水产品罪，于2018年5月18日被取保候审。 被告人高某，因涉嫌犯非法捕捞水产品罪，于2018年5月18日被取保候审。 被告人高某甲，因涉嫌犯非法捕捞水产品罪，于2018年5月18日被取保候审。 被告人梅某甲，因涉嫌犯非法捕捞水产品罪，于2018年5月18日被取保候审。 被告人梅某乙，因涉嫌犯非法捕捞水产品罪，于2018年5月18日被取保候审。 被告人高某乙，因涉嫌犯非法捕捞水产品罪，于2018年5月18日被取保候审。 被告人邓某某，因涉嫌犯非法捕捞水产品罪，于2018年5月18日被取保候审。 被告人潘某某，因涉嫌犯非法捕捞水产品罪，于2018年5月18日被取保候审。 指定辩护人董光，江苏岸庆律师事务所律师。 被告人张某，因涉嫌犯非法捕捞水产品罪，于2018年5月18日被取保候审。 被告人陈某，因涉嫌犯非法捕捞水产品罪，于2018年5月18日被取保候审。 被告人严某甲，因涉嫌犯掩饰、隐瞒犯罪所得罪，于2018年5月18日被取保候审。 被告人严某乙，因涉嫌犯掩饰、隐瞒犯罪所得罪，于2018年5月18日被取保候审。 淮安市洪泽区人民检察院以泽检诉刑诉（2018）147号起诉书指控被告人吕某甲、吕某乙、董某甲、吕某丙、董某乙、高某、高某甲、梅某甲、梅某乙、高某乙、邓某某、潘某某、张某、陈某犯非法捕捞水产品罪、被告人严某甲、严某乙犯掩饰、隐瞒犯罪所得罪，于2018年8月13日向本院提起公诉；同时，淮安市洪泽区人民检察院以要求上述16名被告人承担生态修复费用为由，向本院提起刑事附带民事公益诉讼。经江苏省淮安市中级人民法院指定管辖，本院依法组成合议庭，公开开庭进行了合并审理。淮安市洪泽区人民检察院检察长韩少芹、检察员张学良出庭支持公诉，并作为公益诉讼起诉人出庭支持民事公益诉讼。被告人吕某甲及其指定辩护人黎成龙、被告人潘某某及其指定辩护人董光、被告人吕某乙、董某甲、吕某丙、董某乙、高某、高某甲、梅某甲、梅某乙、高某乙、邓某某、张某、陈某、严某甲、严某乙、证人方某到庭参加诉讼。现已审理终结。 淮安市洪泽区人民检察院指控，2018年3月期间，被告人吕某甲、吕某乙、董某甲、吕某丙、董某乙、高某、高某甲、梅某甲、梅某乙、高某乙、邓某某、潘某某、张某、陈某明知淮安市洪泽区南三河水域系禁渔期、禁渔区，仍分别在该水域使用多层拦网等渔具非法捕捞。其中被告人吕某甲捕捞水产品共888.6公斤，非法获利4033元（币种为人民币，下同）；被告人吕某乙捕捞水产品共724.6公斤，非法获利3158元；被告人董某甲捕捞水产品共617.05公斤，非法获利2655元；被告人吕某丙捕捞水产品共539.5公斤，非法获利2483元；被告人董某乙捕捞水产品共515.15公斤，非法获利2087元；被告人高某捕捞水产品共336.25公斤，非法获利1375元；被告人高某甲捕捞水产品共260.35公斤，非法获利1011元；被告人梅某甲捕捞水产品共249.7公斤，非法获利1095元；被告人梅某乙捕捞水产品共125.4公斤，非法获利553元；被告人高某乙捕捞水产品共112.35公斤，非法获利459元；被告人邓某某捕捞水产品共78.45公斤，非法获利376元；被告人潘某某捕捞水产品共70公斤，非法获利268元；被告人张某捕捞水产品共57.7公斤，非法获利253元；被告人陈某捕捞水产品共36.25公斤，非法获利139元。 被告人严某甲、严某乙明知上述被告人吕某甲等14人所销售的水产品系犯罪所得仍予以收购，数量达4611.35公斤，经鉴定，共计价值29000余元。 案发后，被告人吕某甲、吕某乙、董某甲、吕某丙、董某乙、高某、高某甲、梅某甲、梅某乙、高某乙、邓某某、潘某某、张某、陈某、严某甲、严某乙均主动投案，并如实供述自己的犯罪事实；被告人高某规劝其他犯罪嫌疑人主动到公安机关投案。 公诉机关针对上述指控的事实，当庭出示或宣读了被告人供述、证人证言、书证、鉴定结论等证据。 公诉机关认为，被告人吕某甲、吕某乙、董某甲、吕某丙、董某乙、高某、高某甲、梅某甲、梅某乙、高某乙、邓某某、潘某某、张某、陈某违反保护水产资源法规，在禁渔区、禁渔期使用禁用的工具捕捞水产品，情节严重，其行为均触犯了《中华人民共和国刑法》第三百四十条的规定，应当以非法捕捞水产品罪追究其刑事责任。被告人严某甲、严某乙明知是犯罪所得而予以收购，其行为均触犯了《中华人民共和国刑法》第三百一十二条第一款的规定，应当以掩饰、隐瞒犯罪所得罪追究其刑事责任。被告人吕某甲、吕某乙、董某甲、吕某丙、董某乙、高某、梅某甲、梅某乙、邓某某、陈某分别和他人、严某甲、严某乙共同故意犯罪，根据《中华人民共和国刑法》第二十五条第一款的规定，系共同犯罪。被告人吕某甲、吕某乙、董某甲、吕某丙、董某乙、高某、高某甲、梅某甲、梅某乙、高某乙、邓某某、潘某某、张某、陈某、严某甲、严某乙犯罪以后自动投案，如实供述自己的罪行，根据《中华人民共和国刑法》第六十七条第一款的规定，系自首，可以从轻处罚。被告人高某具有其他有利于国家和社会的突出表现，根据《中华人民共和国刑法》第六十八条的规定，系立功，可以从轻处罚。 刑事附带民事公益诉讼起诉人淮安市洪泽区人民检察院诉称，被告人吕某甲、吕某乙等14人明知是禁渔期、禁渔区而采用非法捕捞工具捕捞水产品，其行为违反了《中华人民共和国渔业法》第三十条的规定，不仅对渔业资源造成直接损害，对渔业资源增殖潜力和生物多样性造成一定影响，而且危害水域环境质量，损害社会公共利益，根据《中华人民共和国环境保护法》第六十四条、《中华人民共和国侵权责任法》第六十五条、第十五条的规定，应当依法承担侵权民事责任，赔偿因其侵权行为产生的生态修复费用。被告人严某甲、严某乙明知被告人吕某甲、吕某乙等14人在禁渔期、禁渔区、使用禁用的工具捕捞水产品而予以收购牟利，其与被告人吕某甲、吕某乙等14人相互配合，共同损害了渔业资源，破坏了渔业生态环境，构成共同侵权，根据《中华人民共和国侵权责任法》第八条、第十五条的规定，应对被告人吕某甲、吕某乙等14人各自承担的生态修复费用承担共同连带责任。请求判令：1．被告人吕某甲、吕某乙等14人对受损害的生态修复费用89366元在各自侵权责任范围内承担责任。其中被告人吕某甲承担生态修复费用17221元；被告人吕某乙承担生态修复费用14043元；被告人董某甲承担生态修复费用11958元；被告人吕某丙承担生态修复费用10456元；被告人董某乙承担生态修复费用9984元；被告人高某承担生态修复费用6517元；被告人高某甲承担生态修复费用5044元；被告人梅某甲承担生态修复费用4839元；被告人梅某乙承担生态修复费用2430元；被告人高某乙承担生态修复费用2177元；被告人邓某某承担生态修复费用1520元；被告人潘某某承担生态修复费用1357元；被告人张某承担生态修复费用1118元；被告人陈某承担生态修复费用703元。 2．被告人严某甲、严某乙对上述被告人吕某甲等14人各自承担的生态修复费用89366元承担共同连带责任。 3．上述16名被告人对本次生态修复鉴定费5000元承担连带责任。 被告人吕某甲、吕某乙、董某甲、吕某丙、董某乙、高某、高某甲、梅某甲、梅某乙、高某乙、邓某某、潘某某、张某、陈某、严某甲、严某乙对公诉机关指控的犯罪事实及刑事附带民事公益诉讼起诉人的诉讼请求均未提出异议。 被告人吕某甲、潘某某的辩护人的辩护意见是，被告人吕某甲、潘某某具有自首情节，且认罪悔罪，请求对其从轻处罚。 经审理查明，2018年3月期间，被告人吕某甲、吕某乙、董某甲、吕某丙、董某乙、高某、高某甲、梅某甲、梅某乙、高某乙、邓某某、潘某某、张某、陈某明知淮安市洪泽区南三河水域系禁渔期、禁渔区，仍分别在该水域使用多层拦网等渔具非法捕捞；所捕捞的水产品均销售给被告人严某甲、严某乙。 被告人严某甲、严某乙明知上述吕某甲等14人所销售的水产品系犯罪所得仍予以收购，数量达4611.35公斤，经鉴定，共计价值人民币29000余元。 案发后，被告人吕某甲、吕某乙、董某甲、吕某丙、董某乙、高某、高某甲、梅某甲、梅某乙、高某乙、邓某某、潘某某、张某、陈某、严某甲、严某乙均主动投案，并如实供述自己的犯罪事实；被告人高某归劝其他犯罪嫌疑人主动到公安机关投案。 案发后，上述被告人已退出全部违法所得。 另查明，在本案审理过程中，经本院主持调解，刑事附带民事公益诉讼起诉人已与上述16名被告人就民事公益诉讼部分达成调解协议，16名被告人自愿赔偿因本案侵权行为产生的生态修复费用89366元及生态修复鉴定费5000元，并已履行完毕。 上述事实，被告人吕某甲、吕某乙、董某甲、吕某丙、董某乙、高某、高某甲、梅某甲、梅某乙、高某乙、邓某某、潘某某、张某、陈某、严某甲、严某乙在开庭审理过程中亦无异议，并有到庭证人方某的证言、未到庭证人潘某甲、潘某乙、张某、汤某、高某丙、梅某丙、柴某、高某丁、董某丙、赵某、高某戊、陶某、吕某丁、潘某丙、潘某丁、陈某的证言、被告人严某甲、严某乙的收购明细表及记账本、鱼的品种图、淮安市洪泽区价格认定中心出具的价格认定结论书、辨认笔录及照片、淮安市公安局洪泽分局制作的扣押决定书、扣押清单、指认捕鱼工具及捕鱼现场的照片、江苏省海洋与渔业局《关于同意淮安市辖区水域禁渔有关事宜的批复》、淮安市辖区水域禁渔通告、洪泽区渔政监督大队张贴禁渔通告照片、洪泽区渔政监督大队出具的证明及渔业船舶证、渔业安全生产责任书、淮安市农业综合行政执法支队出具的证明及现场勘验渔具照片、淮安市公安局洪泽分局水上警察大队出具的发破案经过、严某甲、严某乙到案情况说明、16名被告人的照片、户籍证明等证据证实，足以认定。 本院认为，被告人吕某甲、吕某乙、董某甲、吕某丙、董某乙、高某、高某甲、梅某甲、梅某乙、高某乙、邓某某、潘某某、张某、陈某违反保护水产资源法规，在禁渔区、禁渔期使用禁用的工具捕捞水产品，情节严重，其行为均已构成非法捕捞水产品罪；被告人严某甲、严某乙明知是犯罪所得而予以收购，其行为均已构成掩饰、隐瞒犯罪所得罪。公诉机关指控的罪名成立，本院予以支持。被告人严某甲、严某乙共同实施故意犯罪，系共同犯罪。被告人吕某甲、吕某乙、董某甲、吕某丙、董某乙、高某、高某甲、梅某甲、梅某乙、高某乙、邓某某、潘某某、张某、陈某、严某甲、严某乙犯罪后自首，可以从轻处罚。被告人高某具有立功表现，可以从轻处罚。案发后，上述16名被告人已退出全部违法所得，可以酌情从轻处罚。16名被告人自愿赔偿因本案侵权行为产生的生态修复费用，并已履行完毕，亦可以酌情从轻处罚。结合本案的的实际情况以及各被告人的犯罪情节，可对被告人高某、邓某某、潘某某、张某、陈某免予刑事处罚。被告人吕某甲、潘某某的辩护人的相关辩护意见成立，本院予以采纳。据此，为保护环境资源，惩罚犯罪，依照《中华人民共和国刑法》第三百四十条、第三百一十二条第一款、第二十五条第一款、第六十七条第一款、第六十八条、第七十二条第一、三款、第七十三条、第三十七条、第五十二条、第五十三条、第六十四条的规定，判决如下： 一、被告人吕某甲犯非法捕捞水产品罪，判处拘役三个月，缓刑四个月。 二、被告人吕某乙犯非法捕捞水产品罪，判处罚金人民币三千元。 三、被告人董某甲犯非法捕捞水产品罪，判处罚金人民币二千元。 四、被告人吕某丙犯非法捕捞水产品罪，判处拘役二个月，缓刑三个月。 五、被告人董某乙犯非法捕捞水产品罪，判处罚金人民币二千元。 六、被告人高某犯非法捕捞水产品罪，免予刑事处罚。 七、被告人高某甲犯非法捕捞水产品罪，判处罚金人民币一千元。 八、被告人梅某甲犯非法捕捞水产品罪，判处罚金人民币一千元。 九、被告人梅某乙犯非法捕捞水产品罪，判处罚金人民币一千元。 十、被告人高某乙犯非法捕捞水产品罪，判处罚金人民币一千元。 十一、被告人邓某某犯非法捕捞水产品罪，免予刑事处罚。 十二、被告人潘某某犯非法捕捞水产品罪，免予刑事处罚。 十三、被告人张某犯非法捕捞水产品罪，免予刑事处罚。 十四、被告人陈某犯非法捕捞水产品罪，免予刑事处罚。 十五、被告人严某甲犯掩饰、隐瞒犯罪所得罪，判处有期徒刑六个月，缓刑一年，并处罚金人民币二千元。 十六、被告人严某乙犯掩饰、隐瞒犯罪所得罪，判处有期徒刑六个月，缓刑一年，并处罚金人民币二千元。 （上述缓刑考验期限，均从判决确定之日起计算。罚金于判决生效后十日内缴纳。） 十七、各被告人退出的违法所得合计人民币一万九千九百四十五元予以没收，上缴国库；公安机关扣押的被告人吕某甲、吕某乙、董某甲、吕某丙、董某乙、高某、高某甲、梅某甲、梅某乙、高某乙、邓某某、潘某某、张某、陈某的作案工具多层拦网（三层丝网）予以没收。 如不服本判决，可在接到判决书的第二日起十日内，通过本院或者直接向江苏省淮安市中级人民法院提出上诉。书面上诉的，应当提交上诉状正本一份，副本两份。 审判长王亚林 审判员陈旭 人民陪审员卜慧珍 二〇一八年九月十二日 书记员邱雅文 附：相关法律条文 《中华人民共和国刑法》 第三百四十条违反保护水产资源法规，在禁渔区、禁渔期或者使用禁用的工具、方法捕捞水产品，情节严重的，处三年以下有期徒刑、拘役、管制或者罚金。 第三百一十二条明知是犯罪所得及其产生的收益而予以窝藏、转移、收购、代为销售或者以其他方法掩饰、隐瞒的，处三年以下有期徒刑、拘役或者管制，并处或者单处罚金；情节严重的，处三年以上七年以下有期徒刑，并处罚金。 单位犯前款罪的，对单位判处罚金，并对其直接负责的主管人员和其他直接责任人员，依照前款的规定处罚。 第二十五条共同犯罪是指二人以上共同故意犯罪。 二人以上共同过失犯罪，不以共同犯罪论处；应当负刑事责任的，按照他们所犯的罪分别处罚。 第六十七条犯罪以后自动投案，如实供述自己的罪行的，是自首。对于自首的犯罪分子，可以从轻或者减轻处罚。其中，犯罪较轻的，可以免除处罚。 被采取强制措施的犯罪嫌疑人、被告人和正在服刑的罪犯，如实供述司法机关还未掌握的本人其他罪行的，以自首论。 犯罪嫌疑人虽不具有前两款规定的自首情节，但是如实供述自己罪行的，可以从轻处罚；因其如实供述自己罪行，避免特别严重后果发生的，可以减轻处罚。 第六十八条犯罪分子有揭发他人犯罪行为，查证属实的，或者提供重要线索，从而得以侦破其他案件等立功表现的，可以从轻或者减轻处罚；有重大立功表现的，可以减轻或者免除处罚。 第七十二条对于被判处拘役、三年以下有期徒刑的犯罪分子，同时符合下列条件的，可以宣告缓刑，对其中不满十八周岁的人、怀孕的妇女和已满七十五周岁的人，应当宣告缓刑： （一）犯罪情节较轻； （二）有悔罪表现； （三）没有再犯罪的危险； （四）宣告缓刑对所居住社区没有重大不良影响。 宣告缓刑，可以根据犯罪情况，同时禁止犯罪分子在缓刑考验期限内从事特定活动，进入特定区域、场所，接触特定的人。 被宣告缓刑的犯罪分子，如果被判处附加刑，附加刑仍须执行。 第七十三条拘役的缓刑考验期限为原判刑期以上一年以下，但是不能少于二个月。 有期徒刑的缓刑考验期限为原判刑期以上五年以下，但是不能少于一年。 缓刑考验期限，从判决确定之日起计算。 第三十七条对于犯罪情节轻微不需要判处刑罚的，可以免予刑事处罚，但是可以根据案件的不同情况，予以训诫或者责令具结悔过、赔礼道歉、赔偿损失，或者由主管部门予以行政处罚或者行政处分。 第五十二条判处罚金，应当根据犯罪情节决定罚金数额。 第五十三条罚金在判决指定的期限内一次或者分期缴纳。期满不缴纳的，强制缴纳。对于不能全部缴纳罚金的，人民法院在任何时候发现被执行人有可以执行的财产，应当随时追缴。 由于遭遇不能抗拒的灾祸等原因缴纳确实有困难的，经人民法院裁定，可以延期缴纳、酌情减少或者免除。 第六十四条犯罪分子违法所得的一切财物，应当予以追缴或者责令退赔；对被害人的合法财产，应当及时返还；违禁品和供犯罪所用的本人财物，应当予以没收。没收的财物和罚金，一律上缴国库，不得挪用和自行处理。","writId":"014cede0fe7d0fe9a8b982621dc2db78758","writName":"淮安市洪泽区人民检察院诉被告人吕某甲、吕某乙等非法捕捞水产品罪严某甲、严某乙掩饰、隐瞒犯罪所得、犯罪所得收益罪一审刑事判决书"}
