{"ajId":"eb5c1364-2e7c-498b-b703-3d197c9899bf","ajName":"余栋出售、购买、运输假币一案","ajjbqk":" 岳西县人民检察院指控：2016年1月6日起，岳西县温泉镇莲花村村民胡浩源（另案处理）在网上陆续购买1200多张2005版面额20元假币，后和被告人余栋一起在安徽省、湖北省等地以购买矿泉水等小物件将假币兑换成真钱。2016年过年前后，被告人余栋花1000余元自胡某手中购买230多张2005版面额20元的假币，总计金额为4600元。 2016年5月18日，胡某接到家人电话通知其回家后和被告人余栋一起赶回家中，两人被等在胡某家中的办案民警带回派出所进行初步审查。 针对指控的事实，公诉机关当庭宣读并出示了相关证据，认为被告人余栋的行为已构成购买假币罪，应依据《中华人民共和国刑法》第一百七十一条第一款之规定处罚。 被告人余栋对起诉书指控的事实和罪名无异议，请求从轻处罚。 余栋的辩护人对起诉书指控的事实和罪名无异议，但提出： 1、有自首情节；2、被告人犯罪数额刚达到量刑起点，本案犯罪情节轻微，社会危害性不大，且积极退赃，被告人家庭经济比较困难。请求法庭从轻处罚，并适用缓刑。 经审理查明：2016年春节前后，被告人余栋花1000余元从岳西县温泉镇莲花村村民胡某手中购买230多张2005版面额20元的假币，总计金额为4600元。被告人余栋购买假币后以购买矿泉水等小物件的方式将部分假币兑换成真钱使用。 2016年5月18日，胡某接到家人电话通知其回家后和被告人余栋一起赶回家中，两人被等在胡某家中的办案民警带回派出所进行初步审查。被告人余栋到案后如实供述了犯罪事实。 庭审中被告人余栋向法庭提交了岳西县温泉镇莲花村村民委员会出具的余栋家庭经济困难的证明。 上述事实，被告人余栋在开庭审理过程中亦无异议，并有受案登记表、立案决定书、余栋的户籍证明、到案说明、胡浩源使用的支付宝交易记录、微信交易记录、由杰使用的支付宝账户信息及交易明细、顺丰速运快递单复印件、公安网调取余栋住宿上网登记记录、胡浩源手机部分聊天记录、假币收缴凭证、假币照片打印件、证人胡浩源的证言、被害人储凤南等人的陈述、被告人余栋的供述、中国人民银行岳西支行出具的假币鉴定意见、安庆市公安局网安支队出具的编号为公（网安）检［2016］018号的手机内容检查记录等经庭审质证、认证的证据予以证实，足以认定。 ","cpfxgc":"本院认为：被告人余栋购买伪造的货币，数额较大，其行为已构成购买假币罪。公诉机关指控的罪名成立。辩护人关于被告人余栋有自首情节的辩护意见，与庭审查明的事实不符，辩护人的该辩护意见不予采纳。被告人余栋购买假币后使用，应从重处罚。被告人余栋到案后能如实供述犯罪事实，且初犯，庭审中自愿认罪，并自愿交纳罚金，可从轻处罚。辩护人请求从轻处罚并适用缓刑的意见予以采纳。综合上述情节，参考司法行政机关社区影响评估意见，依照《中华人民共和国刑法》第一百七十一条第一款、第六十七条第三款、第七十二条第一款、第三款、第七十三条第一款、第三款、最高人民法院《关于审理伪造货币等案件具体应有法律若干问题的解释》第二条第一款之规定，判决如下：","pjjg":" 被告人余栋犯购买假币罪，判处拘役三个月，缓刑三个月，并处罚金二万元（罚金已缴纳）。 （缓刑考验期限，从判决确定之日起计算。） 如不服本判决，可在接到判决书的第二日起十日内通过本院或直接向安庆市中级人民法院提出上诉。书面上诉的，应当提交上诉状正本一份，副本二份。","qw":"余栋出售、购买、运输假币一审刑事判决书 安徽省岳西县人民法院 刑事判决书 （2017）皖0828刑初85号 公诉机关安徽省岳西县人民检察院。 被告人余栋，男，1997年5月1日出生，汉族，安徽省岳西县人，初中文化，无业，家住安徽省岳西县。2016年5月19日因涉嫌犯持有、使用假币罪被岳西县公安局刑事拘留，同年6月16日被岳西县公安局取保候审。2017年4月21日经本院决定取保候审。 辩护人王文胜，岳西县法律援助中心律师。 岳西县人民检察院以岳检刑诉（2017）85号起诉书指控被告人余栋犯购买假币罪，于2017年4月21日向本院提起公诉。本院依法适用简易程序，实行独任审判，于2017年5月5日公开开庭进行了审理。岳西县人民检察院指派检察员储某1、代理检察员蔡某出庭支持公诉，被告人余栋及其辩护人王文胜到庭参加诉讼。本案现已审理终结。 岳西县人民检察院指控：2016年1月6日起，岳西县温泉镇莲花村村民胡浩源（另案处理）在网上陆续购买1200多张2005版面额20元假币，后和被告人余栋一起在安徽省、湖北省等地以购买矿泉水等小物件将假币兑换成真钱。2016年过年前后，被告人余栋花1000余元自胡某手中购买230多张2005版面额20元的假币，总计金额为4600元。 2016年5月18日，胡某接到家人电话通知其回家后和被告人余栋一起赶回家中，两人被等在胡某家中的办案民警带回派出所进行初步审查。 针对指控的事实，公诉机关当庭宣读并出示了相关证据，认为被告人余栋的行为已构成购买假币罪，应依据《中华人民共和国刑法》第一百七十一条第一款之规定处罚。 被告人余栋对起诉书指控的事实和罪名无异议，请求从轻处罚。 余栋的辩护人对起诉书指控的事实和罪名无异议，但提出： 1、有自首情节；2、被告人犯罪数额刚达到量刑起点，本案犯罪情节轻微，社会危害性不大，且积极退赃，被告人家庭经济比较困难。请求法庭从轻处罚，并适用缓刑。 经审理查明：2016年春节前后，被告人余栋花1000余元从岳西县温泉镇莲花村村民胡某手中购买230多张2005版面额20元的假币，总计金额为4600元。被告人余栋购买假币后以购买矿泉水等小物件的方式将部分假币兑换成真钱使用。 2016年5月18日，胡某接到家人电话通知其回家后和被告人余栋一起赶回家中，两人被等在胡某家中的办案民警带回派出所进行初步审查。被告人余栋到案后如实供述了犯罪事实。 庭审中被告人余栋向法庭提交了岳西县温泉镇莲花村村民委员会出具的余栋家庭经济困难的证明。 上述事实，被告人余栋在开庭审理过程中亦无异议，并有受案登记表、立案决定书、余栋的户籍证明、到案说明、胡浩源使用的支付宝交易记录、微信交易记录、由杰使用的支付宝账户信息及交易明细、顺丰速运快递单复印件、公安网调取余栋住宿上网登记记录、胡浩源手机部分聊天记录、假币收缴凭证、假币照片打印件、证人胡浩源的证言、被害人储凤南等人的陈述、被告人余栋的供述、中国人民银行岳西支行出具的假币鉴定意见、安庆市公安局网安支队出具的编号为公（网安）检［2016］018号的手机内容检查记录等经庭审质证、认证的证据予以证实，足以认定。 本院认为：被告人余栋购买伪造的货币，数额较大，其行为已构成购买假币罪。公诉机关指控的罪名成立。辩护人关于被告人余栋有自首情节的辩护意见，与庭审查明的事实不符，辩护人的该辩护意见不予采纳。被告人余栋购买假币后使用，应从重处罚。被告人余栋到案后能如实供述犯罪事实，且初犯，庭审中自愿认罪，并自愿交纳罚金，可从轻处罚。辩护人请求从轻处罚并适用缓刑的意见予以采纳。综合上述情节，参考司法行政机关社区影响评估意见，依照《中华人民共和国刑法》第一百七十一条第一款、第六十七条第三款、第七十二条第一款、第三款、第七十三条第一款、第三款、最高人民法院《关于审理伪造货币等案件具体应有法律若干问题的解释》第二条第一款之规定，判决如下： 被告人余栋犯购买假币罪，判处拘役三个月，缓刑三个月，并处罚金二万元（罚金已缴纳）。 （缓刑考验期限，从判决确定之日起计算。） 如不服本判决，可在接到判决书的第二日起十日内通过本院或直接向安庆市中级人民法院提出上诉。书面上诉的，应当提交上诉状正本一份，副本二份。 审判员周萍 二〇一七年五月五日 代书记员王芳 附相关法律法规 《中华人民共和国刑法》 第一百七十一条第一款出售、购买伪造的货币或者明知是伪造的货币而运输，数额较大的，处三年以下有期徒刑或者拘役，并处二万元以上二十万元以下罚金；数额巨大的，处三年以上十年以下有期徒刑，并处五万元以上五十万元以下罚金：数额特别巨大的，处十年以上有期徒刑或者无期徒刑，并处五万元以上五十万元以下罚金或者没收财产。 第六十七条犯罪以后自动投案，如实供述自己的罪行的，是自首。对于自首的犯罪分子，可以从轻或者减轻处罚。其中，犯罪较轻的，可以免除处罚。 被采取强制措施的犯罪嫌疑人、被告人和正在服刑的罪犯，如实供述司法机关尚未掌握的本人其它罪行的，以自首论。 犯罪嫌疑人虽不具有前两款规定的自首情节，但是如实供述自己罪行的，可以从轻处罚；因其如实供述自己罪行，避免特别严重后果发生的，可以减轻处罚。 第七十二条第一款对于判处拘役、三年以下有期徒刑的犯罪分子，同时符合下列条件的，可以宣告缓刑，对其中不满十八周岁的人、怀孕的妇女和已满七十五周岁的人，应当宣告缓刑： （一）犯罪情节较轻； （二）有悔罪表现； （三）没有再犯罪的危险； （四）宣告缓刑对所居住的社区没有重大不良影响。 第三款被宣告缓刑的犯罪分子，如果被判处附加刑，附加刑仍须执行。 第七十三条拘役的缓刑考验期限为原判刑期以上一年以下，但是不能少于二个月。 有期徒刑的缓刑考验期限为原判刑期以上五年以下，但是不能少于一年。 缓刑考验期限，从判决确定之日起计算。 最高人民法院《关于审理伪造货币等案件具体应有法律若干问题的解释》 第二条第一款行为人购买假币后使用，构成犯罪的，依照刑法第一百七十一条的规定，以购买假币罪定罪，从重处罚。 ","writId":"040fca481ef4cdb30817157fe18fa58bacd","writName":"余栋出售、购买、运输假币一审刑事判决书"}
