{"ajId":"b6303040-cc2c-4e8c-a0ba-8f611d1a69da","ajName":"张道平、杜某某等抢劫一案","ajjbqk":" 重庆市江津区人民检察院指控：2014年4月下旬的一天晚上，被告人张道平伙同杜某某、程某在重庆市江津区白沙镇汽车站黑网吧旁的巷道对面的一间空房子内，采用暴力胁迫、语言威胁和搜身的方式，抢走被害人郭某甲现金人民币3800元。2014年6月11日，被告人张道平、杜某某在重庆市江津区白沙镇被抓获归案，同日在张道平的协助下，公安机关在江津区双福街道将程某抓获归案。三被告人归案后均如实供述了上述犯罪事实。 公诉机关认为，被告人张道平、杜某某、程某以非法占有为目的，采用暴力威胁的方式抢取他人现金人民币3800元，其行为应当以抢劫罪追究其刑事责任。被告人张道平协助司法机关抓捕同案人程某，是立功，可以从轻或者减轻处罚。被告人张道平、杜某某、程某归案后如实供述其犯罪事实，可以从轻处罚。请依法判处。 被告人张道平对公诉机关起诉指控的犯罪事实和罪名无异议。 被告人杜某某及其辩护人对公诉机关起诉指控的犯罪事实和罪名无异议。其辩护人辩护提出被告人杜某某如实供述犯罪事实，系初犯，家人已代为赔偿被害人损失，取得被害人谅解，本案中被告人主观恶性不深，社会危害性相对小，建议对其从轻处罚。 被告人程某及其辩护人对公诉机关起诉指控的犯罪事实和罪名无异议。其辩护人辩护提出被告人程某自愿认罪、悔罪，系初犯、偶犯，家人已代为赔偿被害人损失，取得被害人谅解，本案中被告人主观恶性不深，社会危害性相对小，建议对其从轻、减轻处罚并宣告缓刑。 经审理查明，2014年4月下旬的一天晚上，被告人张道平、杜某某、程某在重庆市江津区白沙镇汽车站一黑网吧旁的巷道对面的一间空房子内，采用暴力胁迫、语言威胁和搜身的方式，抢走被害人郭某甲（男，2001年12月5日出生）现金人民币3800元。2014年6月11日，被告人张道平、杜某某在重庆市江津区白沙镇被抓获归案，同日在被告人张道平的协助下，公安机关在江津区双福街道将被告人程某抓获归案。三被告人归案后均如实供述了上述犯罪事实。 另查明，被告人杜某某、程某的家人已代为退赔被害人的经济损失3800元，取得被害人法定代理人的谅解。 上述事实，有经当庭质证、认证的下列证据证实： 1、受案登记表、立案决定书、抓获经过、刑事前科材料、收条、谅解书、户籍资料等书证。 2、证人彭某某、杨某、邹某某、黄某、郭某乙的证言； 3、被害人郭某甲的陈述； 4、被告人张道平、杜某某、程某的供述和辩解；。 5、现场辨认笔录及照片、辨认笔录及照片等。 ","cpfxgc":"本院认为，被告人张道平、杜某某、程某以非法占有为目的，采用暴力胁迫的方式，当场劫取他人财物，其行为已构成抢劫罪。公诉机关起诉指控的犯罪事实和罪名成立，本院予以确认。被告人张道平协助司法机关抓获被告人程某，是立功，依法可以从轻或者减轻处罚。被告人张道平、杜某某、程某到案后如实供述了罪行，可以从轻处罚。被告人杜某某、程某的家属已代为退赔被害人损失，取得被害人法定代理人的谅解，可酌定对被告人杜某某、程某从轻处罚。被告人张道平因故意犯罪被刑事处罚，可酌定对其从重处罚。根据三被告人的犯罪情节、危害后果及认罪、悔罪态度等，决定对三被告人从轻处罚。被告人杜某某、程某的辩护人关于二被告人认罪态度好、系初犯、已赔偿获谅解的辩护意见与查明事实相符，本院予以采纳。关于被告人程某的辩护人建议对被告人程某宣告缓刑的辩护意见，经查，被告人程某与张道平、杜某某以非法占有为目的，共同采用暴力威胁、搜身等方式抢劫他人财物，主观恶性较深，犯罪情节较重，不宜对其适用缓刑，故该辩护意见本院不予采纳。依照《中华人民共和国刑法》第二百六十三条、第二十五条第一款、第五十二条、第五十三条、第六十七条第三款、第六十八条之规定，判决如下：","pjjg":" 一、被告人张道平犯抢劫罪，判处有期徒刑四年，并处罚金人民币壹仟元。 （刑期从判决执行之日起计算，判决执行以前先行羁押的，羁押一日折抵刑期一日。即自2014年6月11日起至2018年6月10日止。） 二、被告人杜某某犯抢劫罪，判处有期徒刑三年，并处罚金人民币壹仟元。 （刑期从判决执行之日起计算，判决执行以前先行羁押的，羁押一日折抵刑期一日。即自2014年6月11日起至2017年6月10日止。） 三、被告人程某犯抢劫罪，判处有期徒刑三年，并处罚金人民币壹仟元。 （刑期从判决执行之日起计算，判决执行以前先行羁押的，羁押一日折抵刑期一日。即自2014年6月11日起至2017年6月10日止。） 上列罚金限三被告人在判决生效后五日内缴纳。 如不服本判决，可在接到判决书的第二日起十日内，通过本院或者直接向重庆市第五中级人民法院提出上诉。书面上诉的，应当提交上诉状正本一份，副本二份。","qw":"重庆市江津区人民法院 刑事判决书 （2014）津法刑初字第00737号 公诉机关重庆市江津区人民检察院。 被告人张道平，男，汉族，初中文化，住重庆市江津区。因犯盗窃罪，2012年10月17日被重庆市渝北区人民法院判处拘役五个月。因犯盗窃罪，2013年10月31日被本院判处拘役四个月二十四天。因涉嫌犯抢劫罪，于2014年6月11日被重庆市江津区公安局留置盘问，次日被刑事拘留，同年7月18日被逮捕。现押于重庆市江津区看守所。 被告人杜某某（绰号：肚兜），男，汉族，初中文化，住重庆市江津区。因涉嫌犯抢劫罪，于2014年6月11日被重庆市江津区公安局留置盘问，次日被刑事拘留，同年7月18日被逮捕。现押于重庆市江津区看守所。 辩护人李龙成，重庆季霖律师事务所律师。 被告人程某（绰号：黑娃），男，汉族，小学文化，住重庆市江津区。因涉嫌犯抢劫罪，于2014年6月11日被重庆市江津区公安局留置盘问，次日被刑事拘留，同年7月18日被逮捕。现押于重庆市江津区看守所。 辩护人王之军，重庆政远律师事务所律师。 重庆市江津区人民检察院以渝津检刑诉（2014）623号起诉书指控被告人张道平、杜某某、程某犯抢劫罪，于2014年9月17日向本院提起公诉。本院受理后，依法组成合议庭，公开开庭进行了审理。重庆市江津区人民检察院指派代理检察员张燕出庭支持公诉，被告人张道平、被告人杜某某及其辩护人李龙成、被告人程某及其辩护人王之军均到庭参加诉讼。现已审理终结。 重庆市江津区人民检察院指控：2014年4月下旬的一天晚上，被告人张道平伙同杜某某、程某在重庆市江津区白沙镇汽车站黑网吧旁的巷道对面的一间空房子内，采用暴力胁迫、语言威胁和搜身的方式，抢走被害人郭某甲现金人民币3800元。2014年6月11日，被告人张道平、杜某某在重庆市江津区白沙镇被抓获归案，同日在张道平的协助下，公安机关在江津区双福街道将程某抓获归案。三被告人归案后均如实供述了上述犯罪事实。 公诉机关认为，被告人张道平、杜某某、程某以非法占有为目的，采用暴力威胁的方式抢取他人现金人民币3800元，其行为应当以抢劫罪追究其刑事责任。被告人张道平协助司法机关抓捕同案人程某，是立功，可以从轻或者减轻处罚。被告人张道平、杜某某、程某归案后如实供述其犯罪事实，可以从轻处罚。请依法判处。 被告人张道平对公诉机关起诉指控的犯罪事实和罪名无异议。 被告人杜某某及其辩护人对公诉机关起诉指控的犯罪事实和罪名无异议。其辩护人辩护提出被告人杜某某如实供述犯罪事实，系初犯，家人已代为赔偿被害人损失，取得被害人谅解，本案中被告人主观恶性不深，社会危害性相对小，建议对其从轻处罚。 被告人程某及其辩护人对公诉机关起诉指控的犯罪事实和罪名无异议。其辩护人辩护提出被告人程某自愿认罪、悔罪，系初犯、偶犯，家人已代为赔偿被害人损失，取得被害人谅解，本案中被告人主观恶性不深，社会危害性相对小，建议对其从轻、减轻处罚并宣告缓刑。 经审理查明，2014年4月下旬的一天晚上，被告人张道平、杜某某、程某在重庆市江津区白沙镇汽车站一黑网吧旁的巷道对面的一间空房子内，采用暴力胁迫、语言威胁和搜身的方式，抢走被害人郭某甲（男，2001年12月5日出生）现金人民币3800元。2014年6月11日，被告人张道平、杜某某在重庆市江津区白沙镇被抓获归案，同日在被告人张道平的协助下，公安机关在江津区双福街道将被告人程某抓获归案。三被告人归案后均如实供述了上述犯罪事实。 另查明，被告人杜某某、程某的家人已代为退赔被害人的经济损失3800元，取得被害人法定代理人的谅解。 上述事实，有经当庭质证、认证的下列证据证实： 1、受案登记表、立案决定书、抓获经过、刑事前科材料、收条、谅解书、户籍资料等书证。 2、证人彭某某、杨某、邹某某、黄某、郭某乙的证言； 3、被害人郭某甲的陈述； 4、被告人张道平、杜某某、程某的供述和辩解；。 5、现场辨认笔录及照片、辨认笔录及照片等。 本院认为，被告人张道平、杜某某、程某以非法占有为目的，采用暴力胁迫的方式，当场劫取他人财物，其行为已构成抢劫罪。公诉机关起诉指控的犯罪事实和罪名成立，本院予以确认。被告人张道平协助司法机关抓获被告人程某，是立功，依法可以从轻或者减轻处罚。被告人张道平、杜某某、程某到案后如实供述了罪行，可以从轻处罚。被告人杜某某、程某的家属已代为退赔被害人损失，取得被害人法定代理人的谅解，可酌定对被告人杜某某、程某从轻处罚。被告人张道平因故意犯罪被刑事处罚，可酌定对其从重处罚。根据三被告人的犯罪情节、危害后果及认罪、悔罪态度等，决定对三被告人从轻处罚。被告人杜某某、程某的辩护人关于二被告人认罪态度好、系初犯、已赔偿获谅解的辩护意见与查明事实相符，本院予以采纳。关于被告人程某的辩护人建议对被告人程某宣告缓刑的辩护意见，经查，被告人程某与张道平、杜某某以非法占有为目的，共同采用暴力威胁、搜身等方式抢劫他人财物，主观恶性较深，犯罪情节较重，不宜对其适用缓刑，故该辩护意见本院不予采纳。依照《中华人民共和国刑法》第二百六十三条、第二十五条第一款、第五十二条、第五十三条、第六十七条第三款、第六十八条之规定，判决如下： 一、被告人张道平犯抢劫罪，判处有期徒刑四年，并处罚金人民币壹仟元。 （刑期从判决执行之日起计算，判决执行以前先行羁押的，羁押一日折抵刑期一日。即自2014年6月11日起至2018年6月10日止。） 二、被告人杜某某犯抢劫罪，判处有期徒刑三年，并处罚金人民币壹仟元。 （刑期从判决执行之日起计算，判决执行以前先行羁押的，羁押一日折抵刑期一日。即自2014年6月11日起至2017年6月10日止。） 三、被告人程某犯抢劫罪，判处有期徒刑三年，并处罚金人民币壹仟元。 （刑期从判决执行之日起计算，判决执行以前先行羁押的，羁押一日折抵刑期一日。即自2014年6月11日起至2017年6月10日止。） 上列罚金限三被告人在判决生效后五日内缴纳。 如不服本判决，可在接到判决书的第二日起十日内，通过本院或者直接向重庆市第五中级人民法院提出上诉。书面上诉的，应当提交上诉状正本一份，副本二份。 审判长路芳 人民陪审员李英 人民陪审员朱道群 二〇一四年十月十五日 书记员彭杨","writId":"000cc716882b63d2bc936f7955dd5f3860e","writName":"张道平、杜某某等抢劫一审刑事判决书"}
