{"ajId":"6f5fbcbe-32d7-421a-9e59-94cccd816145","ajName":"被告人袁逊延抢劫一案","ajjbqk":" 长沙市芙蓉区人民检察院指控：2017年6月份，被告人袁逊延从网上购买了一把气步枪及相关配件。2017年7月8日下午，被告人袁逊延在其居住的长沙市芙蓉区远大路西源鑫大厦2单元1205房将气步枪组装完成。被告人袁逊延想用该枪去抢钱，当晚21时许，袁逊延拿着该气步枪从其住地出发来到浏阳河河堤，在河堤上，袁逊延带上假发、眼镜和口罩等物件进行伪装，然后骑自行车到达芙蓉区远大路与嘉雨路交汇处建设银行附近蹲守寻找作案目标。当晚23时许，被害人阳某某到该建设银行自动取款机上取钱，正在输入密码时，袁逊延在取款机门口用气步枪朝阳某某背部开了一枪，阳某某受伤后大声呼救，袁逊延因害怕逃离现场，后阳某某被其朋友送往医院抢救。经法医鉴定，阳某某所受损伤符合枪弹创损伤特征，其伤情评定为轻伤一级。公诉机关认为被告人袁逊延的行为构成抢劫罪，系累犯，且系犯罪未遂，并提交了相关证据，提请本院依法判处。 原告人阳某某诉称：请求依法判令被告人袁逊延及中国建设银行股份有限公司长沙远大路支行共同连带赔偿医疗费、误工费、伙食补助费、护理费、交通费、鉴定费、营养费、住宿费、打字复印费及精神抚慰金等损失共计人民币148015.61元。 附带民事诉讼被告中国建设银行股份有限公司长沙远大路支行辩称：被害人阳某某的伤情是由于被告人袁逊延持枪抢劫造成的，银行已经尽到了安全保障义务，请求驳回附带民事诉讼原告人的诉讼请求。 被告人袁逊延对公诉机关指控的犯罪事实没有提出异议，但辩称其行为应构成寻衅滋事罪而不是抢劫罪。 经审理查明：2017年6月份，被告人袁逊延从网上购买了一把气步枪及相关配件。2017年7月8日下午，被告人袁逊延在其居住的长沙市芙蓉区远大路西源鑫大厦2单元1205房将气步枪组装完成。被告人袁逊延想用该枪去抢钱，当晚21时许，袁逊延拿着该气步枪从其住地出发来到浏阳河河堤，在河堤上，袁逊延带上假发、眼镜和口罩等物件进行伪装，然后骑自行车到达芙蓉区远大路与嘉雨路交汇处建设银行附近蹲守寻找作案目标。当晚23时许，被害人阳某某到该建设银行自动取款机上取钱，正在输入密码时，袁逊延在取款机场所门口用气步枪朝阳某某背部开了一枪，阳某某受伤后大声呼救，袁逊延因害怕逃离现场，后阳某某被其朋友送往医院抢救。经法医鉴定，阳某某所受损伤符合枪弹创损伤特征，其伤情评定为轻伤一级。 2017年7月9日15时许，民警在远大路西源鑫大厦2单元1205房将正在睡觉的被告人袁逊延抓获，并从其房间内搜出一把气步枪、一把气手枪、一把泰瑟枪、870颗铅弹、680颗玻璃弹、一个电击器、两个催泪喷雾剂、一个金色假发、一副黑色眼镜、一个红黑相间手套以及一个口罩等物品。经物证鉴定，袁逊延所持的气步枪，具备以气体为动力发射金属弹丸的非军用枪支结构，认定为枪支。 另经审理查明：附带民事诉讼原告人阳某某于案发后在湖南省人民医院住院治疗8天。其经济损失为：医疗费人民币25080.83元、伙食补助费800元、交通费1000元、营养费2000元、误工费8544.82元，护理费3492.66元、鉴定费700元，合计人民币41618.31元。 上述事实，有下列由公诉机关提交，并经本院庭审质证、认证的证据予以证明： 1、报警案件登记表、受案登记表、立案决定书、线索来源及抓获经过证明：2017年7月8日23时许，公安机关接到报警称被害人阳某某在芙蓉区远大路与嘉雨路交汇处一建设银行取钱时被他人用枪打伤。民警经过侦查，于2017年7月9日下午3时许在芙蓉区远大路西源鑫小区将被告人袁逊延抓获归案； 2、被害人阳某某的陈述证明：2017年7月8日晚23时许，阳某某与朋友李某某等人一起吃完饭后，李某某开车送阳某某去银行取钱，阳某某在取钱时被人用枪朝其左后背开了一枪，开枪的人转身跑掉了，阳某某追出银行门外大声呼救，后李某某将其送至医院救治； 3、证人李某某的证言证明：2017年7月8日晚上，李某某与阳某某等人在芙蓉区沁园小区夜宵街吃完饭后，李某某开车送阳某某去远大路与嘉雨路的交汇处建设银行取钱，李某某在车上等候，过了几分钟，李某某听见阳某某呼救，发现阳某某倒在银行外面的地上，称自己被人用枪打了，李某某遂将阳某某送至医院救治； 4、搜查笔录、扣押经过、扣押决定书、扣押物品清单及扣押物品的照片证明：公安民警抓获被告人袁逊延时，当场从其居住的房间内搜出作案工具等物品的情况； 5、被害人阳某某经手术后取出的弹头的照片以及被告人袁逊延指认作案现场的照片； 6、被告人袁逊延网上购买枪支的微信截图照片； 7、枪弹鉴定书证明：收缴的气步枪，经鉴定具备以气体为动力发射金属弹丸的非军用枪支结构，认定为枪支； 8、医院的病历诊断资料、医疗费发票等证明：被害人阳某某受伤后在医院治疗及相关费用的情况； 9、法医学人体损伤程度鉴定书证明：被害人阳某某的损伤程度评定为轻伤一级； 10、（2016）赣0902刑初70号刑事判决书证明：被告人袁逊延曾因犯购买假币罪被判处有期徒刑一年，此次犯罪系累犯； 9、被告人袁逊延的户籍证明材料证明：被告人袁逊延已达刑事责任年龄； 10、被告人袁逊延的多次供述，其供述内容与本院查明的事实一致。 ","cpfxgc":"本院认为：被告人袁逊延以非法占有为目的，持枪抢劫他人财物，造成一人轻伤，其行为已构成故意伤害罪。公诉机关指控的罪名成立。被告人袁逊延提出的其行为应当构成寻衅滋事罪而不是抢劫罪的辩护意见，本院认为，被告人袁逊延以非法占有为目的，持枪将被害人击伤后欲劫取被害人的财物，其行为符合抢劫罪的犯罪构成要件，故对该辩称，本院不予采纳。被告人袁逊延曾因故意犯罪被判处有期徒刑，在刑罚执行完毕后五年以内故意再犯应当判处有期徒刑以上刑罚之罪，系累犯，依法应从重处罚。被告人袁逊延已经着手实施犯罪，因其意志以外的原因未能得逞，系犯罪未遂，依法可减轻处罚。被告人袁逊延到案后，如实供述了自己的罪行，依法可从轻处罚。附带民事诉讼原告人阳某某认为附带民事诉讼被告中国建设银行股份有限公司长沙远大路支行安装的安全门有问题，应当承担赔偿责任的诉讼请求，本院认为，该案发生在深夜而不是在银行的上班时间内，且安全门只要有人在旁边经过，即会感应开门，并不能有效阻止犯罪行为的发生，因此附带民事诉讼被告中国建设银行股份有限公司长沙远大路支行对该案的发生不存在过错，不应承担赔偿责任，故对该诉讼请求，本院不予支持。被告人袁逊延的犯罪行为给附带民事诉讼原告人阳某某造成的经济损失，应当依法在合理范围内进行赔偿。附带民事诉讼原告人阳某某要求赔偿医疗费、住院伙食补助费、营养费、交通费、误工费、护理费、鉴定费的诉讼请求，本院依法予以支持。附带民事诉讼原告人阳某某要求赔偿住宿费、生活费及精神抚慰金的诉讼请求，于法无据，本院不予支持。公诉机关提出的量刑建议适当，本院予以采纳。依照《中华人民共和国刑法》第二百六十三条第（七）项、第二十三条、第六十五条第一款、第六十七条第三款以及《最高人民法院关于审理人身损害赔偿案件适用法律若干问题的解释》第一条、第十七条、第十九条、第二十条、第二十二条、第二十三条、第二十四条的规定，判决如下：","pjjg":" 一、被告人袁逊延犯抢劫罪，判处有期徒刑七年，并处罚金人民币二万元 （刑期从判决执行之日起计算。判决执行以前先行羁押的，羁押一日折抵刑期一日，即自2017年7月9日起至2024年7月8日止。） 二、被告人袁逊延赔偿附带民事诉讼原告人阳某某医疗费、伙食补助费、交通费、营养费、误工费元，护理费元、鉴定费共计人民币41618.31元，限于本判决生效后十日内履行。 三、驳回附带民事诉讼原告人阳某某的其他诉讼请求。 如不服本判决，可在接到判决书的第二日起十日内，通过本院或者直接向湖南省长沙市中级人民法院提出上诉。书面上诉的，应当提交上诉状正本一份，副本二份。","qw":"湖南省长沙市芙蓉区人民法院 刑事附带民事判决书 （2017）湘0102刑初724号 公诉机关长沙市芙蓉区人民检察院。 附带民事诉讼原告人阳某某，男，1971年9月26日出生，汉族。 诉讼代理人阳帅君，湖南溥天律师事务所律师。 被告人袁逊延，男，1996年5月30日出生于江西省万载县，汉族，中专文化，无业。2016年4月29日因犯购买假币罪被江西省宜春市袁州区人民法院判处有期徒刑一年。因本案于2017年7月9日被抓获，7月10日被刑事拘留，7月22日被逮捕，现羁押于长沙市第一看守所。 附带民事诉讼被告中国建设银行股份有限公司长沙远大路支行。住所地：长沙市芙蓉区远大一路649号。 法定代表人：唐华湘，经理。 委托代理人曾宪，男，1989年4月30日出生，住长沙市雨花区梓园路82号，系中国建设银行股份有限公司长沙铁银支行职工。 委托代理人刘斌，男，1994年2月7日出生，住湖南省邵东县解放路25号，系中国建设银行股份有限公司长沙铁银支行职工。 长沙市芙蓉区人民检察院以湘长芙检刑诉（2017）771号起诉书指控被告人袁逊延犯抢劫罪，于2017年10月19日向本院提起公诉，期间建议延期审理一次。在诉讼过程中，附带民事诉讼原告人阳某某向本院提起附带民事诉讼。本院依法组成合议庭，公开开庭审理了本案。长沙市芙蓉区人民检察院指派检察员徐平出庭支持公诉，原告人阳某某及其诉讼代理人阳帅君、被告人袁逊延、附带民事诉讼被告中国建设银行股份有限公司长沙远大路支行委托代理人曾宪到庭参加诉讼。本案现已审理终结。 长沙市芙蓉区人民检察院指控：2017年6月份，被告人袁逊延从网上购买了一把气步枪及相关配件。2017年7月8日下午，被告人袁逊延在其居住的长沙市芙蓉区远大路西源鑫大厦2单元1205房将气步枪组装完成。被告人袁逊延想用该枪去抢钱，当晚21时许，袁逊延拿着该气步枪从其住地出发来到浏阳河河堤，在河堤上，袁逊延带上假发、眼镜和口罩等物件进行伪装，然后骑自行车到达芙蓉区远大路与嘉雨路交汇处建设银行附近蹲守寻找作案目标。当晚23时许，被害人阳某某到该建设银行自动取款机上取钱，正在输入密码时，袁逊延在取款机门口用气步枪朝阳某某背部开了一枪，阳某某受伤后大声呼救，袁逊延因害怕逃离现场，后阳某某被其朋友送往医院抢救。经法医鉴定，阳某某所受损伤符合枪弹创损伤特征，其伤情评定为轻伤一级。公诉机关认为被告人袁逊延的行为构成抢劫罪，系累犯，且系犯罪未遂，并提交了相关证据，提请本院依法判处。 原告人阳某某诉称：请求依法判令被告人袁逊延及中国建设银行股份有限公司长沙远大路支行共同连带赔偿医疗费、误工费、伙食补助费、护理费、交通费、鉴定费、营养费、住宿费、打字复印费及精神抚慰金等损失共计人民币148015.61元。 附带民事诉讼被告中国建设银行股份有限公司长沙远大路支行辩称：被害人阳某某的伤情是由于被告人袁逊延持枪抢劫造成的，银行已经尽到了安全保障义务，请求驳回附带民事诉讼原告人的诉讼请求。 被告人袁逊延对公诉机关指控的犯罪事实没有提出异议，但辩称其行为应构成寻衅滋事罪而不是抢劫罪。 经审理查明：2017年6月份，被告人袁逊延从网上购买了一把气步枪及相关配件。2017年7月8日下午，被告人袁逊延在其居住的长沙市芙蓉区远大路西源鑫大厦2单元1205房将气步枪组装完成。被告人袁逊延想用该枪去抢钱，当晚21时许，袁逊延拿着该气步枪从其住地出发来到浏阳河河堤，在河堤上，袁逊延带上假发、眼镜和口罩等物件进行伪装，然后骑自行车到达芙蓉区远大路与嘉雨路交汇处建设银行附近蹲守寻找作案目标。当晚23时许，被害人阳某某到该建设银行自动取款机上取钱，正在输入密码时，袁逊延在取款机场所门口用气步枪朝阳某某背部开了一枪，阳某某受伤后大声呼救，袁逊延因害怕逃离现场，后阳某某被其朋友送往医院抢救。经法医鉴定，阳某某所受损伤符合枪弹创损伤特征，其伤情评定为轻伤一级。 2017年7月9日15时许，民警在远大路西源鑫大厦2单元1205房将正在睡觉的被告人袁逊延抓获，并从其房间内搜出一把气步枪、一把气手枪、一把泰瑟枪、870颗铅弹、680颗玻璃弹、一个电击器、两个催泪喷雾剂、一个金色假发、一副黑色眼镜、一个红黑相间手套以及一个口罩等物品。经物证鉴定，袁逊延所持的气步枪，具备以气体为动力发射金属弹丸的非军用枪支结构，认定为枪支。 另经审理查明：附带民事诉讼原告人阳某某于案发后在湖南省人民医院住院治疗8天。其经济损失为：医疗费人民币25080.83元、伙食补助费800元、交通费1000元、营养费2000元、误工费8544.82元，护理费3492.66元、鉴定费700元，合计人民币41618.31元。 上述事实，有下列由公诉机关提交，并经本院庭审质证、认证的证据予以证明： 1、报警案件登记表、受案登记表、立案决定书、线索来源及抓获经过证明：2017年7月8日23时许，公安机关接到报警称被害人阳某某在芙蓉区远大路与嘉雨路交汇处一建设银行取钱时被他人用枪打伤。民警经过侦查，于2017年7月9日下午3时许在芙蓉区远大路西源鑫小区将被告人袁逊延抓获归案； 2、被害人阳某某的陈述证明：2017年7月8日晚23时许，阳某某与朋友李某某等人一起吃完饭后，李某某开车送阳某某去银行取钱，阳某某在取钱时被人用枪朝其左后背开了一枪，开枪的人转身跑掉了，阳某某追出银行门外大声呼救，后李某某将其送至医院救治； 3、证人李某某的证言证明：2017年7月8日晚上，李某某与阳某某等人在芙蓉区沁园小区夜宵街吃完饭后，李某某开车送阳某某去远大路与嘉雨路的交汇处建设银行取钱，李某某在车上等候，过了几分钟，李某某听见阳某某呼救，发现阳某某倒在银行外面的地上，称自己被人用枪打了，李某某遂将阳某某送至医院救治； 4、搜查笔录、扣押经过、扣押决定书、扣押物品清单及扣押物品的照片证明：公安民警抓获被告人袁逊延时，当场从其居住的房间内搜出作案工具等物品的情况； 5、被害人阳某某经手术后取出的弹头的照片以及被告人袁逊延指认作案现场的照片； 6、被告人袁逊延网上购买枪支的微信截图照片； 7、枪弹鉴定书证明：收缴的气步枪，经鉴定具备以气体为动力发射金属弹丸的非军用枪支结构，认定为枪支； 8、医院的病历诊断资料、医疗费发票等证明：被害人阳某某受伤后在医院治疗及相关费用的情况； 9、法医学人体损伤程度鉴定书证明：被害人阳某某的损伤程度评定为轻伤一级； 10、（2016）赣0902刑初70号刑事判决书证明：被告人袁逊延曾因犯购买假币罪被判处有期徒刑一年，此次犯罪系累犯； 9、被告人袁逊延的户籍证明材料证明：被告人袁逊延已达刑事责任年龄； 10、被告人袁逊延的多次供述，其供述内容与本院查明的事实一致。 本院认为：被告人袁逊延以非法占有为目的，持枪抢劫他人财物，造成一人轻伤，其行为已构成故意伤害罪。公诉机关指控的罪名成立。被告人袁逊延提出的其行为应当构成寻衅滋事罪而不是抢劫罪的辩护意见，本院认为，被告人袁逊延以非法占有为目的，持枪将被害人击伤后欲劫取被害人的财物，其行为符合抢劫罪的犯罪构成要件，故对该辩称，本院不予采纳。被告人袁逊延曾因故意犯罪被判处有期徒刑，在刑罚执行完毕后五年以内故意再犯应当判处有期徒刑以上刑罚之罪，系累犯，依法应从重处罚。被告人袁逊延已经着手实施犯罪，因其意志以外的原因未能得逞，系犯罪未遂，依法可减轻处罚。被告人袁逊延到案后，如实供述了自己的罪行，依法可从轻处罚。附带民事诉讼原告人阳某某认为附带民事诉讼被告中国建设银行股份有限公司长沙远大路支行安装的安全门有问题，应当承担赔偿责任的诉讼请求，本院认为，该案发生在深夜而不是在银行的上班时间内，且安全门只要有人在旁边经过，即会感应开门，并不能有效阻止犯罪行为的发生，因此附带民事诉讼被告中国建设银行股份有限公司长沙远大路支行对该案的发生不存在过错，不应承担赔偿责任，故对该诉讼请求，本院不予支持。被告人袁逊延的犯罪行为给附带民事诉讼原告人阳某某造成的经济损失，应当依法在合理范围内进行赔偿。附带民事诉讼原告人阳某某要求赔偿医疗费、住院伙食补助费、营养费、交通费、误工费、护理费、鉴定费的诉讼请求，本院依法予以支持。附带民事诉讼原告人阳某某要求赔偿住宿费、生活费及精神抚慰金的诉讼请求，于法无据，本院不予支持。公诉机关提出的量刑建议适当，本院予以采纳。依照《中华人民共和国刑法》第二百六十三条第（七）项、第二十三条、第六十五条第一款、第六十七条第三款以及《最高人民法院关于审理人身损害赔偿案件适用法律若干问题的解释》第一条、第十七条、第十九条、第二十条、第二十二条、第二十三条、第二十四条的规定，判决如下： 一、被告人袁逊延犯抢劫罪，判处有期徒刑七年，并处罚金人民币二万元 （刑期从判决执行之日起计算。判决执行以前先行羁押的，羁押一日折抵刑期一日，即自2017年7月9日起至2024年7月8日止。） 二、被告人袁逊延赔偿附带民事诉讼原告人阳某某医疗费、伙食补助费、交通费、营养费、误工费元，护理费元、鉴定费共计人民币41618.31元，限于本判决生效后十日内履行。 三、驳回附带民事诉讼原告人阳某某的其他诉讼请求。 如不服本判决，可在接到判决书的第二日起十日内，通过本院或者直接向湖南省长沙市中级人民法院提出上诉。书面上诉的，应当提交上诉状正本一份，副本二份。 审判长谢绍平 人民陪审员张建军 人民陪审员刘强 二〇一八年五月二日 书记员易娟 附：《中华人民共和国刑法》相关法条 第二百六十三条以暴力、胁迫或者其他方法抢劫公私财物的，处三年以上十年以下有期徒刑，并处罚金；有下列情形之一的，处十年以上有期徒刑、无期徒刑或者死刑，并处罚金或者没收财产： （八）抢劫军用物资或者抢险、救灾、救济物资的。 第二十三条已经着手实行犯罪，由于犯罪分子意志以外的原因而未得逞的，是犯罪未遂。 第六十五条被判处有期徒刑以上刑罚的犯罪分子，刑罚执行完毕或者赦免以后，在五年以内再犯应当判处有期徒刑以上刑罚之罪的，是累犯，应当从重处罚，但是过失犯罪和不满十八周岁的人犯罪的除外。 第六十七条犯罪以后自动投案，如实供述自己的罪行的，是自首。对于自首的犯罪分子，可以从轻或者减轻处罚。其中，犯罪较轻的，可以免除处罚。 被采取强制措施的犯罪嫌疑人、被告人和正在服刑的罪犯，如实供述司法机关还未掌握的本人其他罪行的，以自首论。 犯罪嫌疑人虽不具有前两款规定的自首情节，但是如实供述自己罪行的，可以从轻处罚；因其如实供述自己罪行，避免特别严重后果发生的，可以减轻处罚。 《最高人民法院关于审理人身损害赔偿案件适用法律若干问题的解释》 第一条因生命、健康、身体遭受侵害，赔偿权利人起诉请求赔偿义务人赔偿财产损失和精神损害的，人民法院应予受理。 本条所称\"赔偿权利人\"，是指因侵权行为或者其他致害原因直接遭受人身损害的受害人、依法由受害人承担扶养义务的被扶养人以及死亡受害人的近亲属。 本条所称\"赔偿义务人\"，是指因自己或者他人的侵权行为以及其他致害原因依法应当承担民事责任的自然人、法人或者其他组织。 第十七条受害人遭受人身损害，因就医治疗支出的各项费用以及因误工减少的收入，包括医疗费、误工费、护理费、交通费、住宿费、住院伙食补助费、必要的营养费，赔偿义务人应当予以赔偿。 第十九条医疗费根据医疗机构出具的医药费、住院费等收款凭证，结合病历和诊断证明等相关证据确定。赔偿义务人对治疗的必要性和合理性有异议的，应当承担相应的举证责任。 第二十条误工费根据受害人的误工时间和收入状况确定。 误工时间根据受害人接受治疗的医疗机构出具的证明确定。受害人因伤致残持续误工的，误工时间可以计算至定残日前一天。 受害人有固定收入的，误工费按照实际减少的收入计算。受害人无固定收入的，按照其最近三年的平均收入计算；受害人不能举证证明其最近三年的平均收入状况的，可以参照受诉法院所在地相同或者相近行业上一年度职工的平均工资计算。 第二十二条交通费根据受害人及其必要的陪护人员因就医或者转院治疗实际发生的费用计算。交通费应当以正式票据为凭；有关凭据应当与就医地点、时间、人数、次数相符合。 第二十三条住院伙食补助费可以参照当地国家机关一般工作人员的出差伙食补助标准予以确定。 受害人确有必要到外地治疗，因客观原因不能住院，受害人本人及其陪护人员实际发生的住宿费和伙食费，其合理部分应予赔偿。 第二十四条营养费根据受害人伤残情况参照医疗机构的意见确定。","writId":"0256c1fde2f9a4b8b11224c75be60e3d0e6","writName":"被告人袁逊延抢劫案一审刑事判决书"}
