{"ajId":"48f0d910-824e-4b8b-b7db-9c447135fb44","ajName":"陆斌犯危险驾驶罪一案","ajjbqk":" 江苏省江阴市人民检察院指控： 2016年4月24日22时30分许，被告人陆斌醉酒后驾驶号牌为苏B×××××小型轿车，沿江阴市华士镇某某路由西向东行驶至某某地段时，撞到某某门口的广告牌、道桩绿化及电线杆。经江阴市公安局认定，被告人陆斌负此事故的全部责任。经江阴市公安局鉴定，被告人陆斌血液中乙醇含量为1.83mg乙醇／ml血液。 另查明，案发后被告人陆斌已赔偿广告牌、绿化及电线杆的经济损失。 上述事实，被告人陆斌多次供述在卷，在开庭审理过程中亦无异议，并有驾驶证及行驶证复印件、驾驶人及车辆信息、接警详细信息、车辆行踪监控信息、证明、发票、一般缴款书等书证，证人孙某、周某、符某、贡某等人的证言笔录，江阴市价格认定中心出具的价格鉴定报告，江阴市公安局出具的理化检验报告、道路交通事故认定书，江阴市公安局制作的道路交通事故勘查笔录、现场图及照片，常住人口基本信息，刑事案件侦破经过等证据证实，足以认定。 ","cpfxgc":"本院认为，被告人陆斌在道路上醉酒驾驶机动车，发生交通事故，对公共安全具有一定的危害，其行为确已构成危险驾驶罪。被告人陆斌归案后如实供述自己的罪行，当庭自愿认罪，已赔偿经济损失，予以从轻处罚。公诉机关指控被告人陆斌犯危险驾驶罪的事实清楚，证据确实、充分，指控的罪名正确，予以采纳。根据被告人陆斌的犯罪情节和社会危害，无缓刑适用条件，依法不适用缓刑。据此，依照《中华人民共和国刑法》第一百三十三条之一第一款第（二）项、第六十七条第三款之规定，判决如下：","pjjg":" 被告人陆斌犯危险驾驶罪，判处拘役二个月（刑期从判决执行之日起计算，判决执行以前先行羁押的，羁押一日折抵刑期一日，自2016年7月26日起至2016年9月25日止），并处罚金人民币三千元（罚金于本判决发生法律效力第二日起十日内一次性缴纳）。 如不服本判决，可在接到判决书的第二日起十日内，通过本院或直接向江苏省无锡市中级人民法院提出上诉。书面上诉的，应交上诉状正本1份，副本2份。","qw":"陆斌犯危险驾驶罪一审刑事判决书 江苏省江阴市人民法院 刑事判决书 （2016）苏0281刑初1393号 公诉机关江苏省江阴市人民检察院。 被告人陆斌，江阴市某某公司工作。2016年5月10日因涉嫌犯危险驾驶罪由江阴市公安局决定取保候审。2016年7月26日由本院决定逮捕，同日由江阴市公安局执行逮捕。 江苏省江阴市人民检察院以澄检诉刑诉（2016）1224号起诉书指控被告人陆斌犯危险驾驶罪，于2016年7月18日向本院提起公诉。本院受理后，经审查于同日立案，依法适用简易程序，实行独任审判，于2016年7月26日公开开庭审理了本案。江苏省江阴市人民检察院指派检察员周峰出庭支持公诉，被告人陆斌到庭参加诉讼。现已审理终结。 江苏省江阴市人民检察院指控： 2016年4月24日22时30分许，被告人陆斌醉酒后驾驶号牌为苏B×××××小型轿车，沿江阴市华士镇某某路由西向东行驶至某某地段时，撞到某某门口的广告牌、道桩绿化及电线杆。经江阴市公安局认定，被告人陆斌负此事故的全部责任。经江阴市公安局鉴定，被告人陆斌血液中乙醇含量为1.83mg乙醇／ml血液。 另查明，案发后被告人陆斌已赔偿广告牌、绿化及电线杆的经济损失。 上述事实，被告人陆斌多次供述在卷，在开庭审理过程中亦无异议，并有驾驶证及行驶证复印件、驾驶人及车辆信息、接警详细信息、车辆行踪监控信息、证明、发票、一般缴款书等书证，证人孙某、周某、符某、贡某等人的证言笔录，江阴市价格认定中心出具的价格鉴定报告，江阴市公安局出具的理化检验报告、道路交通事故认定书，江阴市公安局制作的道路交通事故勘查笔录、现场图及照片，常住人口基本信息，刑事案件侦破经过等证据证实，足以认定。 本院认为，被告人陆斌在道路上醉酒驾驶机动车，发生交通事故，对公共安全具有一定的危害，其行为确已构成危险驾驶罪。被告人陆斌归案后如实供述自己的罪行，当庭自愿认罪，已赔偿经济损失，予以从轻处罚。公诉机关指控被告人陆斌犯危险驾驶罪的事实清楚，证据确实、充分，指控的罪名正确，予以采纳。根据被告人陆斌的犯罪情节和社会危害，无缓刑适用条件，依法不适用缓刑。据此，依照《中华人民共和国刑法》第一百三十三条之一第一款第（二）项、第六十七条第三款之规定，判决如下： 被告人陆斌犯危险驾驶罪，判处拘役二个月（刑期从判决执行之日起计算，判决执行以前先行羁押的，羁押一日折抵刑期一日，自2016年7月26日起至2016年9月25日止），并处罚金人民币三千元（罚金于本判决发生法律效力第二日起十日内一次性缴纳）。 如不服本判决，可在接到判决书的第二日起十日内，通过本院或直接向江苏省无锡市中级人民法院提出上诉。书面上诉的，应交上诉状正本1份，副本2份。 代理审判员方燕燕 二〇一六年七月二十六日 书记员黄雨婷 本案援引法律条款 《中华人民共和国刑法》： 第一百三十三条之一第一款第（二）项在道路上驾驶机动车，有下列情形之一的，处拘役，并处罚金： （二）醉酒驾驶机动车； 第六十七条第三款被告人虽不具有前两款规定的自首情节，但是如实供述自己罪行的，可以从轻处罚；因其如实供述自己罪行，避免特别严重后果发生的，可以减轻处罚。","writId":"05022e481271b4487506bb70f84cffa9700","writName":"陆斌犯危险驾驶罪一审刑事判决书"}
