{"ajId":"1a1c11e0-4b99-4fbf-a027-ae7555ea57ab","ajName":"被告人唐义顺贩卖毒品罪一案","ajjbqk":" 南京市秦淮区人民检察院指控，2016年8月24日19时许，被告人唐义顺在本市栖霞区百水桥南路10号福康苑小区门口，以人民币600元的价格向朱某贩卖毒品甲基苯丙胺（冰毒）2克。 2016年9月6日零时许，公安机关在被告人唐义顺位于本市栖霞区百水桥南路10号5幢一单元204室的住处将其抓获，并查获白色晶体一袋。经南京市公安局禁毒支队毒品检测室鉴定，上述白色晶体净重0.13克，检出甲基苯丙胺成分。 归案后，被告人唐某如实供述了上述犯罪事实。 上述事实，被告人唐某在开庭审理过程中亦无异议，且有通话记录等书证、证人朱某、王某、吕某、张某的证言、搜查笔录、扣押清单、毒品疑似物称量记录、检测报告书、刑事摄影照片以及公安机关出具的抓获经过等证据证实，足以认定。 ","cpfxgc":"本院认为，被告人唐某向他人贩卖毒品，其行为已构成贩卖毒品罪，依法应予惩处。公诉机关指控被告人唐某犯贩卖毒品罪的事实清楚，证据确实、充分，指控的罪名成立，予以采纳。被告人唐某能如实供述自己的罪行，可以从轻处罚。被告人唐某曾因贩卖毒品罪被判过刑，又犯贩卖毒品罪，应当从重处罚。依照《中华人民共和国刑法》第三百四十七条第一款、第四款、第六十七条第三款、第三百五十六条、第五十二条、第五十三条之规定，判决如下：","pjjg":" 被告人唐义顺犯贩卖毒品罪，判处有期徒刑六个月，罚金人民币二千元。 （刑期从判决执行之日起计算。判决执行以前先行羁押的，羁押一日折抵刑期一日，即自2016年9月6日起至2017年3月5日止；罚金于判决生效之日起一个月内缴纳。） 如不服本判决，可在接到判决书的第二日起十日内，通过本院或者直接向江苏省南京市中级人民法院提出上诉。书面上诉的，应当提交上诉状正本一份，副本两份。","qw":"南京市秦淮区人民法院 刑事判决书 （2016）苏0104刑初1050号 公诉机关南京市秦淮区人民检察院。被告人唐义顺，男，1961年2月19日出生于江苏省南京市，居民身份证号码320105196102190052，汉族，高中文化，无业，住所地本市栖霞区百水桥南路10号5幢一单元204室，户籍地本市秦淮区秣陵路73号。1996年2月因犯贩卖毒品罪被判处有期徒刑十四年，罚金人民币六千元；2015年9月16日因吸毒被行政拘留十二日；2015年9月25日因吸毒被行政拘留十四日。因涉嫌犯贩卖毒品罪于2016年9月6日被刑事拘留，同年9月30日被逮捕。现羁押于南京市秦淮区看守所。 南京市秦淮区人民检察院以宁秦检诉刑诉［2016］1013号起诉书指控被告人唐某犯贩卖毒品罪，于2016年12月23日向本院提起公诉。本院依法适用简易程序，实行独任审判，公开开庭审理了本案。南京市秦淮区人民检察院指派代理检察员范某出庭支持公诉，被告人唐某到庭参加诉讼。现已审理终结。 南京市秦淮区人民检察院指控，2016年8月24日19时许，被告人唐义顺在本市栖霞区百水桥南路10号福康苑小区门口，以人民币600元的价格向朱某贩卖毒品甲基苯丙胺（冰毒）2克。 2016年9月6日零时许，公安机关在被告人唐义顺位于本市栖霞区百水桥南路10号5幢一单元204室的住处将其抓获，并查获白色晶体一袋。经南京市公安局禁毒支队毒品检测室鉴定，上述白色晶体净重0.13克，检出甲基苯丙胺成分。 归案后，被告人唐某如实供述了上述犯罪事实。 上述事实，被告人唐某在开庭审理过程中亦无异议，且有通话记录等书证、证人朱某、王某、吕某、张某的证言、搜查笔录、扣押清单、毒品疑似物称量记录、检测报告书、刑事摄影照片以及公安机关出具的抓获经过等证据证实，足以认定。 本院认为，被告人唐某向他人贩卖毒品，其行为已构成贩卖毒品罪，依法应予惩处。公诉机关指控被告人唐某犯贩卖毒品罪的事实清楚，证据确实、充分，指控的罪名成立，予以采纳。被告人唐某能如实供述自己的罪行，可以从轻处罚。被告人唐某曾因贩卖毒品罪被判过刑，又犯贩卖毒品罪，应当从重处罚。依照《中华人民共和国刑法》第三百四十七条第一款、第四款、第六十七条第三款、第三百五十六条、第五十二条、第五十三条之规定，判决如下： 被告人唐义顺犯贩卖毒品罪，判处有期徒刑六个月，罚金人民币二千元。 （刑期从判决执行之日起计算。判决执行以前先行羁押的，羁押一日折抵刑期一日，即自2016年9月6日起至2017年3月5日止；罚金于判决生效之日起一个月内缴纳。） 如不服本判决，可在接到判决书的第二日起十日内，通过本院或者直接向江苏省南京市中级人民法院提出上诉。书面上诉的，应当提交上诉状正本一份，副本两份。 审判员朱世珍 二〇一六年十二月三十日 见习书记员郭冰冰","writId":"040fb8b4d810cb1db011892067172147027","writName":"被告人唐义顺贩卖毒品罪一审刑事判决书"}
