{"ajId":"6b45c780-ce87-4d5b-bcdf-d088201b2c14","ajName":"薛某某强奸一案","ajjbqk":" 公诉机关指控，2017年5月17日1时许，被告人薛某某至本市奉贤区金汇镇金闸公路XXX号金汇广场二楼女厕所内，采用暴力的方法将被害人冯某压倒在地并拉拽其裤子，欲与冯某发生性关系，后因被害人冯某反抗和证人李某某及时赶到而未得逞。 2017年5月17日21时许，被告人薛某某主动至公安机关投案，并如实供述了自己的犯罪事实。 上述事实，被告人薛某某在开庭审理过程中亦无异议，且有被害人冯某的陈述，证人李某某、张某的证言，现场勘验检查工作记录，验伤通知书，复旦大学上海医学院司法鉴定中心出具的司法鉴定意见书，谅解书，公安机关出具的辨认笔录、照片、案发及抓获经过、工作情况等证据证实，足以认定。 ","cpfxgc":"本院认为，被告人薛某某违背妇女意志，以暴力、胁迫手段强行与妇女发生性关系，其行为显已触犯刑律，构成强奸罪，依法应予惩处。公诉机关指控的罪名成立。被告人薛某某已经着手实施强奸犯罪行为，因意志以外的原因而未得逞，属犯罪未遂，依法可以比照既遂犯减轻处罚。被告人薛某某有自首情节，依法可以减轻处罚。到案后，被告人薛某某能自愿认罪，且已获得被害人的谅解，可以酌情从轻处罚。采纳辩护人提出的对被告人薛某某减轻处罚的辩护意见。为严肃国家法制，维护妇女的性权利不受侵犯，依照《中华人民共和国刑法》第二百三十六条第一款、第二十三条、第六十七条第一款、第六十三条第一款之规定，判决如下：","pjjg":" 被告人薛某某犯强奸罪，判处有期徒刑一年三个月。 （刑期从判决执行之日起计算。判决执行以前先行羁押的，羁押一日折抵刑期一日，即自2017年5月17日起至2018年8月16日止。） 如不服本判决，可在接到判决书的第二日起十日内，通过本院或者直接向上海市第一中级人民法院提出上诉。书面上诉的，应当提交上诉状正本一份，副本二份。","qw":"上海市奉贤区人民法院 刑事判决书 （2017）沪0120刑初930号 公诉机关上海市奉贤区人民检察院。 被告人薛某某，男，1983年6月5日出生，汉族，户籍所在地江苏省盐城市。 辩护人王群辉，上海市昆仑律师事务所律师。 上海市奉贤区人民检察院以沪奉检诉刑诉［2017］972号起诉书指控被告人薛某某犯强奸罪，于2017年8月8日向本院提起公诉。本院依法适用简易程序，实行独任审判，于2017年8月24日不公开开庭审理了本案。上海市奉贤区人民检察院指派检察员宋某出庭支持公诉，被告人薛某某及其辩护人王群辉到庭参加了诉讼。现已审理终结。 公诉机关指控，2017年5月17日1时许，被告人薛某某至本市奉贤区金汇镇金闸公路XXX号金汇广场二楼女厕所内，采用暴力的方法将被害人冯某压倒在地并拉拽其裤子，欲与冯某发生性关系，后因被害人冯某反抗和证人李某某及时赶到而未得逞。 2017年5月17日21时许，被告人薛某某主动至公安机关投案，并如实供述了自己的犯罪事实。 上述事实，被告人薛某某在开庭审理过程中亦无异议，且有被害人冯某的陈述，证人李某某、张某的证言，现场勘验检查工作记录，验伤通知书，复旦大学上海医学院司法鉴定中心出具的司法鉴定意见书，谅解书，公安机关出具的辨认笔录、照片、案发及抓获经过、工作情况等证据证实，足以认定。 本院认为，被告人薛某某违背妇女意志，以暴力、胁迫手段强行与妇女发生性关系，其行为显已触犯刑律，构成强奸罪，依法应予惩处。公诉机关指控的罪名成立。被告人薛某某已经着手实施强奸犯罪行为，因意志以外的原因而未得逞，属犯罪未遂，依法可以比照既遂犯减轻处罚。被告人薛某某有自首情节，依法可以减轻处罚。到案后，被告人薛某某能自愿认罪，且已获得被害人的谅解，可以酌情从轻处罚。采纳辩护人提出的对被告人薛某某减轻处罚的辩护意见。为严肃国家法制，维护妇女的性权利不受侵犯，依照《中华人民共和国刑法》第二百三十六条第一款、第二十三条、第六十七条第一款、第六十三条第一款之规定，判决如下： 被告人薛某某犯强奸罪，判处有期徒刑一年三个月。 （刑期从判决执行之日起计算。判决执行以前先行羁押的，羁押一日折抵刑期一日，即自2017年5月17日起至2018年8月16日止。） 如不服本判决，可在接到判决书的第二日起十日内，通过本院或者直接向上海市第一中级人民法院提出上诉。书面上诉的，应当提交上诉状正本一份，副本二份。 审判员唐韵 二〇一七年八月二十四日 书记员唐婷 附：相关法律条文 《中华人民共和国刑法》 第二百三十六条以暴力、胁迫或者其他手段强奸妇女的，处三年以上十年以下有期徒刑。 …… 第二十三条已经着手实行犯罪，由于犯罪分子意志以外的原因而未得逞的，是犯罪未遂。 对于未遂犯，可以比照既遂犯从轻或者减轻处罚。 第六十七条犯罪以后自动投案，如实供述自己的罪行的，是自首。对于自首的犯罪分子，可以从轻或者减轻处罚。其中，犯罪较轻的，可以免除处罚。 …… 第六十三条犯罪分子具有本法规定的减轻处罚情节的，应当在法定刑以下判处刑罚；本法规定有数个量刑幅度的，应当在法定量刑幅度的下一个量刑幅度内判处刑罚。 ……","writId":"01866055ff464ddcaa7f303c3a81ca6f6cf","writName":"薛某某强奸一审刑事判决书"}
