{"ajId":"25f208cd-1b19-40a2-95ae-4adb853490d0","ajName":"张某盗窃罪一案","ajjbqk":" 古蔺县人民检察院指控，2016年3月10日，张某在古蔺县鱼化乡鱼化小学教师宿舍楼，通过翻窗进入孔某某家实施盗窃，在其进入室内后被孔某某的妻子王某某发现，遂翻窗逃离。随后，张某被追赶而至的孔某某等人抓获并扭送至公安机关。 被告人对指控的犯罪事实和罪名均无异议。其辩护人提出被告人因被被害人发觉而迅速离开，系犯罪未遂；根据司法解释的规定，被告人张某并未给被害人造成经济损失，且不是以数额巨大的财物、珍贵文物为盗窃目标，其他情节严重的情形也无明确规定，被告人情节显著轻微，不认为是犯罪，不应追究其刑事责任。另外，其辩护人提出，根据司法解释，盗窃公私财物数额较大的，行为人认罪、悔罪，退赃、退赔，且有下列情形之一的，情节轻微的，可以不起诉或者免予刑事处罚：（一）具有法定从宽处罚情节的、（二）没有参与分赃或者获赃较少且不是主犯的、（三）被害人谅解的、（四）其他情节轻微、危害不大的，本案被告人没有取得任何财物，且又取得了被害人谅解，情节轻微，故不应追究其刑事责任。 公诉机关认为，被告人张某以非法占有为目的，入户盗窃他人财物，其行为已触犯《中华人民共和国刑法》第二百六十四条之规定，应当以盗窃罪追究其刑事责任；其曾因故意犯罪被判处有期徒刑以上刑罚，刑罚执行完毕后五年内再犯应当判处有期徒刑以上刑罚之罪，系累犯，应从重处罚。公诉机关向本院提交相应的证据证实，提请本院依法判处。 经审理查明，2016年3月10日，张某在古蔺县鱼化乡鱼化小学教师宿舍楼，通过翻窗进入孔某某家实施盗窃，在其进入室内后被孔某某的妻子王某某发现，遂翻窗逃离。随后，张某被追赶而至的孔某某等人抓获并扭送至公安机关。 上述事实，被告人张某及其辩护人在开庭审理过程中亦无异议，且有公诉机关出示并经质证的书证古蔺县公安局的受、立案文书，刑事拘留、监视居住的相关法律文书，提讯证，张某到案情况说明，扣押决定书、扣押清单、发还清单，户籍证明，情况说明，泉州市公安局丰泽分局的逮捕通知书、拘留通知书，福建省蓉城监狱的罪犯出监鉴定表、释放证明书，福建省永安监狱的释放证明书，福建省泉州市丰泽区人民法院的刑事判决书，被害人孔某某的谅解书；被害人孔某某、王某某的陈述；被告人张某的供述与辩解；古蔺县公安局的现场勘验笔录、方位示意图、平面示意图及现场照片；辨认笔录、指认笔录及指认现场照片等证据予以证实，足以认定。上述证据，经庭审质证、认证，均具有合法性、客观性、关联性，本院对其证明效力予以认定。 ","cpfxgc":"本院认为，被告人张某以非法占有为目的，采取秘密手段入户窃取他人财物，其行为构成盗窃罪，应予刑事处罚，公诉机关指控的事实和罪名成立，本院予以支持。被告人张某因被被害人发现和及时制止未能窃得财物，虽已着手犯罪，但因意志以外的原因未能得逞，属于犯罪未遂，对辩护人认为其属于犯罪未遂的辩护意见予以采纳。虽然《最高人民法院、最高人民检察院关于办理盗窃刑事案件适用法律若干问题的解释》第十二条规定“盗窃未遂，具有下列情形之一的，应当依法追究刑事责任：（一）以数额巨大的财物为盗窃目标的；（二）以珍贵文物为盗窃目标的；（三）其他情节严重的情形。”，但其并未明确不是以数额巨大的财物为盗窃目标的或者入户盗窃未遂的就不能追究刑事处罚，根据刑法总则第二十三条“已经着手实行犯罪，由于犯罪分子意志以外的原因而未得逞的，是犯罪未遂。对于未遂犯，可以比照既遂犯从轻或者减轻处罚。”的规定，原则上对于未遂犯应追究刑事责任。具体到本案，被告人已经翻窗入户到被害人家中，虽然被发现后被及时制止盗窃行为，但非法入户行为本身具有危害性，应当认定为其他情节严重的情形，应追究其刑事责任，对其辩护人认为本案系盗窃未遂，且情节显著轻微，不认为是犯罪的辩护予以不予采纳；对其认为被告人没有取得任何财物，且又取得了被害人谅解，情节轻微，被告人认罪、悔罪，故不应追究其刑事责任的辩护意见不予采纳。被告人曾因多次犯罪受过刑事处罚，具有前科，可以酌情从重处罚；其如实供述自己的罪行，当庭自愿认罪，可以从轻处罚。综合本案被告人张某犯罪的事实、情节，认罪、悔罪表现，依照《中华人民共和国刑法》第二百六十四条，第二十三条，第六十七条第三款，第五十三条的规定，判决如下：","pjjg":" 被告人张某犯盗窃罪，判处拘役四个月，并处罚金人民币2000元。 （被告人张某的刑期从判决执行之日起计算。判决执行前先行羁押的，羁押一日折抵刑期一日。罚金限于本判决生效后30日内一次性缴纳，期满不缴纳的，强制缴纳。） 如不服本判决，可在接到判决书的第二日起十日内，通过本院或者直接向四川省泸州市中级人民法院提出上诉。书面上诉的，应提交上诉状正本一份副本二份。","qw":"张某盗窃罪一审刑事判决书 四川省古蔺县人民法院 刑事判决书 （2016）川0525刑初83号 公诉机关古蔺县人民检察院。 被告人张某，男，1990年6月17日出生于四川省古蔺县，汉族，小学文化，农民，住四川省古蔺县。曾因犯盗窃罪，于2011年1月13日被福建省泉州市丰泽区人民法院判处有期徒刑二年六个月；曾因犯故意毁坏财物罪，于2013年3月28日被福建省泉州市鲤城区人民法院判处有期徒刑一年；曾因犯盗窃罪，于2014年8月18日被福建省泉州市丰泽区人民法院判处有期徒刑一年九个月，2015年12月25日刑满释放。因涉嫌犯盗窃罪，于2016年3月11日被古蔺县公安局刑事拘留，同年3月17日被该局监视居住；经本院决定，于2016年4月22日被取保候审。 辩护人陈刚，四川朝旭律师事务所律师。 古蔺县人民检察院以泸古检公诉刑诉（2016）77号起诉书指控被告人张某犯盗窃罪，于2016年4月21日向本院提起公诉。本院受理后依法立案，适用普通程序，公开开庭审理了本案。古蔺县人民检察院指派代理检察员李军、书记员易潇出庭支持公诉，被告人张某及其辩护人陈刚到庭参加诉讼。现已审理终结。 古蔺县人民检察院指控，2016年3月10日，张某在古蔺县鱼化乡鱼化小学教师宿舍楼，通过翻窗进入孔某某家实施盗窃，在其进入室内后被孔某某的妻子王某某发现，遂翻窗逃离。随后，张某被追赶而至的孔某某等人抓获并扭送至公安机关。 被告人对指控的犯罪事实和罪名均无异议。其辩护人提出被告人因被被害人发觉而迅速离开，系犯罪未遂；根据司法解释的规定，被告人张某并未给被害人造成经济损失，且不是以数额巨大的财物、珍贵文物为盗窃目标，其他情节严重的情形也无明确规定，被告人情节显著轻微，不认为是犯罪，不应追究其刑事责任。另外，其辩护人提出，根据司法解释，盗窃公私财物数额较大的，行为人认罪、悔罪，退赃、退赔，且有下列情形之一的，情节轻微的，可以不起诉或者免予刑事处罚：（一）具有法定从宽处罚情节的、（二）没有参与分赃或者获赃较少且不是主犯的、（三）被害人谅解的、（四）其他情节轻微、危害不大的，本案被告人没有取得任何财物，且又取得了被害人谅解，情节轻微，故不应追究其刑事责任。 公诉机关认为，被告人张某以非法占有为目的，入户盗窃他人财物，其行为已触犯《中华人民共和国刑法》第二百六十四条之规定，应当以盗窃罪追究其刑事责任；其曾因故意犯罪被判处有期徒刑以上刑罚，刑罚执行完毕后五年内再犯应当判处有期徒刑以上刑罚之罪，系累犯，应从重处罚。公诉机关向本院提交相应的证据证实，提请本院依法判处。 经审理查明，2016年3月10日，张某在古蔺县鱼化乡鱼化小学教师宿舍楼，通过翻窗进入孔某某家实施盗窃，在其进入室内后被孔某某的妻子王某某发现，遂翻窗逃离。随后，张某被追赶而至的孔某某等人抓获并扭送至公安机关。 上述事实，被告人张某及其辩护人在开庭审理过程中亦无异议，且有公诉机关出示并经质证的书证古蔺县公安局的受、立案文书，刑事拘留、监视居住的相关法律文书，提讯证，张某到案情况说明，扣押决定书、扣押清单、发还清单，户籍证明，情况说明，泉州市公安局丰泽分局的逮捕通知书、拘留通知书，福建省蓉城监狱的罪犯出监鉴定表、释放证明书，福建省永安监狱的释放证明书，福建省泉州市丰泽区人民法院的刑事判决书，被害人孔某某的谅解书；被害人孔某某、王某某的陈述；被告人张某的供述与辩解；古蔺县公安局的现场勘验笔录、方位示意图、平面示意图及现场照片；辨认笔录、指认笔录及指认现场照片等证据予以证实，足以认定。上述证据，经庭审质证、认证，均具有合法性、客观性、关联性，本院对其证明效力予以认定。 本院认为，被告人张某以非法占有为目的，采取秘密手段入户窃取他人财物，其行为构成盗窃罪，应予刑事处罚，公诉机关指控的事实和罪名成立，本院予以支持。被告人张某因被被害人发现和及时制止未能窃得财物，虽已着手犯罪，但因意志以外的原因未能得逞，属于犯罪未遂，对辩护人认为其属于犯罪未遂的辩护意见予以采纳。虽然《最高人民法院、最高人民检察院关于办理盗窃刑事案件适用法律若干问题的解释》第十二条规定“盗窃未遂，具有下列情形之一的，应当依法追究刑事责任：（一）以数额巨大的财物为盗窃目标的；（二）以珍贵文物为盗窃目标的；（三）其他情节严重的情形。”，但其并未明确不是以数额巨大的财物为盗窃目标的或者入户盗窃未遂的就不能追究刑事处罚，根据刑法总则第二十三条“已经着手实行犯罪，由于犯罪分子意志以外的原因而未得逞的，是犯罪未遂。对于未遂犯，可以比照既遂犯从轻或者减轻处罚。”的规定，原则上对于未遂犯应追究刑事责任。具体到本案，被告人已经翻窗入户到被害人家中，虽然被发现后被及时制止盗窃行为，但非法入户行为本身具有危害性，应当认定为其他情节严重的情形，应追究其刑事责任，对其辩护人认为本案系盗窃未遂，且情节显著轻微，不认为是犯罪的辩护予以不予采纳；对其认为被告人没有取得任何财物，且又取得了被害人谅解，情节轻微，被告人认罪、悔罪，故不应追究其刑事责任的辩护意见不予采纳。被告人曾因多次犯罪受过刑事处罚，具有前科，可以酌情从重处罚；其如实供述自己的罪行，当庭自愿认罪，可以从轻处罚。综合本案被告人张某犯罪的事实、情节，认罪、悔罪表现，依照《中华人民共和国刑法》第二百六十四条，第二十三条，第六十七条第三款，第五十三条的规定，判决如下： 被告人张某犯盗窃罪，判处拘役四个月，并处罚金人民币2000元。 （被告人张某的刑期从判决执行之日起计算。判决执行前先行羁押的，羁押一日折抵刑期一日。罚金限于本判决生效后30日内一次性缴纳，期满不缴纳的，强制缴纳。） 如不服本判决，可在接到判决书的第二日起十日内，通过本院或者直接向四川省泸州市中级人民法院提出上诉。书面上诉的，应提交上诉状正本一份副本二份。 审判长李永 代理审判员刘洋 人民陪审员孙光荣 二〇一六年五月九日 书记员李庆 附：相关法律条文 《中华人民共和国刑法》 第二百六十四条盗窃公私财物，数额较大的，或者多次盗窃、入户盗窃、携带凶器盗窃、扒窃的，处三年以下有期徒刑、拘役或者管制，并处或者单处罚金；数额巨大或者有其他严重情节的，处三年以上十年以下有期徒刑，并处罚金；数额特别巨大或者有其他特别严重情节的，处十年以上有期徒刑或者无期徒刑，并处罚金或者没收财产。 第二十三条已经着手实行犯罪，由于犯罪分子意志以外的原因而未得逞的，是犯罪未遂。 对于未遂犯，可以比照既遂犯从轻或者减轻处罚。 第六十七条犯罪以后自动投案，如实供述自己的罪行的，是自首。对于自首的犯罪分子，可以从轻或者减轻处罚。其中，犯罪较轻的，可以免除处罚。 被采取强制措施的犯罪嫌疑人、被告人和正在服刑的罪犯，如实供述司法机关还未掌握的本人其他罪行的，以自首论。 犯罪嫌疑人虽不具有前两款规定的自首情节，但是如实供述自己罪行的，可以从轻处罚；因其如实供述自己罪行，避免特别严重后果发生的，可以减轻处罚。 第五十三条罚金在判决指定的期限内一次或者分期缴纳。期满不缴纳的，强制缴纳。对于不能全部缴纳罚金的，人民法院在任何时候发现被执行人有可以执行的财产，应当随时追缴。 由于遭遇不能抗拒的灾祸等原因缴纳确实有困难的，经人民法院裁定，可以延期缴纳、酌情减少或者免除。","writId":"010c0dd00487b16e6f6cfdf33da95ffd71b","writName":"张某盗窃罪一审刑事判决书"}
