{"ajId":"c5bff8b9-a0ff-412a-903a-96e10b56b418","ajName":"徐孝炜故意毁坏财物罪一案","ajjbqk":" 公诉机关指控，被告人徐孝炜为挖机司机，受雇于被害人王某1，在遂昌县新建通山道路工地驾驶挖机作业。2019年10月3日下午，被告人徐孝炜因施工问题被王某1责骂、加之王某1又拖欠其工资，因而怀恨在心，为泄私愤，于当日17时许，在遂昌县傅某副食品店内购买一包食盐，随后返回工地，将食盐倒入王某1挖机的发动机内，造成王某1挖机损坏。被告人徐孝炜于当晚逃离遂昌。经遂昌县价格认证中心鉴定，王某1的挖机损失价值为人民币12920元。 2019年10月23日，被告人徐孝炜被抓获归案，其归案后对犯罪事实供认不讳。被告人徐孝炜家属已代其向被害人王某1赔偿全部经济损失并取得谅解。 公诉机关认为，被告人徐孝炜故意损坏他人财物，共计价值人民币12920元，数额较大，其行为已触犯《中华人民共和国刑法》第二百七十五条之规定，应当以故意毁坏财物罪追究其刑事责任。鉴于被告人徐孝炜归案后如实供述自己的罪行，根据《中华人民共和国刑法》第六十七条第三款之规定，可以从轻处罚；被告人徐孝炜已赔偿被害人所受的全部损失，并取得被害人谅解，社会矛盾得到有效化解，可以酌情从轻处罚；被告人徐孝炜自愿认罪认罚，根据《中华人民共和国刑事诉讼法》第十五条之规定，可以依法从宽处理。建议判处被告人徐孝炜拘役五个月，缓刑九个月。公诉机关提交了遂价认定（2019）100号价格认定结论书及鉴定意见通知书、维修单及照片、支付宝转账记录、谅解书；证人傅某、王某2、宋某证言；被害人王某1的陈述；被告人徐孝炜的供述和辩解；现场勘验笔录及照片、现场辨认笔录及照片；监控视频；归案经过；被告人徐孝炜的户籍证明等证据证实。 被告人徐孝炜对指控事实、罪名及量刑建议没有异议，同意适用简易程序，且签字具结，在开庭审理过程中亦无异议。 经审理查明的事实、证据与公诉机关的指控一致。 ","cpfxgc":"本院认为，被告人徐孝炜构成故意毁坏财物罪。公诉机关的指控成立。被告人徐孝炜归案后如实供述自己的罪行，愿意接受处罚，对其可以从轻处罚；已赔偿被害人所受的全部损失，并取得被害人谅解，可以酌情从轻处罚。公诉机关的量刑建议适当。依照《中华人民共和国刑法》第二百七十五条、第六十七条第三款、第七十二条、《中华人民共和国刑事诉讼法》第二百零一条之规定，判决如下：","pjjg":" 被告人徐孝炜犯故意毁坏财物罪，判处拘役五个月，缓刑九个月（缓刑考验期限从判决确定之日起计算）。 被告人徐孝炜回到社区后，应当遵守法律、法规，服从监督、管理，接受教育，参加公益劳动，做一名有益于社会的公民。 如不服本判决，可在接到判决书的第二日起十日内，通过本院或者直接向浙江省丽水市中级人民法院提出上诉。书面上诉的，应当提交上诉状正本一份，副本二份。","qw":"浙江省遂昌县人民法院 刑事判决书 （2019）浙1123刑初144号 公诉机关浙江省遂昌县人民检察院。 被告人徐孝炜，男，1992年11月20日出生于江西省广丰县，汉族，初中文化，住江西省广丰县。因本案于2019年10月23日被遂昌县公安局刑事拘留，同年10月25日被遂昌县公安局取保候审；2019年12月6日被本院取保候审。 遂昌县人民检察院以遂检一部刑诉（2019）14号起诉书指控被告人徐孝炜犯故意毁坏财物罪，于2019年12月5日向本院提起公诉。本院受理后依法适用简易程序，实行独任审判，公开开庭审理了本案。遂昌县人民检察院指派检察员朱伟强出庭支持公诉，被告人徐孝炜到庭参加了诉讼。现已审理终结。 公诉机关指控，被告人徐孝炜为挖机司机，受雇于被害人王某1，在遂昌县新建通山道路工地驾驶挖机作业。2019年10月3日下午，被告人徐孝炜因施工问题被王某1责骂、加之王某1又拖欠其工资，因而怀恨在心，为泄私愤，于当日17时许，在遂昌县傅某副食品店内购买一包食盐，随后返回工地，将食盐倒入王某1挖机的发动机内，造成王某1挖机损坏。被告人徐孝炜于当晚逃离遂昌。经遂昌县价格认证中心鉴定，王某1的挖机损失价值为人民币12920元。 2019年10月23日，被告人徐孝炜被抓获归案，其归案后对犯罪事实供认不讳。被告人徐孝炜家属已代其向被害人王某1赔偿全部经济损失并取得谅解。 公诉机关认为，被告人徐孝炜故意损坏他人财物，共计价值人民币12920元，数额较大，其行为已触犯《中华人民共和国刑法》第二百七十五条之规定，应当以故意毁坏财物罪追究其刑事责任。鉴于被告人徐孝炜归案后如实供述自己的罪行，根据《中华人民共和国刑法》第六十七条第三款之规定，可以从轻处罚；被告人徐孝炜已赔偿被害人所受的全部损失，并取得被害人谅解，社会矛盾得到有效化解，可以酌情从轻处罚；被告人徐孝炜自愿认罪认罚，根据《中华人民共和国刑事诉讼法》第十五条之规定，可以依法从宽处理。建议判处被告人徐孝炜拘役五个月，缓刑九个月。公诉机关提交了遂价认定（2019）100号价格认定结论书及鉴定意见通知书、维修单及照片、支付宝转账记录、谅解书；证人傅某、王某2、宋某证言；被害人王某1的陈述；被告人徐孝炜的供述和辩解；现场勘验笔录及照片、现场辨认笔录及照片；监控视频；归案经过；被告人徐孝炜的户籍证明等证据证实。 被告人徐孝炜对指控事实、罪名及量刑建议没有异议，同意适用简易程序，且签字具结，在开庭审理过程中亦无异议。 经审理查明的事实、证据与公诉机关的指控一致。 本院认为，被告人徐孝炜构成故意毁坏财物罪。公诉机关的指控成立。被告人徐孝炜归案后如实供述自己的罪行，愿意接受处罚，对其可以从轻处罚；已赔偿被害人所受的全部损失，并取得被害人谅解，可以酌情从轻处罚。公诉机关的量刑建议适当。依照《中华人民共和国刑法》第二百七十五条、第六十七条第三款、第七十二条、《中华人民共和国刑事诉讼法》第二百零一条之规定，判决如下： 被告人徐孝炜犯故意毁坏财物罪，判处拘役五个月，缓刑九个月（缓刑考验期限从判决确定之日起计算）。 被告人徐孝炜回到社区后，应当遵守法律、法规，服从监督、管理，接受教育，参加公益劳动，做一名有益于社会的公民。 如不服本判决，可在接到判决书的第二日起十日内，通过本院或者直接向浙江省丽水市中级人民法院提出上诉。书面上诉的，应当提交上诉状正本一份，副本二份。 审判员秦金芽 二〇一九年十二月二十四日 法官助理左军 书记员罗萍","writId":"039c833a3d8160264a7baa3c0a575fbbd7d","writName":"徐孝炜故意毁坏财物罪一审刑事判决书"}
