{"ajId":"df964322-f2d0-40a1-8524-7a2fb1ed62ef","ajName":"许××妨害公务罪一案","ajjbqk":" 北京市昌平区人民检察院起诉书指控：2014年1月16日14时许，被告人许××在北京市昌平区“东城区看守所”一层管教室内，因不满二审裁定结果，用拳殴打向其宣读裁判结果的北京市第二中级人民法院法官刘×1左侧面部，致刘左侧下颌部软组织损伤。公诉机关向本院移送了该案被告人供述、证人证言、书证等证据材料，认为被告人许××的行为触犯了《中华人民共和国刑法》第二百七十七条第一款之规定，已构成妨害公务罪，提请依法惩处。 被告人许××在庭审中对起诉书指控的事实予以认可并表示认罪，辩称其之前受到不公正的对待，但不应该打法官。其辩护人的辩护意见为，本案的发生事出有因；被告人许××当庭承认对其的指控并表示自愿认罪；不宜长期关押；造成的危害程度相对较小，请求对其从轻处罚。 经审理查明：2013年12月10日，被告人许××因犯妨害公务罪被北京市东城区人民法院判处有期徒刑一年六个月，其对判决不服上诉至北京市第二中级人民法院。2014年1月16日14时许，被告人许××在北京市昌平区“东城区看守所”一层管教室内，因不满二审裁定驳回上诉，维持原判的结果，用拳殴打向其宣读裁判结果的北京市第二中级人民法院法官刘×1左侧面部，致刘左侧下颌部软组织损伤。 上述事实，有经庭审质证的被害人刘×1的陈述，证人陈××、吴××、刘×2、任××、孙××的证言，辨认笔录，公安机关出具的到案经过，破案报告，诊断证明，鉴定意见，照片，刑事判决书，裁定书，被告人身份信息及被告人许××的供述等证据在案佐证，足以认定。 ","cpfxgc":"本院认为，被告人许××以暴力手段阻碍国家机关工作人员依法执行职务，其行为已构成妨害公务罪，依法应予惩处。北京市昌平区人民检察院指控被告人许××犯妨害公务罪的事实清楚、证据确实充分，罪名成立。辩护人关于被告人许××当庭承认对其的指控并表示自愿认罪，请求从轻处罚的辩护意见，本院予以采纳。依照《中华人民共和国刑法》第二百七十七条第一款之规定，判决如下：","pjjg":" 被告人许××犯妨害公务罪，判处有期徒刑十个月。 （刑期从判决执行之日起计算。判决执行以前先行羁押的，羁押一日折抵刑期一日，即自2014年7月15日起至2015年5月14日止）。 如不服本判决，应在接到判决书的第二日起十日内，通过本院或者直接向北京市第一中级人民法院提出上诉。书面上诉的，应当提交上诉状正本一份，副本二份。","qw":"北京市昌平区人民法院 刑事判决书 （2014）昌刑初字第1040号 公诉机关北京市昌平区人民检察院。 被告人许××，男，45岁（1969年1月6日出生）。因犯妨害公务罪于2013年12月10日被北京市东城区人民法院判处有期徒刑一年六个月。现因涉嫌犯妨害公务罪于2014年7月15日被羁押，同年7月21日被逮捕，现羁押于北京市昌平区看守所。 指定辩护人谢冬飞，北京安翔律师事务所律师。 北京市昌平区人民检察院以京昌检公诉刑诉（2014）742号起诉书指控被告人许××犯妨害公务罪，于2014年8月12日向本院提起公诉。本院依法组成合议庭，公开开庭进行了审理。北京市昌平区人民检察院指派检察员杨速出庭支持公诉。被告人许××及指定辩护人谢冬飞到庭参加诉讼。本案现已审理终结。 北京市昌平区人民检察院起诉书指控：2014年1月16日14时许，被告人许××在北京市昌平区“东城区看守所”一层管教室内，因不满二审裁定结果，用拳殴打向其宣读裁判结果的北京市第二中级人民法院法官刘×1左侧面部，致刘左侧下颌部软组织损伤。公诉机关向本院移送了该案被告人供述、证人证言、书证等证据材料，认为被告人许××的行为触犯了《中华人民共和国刑法》第二百七十七条第一款之规定，已构成妨害公务罪，提请依法惩处。 被告人许××在庭审中对起诉书指控的事实予以认可并表示认罪，辩称其之前受到不公正的对待，但不应该打法官。其辩护人的辩护意见为，本案的发生事出有因；被告人许××当庭承认对其的指控并表示自愿认罪；不宜长期关押；造成的危害程度相对较小，请求对其从轻处罚。 经审理查明：2013年12月10日，被告人许××因犯妨害公务罪被北京市东城区人民法院判处有期徒刑一年六个月，其对判决不服上诉至北京市第二中级人民法院。2014年1月16日14时许，被告人许××在北京市昌平区“东城区看守所”一层管教室内，因不满二审裁定驳回上诉，维持原判的结果，用拳殴打向其宣读裁判结果的北京市第二中级人民法院法官刘×1左侧面部，致刘左侧下颌部软组织损伤。 上述事实，有经庭审质证的被害人刘×1的陈述，证人陈××、吴××、刘×2、任××、孙××的证言，辨认笔录，公安机关出具的到案经过，破案报告，诊断证明，鉴定意见，照片，刑事判决书，裁定书，被告人身份信息及被告人许××的供述等证据在案佐证，足以认定。 本院认为，被告人许××以暴力手段阻碍国家机关工作人员依法执行职务，其行为已构成妨害公务罪，依法应予惩处。北京市昌平区人民检察院指控被告人许××犯妨害公务罪的事实清楚、证据确实充分，罪名成立。辩护人关于被告人许××当庭承认对其的指控并表示自愿认罪，请求从轻处罚的辩护意见，本院予以采纳。依照《中华人民共和国刑法》第二百七十七条第一款之规定，判决如下： 被告人许××犯妨害公务罪，判处有期徒刑十个月。 （刑期从判决执行之日起计算。判决执行以前先行羁押的，羁押一日折抵刑期一日，即自2014年7月15日起至2015年5月14日止）。 如不服本判决，应在接到判决书的第二日起十日内，通过本院或者直接向北京市第一中级人民法院提出上诉。书面上诉的，应当提交上诉状正本一份，副本二份。 审判长杨卫东人民陪审员杨明人民陪审员艾亚军 二〇一四年十月十日 书记员熊文超","writId":"00853e7ea71d36bf63898dd0d8b6120e32a","writName":"许××妨害公务罪一审刑事判决书"}
