{"ajId":"71855a64-0126-45f7-85f6-af0f59dec339","ajName":"蒋华非法转让、倒卖土地使用权罪、非法吸收公众存款罪一案","ajjbqk":" 原审法院审理查明，2010年以来，被告人蒋某因做工程或欠帐缺少资金，通过他人介绍或担保的方式，以2至5分不等的月息，非法吸收孙某1等社会不特定人存款人民币330万元。其中，孙某15万元、付某30万元、潘东甜48万元、潘某410万元、孙某236万元，黄金明10万元、黄金洋16万元、姚某10万元，孙某315万元、潘某25万元、潘某3100万元、金某20万元、毕某25万元。 上述事实，有经原审当庭举证、质证，并确认的下列证据予以证实：被告人蒋某的供述和辩解，证人孙某1、付某、潘东甜潘某4、孙某2、潘某1、黄金明、黄金洋、姚某、孙某3、潘某2、黄金帮、潘某3、金某、毕某、李某的证言笔录，部分书证借据，营业执照等。 原审法院认为，被告人蒋某违反金融管理法规，以高息为诱饵，通过他人介绍或者担保，向社会不特定多人吸收存款人民币330万元，其行为已构成非法吸收公众存款罪。但指控被告人蒋某犯非法转让土地使用权罪，事实不清，证据不足，指控的犯罪不能成立。被告人蒋某归案后，能如实供述非法吸收公众存款罪的基本犯罪事实，依法可以从轻处罚。依照《中华人民共和国刑法》第一百七十六条第一款，第六十七条第三款，第五十二条，第五十三条，第六十四条和最高人民法院关于适用《中华人民共和国刑事诉讼法》的解释第二百四十一条第一款第（五）项之规定，作出如下判决：被告人蒋某犯非法吸收公众存款罪，判处有期徒刑三年，并处罚金人民币二十万元；被告人蒋某的违法所得予以追缴。 上诉人蒋某及辩护人提出的上诉理由、辩护意见为：其借款是正常的民间借贷行为，没有公开宣传吸收公众存款，其行为不属于非法吸收或者变相非法吸收公众存款，不构成犯罪；即使认定其构成犯罪，因借款均已归还，应当对其免予刑事处罚。 江苏省连云港市人民检察院的意见为：原审判决认定事实清楚，定性准确，但鉴于上诉人蒋某吸收的存款主要用于生产经营、且案发前基本归还，原审判决量刑偏重，建议二审法院依法裁判。 经审理查明，原审判决认定上诉人蒋某非法吸收孙某1等十三名社会不特定人存款人民币330万元的事实清楚，且相关证据均经原审庭审举证、质证，本院依法予以确认。 另查明，上诉人蒋某吸收的上述款项，主要用于正常的经营活动，且均已及时清退。该事实有经原审庭审举证、质证，本院予以确认的上诉人蒋某的供述和辩解、证人孙某1等十六名证人证言笔录及相关书证等证据证实。 关于上诉人蒋某及其辩护人提出的“其借款是正常的民间借贷行为，没有公开宣传吸收公众存款，其行为不属于非法吸收或者变相非法吸收公众存款，不构成犯罪”的上诉理由及辩护意见，经查，上诉人蒋某自2009年起，以建房需要资金为由，自己或通过他人许以较高的利息，向不特定的人吸收存款，扰乱金融秩序，其行为符合非法吸收公众存款罪的法律规定。该上诉理由及辩护意见不能成立，本院不予采纳。 ","cpfxgc":"本院认为，上诉人蒋某变相吸收公众存款，扰乱金融秩序，数额巨大，其行为构成非法吸收公众存款罪。鉴于上诉人蒋某吸收的存款，主要用于正常的生产经营活动，且能够及时清退所吸收资金，可以免于刑事处罚。上诉人蒋某及其辩护人提出的“应当对其免予刑事处罚”上诉理由及辩护意见成立，本院予以采纳。原审判决认定事实基本清楚，但对上诉人蒋某量刑不当，本院依法应予改判。依照《中华人民共和国刑事诉讼法》第二百二十五条第一款第（一）、（二）项，《中华人民共和国刑法》第一百七十六条第一款，《最高人民法院关于审理非法集资刑事案件具体应用法律若干问题的解释》第三条第三款的规定，判决如下：","pjjg":" 一、维持江苏省灌南县人民法院（2016）苏0724刑初141号刑事判决第一项定罪部分，即被告人蒋某犯非法吸收公众存款罪； 二、撤销江苏省灌南县人民法院（2016）苏0724刑初141号刑事判决第一项对被告人蒋某的量刑部分及第二项； 三、上诉人（原审被告人）蒋某犯非法吸收公众存款罪，免予刑事处罚。 本判决为终审判决。","qw":"蒋某非法转让、倒卖土地使用权罪、非法吸收公众存款罪二审刑事判决书 {C} 江苏省连云港市中级人民法院 刑事判决书 （2017）苏07刑终16号 原公诉机关江苏省灌南县人民检察院。 上诉人（原审被告人）蒋某，男，1973年4月5日出生于江苏省灌南县，，汉族，中专文化，连云港智行建设咨询有限公司法定代表人，住江苏省连云港市海州区。因本案于2015年6月28日被刑事拘留，同年8月4日被逮捕。现羁押于灌南县看守所。 辩护人蒲凡凡，江苏苍梧律师事务所律师。 江苏省灌南县人民法院审理江苏省灌南县人民检察院指控原审被告人蒋某犯非法转让土地使用权罪、非法吸收公众存款罪一案，于2016年12月8日作出（2016）苏0724刑初141号刑事判决。原审被告人蒋某不服，提出上诉。本院依法组成合议庭，经过阅卷、讯问上诉人蒋某、分别听取江苏省连云港市人民检察院、辩护人意见，认为事实清楚，决定不开庭审理。期间，经江苏省连云港市人民检察院建议，本案延期审理一次。现已审理终结。 原审法院审理查明，2010年以来，被告人蒋某因做工程或欠帐缺少资金，通过他人介绍或担保的方式，以2至5分不等的月息，非法吸收孙某1等社会不特定人存款人民币330万元。其中，孙某15万元、付某30万元、潘东甜48万元、潘某410万元、孙某236万元，黄金明10万元、黄金洋16万元、姚某10万元，孙某315万元、潘某25万元、潘某3100万元、金某20万元、毕某25万元。 上述事实，有经原审当庭举证、质证，并确认的下列证据予以证实：被告人蒋某的供述和辩解，证人孙某1、付某、潘东甜潘某4、孙某2、潘某1、黄金明、黄金洋、姚某、孙某3、潘某2、黄金帮、潘某3、金某、毕某、李某的证言笔录，部分书证借据，营业执照等。 原审法院认为，被告人蒋某违反金融管理法规，以高息为诱饵，通过他人介绍或者担保，向社会不特定多人吸收存款人民币330万元，其行为已构成非法吸收公众存款罪。但指控被告人蒋某犯非法转让土地使用权罪，事实不清，证据不足，指控的犯罪不能成立。被告人蒋某归案后，能如实供述非法吸收公众存款罪的基本犯罪事实，依法可以从轻处罚。依照《中华人民共和国刑法》第一百七十六条第一款，第六十七条第三款，第五十二条，第五十三条，第六十四条和最高人民法院关于适用《中华人民共和国刑事诉讼法》的解释第二百四十一条第一款第（五）项之规定，作出如下判决：被告人蒋某犯非法吸收公众存款罪，判处有期徒刑三年，并处罚金人民币二十万元；被告人蒋某的违法所得予以追缴。 上诉人蒋某及辩护人提出的上诉理由、辩护意见为：其借款是正常的民间借贷行为，没有公开宣传吸收公众存款，其行为不属于非法吸收或者变相非法吸收公众存款，不构成犯罪；即使认定其构成犯罪，因借款均已归还，应当对其免予刑事处罚。 江苏省连云港市人民检察院的意见为：原审判决认定事实清楚，定性准确，但鉴于上诉人蒋某吸收的存款主要用于生产经营、且案发前基本归还，原审判决量刑偏重，建议二审法院依法裁判。 经审理查明，原审判决认定上诉人蒋某非法吸收孙某1等十三名社会不特定人存款人民币330万元的事实清楚，且相关证据均经原审庭审举证、质证，本院依法予以确认。 另查明，上诉人蒋某吸收的上述款项，主要用于正常的经营活动，且均已及时清退。该事实有经原审庭审举证、质证，本院予以确认的上诉人蒋某的供述和辩解、证人孙某1等十六名证人证言笔录及相关书证等证据证实。 关于上诉人蒋某及其辩护人提出的“其借款是正常的民间借贷行为，没有公开宣传吸收公众存款，其行为不属于非法吸收或者变相非法吸收公众存款，不构成犯罪”的上诉理由及辩护意见，经查，上诉人蒋某自2009年起，以建房需要资金为由，自己或通过他人许以较高的利息，向不特定的人吸收存款，扰乱金融秩序，其行为符合非法吸收公众存款罪的法律规定。该上诉理由及辩护意见不能成立，本院不予采纳。 本院认为，上诉人蒋某变相吸收公众存款，扰乱金融秩序，数额巨大，其行为构成非法吸收公众存款罪。鉴于上诉人蒋某吸收的存款，主要用于正常的生产经营活动，且能够及时清退所吸收资金，可以免于刑事处罚。上诉人蒋某及其辩护人提出的“应当对其免予刑事处罚”上诉理由及辩护意见成立，本院予以采纳。原审判决认定事实基本清楚，但对上诉人蒋某量刑不当，本院依法应予改判。依照《中华人民共和国刑事诉讼法》第二百二十五条第一款第（一）、（二）项，《中华人民共和国刑法》第一百七十六条第一款，《最高人民法院关于审理非法集资刑事案件具体应用法律若干问题的解释》第三条第三款的规定，判决如下： 一、维持江苏省灌南县人民法院（2016）苏0724刑初141号刑事判决第一项定罪部分，即被告人蒋某犯非法吸收公众存款罪； 二、撤销江苏省灌南县人民法院（2016）苏0724刑初141号刑事判决第一项对被告人蒋某的量刑部分及第二项； 三、上诉人（原审被告人）蒋某犯非法吸收公众存款罪，免予刑事处罚。 本判决为终审判决。 审判长倪洁 审判员黄宇 审判员张清磊 二O一七年五月十日 书记员李双艳 法律条文附录 《中华人民共和国刑事诉讼法》 第二百二十五条第一款第（一）、（二）项 第二审人民法院对不服第一审判决的上诉、抗诉案件，经过审理后，应当按照下列情形分别处理： （一）原判决认定事实和适用法律正确、量刑适当的，应当裁定驳回上诉或者抗诉，维持原判； （二）原判决认定事实没有错误，但适用法律有错误或者量刑不当的，应当改判。 《中华人民共和国刑法》第一百七十六条第一款 非法吸收公众存款或者变相吸收公众存款，扰乱金融秩序的，处三年以下有期徒刑或者拘役，并处或者单处二万元以上二十万元以下罚金；数额巨大或者有其他严重情节的，处三年以上十年以下有期徒刑，并处五万元以上五十万元以下罚金。 《最高人民法院关于审理非法集资刑事案件具体应用法律若干问题的解释》第三条第三款 非法吸收或者变相吸收公众存款，主要用于正常的生产经营活动，能够及时清退所吸收资金，可以免予刑事处罚；情节显著轻微的，不作为犯罪处理。 ","writId":"0325b140f9dc412407b95f46127b1ea3880","writName":"蒋某非法转让、倒卖土地使用权罪、非法吸收公众存款罪二审刑事判决书"}
