{"ajId":"0201ddc9-b563-42ec-a82d-cf154c445c2b","ajName":"1541王磊容留他人吸毒罪一案","ajjbqk":" 昆山市人民检察院指控，2016年11月29日至12月20日期间，被告人王磊先后四次在其租住的昆山市花桥镇太平洋商业广场XXXX室暂住处内，容留顾某、莘某等人吸食毒品。 公诉机关认为，被告人王磊容留他人吸食毒品，应当以容留他人吸毒罪追究其刑事责任。被告人王磊如实供述自己的罪行，可以从轻处罚。提请本院依法判处。 被告人王磊对被指控的容留他人吸毒犯罪事实无异议 经审理查明，2016年11月29日至12月20日期间，被告人王磊先后多次在其租住的昆山市花桥镇太平洋商业广场XXXX室暂住处内，容留顾某、莘某等人吸食毒品。具体分述如下： 1.11月29日，容留顾某吸食毒品甲基苯丙胺； 2.12月9日左右某日，容留顾某吸食毒品甲基苯丙胺； 3.12月17日，容留顾某吸食毒品甲基苯丙胺； 4.12月18日至19日，容留顾某、莘某吸食毒品甲基苯丙胺。 被告人王磊归案后如实供述了犯罪事实。 另查明：公安机关在被告人王磊暂住处查获毒品甲基苯丙胺8.97克，已被公安机关依法收缴。 上述事实，被告人王磊在开庭审理过程中无异议，并有证人顾某、莘某的证言，辨认笔录，（王磊、顾某、莘某）手机微信应用信息提取笔录及提取清单、照片，房屋租赁合同及身份证明，检查证及检查笔录、照片，毒品称量、取样笔录及照片，苏州市公安局物证鉴定所物证检验报告书，江苏省公安机关收缴毒品专用收据，昆山市公安局曹安派出所现场检测报告书（毒品尿检），行政处罚决定书，被告人身份信息查询，抓获经过等证据予以证实，足以认定。 ","cpfxgc":"本院认为，被告人王磊多次容留他人吸食毒品甲基苯丙胺，其行为已经构成容留他人吸毒罪。被告人王磊归案后如实供述主要犯罪事实，依法予以从轻处罚。公诉机关指控被告人王磊犯容留他人吸毒罪的犯罪事实清楚，证据确实充分，指控罪名正确。为维护社会管理秩序，保障国家的毒品管理秩序不受侵犯，对被告人王磊依照《中华人民共和国刑法》第三百五十四条、第六十七条第三款、第五十二条、第五十三条、第六十四条之规定，判决如下：","pjjg":" 被告人王磊犯容留他人吸毒罪，判处拘役五个月，并处罚金人民币一千元。 （刑期从判决执行之日起计算。判决执行以前先行羁押的，羁押一日折抵刑期一日。即自2017年11月16日起至2018年4月15日止。罚金在判决生效后十日内缴纳。） 如不服本判决，可在接到判决书的第二日起十日内，通过本院或者直接向苏州市中级人民法院提出上诉。书面上诉的，应当提交上诉状正本一份，副本二份。","qw":"江苏省昆山市人民法院 刑事判决书 （2017）苏0583刑初1541号 公诉机关江苏省昆山市人民检察院。 被告人王磊，男，1987年6月12日生，汉族，初中文化，住上海市嘉定区。2006年6月30日因犯盗窃罪被上海市嘉定区人民法院判处有期徒刑一年，并处罚金人民币二千元，2007年4月21日刑满释放。2016年12月21日因吸毒被昆山市公安局处行政拘留十二日。2017年1月18日因涉嫌容留他人吸毒犯罪被昆山市公安局取保候审，同年11月16日经本院决定逮捕，同日由昆山市公安局执行逮捕。现羁押于昆山市看守所。 昆山市人民检察院以昆检诉刑诉（2017）1527号起诉书指控被告人王磊犯容留他人吸毒罪，于2017年8月17日向本院提起公诉。本院适用简易程序，并于同年9月5日转为普通程序，依法组成合议庭，公开开庭审理了本案。昆山市人民检察院指派检察员徐忠义出庭支持公诉。被告人王磊到庭参加诉讼。本案现已审理终结。 昆山市人民检察院指控，2016年11月29日至12月20日期间，被告人王磊先后四次在其租住的昆山市花桥镇太平洋商业广场XXXX室暂住处内，容留顾某、莘某等人吸食毒品。 公诉机关认为，被告人王磊容留他人吸食毒品，应当以容留他人吸毒罪追究其刑事责任。被告人王磊如实供述自己的罪行，可以从轻处罚。提请本院依法判处。 被告人王磊对被指控的容留他人吸毒犯罪事实无异议 经审理查明，2016年11月29日至12月20日期间，被告人王磊先后多次在其租住的昆山市花桥镇太平洋商业广场XXXX室暂住处内，容留顾某、莘某等人吸食毒品。具体分述如下： 1.11月29日，容留顾某吸食毒品甲基苯丙胺； 2.12月9日左右某日，容留顾某吸食毒品甲基苯丙胺； 3.12月17日，容留顾某吸食毒品甲基苯丙胺； 4.12月18日至19日，容留顾某、莘某吸食毒品甲基苯丙胺。 被告人王磊归案后如实供述了犯罪事实。 另查明：公安机关在被告人王磊暂住处查获毒品甲基苯丙胺8.97克，已被公安机关依法收缴。 上述事实，被告人王磊在开庭审理过程中无异议，并有证人顾某、莘某的证言，辨认笔录，（王磊、顾某、莘某）手机微信应用信息提取笔录及提取清单、照片，房屋租赁合同及身份证明，检查证及检查笔录、照片，毒品称量、取样笔录及照片，苏州市公安局物证鉴定所物证检验报告书，江苏省公安机关收缴毒品专用收据，昆山市公安局曹安派出所现场检测报告书（毒品尿检），行政处罚决定书，被告人身份信息查询，抓获经过等证据予以证实，足以认定。 本院认为，被告人王磊多次容留他人吸食毒品甲基苯丙胺，其行为已经构成容留他人吸毒罪。被告人王磊归案后如实供述主要犯罪事实，依法予以从轻处罚。公诉机关指控被告人王磊犯容留他人吸毒罪的犯罪事实清楚，证据确实充分，指控罪名正确。为维护社会管理秩序，保障国家的毒品管理秩序不受侵犯，对被告人王磊依照《中华人民共和国刑法》第三百五十四条、第六十七条第三款、第五十二条、第五十三条、第六十四条之规定，判决如下： 被告人王磊犯容留他人吸毒罪，判处拘役五个月，并处罚金人民币一千元。 （刑期从判决执行之日起计算。判决执行以前先行羁押的，羁押一日折抵刑期一日。即自2017年11月16日起至2018年4月15日止。罚金在判决生效后十日内缴纳。） 如不服本判决，可在接到判决书的第二日起十日内，通过本院或者直接向苏州市中级人民法院提出上诉。书面上诉的，应当提交上诉状正本一份，副本二份。 审判长程海港 人民陪审员俞惠兰 人民陪审员吴伟萍 二〇一七年十二月四日 书记员高建明 附相关法条： 《中华人民共和国刑法》 第六十七条犯罪以后自动投案，如实供述自己的罪行的，是自首。对于自首的犯罪分子，可以从轻或者减轻处罚。其中，犯罪较轻的，可以免除处罚。 被采取强制措施的犯罪嫌疑人、被告人和正在服刑的罪犯，如实供述司法机关还未掌握的本人其他罪行的，以自首论。 犯罪嫌疑人虽不具有前两款规定的自首情节，但是如实供述自己罪行的，可以从轻处罚；因其如实供述自己罪行，避免特别严重后果发生的，可以减轻处罚。 第三百五十四条容留他人吸食、注射毒品的，处三年以下有期徒刑、拘役或者管制，并处罚金。","writId":"0529359ddc1c0e88288687251bbb7c5b060","writName":"1541王磊容留他人吸毒罪一审刑事判决书"}
