{"ajId":"34ffc389-451f-496b-b1eb-d78764169cbe","ajName":"被告人陶涛走私、贩卖、运输、制造毒品罪一案","ajjbqk":" 南京市秦淮区人民检察院指控，2017年3月1日22时许，被告人陶涛与张某通过电话联系，约定以人民币2000元的价格向张某贩卖毒品。当晚23时许，被告人陶涛至本市秦淮区古都文化酒店与张某见面，被告人陶涛发现附近有便衣民警准备离开时被民警抓获，并查获其随身携带的5小袋白色晶体。经南京市公安局禁毒支队毒品检测室鉴定，上述5小袋白色晶体共计净重2.43克，均检出毒品甲基苯丙胺成分。 被告人陶涛归案后，如实供述了上述犯罪事实。 上述事实，被告人陶涛在开庭审理过程中亦无异议，且有证人张某的证言、刑事摄影照片、辨认笔录、人身检查笔录、搜查笔录、扣押清单、毒品疑似物称量记录、手机通话记录、刑事判决书、释放证明书、呈请控制下交付报告书、物证检验报告、情况说明、抓获经过、户籍材料等证据予以证实，足以认定。 ","cpfxgc":"本院认为，被告人陶涛明知甲基苯丙胺是毒品而贩卖，其行为构成贩卖毒品罪，依法应予惩处。南京市秦淮区人民检察院指控被告人陶涛犯贩卖毒品罪，事实清楚，证据确实、充分，指控罪名成立，应予采纳。被告人陶涛曾因故意犯罪被判处有期徒刑，刑罚执行完毕以后，在五年以内再犯应当判处有期徒刑以上刑罚之罪，系累犯，依法应当从重处罚。被告人陶涛曾因犯贩卖毒品罪被判过刑，又犯贩卖毒品罪，依法从重处罚。被告人陶涛归案后如实供述自己的罪行，依法可从轻处罚。 依照《中华人民共和国刑法》第三百四十七条第一款、第四款、第六十五条第一款、第三百五十六条、第六十七条第三款、第五十二条、第五十三条之规定，判决如下：","pjjg":" 被告人陶涛犯贩卖毒品罪，判处有期徒刑九个月；罚金人民币三千元。 （刑期从判决执行之日起计算。判决执行以前先行羁押的，羁押一日折抵刑期一日，即自2017年3月2日起至2017年12月1日止；罚金于判决生效后一个月内缴纳。） 如不服本判决，可在接到判决书的第二日起十日内，通过本院或者直接向江苏省南京市中级人民法院提出上诉。书面上诉的，应交上诉状正本一份，副本二份。","qw":"南京市秦淮区人民法院 刑事判决书 （2017）苏0104刑初425号 公诉机关南京市秦淮区人民检察院。 被告人陶涛，男，1976年4月21日出生于江苏省南京市，汉族，初中文化，无业，住所地南京市鼓楼区，户籍地南京市鼓楼区。2002年2月因吸毒被劳动教养二年；2004年4月因吸毒被劳动教养三年；2009年11月因吸毒被强制隔离戒毒二年；2010年2月因犯盗窃罪被判处有期徒刑八个月，罚金人民币一千元；2015年3月因犯贩卖毒品罪被判处有期徒刑九个月，罚金人民币三千元，2015年9月28日刑满释放。因涉嫌犯贩卖毒品罪于2017年3月2日被刑事拘留，2017年3月16日转逮捕，现羁押于南京市秦淮区看守所。 南京市秦淮区人民检察院以宁秦检诉刑诉（2017）409号起诉书指控被告人陶涛犯贩卖毒品罪，于2017年5月31日向本院提起公诉。本院于当日立案，依法适用简易程序，实行独任审判，公开开庭审理了本案。南京市秦淮区人民检察院检察员田英、被告人陶涛到庭参加诉讼。现已审理终结。 南京市秦淮区人民检察院指控，2017年3月1日22时许，被告人陶涛与张某通过电话联系，约定以人民币2000元的价格向张某贩卖毒品。当晚23时许，被告人陶涛至本市秦淮区古都文化酒店与张某见面，被告人陶涛发现附近有便衣民警准备离开时被民警抓获，并查获其随身携带的5小袋白色晶体。经南京市公安局禁毒支队毒品检测室鉴定，上述5小袋白色晶体共计净重2.43克，均检出毒品甲基苯丙胺成分。 被告人陶涛归案后，如实供述了上述犯罪事实。 上述事实，被告人陶涛在开庭审理过程中亦无异议，且有证人张某的证言、刑事摄影照片、辨认笔录、人身检查笔录、搜查笔录、扣押清单、毒品疑似物称量记录、手机通话记录、刑事判决书、释放证明书、呈请控制下交付报告书、物证检验报告、情况说明、抓获经过、户籍材料等证据予以证实，足以认定。 本院认为，被告人陶涛明知甲基苯丙胺是毒品而贩卖，其行为构成贩卖毒品罪，依法应予惩处。南京市秦淮区人民检察院指控被告人陶涛犯贩卖毒品罪，事实清楚，证据确实、充分，指控罪名成立，应予采纳。被告人陶涛曾因故意犯罪被判处有期徒刑，刑罚执行完毕以后，在五年以内再犯应当判处有期徒刑以上刑罚之罪，系累犯，依法应当从重处罚。被告人陶涛曾因犯贩卖毒品罪被判过刑，又犯贩卖毒品罪，依法从重处罚。被告人陶涛归案后如实供述自己的罪行，依法可从轻处罚。 依照《中华人民共和国刑法》第三百四十七条第一款、第四款、第六十五条第一款、第三百五十六条、第六十七条第三款、第五十二条、第五十三条之规定，判决如下： 被告人陶涛犯贩卖毒品罪，判处有期徒刑九个月；罚金人民币三千元。 （刑期从判决执行之日起计算。判决执行以前先行羁押的，羁押一日折抵刑期一日，即自2017年3月2日起至2017年12月1日止；罚金于判决生效后一个月内缴纳。） 如不服本判决，可在接到判决书的第二日起十日内，通过本院或者直接向江苏省南京市中级人民法院提出上诉。书面上诉的，应交上诉状正本一份，副本二份。 审判员朱庆海 二〇一七年六月十四日 见习书记员王莉","writId":"034d1a7b1d7890c1c4a4a2bc813823b2f7e","writName":"被告人陶涛走私、贩卖、运输、制造毒品罪一审刑事判决书"}
