{"ajId":"1bb9c37b-4427-444d-afc7-c94b2b9da9f1","ajName":"王某某危险驾驶一案","ajjbqk":" 清水河县人民检察院指控：2014年12月22日下午，清水河县交警大队民警接到群众举报，被告人王某某驾驶蒙BG8983号小型客车沿清水河县城关镇永安街由西向东行驶至“蒙牛超市”斜对面与一行人相刮碰，致使行人受伤，交警大队民警在处警中发现被告人有酒后驾驶的嫌疑。经提取被告人血液送呼和浩特市公安局物证鉴定所鉴定，被告人王某某的血液酒精含量为406.45mg／100ml，属醉酒驾驶机动车。 公诉机关向本院移送了被告人王某某犯危险驾驶罪的受案登记表、受害人陈述、证人证言、血液酒精含量检验报告、道路交通事故认定书、现场勘查笔录、现场图、现场摄影照片、扣押物品清单、返还物品凭证、道路交通事故损害赔偿调解书、驾驶人信息查询结果单、机动车信息查询结果单、犯罪嫌疑人供述与辩解笔录、户籍证明等证据。 公诉机关认为：被告人王某某在道路上醉酒驾驶机动车，血液酒精含量为406.45mg／100ml，属醉酒驾驶，其行为已触犯《中华人民共和国刑法》第一百三十三条之一规定，应以危险驾驶罪追究其刑事责任。故提请本院依法判决。 被告人王某某对公诉机关指控的犯罪事实供认不讳，没有提出辩护意见，未向法庭提供证据。 经审理查明：2014年12月22日下午，被告人王某某驾驶蒙BG8983号小型普通客车沿清水河县城关镇永安街由西向东行驶至“蒙牛超市”斜对面时，将沿清水河县城关镇永安街由西向东步行的杨某某刮碰。经呼和浩特市公安局交通警察支队清水河大队做出道路交通事故认定书，被告人王某某应承担此事故的全部责任。经呼和浩特市公安局物证鉴定所鉴定，被告人王某某的血液酒精含量为406.45mg／100ml，属醉酒驾驶机动车。 案发后，在公安交警部门的主持下，被告人王某某积极与受害人杨某某达成调解协议，由被告人王某某一次性赔偿受害人杨某某各项费用共计人民币9500元。 上述事实有以下证据在案证实：1、受案登记表及受理道路交通事故案件登记表，证实发生交通事故，公安交警部门予以立案侦查； 2、血液酒精含量检验报告，证实被告人王某某血液酒精含量为406.45mg／100ml； 3、被告人王某某的供述，证实酒后驾驶蒙BG8983号小型普通客车发生交通事故的经过； 4、受害人杨某某的陈述，证实沿清水河县城关镇永安街由西向东步行时被撞等情况； 5、证人任某某、任某甲的证言，证实在2014年12月22日中午一起与王某某吃饭喝酒等情况； 6、道路交通事故认定书，证实被告人王某某应承担此事故的全部责任等情况； 7、现场图、现场勘查笔录及现场照片，证实发生交通事故的现场等情况； 8、道路交通事故损害赔偿调解书，证实由被告人王某某一次性赔偿受害人杨某某各项费用共计人民币9500元等情况； 9、扣押物品清单、返还物品凭证，证实公安交警部门将蒙BG8983号小型普通客车及驾驶证发还王某某等情况； 10、驾驶人信息查询结果单及机动车信息查询结果单，证实被告人王某某的准驾车型为C1及蒙BG8983号小型普通客车的所有人为王某甲等情况； 11、户籍证明，证实被告人的身份信息等情况。 被告人王某某对上述证据无异议，证据来源合法，内容客观、真实，与待证事实相关联，本院予以确认。 ","cpfxgc":"本院认为：被告人王某某在道路上酒后驾驶机动车，经呼和浩特市公安局物证鉴定所检验，被告人王某某血液酒精含量为406.45mg／100ml，系醉酒驾驶机动车，其行为已构成危险驾驶罪，检察机关指控的犯罪事实及罪名成立，本院予以支持。经呼和浩特市公安局交通警察支队清水河大队做出道路交通事故认定书，被告人王某某应承担此事故的全部责任。案发后，在公安交警部门的主持下，被告人王某某积极与受害人杨某某达成调解协议，由被告人王某某一次性赔偿受害人杨某某各项费用共计人民币9500元。被告人王某某当庭认罪，具有悔罪表现，可以依法酌定从轻处罚。检察机关对于被告人王某某的量刑建议为拘役四个月至六个月予以采信。依照《中华人民共和国刑法》第一百三十三条之一、第五十二条、第五十三条之规定，判决如下：","pjjg":" 被告人王某某犯危险驾驶罪，判处拘役四个月，并处罚金人民币一万元。 （罚金于判决生效后第二日一次缴清。） （刑期从判决执行之日起计算，判决以前先行羁押的，羁押一日折抵刑期一日）。 如不服本判决，可在接到判决书的次日起十日内，通过本院或直接向呼和浩特市中级人民法院提出上诉。书面上诉的，应当提交上诉状正本一份，副本二份。","qw":"内蒙古自治区清水河县人民法院 刑事判决书 （2015）清刑初字第00032号 公诉机关清水河县人民检察院。 被告人王某某，男，1977年12月3日出生，汉族，文盲，无业，出生地内蒙古自治区清水河县，现住内蒙古自治区呼和浩特市玉泉区八里庄。因涉嫌危险驾驶罪于2014年12月24日被清水河县公安局取保候审。2015年4月27日被清水河县人民检察院决定取保候审，同日被清水河县公安局执行取保候审。2015年6月3日被本院决定取保候审，同日被清水河县公安局执行取保候审。 清水河县人民检察院以清水河县公诉刑诉（2015）22号起诉书指控被告人王某某犯危险驾驶罪，于2015年6月3日向本院提起公诉。本院受理后，依法适用简易程序，公开开庭审理了本案。清水河县人民检察院指派检察员何伟炜出庭支持公诉。被告人王某某到庭参加诉讼。本案现已审理终结。 清水河县人民检察院指控：2014年12月22日下午，清水河县交警大队民警接到群众举报，被告人王某某驾驶蒙BG8983号小型客车沿清水河县城关镇永安街由西向东行驶至“蒙牛超市”斜对面与一行人相刮碰，致使行人受伤，交警大队民警在处警中发现被告人有酒后驾驶的嫌疑。经提取被告人血液送呼和浩特市公安局物证鉴定所鉴定，被告人王某某的血液酒精含量为406.45mg／100ml，属醉酒驾驶机动车。 公诉机关向本院移送了被告人王某某犯危险驾驶罪的受案登记表、受害人陈述、证人证言、血液酒精含量检验报告、道路交通事故认定书、现场勘查笔录、现场图、现场摄影照片、扣押物品清单、返还物品凭证、道路交通事故损害赔偿调解书、驾驶人信息查询结果单、机动车信息查询结果单、犯罪嫌疑人供述与辩解笔录、户籍证明等证据。 公诉机关认为：被告人王某某在道路上醉酒驾驶机动车，血液酒精含量为406.45mg／100ml，属醉酒驾驶，其行为已触犯《中华人民共和国刑法》第一百三十三条之一规定，应以危险驾驶罪追究其刑事责任。故提请本院依法判决。 被告人王某某对公诉机关指控的犯罪事实供认不讳，没有提出辩护意见，未向法庭提供证据。 经审理查明：2014年12月22日下午，被告人王某某驾驶蒙BG8983号小型普通客车沿清水河县城关镇永安街由西向东行驶至“蒙牛超市”斜对面时，将沿清水河县城关镇永安街由西向东步行的杨某某刮碰。经呼和浩特市公安局交通警察支队清水河大队做出道路交通事故认定书，被告人王某某应承担此事故的全部责任。经呼和浩特市公安局物证鉴定所鉴定，被告人王某某的血液酒精含量为406.45mg／100ml，属醉酒驾驶机动车。 案发后，在公安交警部门的主持下，被告人王某某积极与受害人杨某某达成调解协议，由被告人王某某一次性赔偿受害人杨某某各项费用共计人民币9500元。 上述事实有以下证据在案证实：1、受案登记表及受理道路交通事故案件登记表，证实发生交通事故，公安交警部门予以立案侦查； 2、血液酒精含量检验报告，证实被告人王某某血液酒精含量为406.45mg／100ml； 3、被告人王某某的供述，证实酒后驾驶蒙BG8983号小型普通客车发生交通事故的经过； 4、受害人杨某某的陈述，证实沿清水河县城关镇永安街由西向东步行时被撞等情况； 5、证人任某某、任某甲的证言，证实在2014年12月22日中午一起与王某某吃饭喝酒等情况； 6、道路交通事故认定书，证实被告人王某某应承担此事故的全部责任等情况； 7、现场图、现场勘查笔录及现场照片，证实发生交通事故的现场等情况； 8、道路交通事故损害赔偿调解书，证实由被告人王某某一次性赔偿受害人杨某某各项费用共计人民币9500元等情况； 9、扣押物品清单、返还物品凭证，证实公安交警部门将蒙BG8983号小型普通客车及驾驶证发还王某某等情况； 10、驾驶人信息查询结果单及机动车信息查询结果单，证实被告人王某某的准驾车型为C1及蒙BG8983号小型普通客车的所有人为王某甲等情况； 11、户籍证明，证实被告人的身份信息等情况。 被告人王某某对上述证据无异议，证据来源合法，内容客观、真实，与待证事实相关联，本院予以确认。 本院认为：被告人王某某在道路上酒后驾驶机动车，经呼和浩特市公安局物证鉴定所检验，被告人王某某血液酒精含量为406.45mg／100ml，系醉酒驾驶机动车，其行为已构成危险驾驶罪，检察机关指控的犯罪事实及罪名成立，本院予以支持。经呼和浩特市公安局交通警察支队清水河大队做出道路交通事故认定书，被告人王某某应承担此事故的全部责任。案发后，在公安交警部门的主持下，被告人王某某积极与受害人杨某某达成调解协议，由被告人王某某一次性赔偿受害人杨某某各项费用共计人民币9500元。被告人王某某当庭认罪，具有悔罪表现，可以依法酌定从轻处罚。检察机关对于被告人王某某的量刑建议为拘役四个月至六个月予以采信。依照《中华人民共和国刑法》第一百三十三条之一、第五十二条、第五十三条之规定，判决如下： 被告人王某某犯危险驾驶罪，判处拘役四个月，并处罚金人民币一万元。 （罚金于判决生效后第二日一次缴清。） （刑期从判决执行之日起计算，判决以前先行羁押的，羁押一日折抵刑期一日）。 如不服本判决，可在接到判决书的次日起十日内，通过本院或直接向呼和浩特市中级人民法院提出上诉。书面上诉的，应当提交上诉状正本一份，副本二份。 审判员吕彦 二〇一五年六月十七日 书记员李妍宇 附法律相关条款： 《中华人民共和国刑法》第一百三十三条之一在道路上驾驶机动车追逐竞驶，情节恶劣的，或者在道路上醉酒驾驶机动车的，处拘役，并处罚金。 第五十二条判处罚金，应当根据犯罪情节决定罚金数额。 第五十三条罚金在判决指定的期限内一次或者分期缴纳。期满不缴纳的，强制缴纳。对于不能全部缴纳罚金的，人民法院在任何时候发现被执行人有可以执行的财产，应当随时追缴。 如果由于遭遇不能抗拒的灾祸缴纳确实有困难的，可以酌情减少或者免除。","writId":"047ac51bbd67f08d8791fc02c9a4315dfa3","writName":"王某某危险驾驶案一审刑事判决书"}
