{"ajId":"f5e5faff-481a-4188-89ce-7ba3f5f56a41","ajName":"被告人王某某滥伐林木一案","ajjbqk":" 池州市贵池区人民检察院指控：2013年11月份，被告人王某某以人民币六千元的价格判买了马衙街道办事处茶山村赵村组赵某某户自留山椅子凹山场的林木，双方口头约定林木采伐许可证由王某某办理。2013年11月底至12月初，王某某在未办理林木采伐许可证的情况下组织人员将上述山场林木采伐。经鉴定，王某某滥伐林木蓄积达32.7579立方米。 指控认为，被告人王某某违反森林法的规定，滥伐林木，数量较大，其行为已构成滥伐林木罪。公诉机关提供了相关证据。 经审理查明：2013年11月份，被告人王某某以6000元的价格判买了马衙街道办事处茶山村赵村组村民赵某某位于该村椅子凹山场的林木。2013年11月底至12月初，被告人王某某在未办理林木采伐许可证的情况下，组织人员将该山场林木采伐。经鉴定，王某某滥伐林木蓄积达32.7579立方米。 上述事实，有被告人王某某供述，证人赵某某、王某友、姜某、吴某某证言，现场勘验笔录，现场勘验平面示意图，现场照片，现场地径检尺记录，森林、林木、林地状况登记表，居委会证明一份，池州市贵池区林业调查规划设计室鉴定意见，被告人人口信息表等予以证实，足以认定。 ","cpfxgc":"本院认为：被告人王某某违反法森林法规，滥伐林木，数量较大，其行为已构成滥伐林木罪。公诉机关指控的事实和罪名成立，予以支持。被告人王某某归案后，如实供述犯罪事实，系坦白，予以从轻处罚。经本院审判委员会讨论决定，依照《》第三百四十五条第二款、第六十七条第三款、第七十二条第一、三款、第七十三条第二、三款之规定之规定，判决如下：","pjjg":" 被告人王某某犯滥伐林木罪，判处有期徒刑一年，缓刑一年。并处罚金12000元。 （缓刑考验期限，自判决确定之日起计算。罚金于判决生效后十日内缴纳。） 如不服本判决，可在接到判决书的第二日起十日内，通过本院或者直接向安徽省池州市中级人民法院提出上诉。书面上诉的，应当提交上诉状正本一份，副本二份。","qw":"安徽省池州市贵池区人民法院 刑事判决书 （2014）贵刑初字第00261号 公诉机关池州市贵池区人民检察院。 被告人王某某，男，1961年10月10日出生，汉族，池州市贵池区人，初中文化，农民，住池州市贵池区。2014年5月8日因涉嫌犯滥伐林木罪被池州市森林公安局贵池分局取保候审。 池州市贵池区人民检察院以贵检刑诉（2014）174号起诉书指控被告人王某某犯滥伐林木罪，于2014年8月20日向本院提起公诉。本院依法适用简易程序，实行独任审判，公开开庭进行了审理。池州市贵池区人民检察院代理检察员俞艺出庭支持公诉。被告人王某某到庭参加诉讼。现已审理终结。 池州市贵池区人民检察院指控：2013年11月份，被告人王某某以人民币六千元的价格判买了马衙街道办事处茶山村赵村组赵某某户自留山椅子凹山场的林木，双方口头约定林木采伐许可证由王某某办理。2013年11月底至12月初，王某某在未办理林木采伐许可证的情况下组织人员将上述山场林木采伐。经鉴定，王某某滥伐林木蓄积达32.7579立方米。 指控认为，被告人王某某违反森林法的规定，滥伐林木，数量较大，其行为已构成滥伐林木罪。公诉机关提供了相关证据。 经审理查明：2013年11月份，被告人王某某以6000元的价格判买了马衙街道办事处茶山村赵村组村民赵某某位于该村椅子凹山场的林木。2013年11月底至12月初，被告人王某某在未办理林木采伐许可证的情况下，组织人员将该山场林木采伐。经鉴定，王某某滥伐林木蓄积达32.7579立方米。 上述事实，有被告人王某某供述，证人赵某某、王某友、姜某、吴某某证言，现场勘验笔录，现场勘验平面示意图，现场照片，现场地径检尺记录，森林、林木、林地状况登记表，居委会证明一份，池州市贵池区林业调查规划设计室鉴定意见，被告人人口信息表等予以证实，足以认定。 本院认为：被告人王某某违反法森林法规，滥伐林木，数量较大，其行为已构成滥伐林木罪。公诉机关指控的事实和罪名成立，予以支持。被告人王某某归案后，如实供述犯罪事实，系坦白，予以从轻处罚。经本院审判委员会讨论决定，依照《》第三百四十五条第二款、第六十七条第三款、第七十二条第一、三款、第七十三条第二、三款之规定之规定，判决如下： 被告人王某某犯滥伐林木罪，判处有期徒刑一年，缓刑一年。并处罚金12000元。 （缓刑考验期限，自判决确定之日起计算。罚金于判决生效后十日内缴纳。） 如不服本判决，可在接到判决书的第二日起十日内，通过本院或者直接向安徽省池州市中级人民法院提出上诉。书面上诉的，应当提交上诉状正本一份，副本二份。 审判员余莉玲 二〇一四年九月一日 书记员范小娟 附本案相关法律条文： 《中华人民共和国刑法》 第三百四十五条第二款：违反森林法的规定，滥伐森林或者其他林木，数量较大的，处三年以下有期徒刑、拘役或者管制，并处或者单处罚金；数量巨大的，处三年以上七年以下有期徒刑，并处罚金。 第六十七条第三款：犯罪嫌疑人虽不具有前两款规定的自首情节，但是如实供述自己罪行的，可以从轻处罚；因其如实供述自己罪行，避免特别严重后果发生的，可以减轻处罚。 第七十二条第一、三款：对于被判处拘役、三年以下有期徒刑的犯罪分子，同时符合下列条件的，可以宣告缓刑，对其中不满十八周岁的人、怀孕的妇女和已满七十五周岁的人，应当宣告缓刑： （一）犯罪情节较轻； （二）有悔罪表现； （三）没有再犯罪的危险； （四）宣告缓刑对所居住社区没有重大不良影响。 被宣告缓刑的犯罪分子，如果被判处附加刑，附加刑仍须执行。 第七十三条第二、三款：有期徒刑的缓刑考验期限为原判刑期以上五年以下，但是不能少于一年。 缓刑考验期限，从判决确定之日起计算。","writId":"037a4030218f5faef5f377bde36ab72c6a8","writName":"被告人王某某滥伐林木案一审刑事判决书"}
