{"ajId":"8b15609d-e294-46ff-9b01-f6153207092e","ajName":"左华平强奸刑事附带一案","ajjbqk":" 经审理查明，2017年8月21日，被告人汤浩、刘凡与胡某、周某（未满16周岁）等一共六人一起，窜至衡阳市石鼓区被害人罗某经营的福运多口味馆，由被告人汤浩、刘凡望风，胡某等人进入店内实施盗窃，窃得3瓶天之衡白酒（价值564元）、2瓶红酒以及饮料若干（资料未全未做鉴定）。之后上述六人又采取同样的作案方式，连续在衡阳市华新开发区被害人刘某经营的皇室西饼屋盗窃了面包及牛奶若干、在被害人何某经营的魔法师儿童摄影造型店盗窃现金二千余元以及在被害人廖某经营的万家金融店盗窃和天下香烟及芙蓉王香烟若干；2017年8月22日凌晨，上述六人再次采取同样的作案方式，在衡阳市华新开发区延安路被害人席某经营的水手饭店盗窃了和天下香烟7包（价值700元）、软蓝芙蓉王香烟4包（价值256元）以及硬蓝芙蓉王香烟8包（价值272元）。 另查明，2017年9月15日，被告人刘凡在其父亲陪同下到衡阳市公安局蒸湘分局投案。 上述事实，被告人汤浩、刘凡在开庭审理过程中均无异议，且有物证、书证、证人证言、被害人陈述、鉴定意见、勘验笔录、被告人汤浩、刘凡的供述和辩解等证据证实，足以认定。 ","cpfxgc":"本院认为，被告人汤浩、刘凡伙同他人以非法占有为目的，采取秘密手段窃取他人财物，数额较大，其行为已构成盗窃罪。衡阳市蒸湘区人民检察院指控被告人汤浩、刘凡犯盗窃罪，事实清楚，定性准确，证据确实、充分，其指控的意见成立，本院予以支持。本案系共同犯罪，在共同犯罪中，被告人汤浩、刘凡均系从犯，依法可以从轻处罚。被告人汤浩归案后如实供述本案的犯罪事实，庭审中自愿认罪，有坦白情节，依法可以从轻处罚。被告人刘凡主动向公安机关投案，如实供述其犯罪事实，是自首，依法可以从轻处罚。本案审理期间，被告人刘凡住所地社区矫正部门衡阳市蒸湘区司法局向本院出具《调查评估意见书》，建议本院对被告人刘凡适用社区矫正。根据被告人刘凡的犯罪情节和认罪悔罪的态度，对被告人刘凡宣告缓刑，没有再犯罪的风险，对其所居住社区亦没有重大不良影响，可以依法宣告缓刑。为打击刑事犯罪，保护公民的财产权利不受侵犯，根据被告人汤浩、刘凡的犯罪事实、性质、情节以及对社会的危害程度，对被告人汤浩依法适用《中华人民共和国刑法》第二百六十四条、第二十五条第一款、第二十七条、第六十七条第三款、第四十二条、第四十四条、第五十二条、第五十三条第一款之规定；对被告人刘凡依法适用《中华人民共和国刑法》第二百六十四条、第二十五条第一款、第二十七条、第六十七条第一款、第四十二条、第四十四条、第七十二条第一、三款、第七十三条第一、三款、第五十二条、第五十三条第一款之规定，判决如下：","pjjg":" 一、被告人汤浩犯盗窃罪，判处拘役五个月，并处罚金三千元（刑期从判决执行之日起计算；判决执行以前先行羁押的，羁押一日折抵刑期一日，即自2017年8月24日起至2018年1月23日止；罚金限判决生效后三十日内缴纳）。 二、被告人刘凡犯盗窃罪，判处拘役四个月，缓刑五个月，并处罚金一万元（缓刑考验期从判决确定之日起计算；罚金限判决生效后三十日内缴纳）。 如不服本判决，可在接到判决书的第二日起十日内，通过本院或者直接向湖南省衡阳市中级人民法院提出上诉，书面上诉的，应当提交上诉状正本一份，副本三份。","qw":"湖南省衡阳市蒸湘区人民法院 刑事判决书 （2018）湘0408刑初26号 公诉机关湖南省衡阳市蒸湘区人民检察院。 被告人汤浩，男，1991年9月29日出生，汉族，初中文化，无业。2017年8月24日因涉嫌犯盗窃罪被衡阳市公安局蒸湘分局刑事拘留，2017年9月21日经衡阳市蒸湘区人民检察院批准被衡阳市公安局蒸湘分局执行逮捕。2018年1月23日经本院决定被取保候审。 被告人刘凡，男，1993年8月4日出生，汉族，初中文化，无业。2017年9月15日因涉嫌犯盗窃罪被衡阳市公安局蒸湘分局取保候审。2018年1月22日经本院决定被取保候审。 衡阳市蒸湘区人民检察院以衡蒸检公诉刑诉［2018］30号起诉书指控被告人汤浩、刘凡犯盗窃罪，于2018年1月19日向本院提起公诉。本院受理后，依法组成合议庭，公开开庭审理了本案。衡阳市蒸湘区人民检察院指派检察员唐聪出庭支持公诉，被告人汤浩、刘凡到庭参加诉讼。现已审理终结。 经审理查明，2017年8月21日，被告人汤浩、刘凡与胡某、周某（未满16周岁）等一共六人一起，窜至衡阳市石鼓区被害人罗某经营的福运多口味馆，由被告人汤浩、刘凡望风，胡某等人进入店内实施盗窃，窃得3瓶天之衡白酒（价值564元）、2瓶红酒以及饮料若干（资料未全未做鉴定）。之后上述六人又采取同样的作案方式，连续在衡阳市华新开发区被害人刘某经营的皇室西饼屋盗窃了面包及牛奶若干、在被害人何某经营的魔法师儿童摄影造型店盗窃现金二千余元以及在被害人廖某经营的万家金融店盗窃和天下香烟及芙蓉王香烟若干；2017年8月22日凌晨，上述六人再次采取同样的作案方式，在衡阳市华新开发区延安路被害人席某经营的水手饭店盗窃了和天下香烟7包（价值700元）、软蓝芙蓉王香烟4包（价值256元）以及硬蓝芙蓉王香烟8包（价值272元）。 另查明，2017年9月15日，被告人刘凡在其父亲陪同下到衡阳市公安局蒸湘分局投案。 上述事实，被告人汤浩、刘凡在开庭审理过程中均无异议，且有物证、书证、证人证言、被害人陈述、鉴定意见、勘验笔录、被告人汤浩、刘凡的供述和辩解等证据证实，足以认定。 本院认为，被告人汤浩、刘凡伙同他人以非法占有为目的，采取秘密手段窃取他人财物，数额较大，其行为已构成盗窃罪。衡阳市蒸湘区人民检察院指控被告人汤浩、刘凡犯盗窃罪，事实清楚，定性准确，证据确实、充分，其指控的意见成立，本院予以支持。本案系共同犯罪，在共同犯罪中，被告人汤浩、刘凡均系从犯，依法可以从轻处罚。被告人汤浩归案后如实供述本案的犯罪事实，庭审中自愿认罪，有坦白情节，依法可以从轻处罚。被告人刘凡主动向公安机关投案，如实供述其犯罪事实，是自首，依法可以从轻处罚。本案审理期间，被告人刘凡住所地社区矫正部门衡阳市蒸湘区司法局向本院出具《调查评估意见书》，建议本院对被告人刘凡适用社区矫正。根据被告人刘凡的犯罪情节和认罪悔罪的态度，对被告人刘凡宣告缓刑，没有再犯罪的风险，对其所居住社区亦没有重大不良影响，可以依法宣告缓刑。为打击刑事犯罪，保护公民的财产权利不受侵犯，根据被告人汤浩、刘凡的犯罪事实、性质、情节以及对社会的危害程度，对被告人汤浩依法适用《中华人民共和国刑法》第二百六十四条、第二十五条第一款、第二十七条、第六十七条第三款、第四十二条、第四十四条、第五十二条、第五十三条第一款之规定；对被告人刘凡依法适用《中华人民共和国刑法》第二百六十四条、第二十五条第一款、第二十七条、第六十七条第一款、第四十二条、第四十四条、第七十二条第一、三款、第七十三条第一、三款、第五十二条、第五十三条第一款之规定，判决如下： 一、被告人汤浩犯盗窃罪，判处拘役五个月，并处罚金三千元（刑期从判决执行之日起计算；判决执行以前先行羁押的，羁押一日折抵刑期一日，即自2017年8月24日起至2018年1月23日止；罚金限判决生效后三十日内缴纳）。 二、被告人刘凡犯盗窃罪，判处拘役四个月，缓刑五个月，并处罚金一万元（缓刑考验期从判决确定之日起计算；罚金限判决生效后三十日内缴纳）。 如不服本判决，可在接到判决书的第二日起十日内，通过本院或者直接向湖南省衡阳市中级人民法院提出上诉，书面上诉的，应当提交上诉状正本一份，副本三份。 审判长刘军 审判员曾佑荣 人民陪审员蒋海燕 二〇一八年三月二十七日 代理书记员高思敏 《中华人民共和国刑法》 第二百六十四条盗窃公私财物，数额较大的，或者多次盗窃、入户盗窃、携带凶器盗窃、扒窃的，处三年以下有期徒刑、拘役或者管制，并处或者单处罚金；数额巨大或者有其他严重情节的，处三年以上十年以下有期徒刑，并处罚金；数额特别巨大或者有其他特别严重情节的，处十年以上有期徒刑或者无期徒刑，并处罚金或者没收财产。 第二十五条第一款共同犯罪是指二人以上共同故意犯罪。 第二十七条在共同犯罪中起次要或者辅助作用的，是从犯。 对于从犯，应当从轻、减轻处罚或者免除处罚。 第六十七条第三款犯罪嫌疑人虽不具有前两款规定的自首情节，但是如实供述自己罪行的，可以从轻处罚；因其如实供述自己罪行，避免特别严重后果发生的，可以减轻处罚。 第四十五条有期徒刑的期限，除本法第五十条、第六十九条规定外，为六个月以上十五年以下。 第四十七条有期徒刑的刑期，从判决执行之日起计算；判决执行以前先行羁押的，羁押一日折抵刑期一日。 第七十二条第一款对于被判处拘役、三年以下有期徒刑的犯罪分子，同时符合下列条件的，可以宣告缓刑，对其中不满十八周岁的人、怀孕的妇女和已满七十五周岁的人，应当宣告缓刑： （一）犯罪情节较轻； （二）有悔罪表现； （三）没有再犯罪的危险； （四）宣告缓刑对所居住社区没有重大不良影响。 第三款被宣告缓刑的犯罪分子，如果被判处附加刑，附加刑仍须执行。 第七十三条第一款拘役的缓刑考验期限为原判刑期以上一年以下，但是不能少于二个月。 第三款缓刑考验期限，从判决确定之日起计算。 第五十二条判处罚金，应当根据犯罪情节决定罚金数额。 第五十三条第一款罚金在判决指定的期限内一次或者分期缴纳。期满不缴纳的，强制缴纳。对于不能全部缴纳罚金的，人民法院在任何时候发现被执行人有可以执行的财产，应当随时追缴。","writId":"0366971ad94d0f3643b5f70d163dd711730","writName":"汤浩、刘凡盗窃一审刑事判决书"}
