{"ajId":"2dd98e39-7809-4473-8952-bb6ac91a1318","ajName":"罗某某侵犯著作权一案","ajjbqk":" 中山市第一人民检察院指控：自2013年起，被告人罗某某在中山市神湾镇新市场后侧经营的摊档上，以营利为目的，低价购进违法音像制品后售卖。2014年8月16日，被告人罗某某在上述摊档处被公安机关抓获，并被现场缴获违法音像制品2339张。经鉴定，缴获的音像制品中有2192张系非法出版物，114张属于淫秽物品。归案后，被告人罗某某如实供述了自己的罪行。 上述事实，被告人罗某某在开庭审理过程中亦无异议，并有中山市公安局神湾分局刑事侦查大队出具的抓获经过、扣押清单、处理物品及文件清单、证明，中山市公安局神湾分局宥南派出所出具的辨认照片、指认照片、证明，中山市公安局出具的山公决字（2010）第01573号公安行政处罚决定书、山公行罚决字（2014）19115号行政处罚决定书，中山市出版物鉴定委员会的中出鉴（2014）28号鉴定意见，被告人罗某某的供述、辨认笔录及户籍证明等证据证实，足以认定。 ","cpfxgc":"本院认为，被告人罗某某无视国家法律，以营利为目的，未经著作权人及录音录像制作者许可，发行其音乐、电影、电视及录音录像作品，情节严重，其行为已构成侵犯著作权罪，应依法惩处。缴获的侵权光碟，依法予以没收。被告人罗某某归案后如实供述自己的罪行，依法可以从轻处罚。被告人罗某某符合缓刑适用条件，依法可以宣告缓刑。公诉机关指控被告人罗某某犯侵犯著作权罪的事实清楚，证据确实、充分，罪名成立，本院予以支持。依照《中华人民共和国刑法》第二百一十七条第（一）项及第（三）项、第六十七条第三款、第七十二条第一款及第三款、第七十三条第二款及第三款、第六十四条，以及《最高人民法院、最高人民检察院关于办理侵犯知识产权刑事案件具体应用法律若干问题的解释（二）》第一条、第四条之规定，判决如下：","pjjg":" 一、被告人罗某某犯侵犯著作权罪，判处有期徒刑两年六个月，缓刑三年，并处罚金人民币六千五百元。 （缓刑考验期限，从判决确定之日起计算。罚金已缴纳。） 二、缴获的光碟予以没收。 （由扣押单位中山市公安局神湾分局依法处理。） 如不服本判决，可在接到判决书的第二日起十日内，通过本院或者直接向广东省中山市中级人民法院提出上诉。书面上诉的，应当提交上诉状正本一份，副本二份。","qw":"广东省中山市第一人民法院 刑事判决书 （2014）中一法知刑初字第25号 公诉机关中山市第一市区人民检察院。 被告人罗某某，男，1974年1月27日出生于湖北省襄阳市，汉族，初中文化，农民，户籍所在地襄阳市襄州区。因贩卖淫秽光碟，于2010年1月11日被中山市公安局处以行政拘留5日，并收缴其持有的淫秽光碟25张，追缴违法所得一百元。因贩卖淫秽光碟，于2014年8月16日被中山市公安局处以行政拘留15日，并收缴淫秽光碟147张。因本案于2014年8月31日被中山市公安局刑事拘留，同年9月25日被逮捕。现押于中山市看守所。 中山市第一市区人民检察院以中检一区刑诉（2014）2266号起诉书指控被告人罗某某犯侵犯著作权罪，于2014年11月28日向本院提起公诉。本院依法适用简易程序，实行独任审判，公开开庭审理了本案。中山市第一市区人民检察院指派代理检察员王丽丽出庭支持公诉，被告人罗某某到庭参加诉讼。现已审理终结。 中山市第一人民检察院指控：自2013年起，被告人罗某某在中山市神湾镇新市场后侧经营的摊档上，以营利为目的，低价购进违法音像制品后售卖。2014年8月16日，被告人罗某某在上述摊档处被公安机关抓获，并被现场缴获违法音像制品2339张。经鉴定，缴获的音像制品中有2192张系非法出版物，114张属于淫秽物品。归案后，被告人罗某某如实供述了自己的罪行。 上述事实，被告人罗某某在开庭审理过程中亦无异议，并有中山市公安局神湾分局刑事侦查大队出具的抓获经过、扣押清单、处理物品及文件清单、证明，中山市公安局神湾分局宥南派出所出具的辨认照片、指认照片、证明，中山市公安局出具的山公决字（2010）第01573号公安行政处罚决定书、山公行罚决字（2014）19115号行政处罚决定书，中山市出版物鉴定委员会的中出鉴（2014）28号鉴定意见，被告人罗某某的供述、辨认笔录及户籍证明等证据证实，足以认定。 本院认为，被告人罗某某无视国家法律，以营利为目的，未经著作权人及录音录像制作者许可，发行其音乐、电影、电视及录音录像作品，情节严重，其行为已构成侵犯著作权罪，应依法惩处。缴获的侵权光碟，依法予以没收。被告人罗某某归案后如实供述自己的罪行，依法可以从轻处罚。被告人罗某某符合缓刑适用条件，依法可以宣告缓刑。公诉机关指控被告人罗某某犯侵犯著作权罪的事实清楚，证据确实、充分，罪名成立，本院予以支持。依照《中华人民共和国刑法》第二百一十七条第（一）项及第（三）项、第六十七条第三款、第七十二条第一款及第三款、第七十三条第二款及第三款、第六十四条，以及《最高人民法院、最高人民检察院关于办理侵犯知识产权刑事案件具体应用法律若干问题的解释（二）》第一条、第四条之规定，判决如下： 一、被告人罗某某犯侵犯著作权罪，判处有期徒刑两年六个月，缓刑三年，并处罚金人民币六千五百元。 （缓刑考验期限，从判决确定之日起计算。罚金已缴纳。） 二、缴获的光碟予以没收。 （由扣押单位中山市公安局神湾分局依法处理。） 如不服本判决，可在接到判决书的第二日起十日内，通过本院或者直接向广东省中山市中级人民法院提出上诉。书面上诉的，应当提交上诉状正本一份，副本二份。 代理审判员曹慧星 二〇一四年十二月十一日 书记员黄琴","writId":"033a300d443a6fef07d0a20676d6fe9972a","writName":"罗某某侵犯著作权一审刑事判决书"}
