{"ajId":"77dffe27-1b64-4608-b36e-524e68550045","ajName":"苏巍走私、贩卖、运输、制造毒品一案","ajjbqk":" 公诉机关指控，2019年1月8日9时许，被告人苏巍通过手机微信得知王某欲购买毒品，遂联系一外号叫“眼镜”的男子（以下简称“眼镜”）向其拿取毒品，随后被告人苏巍至本区武湖农场东方城附近一家尚客优宾馆三楼楼梯口与“眼镜”见面，将“眼镜”的支付宝收款二维码通过手机微信发送给王某，并从其手中拿到毒品，后王某以支付宝扫码的方式付款人民币300元。同日9时30分许，被告人苏巍骑电动车至本区，在确认王某已付款后，将透明塑料袋封装的疑似毒品的红色片剂（俗称“麻果”）5颗和白色晶体（冰毒）1小袋递交给王某，后被公安民警当场抓获。民警从王某身上收缴其购买的疑似毒品的红色片剂5颗和白色晶体1小袋，从被告人苏巍身上扣押手机1部。公安机关将上述查获疑似毒品物进行称量总重量为0.54克，并称量后提取样品送检。经武汉市公安毒品司法鉴定中心鉴定：所送检材均检出毒品甲基苯丙胺成分。 被告人苏巍到案后如实供述了上述犯罪事实。 公诉机关认为，被告人苏巍违反国家对毒品的管理制度，明知是毒品而非法销售，应当以贩卖毒品罪追究其刑事责任。被告人苏巍有犯罪后能如实供述自己的罪行的从轻量刑情节，建议判处被告人苏巍五个月拘役，并处罚金。公诉机关提交了毒品等物证（照片）；受案登记表、身份信息、称量照片、微信聊天记录截图、支付宝账单截图、检定证书等书证；证人王某的证言；抓获经过、办案说明；毒品检验报告；提取、扣押笔录、扣押清单、称量笔录、取样笔录、辨认笔录；被告人苏巍的供述等证据证实。 被告人苏巍对指控事实、罪名及量刑建议均没有异议，同意适用简易程序，且签字具结，在开庭审理过程中亦无异议。 经审理查明的事实，证据与公诉机关的指控一致。 ","cpfxgc":"本院认为，被告人苏巍构成贩卖毒品罪。公诉机关的指控成立。被告人苏巍到案后能如实供述自己的罪行，愿意接受处罚，对其可以从轻处罚；被告人苏巍当庭自愿认罪，对其亦可以从轻处罚。公诉机关的量刑建议适当。依照《中华人民共和国刑法》第三百四十七条第一、四款、第六十七条第三款、第五十二条、第五十三条、第六十四条和《中华人民共和国刑事诉讼法》第二百零一条之规定，判决如下：","pjjg":" 一、被告人苏巍犯贩卖毒品罪，判处拘役五个月，并处罚金人民币四千元。 （刑期从判决执行之日起计算。判决执行以前先行羁押的，羁押一日折抵刑期一日。即自2019年1月8日起至2019年6月7日止。罚金于判决生效后五日内缴纳。） 二、对案涉毒品予以没收；毒资人民币三百元予以追缴，上缴国库。 如不服本判决，可在接到判决书的第二日起十日内，通过本院或者直接向武汉市中级人民法院提出上诉。书面上诉的，应当提交上诉状正本一份，副本二份。","qw":"湖北省武汉市黄陂区人民法院 刑事判决书 （2019）鄂0116刑初259号 公诉机关武汉市黄陂区人民检察院。 被告人苏巍，男，1988年4月28日出生，汉族，初中文化，无职业，出生地湖北省武汉市，户籍所在地武汉市洪山区，住武汉市黄陂区。因涉嫌犯贩卖毒品罪，于2019年1月8日被刑事拘留，同年1月23日被逮捕。现羁押于武汉市黄陂区看守所。 武汉市黄陂区人民检察院以陂检公诉刑诉（2019）245号起诉书指控被告人苏巍犯贩卖毒品罪，于2019年4月1日向本院提起公诉。本院受理后，依法组成合议庭，适用简易程序，公开开庭审理了本案。武汉市黄陂区人民检察院指派检察员刘亮出庭支持公诉，被告人苏巍到庭参加诉讼并自行辩护。本案现已审理终结。 公诉机关指控，2019年1月8日9时许，被告人苏巍通过手机微信得知王某欲购买毒品，遂联系一外号叫“眼镜”的男子（以下简称“眼镜”）向其拿取毒品，随后被告人苏巍至本区武湖农场东方城附近一家尚客优宾馆三楼楼梯口与“眼镜”见面，将“眼镜”的支付宝收款二维码通过手机微信发送给王某，并从其手中拿到毒品，后王某以支付宝扫码的方式付款人民币300元。同日9时30分许，被告人苏巍骑电动车至本区，在确认王某已付款后，将透明塑料袋封装的疑似毒品的红色片剂（俗称“麻果”）5颗和白色晶体（冰毒）1小袋递交给王某，后被公安民警当场抓获。民警从王某身上收缴其购买的疑似毒品的红色片剂5颗和白色晶体1小袋，从被告人苏巍身上扣押手机1部。公安机关将上述查获疑似毒品物进行称量总重量为0.54克，并称量后提取样品送检。经武汉市公安毒品司法鉴定中心鉴定：所送检材均检出毒品甲基苯丙胺成分。 被告人苏巍到案后如实供述了上述犯罪事实。 公诉机关认为，被告人苏巍违反国家对毒品的管理制度，明知是毒品而非法销售，应当以贩卖毒品罪追究其刑事责任。被告人苏巍有犯罪后能如实供述自己的罪行的从轻量刑情节，建议判处被告人苏巍五个月拘役，并处罚金。公诉机关提交了毒品等物证（照片）；受案登记表、身份信息、称量照片、微信聊天记录截图、支付宝账单截图、检定证书等书证；证人王某的证言；抓获经过、办案说明；毒品检验报告；提取、扣押笔录、扣押清单、称量笔录、取样笔录、辨认笔录；被告人苏巍的供述等证据证实。 被告人苏巍对指控事实、罪名及量刑建议均没有异议，同意适用简易程序，且签字具结，在开庭审理过程中亦无异议。 经审理查明的事实，证据与公诉机关的指控一致。 本院认为，被告人苏巍构成贩卖毒品罪。公诉机关的指控成立。被告人苏巍到案后能如实供述自己的罪行，愿意接受处罚，对其可以从轻处罚；被告人苏巍当庭自愿认罪，对其亦可以从轻处罚。公诉机关的量刑建议适当。依照《中华人民共和国刑法》第三百四十七条第一、四款、第六十七条第三款、第五十二条、第五十三条、第六十四条和《中华人民共和国刑事诉讼法》第二百零一条之规定，判决如下： 一、被告人苏巍犯贩卖毒品罪，判处拘役五个月，并处罚金人民币四千元。 （刑期从判决执行之日起计算。判决执行以前先行羁押的，羁押一日折抵刑期一日。即自2019年1月8日起至2019年6月7日止。罚金于判决生效后五日内缴纳。） 二、对案涉毒品予以没收；毒资人民币三百元予以追缴，上缴国库。 如不服本判决，可在接到判决书的第二日起十日内，通过本院或者直接向武汉市中级人民法院提出上诉。书面上诉的，应当提交上诉状正本一份，副本二份。 审判长王治武 人民陪审员许庆发 人民陪审员刘火苟 二〇一九年四月二十二日 书记员喻思铭","writId":"0427d0ee4d95f682dfc5622a6029324a309","writName":"苏巍走私、贩卖、运输、制造毒品一审刑事判决书"}
