{"ajId":"d2da693e-73bc-4768-bcca-7f3dbba26b5b","ajName":"朱文科贩卖毒品一案","ajjbqk":" 苏州市吴江区人民检察院指控：2017年3月30日晚，被告人朱文科在苏州市吴江区平望镇附近一弄堂内，采用电话联系等手段，以人民币1000元的价格向唐某（另行处理）贩卖毒品甲基苯丙胺（冰毒）1次。 2017年3月30日晚，被告人朱文科在苏州市吴江区平望镇某室内，采用电话联系等手段，以人民币3000元的价格向宁某（另案处理）贩卖毒品甲基苯丙胺（冰毒）7.53g。后被民警查获，警方从被告人朱文科处查获毒品甲基苯丙胺（冰毒）1.38克。 为证实上述指控的犯罪事实，公诉机关提供了相应的证据，并据此认为：被告人朱文科违反国家毒品管理法规，向他人贩卖毒品甲基苯丙胺共计8.91克，其行为应当以贩卖毒品罪追究其刑事责任。被告人朱文科在有期徒刑刑罚执行完毕五年以内再犯应当判处有期徒刑以上刑罚之罪，系累犯，依法应当从重处罚。请依法判处。 被告人朱文科辩称，其对公诉机关指控的第一笔事实有异议，其没有向唐某贩卖毒品。其是将毒品免费送给唐某的，不属于贩卖毒品。 经审理查明： 一、2017年3月30日晚，被告人朱文科在苏州市吴江区平望镇附近一弄堂内，采用电话联系等手段，以人民币1000元的价格向唐某（另行处理）贩卖毒品甲基苯丙胺（冰毒）1次。 上述事实，有公诉机关提交，并经法庭质证、认证的下列证据予以证实： 1、调取证据通知书、调取证据清单、照片，证实2017年3月30日下午15：39：55，微信昵称“好了伤疤忘了疼”向微信昵称“liu”转账1000元。 2、证人唐某的证言及辨认笔录，证实2017年3月30日下午，其电话联系朱文科购买冰毒，他当时说没有，让其先把钱转给他。于是，其至朱文科位于苏州市吴江区平望镇某室的家中，通过微信转给朱文科1000元，当时吴某1也在场。之后，其和吴某1便一起外出洗澡等消息了。当天晚上9点多，朱文科给吴某1发微信说他拿到东西了，让其和吴浩到苏州市吴江区平望镇附近一弄堂取冰毒。后朱文科交给其一包透明塑料袋包装的冰毒。之后其就离开了。其的微信号昵称是“好了伤疤忘了疼”，“流氓”的微信昵称是“liu”。“流氓”出事后，其就把微信删了。经辨认照片，其辨认出被告人朱文科即向其卖冰毒的“流氓”，证人吴某2即“吴某1”；另指认毒品交易地点。 3、证人吴某2的证言及辨认笔录，证实2017年3月30日下午，唐老板电话联系其，让其陪他找“老流氓”买冰毒。后其到“老流氓”家后，唐老板也来了。当时，“老流氓”说没有冰毒，他去外面找找看，唐老板就先转账给“老流氓”1000元。之后，其和唐老板就去洗澡等消息。当晚，“老流氓”微信联系其，说有货了，让唐老板去他家外面等。后其和唐老板在“老流氓”家附近的弄堂口和“老流氓”碰面，“老流氓”把一袋塑料袋装的冰毒交给了唐老板。之后，大家就离开了。经辨认照片，其辨认出被告人朱文科即“老流氓”，证人唐某即“唐老板”；另指认出被告人朱文科向唐某交付毒品的地点。 4、被告人朱文科的供述及辨认笔录，证实2017年3月30日晚，其给了唐老板一包冰毒，大概1克左右。其自己的微信昵称“liu”。经辨认照片，被告人朱文科辨认出证人唐某即“唐老板”，证人吴某2即“吴某1”。 二、2017年3月30日晚，被告人朱文科在苏州市吴江区平望镇某室内，采用电话联系等手段，以人民币3000元的价格向宁某（另案处理）贩卖毒品甲基苯丙胺（冰毒）7.53g。后被民警查获，警方从被告人朱文科处查获毒品甲基苯丙胺（冰毒）1.38克。 上述事实，被告人朱文科在庭审中未提出异议，且有公诉机关提交，并经法庭质证、认证的辨认笔录以及下列证据予以证实： 1、搜查笔录、扣押决定书、扣押清单、扣押笔录、照片，证实2017年3月30日晚，公安机关侦查人员至被告人朱文科位于苏州市吴江区平望镇某室的家中查获冰壶一个及冰毒疑似物一包，并依法予以扣押；同时，公安机关从证人宁某处扣押了白色纸包裹的白色晶体一包。 2、扣押决定书、扣押清单、扣押笔录、调取证据清单，证实公安机关将被告人朱文科持有的OPPO手机一部予以扣押，同时向证人宁某调取其联想牌手机一部。 3、毒品称量笔录、照片，证实公安机关从被告人朱文科家中查获的冰毒疑似物经称量，计1.38克；公安机关从证人宁某处扣押的一包白色晶体经称量，计7.53克。 4、提取笔录、照片，证实2017年3月底，被告人朱文科与证人宁某微信联系的情况。 5、收缴毒品专用收据，证实涉案毒品已被公安机关依法收缴。 6、取样笔录、物证检验报告书，证实经检验，公安机关查获的涉案疑似冰毒物均检出甲基苯丙胺成分。 7、证人宁某的证言及辨认笔录，证实2017年3月25日左右，其电话联系朱文科买10克毒品，后按照朱文科的指示向户名为吴某2的银行账户转了3000元。2017年3月30日下午，朱文科让其到他租房取毒品。当天晚上，其至他位于苏州市吴江区平望镇某室的房屋内，拿到一个纸巾包装的烟盒，内有冰毒。之后，其随即被公安机关抓获，其身上的冰毒也被查获。经辨认照片，其辨认出被告人朱文科即卖毒品给其的男子；另指认出毒品交易地点。 8、证人王某的证言及辨认笔录，证实其系宁某的女朋友。2017年3月，宁某跟其讲过他花了3000元向“老流氓”买毒品，钱打过去了一两天，毒品还没有拿到。那几天，宁某一直在跟“老流氓”电话联系。经辨认照片，其辨认出被告人朱文科即“老流氓”。 9、证人吴某2的证言，证实2017年3月28日，其名下的一张工商银行账户收到3000元，后这3000元其通过微信转给了“老流氓”。 上述二笔犯罪事实，还有发破案经过、人口信息、现场检测报告书、照片、刑事判决书、释放证明等证据证实。 ","cpfxgc":"本院认为，被告人朱文科违反国家毒品管理法规，向他人贩卖毒品甲基苯丙胺共计8.91克，其行为已构成贩卖毒品罪，依法应予以惩处。关于被告人朱文科提出的“起诉书指控的第一笔事实不应认定为贩卖毒品”的辩解意见，经查，证人唐某、吴某2的证言、微信转账记录均能相互印证，被告人朱文科向证人唐某贩卖毒品的犯罪事实，故对被告人朱文科提出的相关辩解意见，本院不予采纳。公诉机关指控被告人朱文科犯贩卖毒品罪的事实清楚，证据确实、充分，指控的罪名正确，本院予以支持。被告人朱文科在有期徒刑刑罚执行完毕后，五年以内再故意犯应当判处有期徒刑以上刑罚之罪，系累犯，依法从重处罚。被告人朱文科有犯罪前科，酌情从重处罚。据此，依照《中华人民共和国刑法》第三百四十七条第一款、第四款、第七款、第六十五条第一款、第六十四条的规定，判决如下：","pjjg":" 被告人朱文科犯贩卖毒品罪，判处有期徒刑二年九个月（刑期从判决执行之日起计算。判决执行以前先行羁押的，羁押一日折抵刑期一日，即自2017年3月30日起至2019年12月29日止），并处罚金人民币四千元（罚金自判决生效之日起五日内缴纳）。 如不服本判决，可在接到本判决书的第二日起十日内，通过本院或者直接向江苏省苏州市中级人民法院提出上诉。书面上诉的，应提交上诉状正本一份，副本二份。","qw":"朱文科贩卖毒品一审刑事判决书 苏州市吴江区人民法院 刑事判决书 （2017）苏0509刑初778号 公诉机关苏州市吴江区人民检察院。 被告人朱文科（绰号“流氓”），男，1969年5月19日生，住苏州市吴江区。被告人朱文科曾因流氓行为，于1994年8月31日被苏州市劳动教养管理委员会决定劳动教养一年六个月；又因吸食毒品，分别于2005年4月21日、2009年8月29日被原吴江市公安局决定行政拘留十五日、十五日；又因犯盗窃罪，于1991年12月13日被本院判处有期徒刑一年六个月；又因犯容留他人吸毒罪，分别于1998年7月3日、2000年1月17日、2000年10月26日、2003年9月10日、2012年8月10日、2013年8月19日被本院判处拘役四个月、有期徒刑六个月、有期徒刑二年、有期徒刑一年、有期徒刑十个月、有期徒刑十个月；又因犯盗窃罪，于2007年4月25日被浙江省湖州市南浔区人民法院判处有期徒刑三年；又因犯容留他人吸毒罪，于2015年11月23日被本院判处有期徒刑十个月，并处罚金人民币二千元，2016年9月20日刑满释放。被告人朱文科现因涉嫌犯贩卖毒品罪，于2017年3月31日被刑事拘留（3月30日被羁押），2017年4月14日被逮捕，现羁押于苏州市吴江区看守所。 苏州市吴江区人民检察院以吴江检诉刑诉（2017）773号起诉书指控被告人朱文科犯贩卖毒品罪，于2017年5月18日向本院提起公诉。本院于2017年5月22日立案，并依法适用简易程序，组成合议庭，公开开庭审理了本案。后依法转为普通程序，组成合议庭，公开开庭审理了本案。苏州市吴江区人民检察院指派检察员黄秀峰出庭支持公诉，被告人朱文科到庭参加诉讼。现已审理终结。 苏州市吴江区人民检察院指控：2017年3月30日晚，被告人朱文科在苏州市吴江区平望镇附近一弄堂内，采用电话联系等手段，以人民币1000元的价格向唐某（另行处理）贩卖毒品甲基苯丙胺（冰毒）1次。 2017年3月30日晚，被告人朱文科在苏州市吴江区平望镇某室内，采用电话联系等手段，以人民币3000元的价格向宁某（另案处理）贩卖毒品甲基苯丙胺（冰毒）7.53g。后被民警查获，警方从被告人朱文科处查获毒品甲基苯丙胺（冰毒）1.38克。 为证实上述指控的犯罪事实，公诉机关提供了相应的证据，并据此认为：被告人朱文科违反国家毒品管理法规，向他人贩卖毒品甲基苯丙胺共计8.91克，其行为应当以贩卖毒品罪追究其刑事责任。被告人朱文科在有期徒刑刑罚执行完毕五年以内再犯应当判处有期徒刑以上刑罚之罪，系累犯，依法应当从重处罚。请依法判处。 被告人朱文科辩称，其对公诉机关指控的第一笔事实有异议，其没有向唐某贩卖毒品。其是将毒品免费送给唐某的，不属于贩卖毒品。 经审理查明： 一、2017年3月30日晚，被告人朱文科在苏州市吴江区平望镇附近一弄堂内，采用电话联系等手段，以人民币1000元的价格向唐某（另行处理）贩卖毒品甲基苯丙胺（冰毒）1次。 上述事实，有公诉机关提交，并经法庭质证、认证的下列证据予以证实： 1、调取证据通知书、调取证据清单、照片，证实2017年3月30日下午15：39：55，微信昵称“好了伤疤忘了疼”向微信昵称“liu”转账1000元。 2、证人唐某的证言及辨认笔录，证实2017年3月30日下午，其电话联系朱文科购买冰毒，他当时说没有，让其先把钱转给他。于是，其至朱文科位于苏州市吴江区平望镇某室的家中，通过微信转给朱文科1000元，当时吴某1也在场。之后，其和吴某1便一起外出洗澡等消息了。当天晚上9点多，朱文科给吴某1发微信说他拿到东西了，让其和吴浩到苏州市吴江区平望镇附近一弄堂取冰毒。后朱文科交给其一包透明塑料袋包装的冰毒。之后其就离开了。其的微信号昵称是“好了伤疤忘了疼”，“流氓”的微信昵称是“liu”。“流氓”出事后，其就把微信删了。经辨认照片，其辨认出被告人朱文科即向其卖冰毒的“流氓”，证人吴某2即“吴某1”；另指认毒品交易地点。 3、证人吴某2的证言及辨认笔录，证实2017年3月30日下午，唐老板电话联系其，让其陪他找“老流氓”买冰毒。后其到“老流氓”家后，唐老板也来了。当时，“老流氓”说没有冰毒，他去外面找找看，唐老板就先转账给“老流氓”1000元。之后，其和唐老板就去洗澡等消息。当晚，“老流氓”微信联系其，说有货了，让唐老板去他家外面等。后其和唐老板在“老流氓”家附近的弄堂口和“老流氓”碰面，“老流氓”把一袋塑料袋装的冰毒交给了唐老板。之后，大家就离开了。经辨认照片，其辨认出被告人朱文科即“老流氓”，证人唐某即“唐老板”；另指认出被告人朱文科向唐某交付毒品的地点。 4、被告人朱文科的供述及辨认笔录，证实2017年3月30日晚，其给了唐老板一包冰毒，大概1克左右。其自己的微信昵称“liu”。经辨认照片，被告人朱文科辨认出证人唐某即“唐老板”，证人吴某2即“吴某1”。 二、2017年3月30日晚，被告人朱文科在苏州市吴江区平望镇某室内，采用电话联系等手段，以人民币3000元的价格向宁某（另案处理）贩卖毒品甲基苯丙胺（冰毒）7.53g。后被民警查获，警方从被告人朱文科处查获毒品甲基苯丙胺（冰毒）1.38克。 上述事实，被告人朱文科在庭审中未提出异议，且有公诉机关提交，并经法庭质证、认证的辨认笔录以及下列证据予以证实： 1、搜查笔录、扣押决定书、扣押清单、扣押笔录、照片，证实2017年3月30日晚，公安机关侦查人员至被告人朱文科位于苏州市吴江区平望镇某室的家中查获冰壶一个及冰毒疑似物一包，并依法予以扣押；同时，公安机关从证人宁某处扣押了白色纸包裹的白色晶体一包。 2、扣押决定书、扣押清单、扣押笔录、调取证据清单，证实公安机关将被告人朱文科持有的OPPO手机一部予以扣押，同时向证人宁某调取其联想牌手机一部。 3、毒品称量笔录、照片，证实公安机关从被告人朱文科家中查获的冰毒疑似物经称量，计1.38克；公安机关从证人宁某处扣押的一包白色晶体经称量，计7.53克。 4、提取笔录、照片，证实2017年3月底，被告人朱文科与证人宁某微信联系的情况。 5、收缴毒品专用收据，证实涉案毒品已被公安机关依法收缴。 6、取样笔录、物证检验报告书，证实经检验，公安机关查获的涉案疑似冰毒物均检出甲基苯丙胺成分。 7、证人宁某的证言及辨认笔录，证实2017年3月25日左右，其电话联系朱文科买10克毒品，后按照朱文科的指示向户名为吴某2的银行账户转了3000元。2017年3月30日下午，朱文科让其到他租房取毒品。当天晚上，其至他位于苏州市吴江区平望镇某室的房屋内，拿到一个纸巾包装的烟盒，内有冰毒。之后，其随即被公安机关抓获，其身上的冰毒也被查获。经辨认照片，其辨认出被告人朱文科即卖毒品给其的男子；另指认出毒品交易地点。 8、证人王某的证言及辨认笔录，证实其系宁某的女朋友。2017年3月，宁某跟其讲过他花了3000元向“老流氓”买毒品，钱打过去了一两天，毒品还没有拿到。那几天，宁某一直在跟“老流氓”电话联系。经辨认照片，其辨认出被告人朱文科即“老流氓”。 9、证人吴某2的证言，证实2017年3月28日，其名下的一张工商银行账户收到3000元，后这3000元其通过微信转给了“老流氓”。 上述二笔犯罪事实，还有发破案经过、人口信息、现场检测报告书、照片、刑事判决书、释放证明等证据证实。 本院认为，被告人朱文科违反国家毒品管理法规，向他人贩卖毒品甲基苯丙胺共计8.91克，其行为已构成贩卖毒品罪，依法应予以惩处。关于被告人朱文科提出的“起诉书指控的第一笔事实不应认定为贩卖毒品”的辩解意见，经查，证人唐某、吴某2的证言、微信转账记录均能相互印证，被告人朱文科向证人唐某贩卖毒品的犯罪事实，故对被告人朱文科提出的相关辩解意见，本院不予采纳。公诉机关指控被告人朱文科犯贩卖毒品罪的事实清楚，证据确实、充分，指控的罪名正确，本院予以支持。被告人朱文科在有期徒刑刑罚执行完毕后，五年以内再故意犯应当判处有期徒刑以上刑罚之罪，系累犯，依法从重处罚。被告人朱文科有犯罪前科，酌情从重处罚。据此，依照《中华人民共和国刑法》第三百四十七条第一款、第四款、第七款、第六十五条第一款、第六十四条的规定，判决如下： 被告人朱文科犯贩卖毒品罪，判处有期徒刑二年九个月（刑期从判决执行之日起计算。判决执行以前先行羁押的，羁押一日折抵刑期一日，即自2017年3月30日起至2019年12月29日止），并处罚金人民币四千元（罚金自判决生效之日起五日内缴纳）。 如不服本判决，可在接到本判决书的第二日起十日内，通过本院或者直接向江苏省苏州市中级人民法院提出上诉。书面上诉的，应提交上诉状正本一份，副本二份。 审判长王丽娜 人民陪审员邬长庚 人民陪审员顾家华 二〇一七年九月四日 书记员凡新","writId":"067dfdfecd9089db98dd06ba6d5bc41516b","writName":"朱文科贩卖毒品一审刑事判决书"}
