{"ajId":"cd7b6189-2056-4426-aff3-56fe7bb33c64","ajName":"宋某某妨害公务罪一案","ajjbqk":" 深圳市南山区人民检察院指控： 20l7年2月21日凌晨2时许，深圳市公安局交警支队南山交警大队执勤民警在深圳市南山区沙河西路体育馆路段设点进行“猎虎”涉酒整治行动。同日凌晨2时12分许，被告人宋某某驾驶粤L×××××号白色小型轿车途经现场查车点，车上搭载乘客周某、杨某，民警将该车拦停后对宋某某进行酒精快速初步排查，排查显示有酒精，需进一步检测酒精含量。此时该车驾驶员宋某某突然迅速关闭车窗，再向后倒车与后方粤B×××××号红色出租车发生碰撞，然后加速冲往右前方，撞倒了用于管制道路的粤B×××××号牌警用摩托车和雪糕筒，又与前方悬挂鲁J×××××临时号牌的红色法拉利轿车发生碰撞，后继续往前行驶逃离现场。经广东南天司法鉴定所鉴定：鲁J×××××（临时牌）小型轿车右前侧刮擦痕迹，与粤L×××××号小型轿车车身左侧刮擦痕迹，二者接触刮碰可以形成；粤L×××××号小型轿车左后轮前侧轮眉刮擦痕迹上的红色附着物，与鲁J×××××（临时牌）前保险杠右侧面及右前轮眉刮擦痕迹处红色漆种类相符；鲁J×××××临时号牌的红色法拉利轿车损失价值为人民币112500元。粤B×××××号两轮警用摩托车车身右后侧刮擦痕迹，与粤L×××××号小型轿车右前侧刮擦痕迹，二者接触刮碰可以形成；粤B×××××号两轮警用摩托车右后警灯柱刮擦痕迹上的白色附着物，与粤L×××××号小型轿车后右后视镜警壳前侧外端刮擦痕迹处白色漆种类相符；粤B×××××号警用摩托车损失价值为人民币890元。 2017年2月22日16时许，被告人宋某某到深圳市交警支队侦查大队主动投案。案发后，宋某某与上述鲁J×××××临时号牌的红色法拉利轿车车主欧某、粤B×××××号出租车驾驶员王某达成赔偿谅解。 为证明上述指控，公诉机关提供了受案登记表，立案决定书，到案经过，情况说明，点菜单，谅解书，南山大队2月21日“常态猎虎115”警力部署表，被告人身份信息材料，证人张某、陈某、杨某、周某、李某、陆某等证言，被害人欧某、王某的陈述，被告人宋某某的供述和辩解，广东南天司法鉴定所痕迹司法鉴定意见书，广东南天司法鉴定所价格评估意见书，案发现场勘验检查工作记录，证人许某、胡某1的辨认笔录，视频光碟等证据。 公诉机关认为被告人宋某某无视国家法律，以暴力方法阻碍国家机关工作人员依法执行职务，其行为已构成妨害公务罪，提请本院依法判处。公诉机关还提交深南检量建（2017）759号量刑建议书，认为被告人为逃避检查，暴力强行冲卡，造成四车损坏的严重后果，案发后教唆证人作伪证，但同时有认罪态度较好，积极赔偿被害人，取得谅解等情节，建议对被告人宋某某判处一年六个月以下有期徒刑。 被告人宋某某对起诉书指控的犯罪事实无异议，并当庭表示认罪。 辩护人对于起诉书指控的罪名无异议，并提出辩护意见称：1、对本案事实没有异议，但对定性、现有证据有异议，本案不构成妨害公务罪，应该属于危险驾驶范畴内，被告人是拒不配合酒精抽血；2、被告人主动投案、如实供述，系自首；3、被告人已经赔偿发生刮擦的车辆车主；4、被告人主观恶性小，自愿认罪，具有悔罪表现；5、被告人一贯表现优良，系初犯、偶犯；6、建议适用缓刑。辩护人还提交品格证据（复印件）、获奖证明（复印件）、摩托车维修配件发票，证明被告人品格良好，一贯表现优良，证明被告人已经对交警大队的车辆损失进行了赔偿。 经审理，本院查明的事实与公诉机关指控的犯罪事实一致。另，被告人亲属代为赔偿了交警部门的车辆损失。 上述事实，有下列经庭审出示、质证的证据予以证实，足以认定： 一、物证和书证 1、受案登记表、立案决定书、拘留证、拘留通知书、延长拘留期限通知书，证明本案案发过程。 2、到案经过，证明2017年2月21日2时许，一男子驾驶粤L×××××冲卡逃逸后，同日7时许，民警在深圳湾派出所门前找到粤L×××××车辆，并敦促该车车主通知嫌疑人前来侦查大队投案。2月22日16时许，被告人宋某某在亲戚朋友的劝说下，到交警支队侦查大队投案。 3、社会危险性情况证据表，证明公安机关认为，被告人宋某某存在“作案后逃逸”、“驾车冲卡”、“驾车冲撞”的情形，有社会危险性。 4、情况说明、银行转账凭证，证明维修店估算鲁J×××××临时号牌红色法拉利轿车的维修费用约为人民币20万元，宋某某家属向维修店支付维修费217000元，同时王某收到宋某某家属赔偿的修车款500元。 5、谅解书二份，证明鲁J×××××法拉利轿车车主欧某及粤B×××××号的士车司机王某对被告人宋某某表示谅解。 6、宋某某的常住人口信息、身份证复印件、机动车驾驶证，证明被告人宋某某的身份情况及机动车驾驶证等信息。 7、“牛某”点菜单1份，证明案发当晚被告人宋某某及朋友等4人用餐的点菜单，包括16瓶啤酒。 8、公安机关出具的《南山大队2月21日“常态猎虎115”警力部署表》，证明案发当晚交警在案发路段的路面查车行为是正当合法的执行职务行为。 二、证人证言 1、张某（深圳市公安局深圳湾派出所保安员）的证言：2017年2月21日凌晨我在深圳湾派出所上晚班，当日凌晨2点到3点之间我发现一辆白色的粤L牌日产轿车停在派出所门外的停车区。该车驾驶员告诉我说他是隔壁街道办的，停一下明天来取。第二天早上，交警到派出所门口停车位查看这辆车的情况，并询问进入时间及大概情况等。 2、陈某的证言：2017年2月20日晚，宋某某约我去南山区的姚氏烤肉店吃烤肉。大概23时许，我开车带着宋某某到达，当时宋某某的女友周某、小杨（具体姓名不清楚）已经在等我们。我们四人喝了六大瓶的百威啤酒，宋某某刚开始喝王老吉，后来喝了一点啤酒，具体喝多少我没留意。2月21日凌晨2时许，我叫代驾过来开车，宋某某开着周某的白色日产小车送小杨回家。我们分开二十分钟后，我接到周某电话，她在电话里很紧张，说他们的车坏了，让我去接他们。我接上他们三个后，他们说宋某某撞了人家的车，好像是撞的出租车和摩托车。 3、杨某的证言。杨某在第一次询问笔录中称：2月20日22时许，宋某某的女朋友周某约我吃饭，我们到了南山区白石洲姚氏烤肉店。期间，我们喝了一点啤酒，大约23时许，宋某某和陈某过来。宋某某在姚氏烤肉店没有喝酒。2月21日1时50分，我们离开。宋某某开周某的车，带上我和周某，准备先送我回家。2月21日2时左右，当车辆行驶到南山区东滨路的时候，遇到交警查车，有个交警上前来要求宋某某接受检查，宋某某就往后倒车，我们的车尾碰到了停在我们车后面的一部出租车的车头，我当时听见好多警察围上来叫我们快点停车，宋某某自言自语“完蛋了”，他就往旁边打方向盘，猛冲过了交警的检查点，高速继续往前行驶。宋某某继续沿东滨路往前行驶了一段距离之后，把车停在深圳湾派出所的门口。我打电话发定位给陈某，让他来深圳湾派出所门口接我们，大概过了十分钟，代驾开着陈某的车把我们接走，先送我回家，之后的事情我就不知道了。宋某某逃离检查点后没有报警自首。 杨某在第二份笔录中称：当晚就餐期间，宋某某有喝啤酒，大概喝了1、2瓶。我们四人一共喝了10瓶。宋某某打电话给我，让我来公安机关录口供时说他没有喝酒，就喝了王老吉，我答应了，就隐瞒了宋某某喝酒开车的事实。 4、周某的证言：2017年2月20日晚我开车（粤L×××××）从龙某去南山白石洲姚氏烤肉跟约好的杨某、陈某和宋某某一起宵夜。陈某和宋某某在我和杨某之后到达。我们四人都喝了啤酒，瓶装百威啤酒，一共喝了10瓶左右，宋某某喝了酒也喝了王老吉。吃完宵夜之后，大概凌晨一点左右不到两点，陈某叫了代驾，宋某某开我的车带我和杨某离开，我坐在副驾位，杨某坐后排。宋某某跟我说他以为交警要拔枪，所以他当时情绪很混乱，很害怕，所以不配合交警执法、强行冲卡。撞到的士后车子又往前，撞上了旁边的警车和前面那台红色的法拉利，宋某某就一直往前开，因为知道撞了警车我们都很害怕，我问宋某某发生了什么事，他回答我说好像撞到车了，随后就不说话了。宋某某开到一个派出所或是公安局门口停下来，然后打电话给陈某说我们的车子坏了，十几分钟后，陈某开车过来接我们。 5、陆某（案发现场执勤交警）的证言：2017年2月21日2时12分，我带领民警李某、辅警许某、胡某1等人在沙河西路北往南深圳湾体育馆路段开展猎虎常态整治。2时12分观察警力发现悬挂粤L×××××号牌白色小轿车在沙河西路北往南行驶异常，故通知前方查车点警力注意，我立即在该车右侧提高警戒，民警李某随即将该车前方鲁J×××××临时号牌红色法拉利轿车拦停，此时我还用一个雪糕筒放在他车头正前方防止他冲卡，辅警胡某1立即对该车驾驶员进行酒精快速排查，发现该车驾驶员有饮酒后驾车的嫌疑。此时该车驾驶员突然将车窗关闭，向后倒车，撞到后方粤B×××××红色出租车后，加速冲向右前方，接着撞倒用于交通管制使用的雪糕筒和警用摩托车，后又撞到前方红色法拉利轿车，之后一路加速逃逸。 6、事情经过二份，由胡某1、许某分别提供，证明案发当晚对粤L×××××车辆驾驶员进行酒精快速排查，排查显示有酒精。该驾驶员驾车冲卡，二人当时清楚看见该车驾驶员为男性，微胖，30岁左右，副驾驶为一名年轻女性。 三、被害人陈述 1、欧某的陈述，称：2017年2月21日凌晨2时许，我驾驶鲁J×××××号临时牌照红色法拉利跑车在回家途中经过沙河西路体育馆路段时遇到交警在路上查车，当时警察检查完我以后有一名警察站在我车头示意我暂时停一下，应该是继续对我后面那台车进行检查。正当警察示意我缓慢行驶离开时，我车辆后面突然有一辆小轿车加速从我右侧窜出并加速逃逸驶离，该车冲撞过程中将我的车多处撞坏。宋某某的父母在事情发生后将车辆鉴定的维修款二十一万七千元人民币已全额汇入车辆4S店的维修账户中，车辆目前正在维修中。我本人不再追究对方的其他民事赔偿责任。 2、王某的陈述：我驾驶的粤B×××××号出租车于2017年2月21日凌晨被一辆车给撞了，前车牌被撞损一点，其他部位没有损伤，没有修车，第二天退回公司了。我不追究肇事者的民事赔偿责任了，我的车没有损坏。 四、被告人供述和辩解 被告人宋某某的供述和辩解，其在第一次讯问中称：2017年2月20日23时许，我和周某、郑某、陈某三人在南山白石洲吃烧烤，我没有喝酒，一直吃到2月21日凌晨2时许，我驾驶周某到粤L×××××白色日产小车搭载周某和郑某到南山蛇口四海公寓。经过南山区东滨路时遇到交警查车，有交警过来让我接受排查，我慢慢将车往前开，停车摇下车窗，对酒精测试仪吹了两次，民警让我熄火停车，我看民警似乎是要拔枪，当时很害怕，于是倒车先撞了后面的士车，然后又右转方向往前跑，撞倒了两台摩托警车。撞完之后，我开车右转进入东滨路，把车子停在深圳湾派出所门口。之后我打电话叫陈某过来接我。当晚怕被警察抓所以没有回家住。 其在之后的讯问中称：我倒车先撞了后面的的士车，然后又右转方向往前跑了，撞倒了两台摩托车警车，还撞了停在我前面的红色法拉利。我当时害怕才撞车逃跑，之前在吃烧烤时我有喝酒。之前没有承认自己喝酒因为害怕酒后驾车被公安机关处罚。我有让周某、杨某和陈某帮我向公安机关隐瞒当晚我喝酒的事情。被警察拦停检查时，我前方有辆红色法拉利轿车，后面也有车，左边有两位警察，右边有警用摩托车，没留意是否有人。我当时主要想逃离现场，没有看后视镜。 五、鉴定意见 1、广东南天司法鉴定所粤南［2017］价鉴字第9010号价格评估意见书，证明鲁J×××××临时号牌的红色法拉利轿车损失价值为人民币112500.00元。 2、广东南天司法鉴定所粤南［2017］痕鉴字第328号痕迹司法鉴定意见书，证明粤B×××××号两轮警用摩托车车身右后侧刮擦痕迹，与粤L×××××号小型轿车右前侧刮擦痕迹，二者接触刮碰可以形成；粤B×××××号两轮警用摩托车右后警灯柱刮擦痕迹上的白色附着物，与粤L×××××号小型轿车后右后视镜警壳前侧外端刮擦痕迹处白色漆种类相符。 3、广东南天司法鉴定所粤南［2017］痕鉴字第330号痕迹司法鉴定意见书，证明鲁J×××××小型轿车（临时牌）右前侧刮擦痕迹，与粤L×××××号小型轿车车身左侧刮擦痕迹，二者接触刮碰可以形成；粤L×××××号小型轿车左后轮前侧轮眉刮擦痕迹上的红色附着物，与鲁J×××××（临时牌）前保险杠右侧面及右前轮眉刮擦痕迹处红色漆种类相符。 4、广东南天司法鉴定所粤南［2017］价鉴字第9011号价格评估意见书，证明粤B×××××号警用摩托车损失价值为人民币890元）。 六、勘验、辨认笔录 1、证人许某、胡某1辨认出案发当晚驾车冲卡逃逸的粤L×××××号牌白色小轿车驾驶员为被告人宋某某。 2、现场勘验检查工作记录，证明案发现场位于南山区沙河西路北往南主干道深圳湾体育馆路段，现场封闭最左1、左3、左4通道，留有左2通道用于车辆通行。 七、视听资料 视频光碟一张，包括三方面内容。一是记录当晚宋某某等4人在饭店吃饭喝酒的视频及截图辨认，二是记录粤L×××××车辆冲卡过程视频，证明案发当时被告人驾驶的车辆前后都有汽车，前面还有亮着警灯的警用摩托及雪糕筒，左右两侧都有交警，三是冲卡发生后，粤L×××××车、鲁J×××××车（法拉利轿车）、警用摩托车损坏情况及现场情况的照片。 上述证据均经过庭审示证、质证，查证属实，本院予以确认。 ","cpfxgc":"本院认为，被告人宋某某以暴力方法阻碍国家机关工作人员依法执行职务，其行为已构成妨害公务罪。公诉机关指控的犯罪事实清楚，证据确实、充分，指控的罪名成立。被告人驾车等待交警检查时，突然快速启动冲撞前后待检车辆以及用于封锁道路的警用摩托车等，其行为致使正在执行公务的多名警察及辅助人员陷入巨大人身危险，应认定为以暴力方法阻碍国家机关工作人员依法执行公务，故本院对辩护人提出被告人行为不构成妨害公务罪的辩护意见不予采纳。被告人主动投案后，虽曾隐瞒酒后驾驶车辆的事实，但能够如实供述自己妨害公务的犯罪事实，系自首，本院对辩护人该辩护意见予以采纳。被告人亲属在案发后代为赔偿相关损失，本院在量刑时予以考虑。依照《中华人民共和国刑法》第二百七十七条第一款，第六十七条第一款之规定，判决如下：","pjjg":" 被告人宋某某犯妨害公务罪，判处拘役五个月。 （刑期从判决执行之日起计算，判决执行以前先行羁押的，羁押一日折抵刑期一日，即自2017年2月22日起执行至2017年7月21日止。） 如不服本判决，可在接到判决书的第二日起十日内，通过本院或者直接向广东省深圳市中级人民法院提出上诉。书面上诉的，应当提交上诉状正本一份，副本二份。","qw":"广东省深圳市南山区人民法院 刑事判决书 （2017）粤0305刑初761号 公诉机关广东省深圳市南山区人民检察院。 被告人宋某某。因本案于2017年2月22日向公安机关投案，次日被刑事拘留，次月8日被逮捕，现羁押于深圳市南山区看守所。 辩护人谭征，广东卓建律师事务所律师。 深圳市南山区人民检察院以深南检刑诉（2017）787号起诉书指控被告人宋某某犯妨害公务罪，于2017年5月31日向本院提起公诉，本院依法组成合议庭，公开开庭审理了本案。深圳市南山区人民检察院指派代理检察员廖婷出庭支持公诉，被告人宋某某及其辩护人谭征到庭参加诉讼。本案现已审理终结。 深圳市南山区人民检察院指控： 20l7年2月21日凌晨2时许，深圳市公安局交警支队南山交警大队执勤民警在深圳市南山区沙河西路体育馆路段设点进行“猎虎”涉酒整治行动。同日凌晨2时12分许，被告人宋某某驾驶粤L×××××号白色小型轿车途经现场查车点，车上搭载乘客周某、杨某，民警将该车拦停后对宋某某进行酒精快速初步排查，排查显示有酒精，需进一步检测酒精含量。此时该车驾驶员宋某某突然迅速关闭车窗，再向后倒车与后方粤B×××××号红色出租车发生碰撞，然后加速冲往右前方，撞倒了用于管制道路的粤B×××××号牌警用摩托车和雪糕筒，又与前方悬挂鲁J×××××临时号牌的红色法拉利轿车发生碰撞，后继续往前行驶逃离现场。经广东南天司法鉴定所鉴定：鲁J×××××（临时牌）小型轿车右前侧刮擦痕迹，与粤L×××××号小型轿车车身左侧刮擦痕迹，二者接触刮碰可以形成；粤L×××××号小型轿车左后轮前侧轮眉刮擦痕迹上的红色附着物，与鲁J×××××（临时牌）前保险杠右侧面及右前轮眉刮擦痕迹处红色漆种类相符；鲁J×××××临时号牌的红色法拉利轿车损失价值为人民币112500元。粤B×××××号两轮警用摩托车车身右后侧刮擦痕迹，与粤L×××××号小型轿车右前侧刮擦痕迹，二者接触刮碰可以形成；粤B×××××号两轮警用摩托车右后警灯柱刮擦痕迹上的白色附着物，与粤L×××××号小型轿车后右后视镜警壳前侧外端刮擦痕迹处白色漆种类相符；粤B×××××号警用摩托车损失价值为人民币890元。 2017年2月22日16时许，被告人宋某某到深圳市交警支队侦查大队主动投案。案发后，宋某某与上述鲁J×××××临时号牌的红色法拉利轿车车主欧某、粤B×××××号出租车驾驶员王某达成赔偿谅解。 为证明上述指控，公诉机关提供了受案登记表，立案决定书，到案经过，情况说明，点菜单，谅解书，南山大队2月21日“常态猎虎115”警力部署表，被告人身份信息材料，证人张某、陈某、杨某、周某、李某、陆某等证言，被害人欧某、王某的陈述，被告人宋某某的供述和辩解，广东南天司法鉴定所痕迹司法鉴定意见书，广东南天司法鉴定所价格评估意见书，案发现场勘验检查工作记录，证人许某、胡某1的辨认笔录，视频光碟等证据。 公诉机关认为被告人宋某某无视国家法律，以暴力方法阻碍国家机关工作人员依法执行职务，其行为已构成妨害公务罪，提请本院依法判处。公诉机关还提交深南检量建（2017）759号量刑建议书，认为被告人为逃避检查，暴力强行冲卡，造成四车损坏的严重后果，案发后教唆证人作伪证，但同时有认罪态度较好，积极赔偿被害人，取得谅解等情节，建议对被告人宋某某判处一年六个月以下有期徒刑。 被告人宋某某对起诉书指控的犯罪事实无异议，并当庭表示认罪。 辩护人对于起诉书指控的罪名无异议，并提出辩护意见称：1、对本案事实没有异议，但对定性、现有证据有异议，本案不构成妨害公务罪，应该属于危险驾驶范畴内，被告人是拒不配合酒精抽血；2、被告人主动投案、如实供述，系自首；3、被告人已经赔偿发生刮擦的车辆车主；4、被告人主观恶性小，自愿认罪，具有悔罪表现；5、被告人一贯表现优良，系初犯、偶犯；6、建议适用缓刑。辩护人还提交品格证据（复印件）、获奖证明（复印件）、摩托车维修配件发票，证明被告人品格良好，一贯表现优良，证明被告人已经对交警大队的车辆损失进行了赔偿。 经审理，本院查明的事实与公诉机关指控的犯罪事实一致。另，被告人亲属代为赔偿了交警部门的车辆损失。 上述事实，有下列经庭审出示、质证的证据予以证实，足以认定： 一、物证和书证 1、受案登记表、立案决定书、拘留证、拘留通知书、延长拘留期限通知书，证明本案案发过程。 2、到案经过，证明2017年2月21日2时许，一男子驾驶粤L×××××冲卡逃逸后，同日7时许，民警在深圳湾派出所门前找到粤L×××××车辆，并敦促该车车主通知嫌疑人前来侦查大队投案。2月22日16时许，被告人宋某某在亲戚朋友的劝说下，到交警支队侦查大队投案。 3、社会危险性情况证据表，证明公安机关认为，被告人宋某某存在“作案后逃逸”、“驾车冲卡”、“驾车冲撞”的情形，有社会危险性。 4、情况说明、银行转账凭证，证明维修店估算鲁J×××××临时号牌红色法拉利轿车的维修费用约为人民币20万元，宋某某家属向维修店支付维修费217000元，同时王某收到宋某某家属赔偿的修车款500元。 5、谅解书二份，证明鲁J×××××法拉利轿车车主欧某及粤B×××××号的士车司机王某对被告人宋某某表示谅解。 6、宋某某的常住人口信息、身份证复印件、机动车驾驶证，证明被告人宋某某的身份情况及机动车驾驶证等信息。 7、“牛某”点菜单1份，证明案发当晚被告人宋某某及朋友等4人用餐的点菜单，包括16瓶啤酒。 8、公安机关出具的《南山大队2月21日“常态猎虎115”警力部署表》，证明案发当晚交警在案发路段的路面查车行为是正当合法的执行职务行为。 二、证人证言 1、张某（深圳市公安局深圳湾派出所保安员）的证言：2017年2月21日凌晨我在深圳湾派出所上晚班，当日凌晨2点到3点之间我发现一辆白色的粤L牌日产轿车停在派出所门外的停车区。该车驾驶员告诉我说他是隔壁街道办的，停一下明天来取。第二天早上，交警到派出所门口停车位查看这辆车的情况，并询问进入时间及大概情况等。 2、陈某的证言：2017年2月20日晚，宋某某约我去南山区的姚氏烤肉店吃烤肉。大概23时许，我开车带着宋某某到达，当时宋某某的女友周某、小杨（具体姓名不清楚）已经在等我们。我们四人喝了六大瓶的百威啤酒，宋某某刚开始喝王老吉，后来喝了一点啤酒，具体喝多少我没留意。2月21日凌晨2时许，我叫代驾过来开车，宋某某开着周某的白色日产小车送小杨回家。我们分开二十分钟后，我接到周某电话，她在电话里很紧张，说他们的车坏了，让我去接他们。我接上他们三个后，他们说宋某某撞了人家的车，好像是撞的出租车和摩托车。 3、杨某的证言。杨某在第一次询问笔录中称：2月20日22时许，宋某某的女朋友周某约我吃饭，我们到了南山区白石洲姚氏烤肉店。期间，我们喝了一点啤酒，大约23时许，宋某某和陈某过来。宋某某在姚氏烤肉店没有喝酒。2月21日1时50分，我们离开。宋某某开周某的车，带上我和周某，准备先送我回家。2月21日2时左右，当车辆行驶到南山区东滨路的时候，遇到交警查车，有个交警上前来要求宋某某接受检查，宋某某就往后倒车，我们的车尾碰到了停在我们车后面的一部出租车的车头，我当时听见好多警察围上来叫我们快点停车，宋某某自言自语“完蛋了”，他就往旁边打方向盘，猛冲过了交警的检查点，高速继续往前行驶。宋某某继续沿东滨路往前行驶了一段距离之后，把车停在深圳湾派出所的门口。我打电话发定位给陈某，让他来深圳湾派出所门口接我们，大概过了十分钟，代驾开着陈某的车把我们接走，先送我回家，之后的事情我就不知道了。宋某某逃离检查点后没有报警自首。 杨某在第二份笔录中称：当晚就餐期间，宋某某有喝啤酒，大概喝了1、2瓶。我们四人一共喝了10瓶。宋某某打电话给我，让我来公安机关录口供时说他没有喝酒，就喝了王老吉，我答应了，就隐瞒了宋某某喝酒开车的事实。 4、周某的证言：2017年2月20日晚我开车（粤L×××××）从龙某去南山白石洲姚氏烤肉跟约好的杨某、陈某和宋某某一起宵夜。陈某和宋某某在我和杨某之后到达。我们四人都喝了啤酒，瓶装百威啤酒，一共喝了10瓶左右，宋某某喝了酒也喝了王老吉。吃完宵夜之后，大概凌晨一点左右不到两点，陈某叫了代驾，宋某某开我的车带我和杨某离开，我坐在副驾位，杨某坐后排。宋某某跟我说他以为交警要拔枪，所以他当时情绪很混乱，很害怕，所以不配合交警执法、强行冲卡。撞到的士后车子又往前，撞上了旁边的警车和前面那台红色的法拉利，宋某某就一直往前开，因为知道撞了警车我们都很害怕，我问宋某某发生了什么事，他回答我说好像撞到车了，随后就不说话了。宋某某开到一个派出所或是公安局门口停下来，然后打电话给陈某说我们的车子坏了，十几分钟后，陈某开车过来接我们。 5、陆某（案发现场执勤交警）的证言：2017年2月21日2时12分，我带领民警李某、辅警许某、胡某1等人在沙河西路北往南深圳湾体育馆路段开展猎虎常态整治。2时12分观察警力发现悬挂粤L×××××号牌白色小轿车在沙河西路北往南行驶异常，故通知前方查车点警力注意，我立即在该车右侧提高警戒，民警李某随即将该车前方鲁J×××××临时号牌红色法拉利轿车拦停，此时我还用一个雪糕筒放在他车头正前方防止他冲卡，辅警胡某1立即对该车驾驶员进行酒精快速排查，发现该车驾驶员有饮酒后驾车的嫌疑。此时该车驾驶员突然将车窗关闭，向后倒车，撞到后方粤B×××××红色出租车后，加速冲向右前方，接着撞倒用于交通管制使用的雪糕筒和警用摩托车，后又撞到前方红色法拉利轿车，之后一路加速逃逸。 6、事情经过二份，由胡某1、许某分别提供，证明案发当晚对粤L×××××车辆驾驶员进行酒精快速排查，排查显示有酒精。该驾驶员驾车冲卡，二人当时清楚看见该车驾驶员为男性，微胖，30岁左右，副驾驶为一名年轻女性。 三、被害人陈述 1、欧某的陈述，称：2017年2月21日凌晨2时许，我驾驶鲁J×××××号临时牌照红色法拉利跑车在回家途中经过沙河西路体育馆路段时遇到交警在路上查车，当时警察检查完我以后有一名警察站在我车头示意我暂时停一下，应该是继续对我后面那台车进行检查。正当警察示意我缓慢行驶离开时，我车辆后面突然有一辆小轿车加速从我右侧窜出并加速逃逸驶离，该车冲撞过程中将我的车多处撞坏。宋某某的父母在事情发生后将车辆鉴定的维修款二十一万七千元人民币已全额汇入车辆4S店的维修账户中，车辆目前正在维修中。我本人不再追究对方的其他民事赔偿责任。 2、王某的陈述：我驾驶的粤B×××××号出租车于2017年2月21日凌晨被一辆车给撞了，前车牌被撞损一点，其他部位没有损伤，没有修车，第二天退回公司了。我不追究肇事者的民事赔偿责任了，我的车没有损坏。 四、被告人供述和辩解 被告人宋某某的供述和辩解，其在第一次讯问中称：2017年2月20日23时许，我和周某、郑某、陈某三人在南山白石洲吃烧烤，我没有喝酒，一直吃到2月21日凌晨2时许，我驾驶周某到粤L×××××白色日产小车搭载周某和郑某到南山蛇口四海公寓。经过南山区东滨路时遇到交警查车，有交警过来让我接受排查，我慢慢将车往前开，停车摇下车窗，对酒精测试仪吹了两次，民警让我熄火停车，我看民警似乎是要拔枪，当时很害怕，于是倒车先撞了后面的士车，然后又右转方向往前跑，撞倒了两台摩托警车。撞完之后，我开车右转进入东滨路，把车子停在深圳湾派出所门口。之后我打电话叫陈某过来接我。当晚怕被警察抓所以没有回家住。 其在之后的讯问中称：我倒车先撞了后面的的士车，然后又右转方向往前跑了，撞倒了两台摩托车警车，还撞了停在我前面的红色法拉利。我当时害怕才撞车逃跑，之前在吃烧烤时我有喝酒。之前没有承认自己喝酒因为害怕酒后驾车被公安机关处罚。我有让周某、杨某和陈某帮我向公安机关隐瞒当晚我喝酒的事情。被警察拦停检查时，我前方有辆红色法拉利轿车，后面也有车，左边有两位警察，右边有警用摩托车，没留意是否有人。我当时主要想逃离现场，没有看后视镜。 五、鉴定意见 1、广东南天司法鉴定所粤南［2017］价鉴字第9010号价格评估意见书，证明鲁J×××××临时号牌的红色法拉利轿车损失价值为人民币112500.00元。 2、广东南天司法鉴定所粤南［2017］痕鉴字第328号痕迹司法鉴定意见书，证明粤B×××××号两轮警用摩托车车身右后侧刮擦痕迹，与粤L×××××号小型轿车右前侧刮擦痕迹，二者接触刮碰可以形成；粤B×××××号两轮警用摩托车右后警灯柱刮擦痕迹上的白色附着物，与粤L×××××号小型轿车后右后视镜警壳前侧外端刮擦痕迹处白色漆种类相符。 3、广东南天司法鉴定所粤南［2017］痕鉴字第330号痕迹司法鉴定意见书，证明鲁J×××××小型轿车（临时牌）右前侧刮擦痕迹，与粤L×××××号小型轿车车身左侧刮擦痕迹，二者接触刮碰可以形成；粤L×××××号小型轿车左后轮前侧轮眉刮擦痕迹上的红色附着物，与鲁J×××××（临时牌）前保险杠右侧面及右前轮眉刮擦痕迹处红色漆种类相符。 4、广东南天司法鉴定所粤南［2017］价鉴字第9011号价格评估意见书，证明粤B×××××号警用摩托车损失价值为人民币890元）。 六、勘验、辨认笔录 1、证人许某、胡某1辨认出案发当晚驾车冲卡逃逸的粤L×××××号牌白色小轿车驾驶员为被告人宋某某。 2、现场勘验检查工作记录，证明案发现场位于南山区沙河西路北往南主干道深圳湾体育馆路段，现场封闭最左1、左3、左4通道，留有左2通道用于车辆通行。 七、视听资料 视频光碟一张，包括三方面内容。一是记录当晚宋某某等4人在饭店吃饭喝酒的视频及截图辨认，二是记录粤L×××××车辆冲卡过程视频，证明案发当时被告人驾驶的车辆前后都有汽车，前面还有亮着警灯的警用摩托及雪糕筒，左右两侧都有交警，三是冲卡发生后，粤L×××××车、鲁J×××××车（法拉利轿车）、警用摩托车损坏情况及现场情况的照片。 上述证据均经过庭审示证、质证，查证属实，本院予以确认。 本院认为，被告人宋某某以暴力方法阻碍国家机关工作人员依法执行职务，其行为已构成妨害公务罪。公诉机关指控的犯罪事实清楚，证据确实、充分，指控的罪名成立。被告人驾车等待交警检查时，突然快速启动冲撞前后待检车辆以及用于封锁道路的警用摩托车等，其行为致使正在执行公务的多名警察及辅助人员陷入巨大人身危险，应认定为以暴力方法阻碍国家机关工作人员依法执行公务，故本院对辩护人提出被告人行为不构成妨害公务罪的辩护意见不予采纳。被告人主动投案后，虽曾隐瞒酒后驾驶车辆的事实，但能够如实供述自己妨害公务的犯罪事实，系自首，本院对辩护人该辩护意见予以采纳。被告人亲属在案发后代为赔偿相关损失，本院在量刑时予以考虑。依照《中华人民共和国刑法》第二百七十七条第一款，第六十七条第一款之规定，判决如下： 被告人宋某某犯妨害公务罪，判处拘役五个月。 （刑期从判决执行之日起计算，判决执行以前先行羁押的，羁押一日折抵刑期一日，即自2017年2月22日起执行至2017年7月21日止。） 如不服本判决，可在接到判决书的第二日起十日内，通过本院或者直接向广东省深圳市中级人民法院提出上诉。书面上诉的，应当提交上诉状正本一份，副本二份。 审判长刘付斌 人民陪审员辛倩平 人民陪审员赖秀芳 二〇一七年六月二十三日 书记员苏淦德 附相关法条： 《中华人民共和国刑法》 第六十七条犯罪以后自动投案，如实供述自己的罪行的，是自首。对于自首的犯罪分子，可以从轻或者减轻处罚。其中，犯罪较轻的，可以免除处罚。 被采取强制措施的犯罪嫌疑人、被告人和正在服刑的罪犯，如实供述司法机关还未掌握的本人其他罪行的，以自首论。 犯罪嫌疑人虽不具有前两款规定的自首情节，但是如实供述自己罪行的，可以从轻处罚；因其如实供述自己罪行，避免特别严重后果发生的，可以减轻处罚。 第二百七十七条以暴力、威胁方法阻碍国家机关工作人员依法执行职务的，处三年以下有期徒刑、拘役、管制或者罚金。 以暴力、威胁方法阻碍全国人民代表大会和地方各级人民代表大会代表依法执行代表职务的，依照前款的规定处罚。 在自然灾害和突发事件中，以暴力、威胁方法阻碍红十字会工作人员依法履行职责的，依照第一款的规定处罚。 故意阻碍国家安全机关、公安机关依法执行国家安全工作任务，未使用暴力、威胁方法，造成严重后果的，依照第一款的规定处罚。 暴力袭击正在依法执行职务的人民警察的，依照第一款的规定从重处罚。","writId":"0013e0c304ca4c8dad7a73b78988c4b535e","writName":"宋某某妨害公务罪一审一审公诉案件适用普通程序刑事判决书"}
