{"ajId":"06b35529-164c-44bc-8c13-5729d89ba844","ajName":"肖某、鲍某盗窃罪一案","ajjbqk":" 公诉机关指控：被告人肖某、鲍某于2014年2月至2014年5月，在望江县城附近多次秘密窃取他人财物，其中肖某参与盗窃11起，涉案价值33183元，数额较大；鲍某参与盗窃3起，涉案价值11042元，数额较大，两被告人的行为已触犯刑律，应当以盗窃罪追究其刑事责任。特提起公诉，请依法判处。并当庭出示了被告人的供述、证人证言等证据。 被告人肖某、鲍某对指控的事实及罪名均无异议，当庭自愿认罪。 经审理查明： 1、2014年2月13日凌晨1时许，被告人肖某、鲍某来到望江县华阳镇东洲路“尚品汤馆”门口，将华艳明停放在该处的一辆红色小沈阳牌电动三轮车盗走。经物价鉴定，被盗三轮车价值人民币2464元。 2、2014年2月20日左右的一天凌晨1点许，被告人肖某、鲍某来到望江县华阳镇大北门街前街80号，将王义联停放在该处的一辆电动三轮车盗走。经物价鉴定，被盗三轮车价值人民币5626元。 3、2014年3月1日凌晨1时许，被告人肖某、鲍某来到望江县回龙路“凤铝铝材”店门口，将徐光亚停放在该处的一辆电动三轮车盗走。经物价鉴定，被盗三轮车价值人民币2952元。 4、2014年2月24日凌晨1时许，被告人肖某来到望江县三号路“无题百货”店门口，将余正运停放在该处的一辆双枪牌电动三轮车盗走。经物价鉴定，被盗三轮车价值人民币3388元。 5、2014年4月4日21时许，被告人肖某来到望江县华阳镇物华府邸小区附近西门街80号商铺门口，将袁国军停放在该处的一辆红色帅克牌电动三轮车盗走。经物价鉴定，被盗三轮车价值人民币3780元。 6、2014年4月7日凌晨2时许，被告人肖某来到望江县华阳镇三号路“袭人花店”门口，将余小南停放在该处的一辆飞驰牌电动三轮车的电瓶盗走。经物价鉴定，被盗三轮车电瓶价值人民币2037元。 7、2014年4月16日13时许，被告人肖某来到望江县华阳镇清廉路“长青花行”旁的巷道里，将彭友根停放在该处的一辆绿色万力牌电动三轮车盗走。经物价鉴定，被盗三轮车价值人民币5626元。 8、2014年5月初的一天晚上9时许，被告人肖某来到望江县华阳镇沿河路253号“晓高糖酒”店门口，将方翠萍停放在该处的一辆红色金鹿牌电动车盗走。经物价鉴定，被盗三轮车价值人民币550元。 9、2014年5月5日晚上8时许，被告人肖某来到望江县华阳镇龙湖十字路口“喜临门移动门”店门口，将钱传贵停放在该处的一辆红色华安虎牌电动三轮车盗走。经物价鉴定，被盗三轮车价值人民币1860元。该车已被追回返还失主。 10、2014年5月8日晚9时许，被告人肖某来到望江县华阳镇沿河路93号，将王菊枝停放在该处的一辆蓝色帅克电动三轮车盗走。经物价鉴定，被盗三轮车价值人民币2900元。 11、2014年5月19日晚11时许，被告人肖某来到望江县华阳镇沿河路“华夏公司”对面，将汪六梅停放在该处的一辆傲星牌电动三轮车盗走，并将该车开到望江县华阳镇西外环路新西社区附近拆卸电池，被群众当场抓获并扭送至公安机关。经物价鉴定，被盗三轮车价值人民币2000元。该车已被追回返还失主。 上述事实，有下列证据予以证实： 1、接受刑事案件登记表，证实案件的发生。 2、失主方翠萍、王菊枝、彭友根、余正运、华艳明、袁国军、钱传贵、徐光亚、余小南、汪六梅、王义联等人的陈述，证实2014年2月至2014年5月期间，其电瓶车被盗事实。 3、证人陈某、高某的证言，证实两人于2014年5月19日晚上10点多在望江县新西社区附近发现有人偷电动三轮车的电瓶，现场将小偷抓获并扭送至派出所。 4、被告人肖某、鲍某的供述，证实被告人肖某、鲍某于2014年2月至5月期间在望江县城附近盗窃他人电瓶车，其中被告人肖某单独盗窃8起，两被告人共同盗窃3起。 5、指认现场笔录及照片，证实2014年7月2日，被告人肖某与鲍某分别对作案现场进行了指认。 6、关于被盗三轮电动车及电瓶壹组价格鉴定结论书，证实经望江县价格认证中心鉴定，本案被盗电动三轮车及电池总价值为人民币33183元。 7、扣押清单、发还清单，证实望江县公安局刑警队依法扣押了肖某老虎钳、钥匙等作案工具以及两辆电动三轮车等物品，并将扣押的华安虎牌电动三轮车发还钱传贵，傲星牌电动三轮车发还给汪六梅。 8、刑事判决书，确认被告人鲍某曾因犯盗窃罪于2013年7月22日被本院判处罚金人民币4600元。 9、行政处罚决定书，确认被告人肖某曾因盗窃被望江县公安局处以行政拘留10日的行政处罚。 10、户籍证明，证实两被告人的出生时间及住址等情况。 11、归案经过，证实被告人肖某于2014年5月19日晚上10点多在望江县新西社区盗窃电瓶车时被人发现后现场抓获，被告人鲍某于2014年7月2日12时许在望江县新世纪网吧上网时被民警抓获归案。 以上证据，均经庭审质证予以核实，足以认定。 ","cpfxgc":"本院认为，被告人肖某、鲍某无视法律，以非法占有为目的，多次秘密窃取他人财物，其中肖某参与盗窃11起，涉案价值33183元，数额较大；被告人鲍某参与盗窃3起，涉案价值11042元，数额较大，两被告人的行为已触犯刑律，构成盗窃罪。故公诉机关指控的罪名成立，对两被告人应依法惩处。两被告人均有前科，酌定从重处罚。鉴于案发后两被告人认罪态度较好，自愿认罪，故酌定对其从轻处罚。据此，为维护社会稳定，保护公民的财产权利不受侵犯，打击犯罪，依据《中华人民共和国刑法》第二百六十四条，第二十五条第一款，第六十一条，第五十二条，第五十三条，第六十四条以及《最高人民法院最高人民检察院（关于办理盗窃刑事案件适用法律若干问题的解释）》第一条、第二条第（一）、（二）项、第十四条之规定，判决如下：","pjjg":" 一、被告人肖某犯盗窃罪，判处有期徒刑二年六个月，并处罚金人民币3万元。罚金限于判决生效后十日内缴纳。 （刑期从判决执行之日起计算。判决执行以前先行羁押的，羁押一日折抵刑期一日。即从2014年5月19日至2016年11月18日止）。 二、被告人鲍某犯盗窃罪，判处有期徒刑一年一个月，并处罚金人民币1万元。罚金限于判决生效后十日内缴纳。 （刑期从判决执行之日起计算。判决执行以前先行羁押的，羁押一日折抵刑期一日。即从2014年7月2日至2015年8月1日止）。 三、被告人肖某、鲍某继续退赔失主经济损失。 如不服本判决，可在接到判决书的第二日起十日内，通过本院或者直接向安徽省安庆市中级人民法院提出上诉。书面上诉的，应当提交上诉状正本一份，副本三份。","qw":"安徽省望江县人民法院 刑事判决书 （2014）望刑初字第00119号 公诉机关望江县人民检察院。 被告人肖某，男，1985年3月5日出生，汉族，服装厂工人。被告人肖某曾因盗窃于2013年8月18日被行政拘留10日。被告人肖某现因涉嫌犯盗窃罪，于2014年5月19日被抓获，2014年5月20日被刑事拘留，同年6月24日被逮捕。现羁押于望江县看守所。 被告人鲍某，男，1984年7月24日出生，汉族，服装裁剪工人。被告人鲍某曾因犯盗窃罪，于2013年7月22日被本院判处罚金人民币4600元。被告人鲍某现因涉嫌犯盗窃罪，于2014年7月2日被刑事拘留，同年8月8日被逮捕。现羁押于望江县看守所。 望江县人民检察院以望检刑诉（2014）109号起诉书指控被告人肖某、鲍某犯盗窃罪，于2014年9月25日向本院提起公诉。本院依法组成合议庭，公开开庭审理了本案。望江县人民检察院指派检察员陈义云、代理检察员莫雄出庭支持公诉，被告人肖某、鲍某均到庭参加诉讼，现已审理终结。 公诉机关指控：被告人肖某、鲍某于2014年2月至2014年5月，在望江县城附近多次秘密窃取他人财物，其中肖某参与盗窃11起，涉案价值33183元，数额较大；鲍某参与盗窃3起，涉案价值11042元，数额较大，两被告人的行为已触犯刑律，应当以盗窃罪追究其刑事责任。特提起公诉，请依法判处。并当庭出示了被告人的供述、证人证言等证据。 被告人肖某、鲍某对指控的事实及罪名均无异议，当庭自愿认罪。 经审理查明： 1、2014年2月13日凌晨1时许，被告人肖某、鲍某来到望江县华阳镇东洲路“尚品汤馆”门口，将华艳明停放在该处的一辆红色小沈阳牌电动三轮车盗走。经物价鉴定，被盗三轮车价值人民币2464元。 2、2014年2月20日左右的一天凌晨1点许，被告人肖某、鲍某来到望江县华阳镇大北门街前街80号，将王义联停放在该处的一辆电动三轮车盗走。经物价鉴定，被盗三轮车价值人民币5626元。 3、2014年3月1日凌晨1时许，被告人肖某、鲍某来到望江县回龙路“凤铝铝材”店门口，将徐光亚停放在该处的一辆电动三轮车盗走。经物价鉴定，被盗三轮车价值人民币2952元。 4、2014年2月24日凌晨1时许，被告人肖某来到望江县三号路“无题百货”店门口，将余正运停放在该处的一辆双枪牌电动三轮车盗走。经物价鉴定，被盗三轮车价值人民币3388元。 5、2014年4月4日21时许，被告人肖某来到望江县华阳镇物华府邸小区附近西门街80号商铺门口，将袁国军停放在该处的一辆红色帅克牌电动三轮车盗走。经物价鉴定，被盗三轮车价值人民币3780元。 6、2014年4月7日凌晨2时许，被告人肖某来到望江县华阳镇三号路“袭人花店”门口，将余小南停放在该处的一辆飞驰牌电动三轮车的电瓶盗走。经物价鉴定，被盗三轮车电瓶价值人民币2037元。 7、2014年4月16日13时许，被告人肖某来到望江县华阳镇清廉路“长青花行”旁的巷道里，将彭友根停放在该处的一辆绿色万力牌电动三轮车盗走。经物价鉴定，被盗三轮车价值人民币5626元。 8、2014年5月初的一天晚上9时许，被告人肖某来到望江县华阳镇沿河路253号“晓高糖酒”店门口，将方翠萍停放在该处的一辆红色金鹿牌电动车盗走。经物价鉴定，被盗三轮车价值人民币550元。 9、2014年5月5日晚上8时许，被告人肖某来到望江县华阳镇龙湖十字路口“喜临门移动门”店门口，将钱传贵停放在该处的一辆红色华安虎牌电动三轮车盗走。经物价鉴定，被盗三轮车价值人民币1860元。该车已被追回返还失主。 10、2014年5月8日晚9时许，被告人肖某来到望江县华阳镇沿河路93号，将王菊枝停放在该处的一辆蓝色帅克电动三轮车盗走。经物价鉴定，被盗三轮车价值人民币2900元。 11、2014年5月19日晚11时许，被告人肖某来到望江县华阳镇沿河路“华夏公司”对面，将汪六梅停放在该处的一辆傲星牌电动三轮车盗走，并将该车开到望江县华阳镇西外环路新西社区附近拆卸电池，被群众当场抓获并扭送至公安机关。经物价鉴定，被盗三轮车价值人民币2000元。该车已被追回返还失主。 上述事实，有下列证据予以证实： 1、接受刑事案件登记表，证实案件的发生。 2、失主方翠萍、王菊枝、彭友根、余正运、华艳明、袁国军、钱传贵、徐光亚、余小南、汪六梅、王义联等人的陈述，证实2014年2月至2014年5月期间，其电瓶车被盗事实。 3、证人陈某、高某的证言，证实两人于2014年5月19日晚上10点多在望江县新西社区附近发现有人偷电动三轮车的电瓶，现场将小偷抓获并扭送至派出所。 4、被告人肖某、鲍某的供述，证实被告人肖某、鲍某于2014年2月至5月期间在望江县城附近盗窃他人电瓶车，其中被告人肖某单独盗窃8起，两被告人共同盗窃3起。 5、指认现场笔录及照片，证实2014年7月2日，被告人肖某与鲍某分别对作案现场进行了指认。 6、关于被盗三轮电动车及电瓶壹组价格鉴定结论书，证实经望江县价格认证中心鉴定，本案被盗电动三轮车及电池总价值为人民币33183元。 7、扣押清单、发还清单，证实望江县公安局刑警队依法扣押了肖某老虎钳、钥匙等作案工具以及两辆电动三轮车等物品，并将扣押的华安虎牌电动三轮车发还钱传贵，傲星牌电动三轮车发还给汪六梅。 8、刑事判决书，确认被告人鲍某曾因犯盗窃罪于2013年7月22日被本院判处罚金人民币4600元。 9、行政处罚决定书，确认被告人肖某曾因盗窃被望江县公安局处以行政拘留10日的行政处罚。 10、户籍证明，证实两被告人的出生时间及住址等情况。 11、归案经过，证实被告人肖某于2014年5月19日晚上10点多在望江县新西社区盗窃电瓶车时被人发现后现场抓获，被告人鲍某于2014年7月2日12时许在望江县新世纪网吧上网时被民警抓获归案。 以上证据，均经庭审质证予以核实，足以认定。 本院认为，被告人肖某、鲍某无视法律，以非法占有为目的，多次秘密窃取他人财物，其中肖某参与盗窃11起，涉案价值33183元，数额较大；被告人鲍某参与盗窃3起，涉案价值11042元，数额较大，两被告人的行为已触犯刑律，构成盗窃罪。故公诉机关指控的罪名成立，对两被告人应依法惩处。两被告人均有前科，酌定从重处罚。鉴于案发后两被告人认罪态度较好，自愿认罪，故酌定对其从轻处罚。据此，为维护社会稳定，保护公民的财产权利不受侵犯，打击犯罪，依据《中华人民共和国刑法》第二百六十四条，第二十五条第一款，第六十一条，第五十二条，第五十三条，第六十四条以及《最高人民法院最高人民检察院（关于办理盗窃刑事案件适用法律若干问题的解释）》第一条、第二条第（一）、（二）项、第十四条之规定，判决如下： 一、被告人肖某犯盗窃罪，判处有期徒刑二年六个月，并处罚金人民币3万元。罚金限于判决生效后十日内缴纳。 （刑期从判决执行之日起计算。判决执行以前先行羁押的，羁押一日折抵刑期一日。即从2014年5月19日至2016年11月18日止）。 二、被告人鲍某犯盗窃罪，判处有期徒刑一年一个月，并处罚金人民币1万元。罚金限于判决生效后十日内缴纳。 （刑期从判决执行之日起计算。判决执行以前先行羁押的，羁押一日折抵刑期一日。即从2014年7月2日至2015年8月1日止）。 三、被告人肖某、鲍某继续退赔失主经济损失。 如不服本判决，可在接到判决书的第二日起十日内，通过本院或者直接向安徽省安庆市中级人民法院提出上诉。书面上诉的，应当提交上诉状正本一份，副本三份。 审判长光肖斌 审判员宿华 人民陪审员沈古元 二〇一四年十二月五日 书记员储星星 附相关法条： 《中华人民共和国刑法》 第二百六十四条盗窃公私财物，数额较大的，或者多次盗窃、入户盗窃、携带凶器盗窃、扒窃的，处三年以下有期徒刑、拘役或者管制，并处或者单处罚金；数额巨大或者有其他严重情节的，处三年以上十年以下有期徒刑，并处罚金；数额特别巨大或者有其他特别严重情节的，处十年以上有期徒刑或者无期徒刑，并处罚金或者没收财产。 第六十一条对于犯罪分子决定刑罚的时候，应当根据犯罪的事实、犯罪的性质、情节和对于社会的危害程度，依照本法的有关规定判处。 第五十二条判处罚金，应当根据犯罪情节决定罚金数额。 第五十三条罚金在判决指定的期限内一次或者分期缴纳。期满不缴纳的，强制缴纳。对于不能全部缴纳罚金的，人民法院在任何时候发现被执行人有可以执行的财产，应当随时追缴。如果由于遭遇不能抗拒的灾祸缴纳确实有困难的，可以酌情减少或者免除。 第二十五条共同犯罪是指二人以上共同故意犯罪。 二人以上共同过失犯罪，不以共同犯罪论处；应当负刑事责任的，按照他们所犯的罪分别处罚。 第六十四条犯罪分子违法所得的一切财物，应当予以追缴或者责令退赔；对被害人的合法财产，应当及时返还；违禁品和供犯罪所用的本人财物，应当予以没收。没收的财物和罚金，一律上缴国库，不得挪用和自行处理。 《最高人民法院最高人民检察院关于办理盗窃刑事案件适用法律若干问题的解释）》第一条盗窃公私财物价值一千元至三千元以上、三万元至十万元以上、三十万元至五十万元以上的，应当分别认定为刑法第二百六十四条规定的“数额较大”、“数额巨大”、“数额特别巨大”。 各省、自治区、直辖市高级人民法院、人民检察院可以根据本地区经济发展状况，并考虑社会治安状况，在前款规定的数额幅度内，确定本地区执行的具体数额标准，报最高人民法院、最高人民检察院批准。 在跨地区运行的公共交通工具上盗窃，盗窃地点无法查证的，盗窃数额是否达到“数额较大”、“数额巨大”、“数额特别巨大”，应当根据受理案件所在地省、自治区、直辖市高级人民法院、人民检察院确定的有关数额标准认定。 盗窃毒品等违禁品，应当按照盗窃罪处理的，根据情节轻重量刑。 第二条盗窃公私财物，具有下列情形之一的，“数额较大”的标准可以按照前条规定标准的百分之五十确定： （一）曾因盗窃受过刑事处罚的； （二）一年内曾因盗窃受过行政处罚的； （三）组织、控制未成年人盗窃的；（四）自然灾害、事故灾害、社会安全事件等突发事件期间，在事件发生地盗窃的； （五）盗窃残疾人、孤寡老人、丧失劳动能力人的财物的； （六）在医院盗窃病人或者其亲友财物的； （七）盗窃救灾、抢险、防汛、优抚、扶贫、移民、救济款物的； （八）因盗窃造成严重后果的。 第十四条因犯盗窃罪，依法判处罚金刑的，应当在一千元以上盗窃数额的二倍以下判处罚金；没有盗窃数额或者盗窃数额无法计算的，应当在一千元以上十万元以下判处罚金。","writId":"044aa83fdff6f3cbcb7d0ce18f13ad38c7f","writName":"肖某、鲍某盗窃罪一审刑事判决书"}
