{"ajId":"8f790199-ddbf-4f82-9acc-587877a7b379","ajName":"柴国全走私、贩卖、运输、制造毒品一案","ajjbqk":" 公诉机关指控：2017年8月15日，被告人柴国全经事先与购毒人员张某联系，在本市上城区江城路上城交警大队旁弄堂内，以1650元的价格卖给张某3克毒品海洛因。 同年8月17日，被告人柴国全在本市上城区直箭道巷5幢2单元202室被公安机关抓获。民警当场查获毒品海洛因6包，经称量共计净重4.82克。上述毒品已经上缴杭州市公安局禁毒支队。 上述事实，被告人柴国全在开庭审理过程中亦无异议，且有证人张某、马某、胡某的证言、涉案毒品及手机照片、受案登记表、扣押清单、毒品上交清单、收缴物品清单、刑事判决书、刑满释放证明书、情况说明、现场检测报告书、行政处罚决定书、强制隔离戒毒决定书、归案经过、户籍证明、毒品检验报告、辨认笔录、搜查笔录及视频、称量取样笔录及视频等证据证实，足以认定。 ","cpfxgc":"本院认为，被告人柴国全明知是毒品海洛因而予以贩卖，其行为已构成贩卖毒品罪。公诉机关指控的罪名成立。被告人柴国全曾因犯非法持有毒品罪被判刑，现又犯贩卖毒品罪，系毒品再犯，依法从重处罚。被告人归案后如实供述自己的犯罪事实，可对其从轻处罚。据此，依照《中华人民共和国刑法》第三百四十七条第一款、第四款、第三百五十六条、第六十七条第三款，第五十二条、第五十三条、第六十四条的规定，判决如下：","pjjg":" 一、被告人柴国全犯贩卖毒品罪，判处有期徒刑二年二个月，并处罚金人民币3000元。 （刑期从判决执行之日起计算。罚金限判决生效之日起十日内缴纳。即自2017年8月18日起至2019年10月17日止。罚金限判决生效之日起十日内缴纳。） 二、扣押在案的作案工具蓝色诺基亚手机一部、赃款人民币1650元予以没收。 如不服本判决，可在接到判决书的第二日起十日内，通过本院或者直接向杭州市中级人民法院提出上诉。书面上诉的，应交上诉状正本一份，副本二份。","qw":"杭州市上城区人民法院 刑事判决书 （2018）浙0102刑初128号 公诉机关杭州市上城区人民检察院。 被告人柴国全，男，1964年2月1日出生于浙江省杭州市，汉族，初中文化程度，无业，户籍地浙江省杭州市上城区。1982年7月因犯奸淫幼女罪被杭州市江干区人民法院判处有期徒刑四年六个月；2006年6月因犯非法持有毒品罪被杭州市上城区人民法院判处有期徒刑一年六个月。2007年10月因吸毒被杭州市公安局西湖区分局决定强制戒毒六个月。2017年8月18日因吸毒被杭州市公安局上城区分局处以行政拘留十五日并决定强制隔离戒毒二年。2017年8月18日因涉嫌犯贩卖毒品罪被杭州市公安局上城区分局刑事拘留，同年9月22日被逮捕。现羁押于杭州市上城区看守所。 杭州市上城区人民检察院以上检公诉刑诉（2018）124号起诉书指控被告人柴国全犯贩卖毒品罪，于2018年3月15日向本院提起公诉。本院依法适用简易程序，实行独任审判，公开开庭审理了本案。杭州市上城区人民检察院检察员陈月影、代理检察员石珏，被告人柴国全到庭参加了诉讼。现已审理终结。 公诉机关指控：2017年8月15日，被告人柴国全经事先与购毒人员张某联系，在本市上城区江城路上城交警大队旁弄堂内，以1650元的价格卖给张某3克毒品海洛因。 同年8月17日，被告人柴国全在本市上城区直箭道巷5幢2单元202室被公安机关抓获。民警当场查获毒品海洛因6包，经称量共计净重4.82克。上述毒品已经上缴杭州市公安局禁毒支队。 上述事实，被告人柴国全在开庭审理过程中亦无异议，且有证人张某、马某、胡某的证言、涉案毒品及手机照片、受案登记表、扣押清单、毒品上交清单、收缴物品清单、刑事判决书、刑满释放证明书、情况说明、现场检测报告书、行政处罚决定书、强制隔离戒毒决定书、归案经过、户籍证明、毒品检验报告、辨认笔录、搜查笔录及视频、称量取样笔录及视频等证据证实，足以认定。 本院认为，被告人柴国全明知是毒品海洛因而予以贩卖，其行为已构成贩卖毒品罪。公诉机关指控的罪名成立。被告人柴国全曾因犯非法持有毒品罪被判刑，现又犯贩卖毒品罪，系毒品再犯，依法从重处罚。被告人归案后如实供述自己的犯罪事实，可对其从轻处罚。据此，依照《中华人民共和国刑法》第三百四十七条第一款、第四款、第三百五十六条、第六十七条第三款，第五十二条、第五十三条、第六十四条的规定，判决如下： 一、被告人柴国全犯贩卖毒品罪，判处有期徒刑二年二个月，并处罚金人民币3000元。 （刑期从判决执行之日起计算。罚金限判决生效之日起十日内缴纳。即自2017年8月18日起至2019年10月17日止。罚金限判决生效之日起十日内缴纳。） 二、扣押在案的作案工具蓝色诺基亚手机一部、赃款人民币1650元予以没收。 如不服本判决，可在接到判决书的第二日起十日内，通过本院或者直接向杭州市中级人民法院提出上诉。书面上诉的，应交上诉状正本一份，副本二份。 审判员李小丹 二〇一八年三月二十二日 书记员陈晓","writId":"026e3ade2eaca725558e943bc5f064ecf50","writName":"柴国全走私、贩卖、运输、制造毒品一审刑事判决书"}
