{"ajId":"1c5cc44b-21a3-4701-9617-d339616280d6","ajName":"杨某故意伤害一案","ajjbqk":" 苏州市虎丘区人民检察院指控：2017年9月29日晚，被告人杨某在本市虎丘区浒墅关镇天津路桥有限公司宿舍楼一楼因琐事对被害人戴某某心生不满，遂持水果刀至过道处捅刺戴某某，致戴某某全身多处受伤。经鉴定，戴某某人体损伤程度已构成人体重伤二级。公诉机关认为，被告人杨某的行为已构成故意伤害罪；鉴于其系自首，可以从轻处罚。为证实上述指控的事实及公诉意见，公诉人当庭讯问了被告人杨某，并宣读和出示了相关的证据材料。 被告人杨某对被指控的犯罪事实不持异议。 经审理查明：2017年9月29日晚，被告人杨某在苏州市虎丘区浒墅关镇天津路桥有限公司宿舍楼一楼因琐事对被害人戴某某心生不满，遂持水果刀至过道处捅刺戴某某，致戴某某全身多处受伤。经鉴定，戴某某人体损伤一处已构成人体重伤二级，二处构成人体轻伤二级。 被告人杨某明知他人报警而等候警察调查处理，归案后如实供述犯罪事实。 案发后，公安机关扣押了作案工具刀1把。 上述事实，被告人杨某在开庭审理过程中亦无异议，且有其辨认笔录、被害人戴某某的陈述、辨认笔录，证人索某某、魏某某等人的证言、辨认笔录，公安机关出具的抓获经过、发破案经过，现场勘验检查工作记录，法医学人体损伤程度鉴定书，病历资料，扣押清单及照片，被告人杨某的身份证明等证据证实，足以认定。 ","cpfxgc":"本院认为，被告人杨某故意伤害他人身体，致一人一处重伤二级，二处轻伤二级，其行为已构成故意伤害罪，依法应处三年以上十年以下有期徒刑。被告人杨某自动投案并如实供述自己的罪行，系自首，可以减轻处罚。公诉机关的指控成立，本院予以支持。据此，本院为保护公民人身权利不受侵犯，惩治犯罪，依照《中华人民共和国刑法》第二百三十四条第一款、第二款、第六十七条第一款、第六十四之规定，判决如下：","pjjg":" 一、被告人杨某犯故意伤害罪，判处有期徒刑二年十一个月。 （刑期自判决执行之日起计算。判决执行以前先行羁押的，羁押一日折抵刑期一日，即自2017年9月29日起至2020年8月28日止）。二、公安机关扣押的作案工具刀一把，予以没收。 如不服本判决，可在接到判决书的第二日起十日内，通过本院或者直接向江苏省苏州市中级人民法院提出上诉。书面上诉的，应当提交上诉状正本一份，副本二份。","qw":"苏州市虎丘区人民法院 刑事判决书 （2018）苏0505刑初198号 公诉机关苏州市虎丘区人民检察院。 被告人杨某，男，，汉族，高中文化，系天津市路桥有限公司员工。2017年9月30日因涉嫌犯故意伤害罪被刑事拘留（9月29日被羁押），同年10月12日被逮捕。现羁押于苏州市第一看守所。 苏州市虎丘区人民检察院以虎检诉刑诉（2018）203号起诉书指控被告人杨某犯故意伤害罪，于2018年4月28日向本院提起公诉。本院于同日立案并依法适用简易程序，实行独任审判，公开开庭审理了本案。苏州市虎丘区人民检察院指派检察员朱雪平出庭支持公诉。被告人杨某到庭参加诉讼。现已审理终结。 苏州市虎丘区人民检察院指控：2017年9月29日晚，被告人杨某在本市虎丘区浒墅关镇天津路桥有限公司宿舍楼一楼因琐事对被害人戴某某心生不满，遂持水果刀至过道处捅刺戴某某，致戴某某全身多处受伤。经鉴定，戴某某人体损伤程度已构成人体重伤二级。公诉机关认为，被告人杨某的行为已构成故意伤害罪；鉴于其系自首，可以从轻处罚。为证实上述指控的事实及公诉意见，公诉人当庭讯问了被告人杨某，并宣读和出示了相关的证据材料。 被告人杨某对被指控的犯罪事实不持异议。 经审理查明：2017年9月29日晚，被告人杨某在苏州市虎丘区浒墅关镇天津路桥有限公司宿舍楼一楼因琐事对被害人戴某某心生不满，遂持水果刀至过道处捅刺戴某某，致戴某某全身多处受伤。经鉴定，戴某某人体损伤一处已构成人体重伤二级，二处构成人体轻伤二级。 被告人杨某明知他人报警而等候警察调查处理，归案后如实供述犯罪事实。 案发后，公安机关扣押了作案工具刀1把。 上述事实，被告人杨某在开庭审理过程中亦无异议，且有其辨认笔录、被害人戴某某的陈述、辨认笔录，证人索某某、魏某某等人的证言、辨认笔录，公安机关出具的抓获经过、发破案经过，现场勘验检查工作记录，法医学人体损伤程度鉴定书，病历资料，扣押清单及照片，被告人杨某的身份证明等证据证实，足以认定。 本院认为，被告人杨某故意伤害他人身体，致一人一处重伤二级，二处轻伤二级，其行为已构成故意伤害罪，依法应处三年以上十年以下有期徒刑。被告人杨某自动投案并如实供述自己的罪行，系自首，可以减轻处罚。公诉机关的指控成立，本院予以支持。据此，本院为保护公民人身权利不受侵犯，惩治犯罪，依照《中华人民共和国刑法》第二百三十四条第一款、第二款、第六十七条第一款、第六十四之规定，判决如下： 一、被告人杨某犯故意伤害罪，判处有期徒刑二年十一个月。 （刑期自判决执行之日起计算。判决执行以前先行羁押的，羁押一日折抵刑期一日，即自2017年9月29日起至2020年8月28日止）。二、公安机关扣押的作案工具刀一把，予以没收。 如不服本判决，可在接到判决书的第二日起十日内，通过本院或者直接向江苏省苏州市中级人民法院提出上诉。书面上诉的，应当提交上诉状正本一份，副本二份。 审判员许修尧 二〇一八年五月八日 书记员袁艳","writId":"0477e80d37ae7353a98faa1a9b673cdd381","writName":"杨某故意伤害一审刑事判决书"}
