{"ajId":"8c7207d4-7c0b-4145-b8e6-b91ae59ee4c4","ajName":"王罚交通肇事罪一案","ajjbqk":" 汕头市潮阳区人民检察院指控，2015年3月27日3时左右，被告人王某甲驾驶粤D×××××号牌出租车从潮阳城区往汕头市区方向行驶，途经324线潮阳区棉北街道红旗岭路段时，与被害人郑某乙发生碰撞，致其受伤后送医院抢救无效死亡。后被告人王某甲当日上午9时许到公安机关投案自首。经交警部门认定，被告人王某甲承担事故的全部责任；经法医检验，被害人郑某乙符合交通事故致重型胸部损伤死亡。 公诉机关针对上述指控的犯罪事实，当庭宣读出示了证人江某、刘某、王某乙、陈某、王某丙、郑某甲的证言，受案登记表、抓获经过，扣押、发还清单，道路交通事故现场勘查笔录、道路交通事故现场图、道路交通事故照片，机动车行驶证、驾驶证，病历，法医学尸体检验报告书、车辆检验鉴定书、理化检验报告，交通事故认定书，龙井居委的“证明”，协议书、调解书、谅解书和经济赔偿凭证，刑事判决书和释放证明，常住人口信息及被告人王某甲的供述等证据材料。 公诉机关认为，被告人王某甲交通肇事致一人死亡且肇事后逃逸，已触犯《中华人民共和国刑法》第一百三十三条的规定，构成交通肇事罪。提请本院依法判处，并建议判处二年至二年六个月有期徒刑。 被告人王某甲对被指控的事实作了供述，辩解当时没有逃避法律追究的故意，当时还打电话给朋友去现场确认一下，后听朋友说是人倒在地上就报警并到交警大队投案自首，当庭自愿认罪。 辩护人提出被告人没有肇事逃逸的故意，发生事故时车上乘客也没有感觉异常，被告人还打电话给朋友帮助了解情况，在得知发生事故后主动及时到交警部门投案，被告人有自首情节且已赔偿了被害人亲属，取得了被害人亲属的谅解，请求法庭给予适用缓刑。 经审理查明，2015年3月27日凌晨3时左右，被告人王某甲驾驶粤D×××××号牌出租车从潮阳城区往汕头市区方向行驶，途经324线潮阳区棉北街道红旗岭路段时，与被害人郑某乙发生碰撞，致其受伤后送医院抢救无效死亡。被告人在事故发生后驾车离开现场。后被告人王某甲于当日上午9时许到公安机关投案自首。经交警部门认定，被告人王某甲驾车发生碰撞后，未能停车察看、抢救伤者、保护现场和及时报警，而是驾车离开事故现场，应承担事故的全部责任；经法医检验，被害人郑某乙符合交通事故致重型胸部损伤死亡。2015年3月31日，被告人王某甲一方与被害人郑某乙亲属就赔偿问题达成调解协议，被害人亲属对被告人王某甲表示谅解。 上述事实，有检察机关提交的以下证据证实： 1、证人江某的证言：2015年3月27日3时左右，我在潮阳汽车站附近乘坐了一辆出租车去汕头，我坐在副驾驶座上，行驶到潮阳区东山路口处时又上了一名乘客，因时间已是凌晨我就睡着了，一路上我和司机都没有交谈，醒来时已到达汕头下蓬市场了，之间发生过什么事我就不清楚了，没有感觉到异常。 2、证人刘某的证言：2015年3月27日3时30分左右，我驾驶粤D×××××号出租车在潮阳金叶红灯路口等客，我接到王某甲的电话说：刚才他驾驶出租车在324国道棉北街道红旗岭路段撞到东西，但不知道是什么，让我过去看一下，于是我就驾驶粤D×××××号出租车到达事故现场，缓缓的经过，我看到警车在现场，民警也在现场，且道路超车道与主车道的白色虚线附近倒着一个人，没有动弹，于是我就打电话给王某甲说他当时撞到的东西是一个人，随后我就将车行驶到汕头东厦路的洗车场，王某甲已经在洗车场将车洗好了，准备交给下一班。我就驾车和王某甲一起到王某乙楼下，王某乙下来后，王某甲就打电话报警了，我就开车回家了。 3、证人王某乙的证言：王某甲是我雇佣驾驶我的粤D×××××号出租车的夜班司机，于2015年3月27日4时3分左右，我就接到王某甲打给我电话说，有事找我当面谈，于是过了几分钟，王某甲就到我住的地方找我跟我说他3时多，驾驶粤D×××××号牌出租车在潮阳区红旗岭接近老爷庙的地方撞到路面上一行人，当时没有停车，现不知该行人怎样，我听后马上打电话给我叔王圣会，王圣会就叫我马上报案，王某甲于2015年3月27日5时02分就向110报案，接着很快潮阳交警同志就与王某甲联系，且通知他马上将车及人到潮阳交警大队接受调查。后来我们怕交警未能上报就于早上9时多到交警接受调查。 4、证人陈某的证言：我与王某甲是同事关系，我们事故双方意见达成一致协议，且赔偿款已付清，鉴于王某甲是外来务工人员，且是家中的主要经济来源，我自愿作为王某甲的取保候审保证人。 5、证人王某丙的证言：我与王某甲是夫妻关系，2015年3月27日6时左右，我接到王某甲电话说。他出事了，现在忙，就挂断了电话。于是我就打电话给老乡张雷，了解到王某甲驾车撞到人了，29日早上9点才从安徽灵璧县来处理事故的相关事宜。 6、证人郑某甲的证言：2015年3月27日4时30分左右，我大嫂接到居委会的电话说我叔郑某乙在红旗岭出事被送到汕头市第三人民医院，6时许，我才接到大嫂的电话，我连忙搭车到医院，看到我叔郑某乙正在输液输氧，且医生跟我说我叔身体各项标准已超标，已经无法抢救，让我准备后事。我叔郑某乙父母已故，终身未婚，膝下无儿无女。我们已经与肇事方在经济赔偿上达成协议，我方也已收到全部赔偿款261000元，我方自愿放弃追究王某甲的刑事责任。 7、受案登记表、受理道路交通事故案件登记表和抓获经过，证明2015年3月27日3时8分，陈先生报案称现他看到潮阳往汕头国道红旗岭附近有人躺在路中间的情况。5时02分接王先生向110报称，刚才3点，他驾驶一辆出租车在红旗岭路段怀疑撞到一行人。当日9时多，被告人王某甲和车主王某乙驾驶粤D×××××出租车到交警大队接受调查。 8、扣押、发还清单，证明公安机关扣押到被告人王某甲粤D×××××号牌小轿车、行驶证、驾驶证，并将行驶证和该小轿车发还王某甲的情况。 9、机动车行驶证和驾驶证，证明粤D×××××小型轿车的所有人是汕头兴达公路运输公司等登记情况和被告人王某甲有A2准驾车型的驾驶资格情况。 10、道路交通事故现场勘验笔录、道路交通事故现场图、道路交通事故照片，证明公安机关于2015年3月27日3时56分至4时18分到潮阳区324国道棉北街道红旗岭路段的案发现场进行勘验检查的情况，现场为发现血迹、遗留有一片车辆脱落的轮胎内挡泥板碎片，伤者已被120接走。同时对肇事现场和肇事车辆等进行了拍照。 11、病历，证实被害人郑某乙于2015年3月27日4时30分到医院治疗的情况。 12、法医学尸体检验报告书，证明被检人郑某乙符合交通事故致重型胸部损伤死亡。 13、车辆检验鉴定书，证明粤D×××××号出租车左侧见明显的碰撞痕迹，送检的现场遗留物系粤D×××××出租车左前车轮挡泥板分离物。 14、理化检验报告，证明经对被告人王某甲血液进行检验，血液中未检出乙醇成分。 15、道路交通事故认定书，证明被告人王某甲夜间驾车上路行驶，对路面的动态估计不足，且遇有情况时未能及时发现且采取有效措施，确保安全、通畅的原则下通行，发生碰撞后，未能停车察看、抢救伤者、保护现场和及时报警，而是驾车离开事故现场后向110报警，造成事故现场变动、相关证据灭失，是造成此事故发生的原因，应承担事故的全部责任；被害人郑某乙在事故中无责任。 16、龙井居委的“证明”，证明该居委居民郑某乙，男，1942年8月22日出生，于2015年3月27日在红旗岭因交通事故死亡，该老人膝下无子女，父母、兄弟姐妹都已故，系居委低保户，该事故全权委托其侄儿郑某甲处理善后赔偿工作。 17、协议书、调解书、谅解书和经济赔偿凭证，证明2015年3月31日，被告人王某甲一方与被害人亲属就赔偿问题达成调解协议，由被告人王某甲一次性赔偿被害人郑某乙亲属抢救费用、死亡赔偿金等共计261000元，被害人郑某乙亲属对被告人王某甲表示谅解并请求政法部门不要追求其刑事责任。 18、汕头市龙湖区人民法院（2006）龙刑初字第115号刑事判决书和释放证明，证明被告人王某甲于2006年4月6日因犯故意伤害罪被判处拘役五个月，2006年5月19日刑满释放。 19、常住人口基本信息，证明被告人王某甲，男，1980年8月3日出生，汉族，居民身份证号码为××。 20、被告人王某甲的供述：2015年3月27日3时左右，我驾驶粤D×××××小型轿车在潮阳东山路口载了两名乘客往汕头，途经324国道潮阳区棉北街道红旗岭路段时，我车行驶在道路中间的车道上，突然看到前方左侧超车道接近主车道交界白色虚线位置有一个黑色物体，我看到后刹车向右打方向，我的车左侧车头保险碰刮到这个黑色物体，我没有看清是什么物体，也就没有停车，路上我看问车上的乘客，乘客也不清楚，于是我就将车开往汕头，路上我觉得不太对劲，担心会不会撞到一个人，于是我就打电话给朋友刘某叫他帮我看一下，刘某就从潮阳金叶驾车过去看，刘某到达现场时看到有警察，于是打电话给我说可能撞到人了，我将车上的乘客载到目的地后，就驾车到车主王某乙住的地方，通知王某乙跟我面谈，我将情况跟他说了，王某乙听完后就打电话给他叔王圣会，之后王某乙就叫我打电话报警，于2015年3月27日5时02分我就打电话报了警说我驾车在324线潮阳区棉北红旗岭路段怀疑撞到了一行人，办案民警很快就跟我联系了，让我将车行驶到潮阳交警大队接受调查，6时许我到达交警大队见太早，就没跟办案民警联系，就回去了，8时许我就再次到事故现场且再次报警，9时许民警就通知我，我就说在事故现场等着，后我就驾车到交警大队接受调查，在交警大队了解到我车当时撞到了人且已死亡，同时现场的车辆碎片系我车辆所有。 上述证据，均经当庭举证、质证，且能够相互印证，本院予以确认，作为定案的依据。 ","cpfxgc":"本院认为，被告人王某甲违反交通运输管理法规，驾驶机动车上路行驶，发生交通事故致一人死亡，发生碰撞后，未能停车察看、抢救伤者、保护现场和及时报警，而是驾车离开事故现场，应承担事故的全部责任，属肇事后逃逸，其行为危害交通运输安全，已构成交通肇事罪。公诉机关指控被告人王某甲犯交通肇事罪的事实清楚，证据确实、充分，指控的罪名成立。公诉机关的量刑建议偏轻，本院不予采纳。被告人王某甲及其辩护人辩解其没有逃逸的故意以及适用缓刑的意见不能成立。理由是事故系正面碰撞，被告人王某甲在碰撞后没有下车察看并报警和救护伤者，而是离开现场，主观上有逃避法律追究的故意，对其行为造成的后果，不适宜对其宣告缓刑。被告人及其辩护人提出给予从轻处罚的意见可予采纳。鉴于被告人有自首情节和赔偿被害人亲属并得到其谅解的情节，对被告人王某甲可予以从轻处罚。依照《中华人民共和国刑法》第一百三十三条和第六十七条第一款的规定，判决如下：","pjjg":" 被告人王某甲犯交通肇事罪，判处有期徒刑三年。 （刑期从判决执行之日起计算。判决执行以前先行羁押的，羁押一日折抵刑期一日，即自2016年1月27日起至2019年1月21日止。） 如不服本判决，可在接到判决书的第二日起十日内，通过本院或者直接向广东省汕头市中级人民法院提出上诉。书面上诉的，应当提交上诉状正本一份，副本二份。","qw":"汕头市潮阳区人民法院 刑事判决书 （2015）汕阳法刑一初字第244号 公诉机关汕头市潮阳区人民检察院。 被告人王某甲，男，1980年8月3日出生，汉族，初中文化，司机。户籍地为安徽省宿州市。因犯故意伤害罪于2006年4月6日被汕头市龙湖区人民法院判处拘役五个月，同年5月19日刑满释放。因涉嫌犯交通肇事罪于2015年3月27日被刑事拘留，同年3月31日被取保候审，2016年1月27日被逮捕，现羁押于汕头市潮阳区看守所。 辩护人王锦有，系广东振华威律师事务所律师。 汕头市潮阳区人民检察院以潮阳检诉刑诉［2015］567号起诉书指控被告人王某甲犯交通肇事罪，于2015年11月30日向本院提起公诉。本院依法组成合议庭，公开开庭审理了本案。汕头市潮阳区人民检察院指派代理检察员林东霞出庭支持公诉，被告人王某甲及其辩护人王锦有到庭参加诉讼。现已审理终结。 汕头市潮阳区人民检察院指控，2015年3月27日3时左右，被告人王某甲驾驶粤D×××××号牌出租车从潮阳城区往汕头市区方向行驶，途经324线潮阳区棉北街道红旗岭路段时，与被害人郑某乙发生碰撞，致其受伤后送医院抢救无效死亡。后被告人王某甲当日上午9时许到公安机关投案自首。经交警部门认定，被告人王某甲承担事故的全部责任；经法医检验，被害人郑某乙符合交通事故致重型胸部损伤死亡。 公诉机关针对上述指控的犯罪事实，当庭宣读出示了证人江某、刘某、王某乙、陈某、王某丙、郑某甲的证言，受案登记表、抓获经过，扣押、发还清单，道路交通事故现场勘查笔录、道路交通事故现场图、道路交通事故照片，机动车行驶证、驾驶证，病历，法医学尸体检验报告书、车辆检验鉴定书、理化检验报告，交通事故认定书，龙井居委的“证明”，协议书、调解书、谅解书和经济赔偿凭证，刑事判决书和释放证明，常住人口信息及被告人王某甲的供述等证据材料。 公诉机关认为，被告人王某甲交通肇事致一人死亡且肇事后逃逸，已触犯《中华人民共和国刑法》第一百三十三条的规定，构成交通肇事罪。提请本院依法判处，并建议判处二年至二年六个月有期徒刑。 被告人王某甲对被指控的事实作了供述，辩解当时没有逃避法律追究的故意，当时还打电话给朋友去现场确认一下，后听朋友说是人倒在地上就报警并到交警大队投案自首，当庭自愿认罪。 辩护人提出被告人没有肇事逃逸的故意，发生事故时车上乘客也没有感觉异常，被告人还打电话给朋友帮助了解情况，在得知发生事故后主动及时到交警部门投案，被告人有自首情节且已赔偿了被害人亲属，取得了被害人亲属的谅解，请求法庭给予适用缓刑。 经审理查明，2015年3月27日凌晨3时左右，被告人王某甲驾驶粤D×××××号牌出租车从潮阳城区往汕头市区方向行驶，途经324线潮阳区棉北街道红旗岭路段时，与被害人郑某乙发生碰撞，致其受伤后送医院抢救无效死亡。被告人在事故发生后驾车离开现场。后被告人王某甲于当日上午9时许到公安机关投案自首。经交警部门认定，被告人王某甲驾车发生碰撞后，未能停车察看、抢救伤者、保护现场和及时报警，而是驾车离开事故现场，应承担事故的全部责任；经法医检验，被害人郑某乙符合交通事故致重型胸部损伤死亡。2015年3月31日，被告人王某甲一方与被害人郑某乙亲属就赔偿问题达成调解协议，被害人亲属对被告人王某甲表示谅解。 上述事实，有检察机关提交的以下证据证实： 1、证人江某的证言：2015年3月27日3时左右，我在潮阳汽车站附近乘坐了一辆出租车去汕头，我坐在副驾驶座上，行驶到潮阳区东山路口处时又上了一名乘客，因时间已是凌晨我就睡着了，一路上我和司机都没有交谈，醒来时已到达汕头下蓬市场了，之间发生过什么事我就不清楚了，没有感觉到异常。 2、证人刘某的证言：2015年3月27日3时30分左右，我驾驶粤D×××××号出租车在潮阳金叶红灯路口等客，我接到王某甲的电话说：刚才他驾驶出租车在324国道棉北街道红旗岭路段撞到东西，但不知道是什么，让我过去看一下，于是我就驾驶粤D×××××号出租车到达事故现场，缓缓的经过，我看到警车在现场，民警也在现场，且道路超车道与主车道的白色虚线附近倒着一个人，没有动弹，于是我就打电话给王某甲说他当时撞到的东西是一个人，随后我就将车行驶到汕头东厦路的洗车场，王某甲已经在洗车场将车洗好了，准备交给下一班。我就驾车和王某甲一起到王某乙楼下，王某乙下来后，王某甲就打电话报警了，我就开车回家了。 3、证人王某乙的证言：王某甲是我雇佣驾驶我的粤D×××××号出租车的夜班司机，于2015年3月27日4时3分左右，我就接到王某甲打给我电话说，有事找我当面谈，于是过了几分钟，王某甲就到我住的地方找我跟我说他3时多，驾驶粤D×××××号牌出租车在潮阳区红旗岭接近老爷庙的地方撞到路面上一行人，当时没有停车，现不知该行人怎样，我听后马上打电话给我叔王圣会，王圣会就叫我马上报案，王某甲于2015年3月27日5时02分就向110报案，接着很快潮阳交警同志就与王某甲联系，且通知他马上将车及人到潮阳交警大队接受调查。后来我们怕交警未能上报就于早上9时多到交警接受调查。 4、证人陈某的证言：我与王某甲是同事关系，我们事故双方意见达成一致协议，且赔偿款已付清，鉴于王某甲是外来务工人员，且是家中的主要经济来源，我自愿作为王某甲的取保候审保证人。 5、证人王某丙的证言：我与王某甲是夫妻关系，2015年3月27日6时左右，我接到王某甲电话说。他出事了，现在忙，就挂断了电话。于是我就打电话给老乡张雷，了解到王某甲驾车撞到人了，29日早上9点才从安徽灵璧县来处理事故的相关事宜。 6、证人郑某甲的证言：2015年3月27日4时30分左右，我大嫂接到居委会的电话说我叔郑某乙在红旗岭出事被送到汕头市第三人民医院，6时许，我才接到大嫂的电话，我连忙搭车到医院，看到我叔郑某乙正在输液输氧，且医生跟我说我叔身体各项标准已超标，已经无法抢救，让我准备后事。我叔郑某乙父母已故，终身未婚，膝下无儿无女。我们已经与肇事方在经济赔偿上达成协议，我方也已收到全部赔偿款261000元，我方自愿放弃追究王某甲的刑事责任。 7、受案登记表、受理道路交通事故案件登记表和抓获经过，证明2015年3月27日3时8分，陈先生报案称现他看到潮阳往汕头国道红旗岭附近有人躺在路中间的情况。5时02分接王先生向110报称，刚才3点，他驾驶一辆出租车在红旗岭路段怀疑撞到一行人。当日9时多，被告人王某甲和车主王某乙驾驶粤D×××××出租车到交警大队接受调查。 8、扣押、发还清单，证明公安机关扣押到被告人王某甲粤D×××××号牌小轿车、行驶证、驾驶证，并将行驶证和该小轿车发还王某甲的情况。 9、机动车行驶证和驾驶证，证明粤D×××××小型轿车的所有人是汕头兴达公路运输公司等登记情况和被告人王某甲有A2准驾车型的驾驶资格情况。 10、道路交通事故现场勘验笔录、道路交通事故现场图、道路交通事故照片，证明公安机关于2015年3月27日3时56分至4时18分到潮阳区324国道棉北街道红旗岭路段的案发现场进行勘验检查的情况，现场为发现血迹、遗留有一片车辆脱落的轮胎内挡泥板碎片，伤者已被120接走。同时对肇事现场和肇事车辆等进行了拍照。 11、病历，证实被害人郑某乙于2015年3月27日4时30分到医院治疗的情况。 12、法医学尸体检验报告书，证明被检人郑某乙符合交通事故致重型胸部损伤死亡。 13、车辆检验鉴定书，证明粤D×××××号出租车左侧见明显的碰撞痕迹，送检的现场遗留物系粤D×××××出租车左前车轮挡泥板分离物。 14、理化检验报告，证明经对被告人王某甲血液进行检验，血液中未检出乙醇成分。 15、道路交通事故认定书，证明被告人王某甲夜间驾车上路行驶，对路面的动态估计不足，且遇有情况时未能及时发现且采取有效措施，确保安全、通畅的原则下通行，发生碰撞后，未能停车察看、抢救伤者、保护现场和及时报警，而是驾车离开事故现场后向110报警，造成事故现场变动、相关证据灭失，是造成此事故发生的原因，应承担事故的全部责任；被害人郑某乙在事故中无责任。 16、龙井居委的“证明”，证明该居委居民郑某乙，男，1942年8月22日出生，于2015年3月27日在红旗岭因交通事故死亡，该老人膝下无子女，父母、兄弟姐妹都已故，系居委低保户，该事故全权委托其侄儿郑某甲处理善后赔偿工作。 17、协议书、调解书、谅解书和经济赔偿凭证，证明2015年3月31日，被告人王某甲一方与被害人亲属就赔偿问题达成调解协议，由被告人王某甲一次性赔偿被害人郑某乙亲属抢救费用、死亡赔偿金等共计261000元，被害人郑某乙亲属对被告人王某甲表示谅解并请求政法部门不要追求其刑事责任。 18、汕头市龙湖区人民法院（2006）龙刑初字第115号刑事判决书和释放证明，证明被告人王某甲于2006年4月6日因犯故意伤害罪被判处拘役五个月，2006年5月19日刑满释放。 19、常住人口基本信息，证明被告人王某甲，男，1980年8月3日出生，汉族，居民身份证号码为××。 20、被告人王某甲的供述：2015年3月27日3时左右，我驾驶粤D×××××小型轿车在潮阳东山路口载了两名乘客往汕头，途经324国道潮阳区棉北街道红旗岭路段时，我车行驶在道路中间的车道上，突然看到前方左侧超车道接近主车道交界白色虚线位置有一个黑色物体，我看到后刹车向右打方向，我的车左侧车头保险碰刮到这个黑色物体，我没有看清是什么物体，也就没有停车，路上我看问车上的乘客，乘客也不清楚，于是我就将车开往汕头，路上我觉得不太对劲，担心会不会撞到一个人，于是我就打电话给朋友刘某叫他帮我看一下，刘某就从潮阳金叶驾车过去看，刘某到达现场时看到有警察，于是打电话给我说可能撞到人了，我将车上的乘客载到目的地后，就驾车到车主王某乙住的地方，通知王某乙跟我面谈，我将情况跟他说了，王某乙听完后就打电话给他叔王圣会，之后王某乙就叫我打电话报警，于2015年3月27日5时02分我就打电话报了警说我驾车在324线潮阳区棉北红旗岭路段怀疑撞到了一行人，办案民警很快就跟我联系了，让我将车行驶到潮阳交警大队接受调查，6时许我到达交警大队见太早，就没跟办案民警联系，就回去了，8时许我就再次到事故现场且再次报警，9时许民警就通知我，我就说在事故现场等着，后我就驾车到交警大队接受调查，在交警大队了解到我车当时撞到了人且已死亡，同时现场的车辆碎片系我车辆所有。 上述证据，均经当庭举证、质证，且能够相互印证，本院予以确认，作为定案的依据。 本院认为，被告人王某甲违反交通运输管理法规，驾驶机动车上路行驶，发生交通事故致一人死亡，发生碰撞后，未能停车察看、抢救伤者、保护现场和及时报警，而是驾车离开事故现场，应承担事故的全部责任，属肇事后逃逸，其行为危害交通运输安全，已构成交通肇事罪。公诉机关指控被告人王某甲犯交通肇事罪的事实清楚，证据确实、充分，指控的罪名成立。公诉机关的量刑建议偏轻，本院不予采纳。被告人王某甲及其辩护人辩解其没有逃逸的故意以及适用缓刑的意见不能成立。理由是事故系正面碰撞，被告人王某甲在碰撞后没有下车察看并报警和救护伤者，而是离开现场，主观上有逃避法律追究的故意，对其行为造成的后果，不适宜对其宣告缓刑。被告人及其辩护人提出给予从轻处罚的意见可予采纳。鉴于被告人有自首情节和赔偿被害人亲属并得到其谅解的情节，对被告人王某甲可予以从轻处罚。依照《中华人民共和国刑法》第一百三十三条和第六十七条第一款的规定，判决如下： 被告人王某甲犯交通肇事罪，判处有期徒刑三年。 （刑期从判决执行之日起计算。判决执行以前先行羁押的，羁押一日折抵刑期一日，即自2016年1月27日起至2019年1月21日止。） 如不服本判决，可在接到判决书的第二日起十日内，通过本院或者直接向广东省汕头市中级人民法院提出上诉。书面上诉的，应当提交上诉状正本一份，副本二份。 审判长陈科云 审判员林育珊 人民陪审员陈金裕 二〇一五年一月二十七日 书记员李晓斌 附相关法律条文 《中华人民共和国刑法》 第一百三十三条违反交通运输管理法规，因而发生重大事故，致人重伤、死亡或者使公私财产遭受重大损失的，处三年以下有期徒刑或者拘役；交通运输肇事后逃逸或者有其他特别恶劣情节的，处三年以上七年以下有期徒刑；因逃逸致人死亡的，处七年以上有期徒刑。 第六十七条犯罪以后自动投案，如实供述自己的罪行的，是自首。对于自首的犯罪分子，可以从轻或者减轻处罚。其中，犯罪较轻的，可以免除处罚。","writId":"038396b98f7f4e0f7b85e265823ff9976af","writName":"王罚交通肇事罪一审刑事判决书"}
