{"ajId":"c86d41e5-a180-49c4-b88e-4be10971b3e3","ajName":"李萌非法持有毒品一案","ajjbqk":" 湖北省武汉市武昌区人民检察院指控，2017年11月9日23时许，被告人李萌随身携带毒品在本市武昌区五金堤毛家巷附近被公安民警查获。民警当场从其身上收缴塑料袋装红色、绿色片剂混装物一包。经称量、取样及鉴定，上述物品系毒品甲基苯丙胺，共计净重18.93克。 上述事实，被告人李萌在开庭审理过程中均无异议，并有由公诉机关提供的公安机关出具的抓获、破案经过证明，物证照片和扣押笔录、清单，称量、取样笔录及鉴定意见与李萌的身份证明、前处判决和供述等证据证实，足以认定。 ","cpfxgc":"本院认为，被告人李萌违反国家毒品管制法规，非法持有毒品甲基苯丙胺18.93克，其行为已构成非法持有毒品罪。公诉机关指控的罪名及其适用法律意见，本院予以支持。被告人李萌曾因犯非法持有毒品罪被判处有期徒刑，刑罚执行完毕以后五年以内再犯非法持有毒品罪，系累犯、毒品再犯，应当从重处罚；其到案后能如实供述罪行，酌情从轻处罚。公诉机关建议对李萌在有期徒刑一年三个月至二年三个月之间量刑的意见，本院予以采纳。依照《中华人民共和国刑法》第三百四十八条、第三百五十六条、第六十五条第一款的规定，判决如下：","pjjg":" 被告人李萌犯非法持有毒品罪，判处有期徒刑一年八个月，并处罚金人民币4000元。 （刑期从判决执行之日起计算。判决执行之前先行羁押的，羁押一日折抵刑期一日，即自2017年11月10日起至2019年7月9日止。罚金于本判决生效后三十日内缴纳。） 如不服本判决，可在接到判决书的第二日起十日内，通过本院或者直接向湖北省武汉市中级人民法院提出上诉。书面上诉的，应当提交上诉状正本一份，副本三份。","qw":"湖北省武汉市武昌区人民法院 刑事判决书 （2018）鄂0106刑初217号 公诉机关湖北省武汉市武昌区人民检察院。 被告人李萌，男，1976年11月11日出生于湖北省武汉市，汉族，大专文化程度，无职业，户籍地湖北省武汉市武昌区。曾因犯抢劫罪于2000年2月被武汉市武昌区人民法院判处有期徒刑14年，并处罚金人民币7500元，剥夺政治权利2年；因犯非法持有毒品罪于2015年12月被武汉市汉阳区人民法院判处有期徒刑1年6个月，并处罚金人民币5000元，刑期至2017年1月28日。因本案于2017年11月10日被武汉市公安局洪山区分局刑事拘留，同年12月7日被逮捕。现羁押于武汉市武昌区看守所。 湖北省武汉市武昌区人民检察院以昌检公诉刑诉［2018］225号起诉书指控被告人李萌犯非法持有毒品罪，于2018年3月1日向本院提起公诉。本院受理后，依法适用简易程序，实行独任审判，于2018年3月14日开庭公开审理了本案。武汉市武昌区人民检察院指派检察员高素出庭支持公诉，被告人李萌到庭参加诉讼。现已审理终结。 湖北省武汉市武昌区人民检察院指控，2017年11月9日23时许，被告人李萌随身携带毒品在本市武昌区五金堤毛家巷附近被公安民警查获。民警当场从其身上收缴塑料袋装红色、绿色片剂混装物一包。经称量、取样及鉴定，上述物品系毒品甲基苯丙胺，共计净重18.93克。 上述事实，被告人李萌在开庭审理过程中均无异议，并有由公诉机关提供的公安机关出具的抓获、破案经过证明，物证照片和扣押笔录、清单，称量、取样笔录及鉴定意见与李萌的身份证明、前处判决和供述等证据证实，足以认定。 本院认为，被告人李萌违反国家毒品管制法规，非法持有毒品甲基苯丙胺18.93克，其行为已构成非法持有毒品罪。公诉机关指控的罪名及其适用法律意见，本院予以支持。被告人李萌曾因犯非法持有毒品罪被判处有期徒刑，刑罚执行完毕以后五年以内再犯非法持有毒品罪，系累犯、毒品再犯，应当从重处罚；其到案后能如实供述罪行，酌情从轻处罚。公诉机关建议对李萌在有期徒刑一年三个月至二年三个月之间量刑的意见，本院予以采纳。依照《中华人民共和国刑法》第三百四十八条、第三百五十六条、第六十五条第一款的规定，判决如下： 被告人李萌犯非法持有毒品罪，判处有期徒刑一年八个月，并处罚金人民币4000元。 （刑期从判决执行之日起计算。判决执行之前先行羁押的，羁押一日折抵刑期一日，即自2017年11月10日起至2019年7月9日止。罚金于本判决生效后三十日内缴纳。） 如不服本判决，可在接到判决书的第二日起十日内，通过本院或者直接向湖北省武汉市中级人民法院提出上诉。书面上诉的，应当提交上诉状正本一份，副本三份。 审判员魏筱霞 二〇一八年三月十六日 书记员张映兰","writId":"012346a1ea08fed9057d0ee8b47429e7da1","writName":"李萌非法持有毒品一审刑事判决书"}
