{"ajId":"54c3a172-7c0c-4c2a-8c44-4bffbbf4ccfa","ajName":"张运飞危险驾驶一案","ajjbqk":" 上海市闵行区人民检察院指控：2019年1月11日20时57分许，被告人张运飞酒后驾驶牌号为“沪C0XX＊＊”的小型汽车至本市闵行区陈行公路浦星公路西侧约30米处，与同向行驶的刘明潺驾驶的牌号为“沪EKXX＊＊”的重型自卸货车相撞，发生事故，并承担事故全部责任。经检验，被告人张运飞血液中乙醇浓度为2.07mg／ml。 事故发生后，被告人张运飞主动拨打110报警，并留在现场等候处置，到案后自愿如实供述了上述事实。 为证实上述指控事实，公诉机关当庭出示了证人朱某某的证言，刘某某的陈述材料，公安机关出具的受案登记表、查获经过、案发简要经过、110接警单、呼气式酒精检测结论告知书、当事人血样提取登记表及相关照片，司法鉴定意见书，道路交通事故认定书、道路交通事故现场图、物损评估意见书，驾驶证复印件、车辆信息、全国机动车／驾驶人信息资源库信息、被告人张运飞的供述等证据。 据此，公诉机关认为被告人张运飞犯危险驾驶罪，具有自首情节，且自愿认罪认罚，建议对被告人张运飞判处二个月十五日至三个月十五日拘役，并处罚金。 被告人张运飞对指控的事实、罪名、证据及量刑建议均无异议且签字具结，在庭审中亦无异议。 ","cpfxgc":"本院认为，公诉机关指控被告人张运飞犯危险驾驶罪的事实清楚，证据确实、充分，指控罪名成立，量刑建议适当，应予采纳。据此，依照《中华人民共和国刑法》第一百三十三条之一第一款第（二）项、第六十七条第一款、第五十二条、第五十三条之规定，判决如下：","pjjg":" 被告人张运飞犯危险驾驶罪，判处拘役三个月，并处罚金人民币五千元。 （刑期从判决执行之日起计算。判决执行以前先行羁押的，羁押一日折抵刑期一日。罚金自本判决生效之日起三十日内如数缴纳。） 如不服本判决，可在接到判决书的第二日起十日内，通过本院或者直接向上海市第一中级人民法院提出上诉。书面上诉的，应当提交上诉状正本一份，副本两份。通过本院书面上诉的，应将上诉状正、副本送（寄）往本院立案庭。","qw":"上海市闵行区人民法院 刑事判决书 （2019）沪0112刑初1225号 公诉机关上海市闵行区人民检察院。 被告人自报张运飞，男，1998年5月6日出生，汉族，户籍地安徽省阜阳市。 上海市闵行区人民检察院以沪闵检一部刑诉［2019］2417号起诉书指控被告人张运飞犯危险驾驶罪，于2019年7月12日向本院提起公诉。本院依法适用简易程序，实行独任审判，适用认罪认罚从宽制度，公开开庭审理了本案。上海市闵行区人民检察院指派检察员杨某某出庭支持公诉，被告人张运飞到庭参加诉讼。本案现已审理终结。 上海市闵行区人民检察院指控：2019年1月11日20时57分许，被告人张运飞酒后驾驶牌号为“沪C0XX＊＊”的小型汽车至本市闵行区陈行公路浦星公路西侧约30米处，与同向行驶的刘明潺驾驶的牌号为“沪EKXX＊＊”的重型自卸货车相撞，发生事故，并承担事故全部责任。经检验，被告人张运飞血液中乙醇浓度为2.07mg／ml。 事故发生后，被告人张运飞主动拨打110报警，并留在现场等候处置，到案后自愿如实供述了上述事实。 为证实上述指控事实，公诉机关当庭出示了证人朱某某的证言，刘某某的陈述材料，公安机关出具的受案登记表、查获经过、案发简要经过、110接警单、呼气式酒精检测结论告知书、当事人血样提取登记表及相关照片，司法鉴定意见书，道路交通事故认定书、道路交通事故现场图、物损评估意见书，驾驶证复印件、车辆信息、全国机动车／驾驶人信息资源库信息、被告人张运飞的供述等证据。 据此，公诉机关认为被告人张运飞犯危险驾驶罪，具有自首情节，且自愿认罪认罚，建议对被告人张运飞判处二个月十五日至三个月十五日拘役，并处罚金。 被告人张运飞对指控的事实、罪名、证据及量刑建议均无异议且签字具结，在庭审中亦无异议。 本院认为，公诉机关指控被告人张运飞犯危险驾驶罪的事实清楚，证据确实、充分，指控罪名成立，量刑建议适当，应予采纳。据此，依照《中华人民共和国刑法》第一百三十三条之一第一款第（二）项、第六十七条第一款、第五十二条、第五十三条之规定，判决如下： 被告人张运飞犯危险驾驶罪，判处拘役三个月，并处罚金人民币五千元。 （刑期从判决执行之日起计算。判决执行以前先行羁押的，羁押一日折抵刑期一日。罚金自本判决生效之日起三十日内如数缴纳。） 如不服本判决，可在接到判决书的第二日起十日内，通过本院或者直接向上海市第一中级人民法院提出上诉。书面上诉的，应当提交上诉状正本一份，副本两份。通过本院书面上诉的，应将上诉状正、副本送（寄）往本院立案庭。 审判员于明晶 二〇一九年七月十九日 书记员邵立 附：相关法律条文 《中华人民共和国刑法》 第一百三十三条之一在道路上驾驶机动车，有下列情形之一的，处拘役，并处罚金： …… （二）醉酒驾驶机动车的； …… 第六十七条犯罪以后自动投案，如实供述自己的罪行的，是自首。对于自首的犯罪分子，可以从轻或者减轻处罚。其中，犯罪较轻的，可以免除处罚。 …… 第五十二条判处罚金，应当根据犯罪情节决定罚金数额。 第五十三条罚金在判决指定的期限内一次或者分期缴纳。期满不缴纳的，强制缴纳。对于不能全部缴纳罚金的，人民法院在任何时候发现被执行人有可以执行的财产，应当随时追缴。 由于遭遇不能抗拒的灾祸等原因缴纳确实有困难的，经人民法院裁定，可以延期缴纳、酌情减少或者免除。","writId":"031c60c43672a2132d49f6b8e1ff7748ed8","writName":"张运飞危险驾驶一审刑事判决书"}
