{"ajId":"97314254-9024-451f-9a27-d0ace6480311","ajName":"被告人王昌民犯强奸罪一案","ajjbqk":" 永顺县人民检察院指控，2016年6月6日，被告人王昌民在被害人黎某某家中留宿。次日，王昌民假借按摩之名，强行与黎某某发生了性关系。就此，公诉机关举出了如下证据：报警案件登记表、诉讼权利义务告知书、鉴定聘请书、门诊病历本、户籍证明、归案情况说明、情况说明；证人吴某、杨某、彭某的证言；被害人黎某某的陈述；被告人王昌民的供述和辩解；物证检验报告〈州公物鉴（法物）字［2016］315号〉；现场勘验笔录；审讯光碟（2盘）。该院认为，被告人王昌民假借按摩之名，强行与被害人黎某某发生性关系，其行为已触犯《中华人民共和国刑法》第二百三十六条第一款之规定，犯罪事实清楚，证据确实、充分，应当以强奸罪追究被告人的刑事责任。 被告人王昌民对公诉机关指控的犯罪事实及定性均持异议，被告人王昌民当庭辩解称其给被害人黎某某按摩是事实，但没有强奸黎某某。 经审理查明：2016年6月6日19时许，被告人王昌民途径永顺县××乡××村，因天色渐晚，便来到被害人黎某某家中吃饭并留宿。次日清晨7时许，黎某某的丈夫杨某去菜园干农活，王昌民便躺在靠椅上与黎某某聊天。王昌民假借按摩可以祛病之名，用手揉黎某某的头部、胸部，并脱下黎某某的外裤和内裤至膝盖处，用右手指抽插黎某某的阴道。黎某某用手推王昌民进行反抗，黎某某在反抗时，其阴道左侧大阴唇处被王昌民的指甲刮伤。尔后，王昌民脱下自己的裤子，在黎某某家中的木制板凳上用其阴茎强行插入黎某某的阴道。 2016年6月1O日，被害人黎某某的儿子吴某得知情况后报警。当日，永顺县公安局民警在永顺县毛坝乡政府将被告人王昌民抓获归案。 上述事实，有以下由公诉机关提供，并经过庭审质证、认证，且查证属实的证据证明： 1、报警案件登记表、受案登记表、立案决定书，证明本案的发案、受案、立案的情况。 2、拘留证、拘留通知书、批准逮捕决定书、逮捕证、逮捕通知书，证明被告人王昌民被采取强制措施的情况。 3、被告人诉讼权利义务告知书、被害人诉讼权利义务告知书、证人诉讼权利义务告知书，证明永顺县公安局在讯问被告人，询问被害人、证人前已告知其诉讼权利义务。 4、门诊病历本，证明2016年6月9日10时10分，医生张某对黎某某进行妇科检查，结论为黎某某左侧大阴唇可见一长宽约l厘米伤痕，伤口无出血，无化脓感染，红肿、疼痛较明显。 5、永顺县公安局出具的情况说明，证明王昌民供述其在重庆福林因故意伤害被判处有期徒刑，之后在新疆塔门监狱服刑。永顺县公安局在通过全国违法犯罪人员系统、湖南省公安综合查询系统、万民乡司法所均未查找到王昌民故意伤害的犯罪记录；永顺县公安局请求重庆涪陵区公安局查找王昌民的犯罪记录，但未找到；永顺县公安局寄信至新疆塔门监狱调查王昌民的服刑记录，但没有收到回复。 6、证人吴某的证言，证明2016年6月9日15时许，吴某的母亲黎某某告知吴某：2016年6月7号早上王昌民对自己动手动脚。后王昌民带黎某某到毛坝乡医院找到张秀民医生，医生说黎某某阴部发炎了。吴某当时没有细问王昌民是如何对黎某某动手动脚的。 7、证人杨某的证言，证明2016年6月6日18时许，杨某与其妻子黎某某在家里吃饭，王昌民因认识黎某某，便在其家吃饭并住宿一晚。2016年6月7日晚，黎某某告知杨某自己在自家的屋里靠窗下的一个木板凳上被王昌民强奸了。黎某某当时说：“王昌民咬我奶奶，抓我下身，要和我玩。”2016年6月7日早上，杨某在自己地里锄草，因耳朵聋，没有听到黎某某的呼救声。杨某听到黎某某被强奸后没有立即报案是想与儿子商量后再过几天报案。 8、证人张某的证言，证明2016年6月8日16时许，黎某某来到毛坝乡卫生院，黎某某说：庙里老把式（老男人）把我按到地上，把我下面（阴道）抓痛了，现解小手的时候疼。张某给黎某某检查，发现黎某某阴道左侧大阴唇处可见一厘米的伤痕、红肿、无出血。张某凭经验感觉黎某某的阴道伤口应该是外力所致，像手指抓的。 9、被害人黎某某的陈述，证明2016年6月6日19时许，王昌民来到黎某某的家中与黎某某、杨某一起吃晚饭，并在黎某某家借宿一晚。次日早上7时许，杨某就去屋前菜园干活，黎某某就坐在板凳上同王昌民聊天。王昌民借给黎某某按摩之名撸起黎某某的衣服，在黎某某身上乱摸，并用嘴巴咬黎某某胸部，之后将黎某某的裤子脱到膝盖处，用右手手指插入黎某某的下身（生殖器），左手将黎某某按在板凳上（板凳靠在木墙壁上）并将其生殖器插进黎某某的阴道，并在阴道外射精。黎某某被性侵时，其用手推王昌民，喊他不要搞并呼救进行反抗，但因其手背被捉住、力气小、身患疾病，没法挣脱、逃跑。性侵后，黎某某洗澡洗衣服了。 10、被告人王昌民的供述与辩解，证明2016年6月6日19时许，王昌民来到黎某某家中吃晚饭，并在黎某某家留宿一晚。次日7时许，黎某某的丈夫杨某在其家菜园干农活，王昌民便躺在靠椅上与黎某某聊天。王昌民借给黎某某按摩可以去病之名，用手揉黎某某的胸部，右手手指插黎某某的阴道，黎某某用手推王昌民进行反抗，但因黎某某手上没力推不动。王昌民手指在抽插黎某某阴道时，黎某某的阴道左侧被王昌民的指甲刮伤。同时，王昌民用手将黎某某按在靠椅旁边的板凳上，并脱下自己的裤子，用生殖器插入黎某某的阴道，插了三、四下，精液便射到了黎某某的阴道外。事后，王昌民洗完手去了别人家喝喜酒去了，黎某某便上厕所去了。 11、现场勘验笔录，证明案发中心现场，现场方位位于被害人黎某某的家中及周围环境等情况。 12、审讯光碟，证明永顺县公安局民警在讯问被告人王昌民的过程中无暴力、胁迫等行为。 ","cpfxgc":"本院认为，被告人王昌民违反被害人黎某某的意志，假借按摩之名，强行与黎某某发生性行为，被告人王昌民的行为已构成强奸罪。永顺县人民检察院指控罪名成立。被告人王昌民辩解称其没有强奸黎某某，检察院指控的事实不存在，经查，被告人王昌民在公安机关所作的自己违背黎某某的意愿强行与其发生性关系的供述与被害人黎某某的陈述在细节上能够相互印证，故对被告人王昌民的该项辩解理由不予采信。综上，根据被告人王昌民的犯罪事实、性质、情节以及对社会的危害程度，依照《中华人民共和国刑法》第二百三十六第一款之规定，判决如下：","pjjg":" 被告人王昌民犯强奸罪，判处有期徒刑三年。 （刑期从判决执行之日起计算，判决执行以前先行羁押的，羁押一日折抵刑期一日。即刑期从2016年6月11日起至2019年6月10日止。） 如不服本判决，可在接到判决书的第二日起十日内，通过本院或者直接向湖南省湘西土家族苗族自治州中级人民法院提出上诉。书面上诉的，应当提交上诉状正本一份，副本二份。","qw":"湖南省永顺县人民法院 刑事判决书 （2017）湘3127刑初16号 公诉机关永顺县人民检察院。 被告人王昌民，男，1962年8月10日出生，土家族，湖南省永顺县人，初中文化，僧人。因涉嫌强奸罪，于2016年6月1l日被永顺县公安局刑事拘留。经永顺县人民检察院批准，同年6月23日被永顺县公安局逮捕。现羁押于永顺县看守所。 永顺县人民检察院以湘永检公诉刑诉（2017）14号起诉书指控被告人王昌民犯强奸罪，于2017年2月14日向本院提起公诉。本院受理后，依法组成合议庭，因本案涉及个人隐私，于2017年3月24日不公开开庭审理了本案。永顺县人民检察院指派检察员周松林、王鑫出庭支持公诉，被告人王昌民到庭参加诉讼。本案现已审理终结。 永顺县人民检察院指控，2016年6月6日，被告人王昌民在被害人黎某某家中留宿。次日，王昌民假借按摩之名，强行与黎某某发生了性关系。就此，公诉机关举出了如下证据：报警案件登记表、诉讼权利义务告知书、鉴定聘请书、门诊病历本、户籍证明、归案情况说明、情况说明；证人吴某、杨某、彭某的证言；被害人黎某某的陈述；被告人王昌民的供述和辩解；物证检验报告〈州公物鉴（法物）字［2016］315号〉；现场勘验笔录；审讯光碟（2盘）。该院认为，被告人王昌民假借按摩之名，强行与被害人黎某某发生性关系，其行为已触犯《中华人民共和国刑法》第二百三十六条第一款之规定，犯罪事实清楚，证据确实、充分，应当以强奸罪追究被告人的刑事责任。 被告人王昌民对公诉机关指控的犯罪事实及定性均持异议，被告人王昌民当庭辩解称其给被害人黎某某按摩是事实，但没有强奸黎某某。 经审理查明：2016年6月6日19时许，被告人王昌民途径永顺县××乡××村，因天色渐晚，便来到被害人黎某某家中吃饭并留宿。次日清晨7时许，黎某某的丈夫杨某去菜园干农活，王昌民便躺在靠椅上与黎某某聊天。王昌民假借按摩可以祛病之名，用手揉黎某某的头部、胸部，并脱下黎某某的外裤和内裤至膝盖处，用右手指抽插黎某某的阴道。黎某某用手推王昌民进行反抗，黎某某在反抗时，其阴道左侧大阴唇处被王昌民的指甲刮伤。尔后，王昌民脱下自己的裤子，在黎某某家中的木制板凳上用其阴茎强行插入黎某某的阴道。 2016年6月1O日，被害人黎某某的儿子吴某得知情况后报警。当日，永顺县公安局民警在永顺县毛坝乡政府将被告人王昌民抓获归案。 上述事实，有以下由公诉机关提供，并经过庭审质证、认证，且查证属实的证据证明： 1、报警案件登记表、受案登记表、立案决定书，证明本案的发案、受案、立案的情况。 2、拘留证、拘留通知书、批准逮捕决定书、逮捕证、逮捕通知书，证明被告人王昌民被采取强制措施的情况。 3、被告人诉讼权利义务告知书、被害人诉讼权利义务告知书、证人诉讼权利义务告知书，证明永顺县公安局在讯问被告人，询问被害人、证人前已告知其诉讼权利义务。 4、门诊病历本，证明2016年6月9日10时10分，医生张某对黎某某进行妇科检查，结论为黎某某左侧大阴唇可见一长宽约l厘米伤痕，伤口无出血，无化脓感染，红肿、疼痛较明显。 5、永顺县公安局出具的情况说明，证明王昌民供述其在重庆福林因故意伤害被判处有期徒刑，之后在新疆塔门监狱服刑。永顺县公安局在通过全国违法犯罪人员系统、湖南省公安综合查询系统、万民乡司法所均未查找到王昌民故意伤害的犯罪记录；永顺县公安局请求重庆涪陵区公安局查找王昌民的犯罪记录，但未找到；永顺县公安局寄信至新疆塔门监狱调查王昌民的服刑记录，但没有收到回复。 6、证人吴某的证言，证明2016年6月9日15时许，吴某的母亲黎某某告知吴某：2016年6月7号早上王昌民对自己动手动脚。后王昌民带黎某某到毛坝乡医院找到张秀民医生，医生说黎某某阴部发炎了。吴某当时没有细问王昌民是如何对黎某某动手动脚的。 7、证人杨某的证言，证明2016年6月6日18时许，杨某与其妻子黎某某在家里吃饭，王昌民因认识黎某某，便在其家吃饭并住宿一晚。2016年6月7日晚，黎某某告知杨某自己在自家的屋里靠窗下的一个木板凳上被王昌民强奸了。黎某某当时说：“王昌民咬我奶奶，抓我下身，要和我玩。”2016年6月7日早上，杨某在自己地里锄草，因耳朵聋，没有听到黎某某的呼救声。杨某听到黎某某被强奸后没有立即报案是想与儿子商量后再过几天报案。 8、证人张某的证言，证明2016年6月8日16时许，黎某某来到毛坝乡卫生院，黎某某说：庙里老把式（老男人）把我按到地上，把我下面（阴道）抓痛了，现解小手的时候疼。张某给黎某某检查，发现黎某某阴道左侧大阴唇处可见一厘米的伤痕、红肿、无出血。张某凭经验感觉黎某某的阴道伤口应该是外力所致，像手指抓的。 9、被害人黎某某的陈述，证明2016年6月6日19时许，王昌民来到黎某某的家中与黎某某、杨某一起吃晚饭，并在黎某某家借宿一晚。次日早上7时许，杨某就去屋前菜园干活，黎某某就坐在板凳上同王昌民聊天。王昌民借给黎某某按摩之名撸起黎某某的衣服，在黎某某身上乱摸，并用嘴巴咬黎某某胸部，之后将黎某某的裤子脱到膝盖处，用右手手指插入黎某某的下身（生殖器），左手将黎某某按在板凳上（板凳靠在木墙壁上）并将其生殖器插进黎某某的阴道，并在阴道外射精。黎某某被性侵时，其用手推王昌民，喊他不要搞并呼救进行反抗，但因其手背被捉住、力气小、身患疾病，没法挣脱、逃跑。性侵后，黎某某洗澡洗衣服了。 10、被告人王昌民的供述与辩解，证明2016年6月6日19时许，王昌民来到黎某某家中吃晚饭，并在黎某某家留宿一晚。次日7时许，黎某某的丈夫杨某在其家菜园干农活，王昌民便躺在靠椅上与黎某某聊天。王昌民借给黎某某按摩可以去病之名，用手揉黎某某的胸部，右手手指插黎某某的阴道，黎某某用手推王昌民进行反抗，但因黎某某手上没力推不动。王昌民手指在抽插黎某某阴道时，黎某某的阴道左侧被王昌民的指甲刮伤。同时，王昌民用手将黎某某按在靠椅旁边的板凳上，并脱下自己的裤子，用生殖器插入黎某某的阴道，插了三、四下，精液便射到了黎某某的阴道外。事后，王昌民洗完手去了别人家喝喜酒去了，黎某某便上厕所去了。 11、现场勘验笔录，证明案发中心现场，现场方位位于被害人黎某某的家中及周围环境等情况。 12、审讯光碟，证明永顺县公安局民警在讯问被告人王昌民的过程中无暴力、胁迫等行为。 本院认为，被告人王昌民违反被害人黎某某的意志，假借按摩之名，强行与黎某某发生性行为，被告人王昌民的行为已构成强奸罪。永顺县人民检察院指控罪名成立。被告人王昌民辩解称其没有强奸黎某某，检察院指控的事实不存在，经查，被告人王昌民在公安机关所作的自己违背黎某某的意愿强行与其发生性关系的供述与被害人黎某某的陈述在细节上能够相互印证，故对被告人王昌民的该项辩解理由不予采信。综上，根据被告人王昌民的犯罪事实、性质、情节以及对社会的危害程度，依照《中华人民共和国刑法》第二百三十六第一款之规定，判决如下： 被告人王昌民犯强奸罪，判处有期徒刑三年。 （刑期从判决执行之日起计算，判决执行以前先行羁押的，羁押一日折抵刑期一日。即刑期从2016年6月11日起至2019年6月10日止。） 如不服本判决，可在接到判决书的第二日起十日内，通过本院或者直接向湖南省湘西土家族苗族自治州中级人民法院提出上诉。书面上诉的，应当提交上诉状正本一份，副本二份。 审判长王燕妮 人民陪审员马继俭 人民陪审员张锋 二〇一七年四月六日 书记员鲁小锋 附本案所适用的有关法律条文 《中华人民共和国刑法》 第二百三十六条以暴力、胁迫或者其他手段强奸妇女的，处三年以上十年以下有期徒刑。 奸淫不满十四周岁的幼女的，以强奸论，从重处罚。 强奸妇女、奸淫幼女，有下列情形之一的，处十年以上有期徒刑、无期徒刑或者死刑： （一）强奸妇女、奸淫幼女情节恶劣的； （二）强奸妇女、奸淫幼女多人的； （三）在公共场所当众强奸妇女的； （四）二人以上轮奸的； （五）致使被害人重伤、死亡或者造成其他严重后果的。","writId":"063e8555341562113b78fe6be7e13f863ce","writName":"被告人王昌民犯强奸罪一审刑事判决书"}
