{"ajId":"86fc0ec1-82aa-4ab9-880b-b8c1e15afece","ajName":"牛某交通肇事罪一案","ajjbqk":" 经审理查明，2018年11月3日17时许，被告人牛某持C1型机动车驾驶证，驾驶号牌为皖S×××××的轻型普通客车，沿宜兴市342省道由北向南行驶至太华汽修厂门口处时，撞到横穿道路的行人董某，致董某受伤，经医院抢救无效于当日死亡。经鉴定，董某符合颅脑损伤、胸腹腔内脏损伤而死亡。被告人牛某负事故的主要责任。 肇事后，被告人牛某主动报警投案，并在现场等候公安机关的处理，归案后如实供述了上述事实。 案发后，被告人牛某除法定赔偿外，另外补偿被害人近亲属人民币10万元，该款已付清，被害人近亲属对其表示谅解。 上述事实，被告人牛某在开庭审理过程中亦无异议，并有证人蒋某的证言笔录，宜兴市公安局交通警察大队对事故现场所作的勘查笔录，现场图，现场摄影照片，出具的道路交通事故认定书，事故车辆技术检验意见书，机动车及驾驶人信息查询结果单，宜兴市公安局物证鉴定室出具的物证鉴定书，公安机关侦查人员出具的刑事案件侦破经过说明材料，相关的赔偿协议书、谅解书、收条等证据证实，足以认定。 公诉机关认为，被告人牛某的行为应当以交通肇事罪追究其刑事责任。被告人牛某具有自首、赔偿、取得谅解等从轻处罚情节，建议对其在有期徒刑一年至二年之间判处刑罚。 被告人牛某对上述量刑建议未提出异议。 庭审中，被告人牛某的辩护人提出，被告人牛某犯罪后能自首，依法可以从轻处罚，并已对被害人近亲属作出赔偿，取得了被害人近亲属的谅解，建议对其从轻处罚，适用缓刑。 ","cpfxgc":"本院认为，被告人牛某驾驶机动车上路行驶过程中，违反交通运输管理法规，发生致一人死亡的重大交通事故，且负事故的主要责任，其行为已构成交通肇事罪，应予惩处。事故发生后，被告人牛某主动报警并在现场等候公安机关处理，归案后如实供述自己的犯罪事实，是自首，依法可予以从轻处罚。案发后，被告人牛某已与被害人近亲属达成赔偿协议，并取得了被害人近亲属的谅解，可予以从轻处罚。被告人牛某在庭审中能自愿认罪，亦可予以从轻处罚。公诉机关指控的罪名成立，量刑建议适当，本院予以采纳。综合本案的案情和被告人牛某的悔罪表现，本院认为，被告人牛某符合缓刑适用条件，可以宣告缓刑。对辩护人提出的与此相同的辩护意见，本院亦予以采纳。据此，依照《中华人民共和国刑法》第一百三十三条，第六十七条第一款，第七十二条第一款的规定，判决如下：","pjjg":" 被告人牛某犯交通肇事罪，判处有期徒刑一年，缓刑一年六个月（缓刑的考验期限，从判决确定之日起计算）。 如不服本判决，可在接到本判决书的第二日起十日内，通过本院或者直接向江苏省无锡市中级人民法院提出上诉。书面上诉的，应当提交上诉状正本一份，副本两份。","qw":"江苏省宜兴市人民法院 刑事判决书 （2019）苏0282刑初66号 公诉机关宜兴市人民检察院。 被告人牛某，个体运输。因本案于2018年12月21日被宜兴市公安局取保候审，于2019年1月5日被宜兴市人民检察院取保候审。 辩护人刘兆，宜兴市法律援助中心律师。 辩护人蒋曙光，宜兴市法律援助中心律师。 宜兴市人民检察院以宜检诉刑诉（2019）47号起诉书指控被告人牛某犯交通肇事罪，于2019年1月18日以简易程序向本院提起公诉。本院受理后，认为案情复杂，于同年2月1日变更为普通程序，并依法组成合议庭，于2019年4月8日公开开庭审理了本案。宜兴市人民检察院指派检察员史卫其出庭支持公诉。被告人牛某及其辩护人蒋曙光到庭参加诉讼。现已审理终结。 经审理查明，2018年11月3日17时许，被告人牛某持C1型机动车驾驶证，驾驶号牌为皖S×××××的轻型普通客车，沿宜兴市342省道由北向南行驶至太华汽修厂门口处时，撞到横穿道路的行人董某，致董某受伤，经医院抢救无效于当日死亡。经鉴定，董某符合颅脑损伤、胸腹腔内脏损伤而死亡。被告人牛某负事故的主要责任。 肇事后，被告人牛某主动报警投案，并在现场等候公安机关的处理，归案后如实供述了上述事实。 案发后，被告人牛某除法定赔偿外，另外补偿被害人近亲属人民币10万元，该款已付清，被害人近亲属对其表示谅解。 上述事实，被告人牛某在开庭审理过程中亦无异议，并有证人蒋某的证言笔录，宜兴市公安局交通警察大队对事故现场所作的勘查笔录，现场图，现场摄影照片，出具的道路交通事故认定书，事故车辆技术检验意见书，机动车及驾驶人信息查询结果单，宜兴市公安局物证鉴定室出具的物证鉴定书，公安机关侦查人员出具的刑事案件侦破经过说明材料，相关的赔偿协议书、谅解书、收条等证据证实，足以认定。 公诉机关认为，被告人牛某的行为应当以交通肇事罪追究其刑事责任。被告人牛某具有自首、赔偿、取得谅解等从轻处罚情节，建议对其在有期徒刑一年至二年之间判处刑罚。 被告人牛某对上述量刑建议未提出异议。 庭审中，被告人牛某的辩护人提出，被告人牛某犯罪后能自首，依法可以从轻处罚，并已对被害人近亲属作出赔偿，取得了被害人近亲属的谅解，建议对其从轻处罚，适用缓刑。 本院认为，被告人牛某驾驶机动车上路行驶过程中，违反交通运输管理法规，发生致一人死亡的重大交通事故，且负事故的主要责任，其行为已构成交通肇事罪，应予惩处。事故发生后，被告人牛某主动报警并在现场等候公安机关处理，归案后如实供述自己的犯罪事实，是自首，依法可予以从轻处罚。案发后，被告人牛某已与被害人近亲属达成赔偿协议，并取得了被害人近亲属的谅解，可予以从轻处罚。被告人牛某在庭审中能自愿认罪，亦可予以从轻处罚。公诉机关指控的罪名成立，量刑建议适当，本院予以采纳。综合本案的案情和被告人牛某的悔罪表现，本院认为，被告人牛某符合缓刑适用条件，可以宣告缓刑。对辩护人提出的与此相同的辩护意见，本院亦予以采纳。据此，依照《中华人民共和国刑法》第一百三十三条，第六十七条第一款，第七十二条第一款的规定，判决如下： 被告人牛某犯交通肇事罪，判处有期徒刑一年，缓刑一年六个月（缓刑的考验期限，从判决确定之日起计算）。 如不服本判决，可在接到本判决书的第二日起十日内，通过本院或者直接向江苏省无锡市中级人民法院提出上诉。书面上诉的，应当提交上诉状正本一份，副本两份。 审判长黄澄 人民陪审员郑一平 人民陪审员杨江 二〇一九年四月八日 法官助理潘明星 书记员黄芸 本案援引法律条款 《中华人民共和国刑法》： 第一百三十三条违反交通运输管理法规，因而发生重大事故，致人重伤、死亡或者使公私财产遭受重大损失的，处三年以下有期徒刑或者拘役；交通运输肇事后逃逸或者有其他特别恶劣情节的，处三年以上七年以下有期徒刑；因逃逸致人死亡的，处七年以上有期徒刑。 第六十七条第一款犯罪以后自动投案，如实供述自己的罪行的，是自首。对于自首的犯罪分子，可以从轻或者减轻处罚。其中，犯罪较轻的，可以免除处罚。 第七十二条第一款对于被判处拘役、三年以下有期徒刑的犯罪分子，同时符合下列条件的，可以宣告缓刑，对其中不满十八周岁的人、怀孕的妇女和已满七十五周岁的人，应当宣告缓刑： （一）犯罪情节较轻； （二）有悔罪表现； （三）没有再犯罪的危险； （四）宣告缓刑对所居住社区没有重大不良影响。","writId":"0576701f7274bec822e11ac9470a0da62d4","writName":"牛某交通肇事罪一审刑事判决书"}
