{"ajId":"8a8a319e-095e-4353-a900-a5cfcaa890eb","ajName":"李延卿挪用公款一案","ajjbqk":" 博兴县人民检察院指控，2015年4月至2017年12月期间，被告人李延卿利用负责国家统计局滨州调查队会计工作和该调查队办公室工作的职务之便，采取公务卡套现后用“中央往来资金零余额”账户归还公务卡个人支出和开具现金支票的方式，先后多次挪用本单位公款共计2079281.09元，其中挪用1022536.86元归个人使用，进行非法活动，挪用1056744.23元进行营利活动。 针对上述指控，公诉机关当庭宣读并出示了相关书证、证人证言、被告人供述等证据予以证实。博兴县人民检察院认为，被告人李延卿身为国家工作人员，利用职务之便，挪用公款归个人使用，进行非法活动，情节严重；挪用公款数额较大、进行营利活动，其行为已构成挪用公款罪，提请依照《中华人民共和国刑法》第三百八十四条第一款之规定对其判处刑罚。 被告人李延卿对起诉书指控的罪名及事实均无异议，自愿认罪。 被告人李延卿的辩护人提出的辩护意见是：对起诉书指控被告人李延卿犯挪用公款罪无异议，但起诉书指控被告人李延卿挪用公款的数额以及挪用公款用于非法活动、营利活动的证据不足；被告人李延卿所挪用公款应认定为用于从事非法活动和营利活动以外的个人活动，且其中部分挪用款项不足三个月，不应认定构成犯罪；被告人李延卿的挪用行为不能认定达到“情节严重”的程度，其系自首，所挪用公款已于案发前全部归还，请求依法对其减轻处罚并适用缓刑。 经审理查明，被告人李延卿自2010年2月至2017年12月期间，负责国家统计局滨州调查队会计工作，自2015年4月至2017年12月期间，被告人李延卿利用负责国家统计局滨州调查队会计工作和该调查队办公室工作的职务之便，采取公务卡套现后用“中央往来资金零余额”账户（以下简称“零余额”账户）归还公务卡个人支出和开具现金支票的方式，先后多次挪用本单位公款进行非法活动和其他营利活动。具体事实如下： 一、2015年4月至12月，被告人李延卿采取公务卡套现后用“零余额”账户归还公务卡个人支出的方式，先后多次挪用其单位公款共计342802.39元，其中157686.86元用于网络赌球，185115.53元用于购买彩票。同年12月28日至30日，被告人李延卿将上述款项归还至“零余额”账户。 二、2016年1月至12月，被告人李延卿采取公务卡套现后用“零余额”账户归还公务卡个人支出的方式，先后多次挪用其单位公款共计759021.70元，其中333453.88元用于网络赌球，425567.82元用于购买彩票。2016年1月26日，被告人李延卿将上述款项中49036.70元归还至“零余额”账户。 三、2017年1月至12月，被告人李延卿采取公务卡套现后用“零余额”账户归还公务卡个人支出和开具现金支票取现的方式，先后多次挪用其单位公款共计977457.00元，其中531396.12元用于网络赌球，446060.88元用于购买彩票，进行营利活动。 综上，被告人李延卿多次挪用本单位公款共计2079281.09元，其中挪用1022536.86元归个人使用，进行非法活动，挪用1056744.23元归个人使用、进行营利活动。2017年12月17日，被告人李延卿主动向其单位负责人说明挪用公款事实，接受相关部门调查，并将尚未归还款项共计1710753.00元全部归还。2018年1月16日，被告人李延卿在接受滨州市监察委员会调查人员讯问时，如实供述了上述犯罪事实。 上述事实，经庭审举证、质证，有书证滨州市公安局彭李派出所出具的户籍证明、国家统计局滨州调查队出具的证明、干部年度考核登记表、干部任免审批表、干部履历表、中国建设银行股份有限公司滨州分行出具的国家统计局滨州调查队尾号0999、1387账户交易明细、公务卡管理系统支付明细、户名李延卿尾号4354信用卡账户以及户名王某、尾号4313信用卡账户交易明细、现金支票、存款凭证、账户交易明细、退库凭证、客户专用回单、中国工商银行股份有限公司府佑支行出具的户名孙某尾号为8010账户交易明细、中国建设银行股份有限公司滨州分行出具的户名李延卿尾号8895银行账户交易明细、中国农业银行股份有限公司滨州市分行出具的户名李延卿尾号4466银行账户交易明细、立案决定书、滨州市监察委员会出具的破案经过；证人王某、祁某、孙某、高某、周某、张某1、郭某1、范某、盖娜娜、郭某2、程某、任某、李某、张某2的证言；被告人李延卿的供述与辩解；滨州市人民检察院出具的滨检技鉴［2018］（外）2号司法会计检验报告、滨检技鉴［2018］外04号笔迹鉴定书；滨州市公安局网络安全保卫支队出具的公（网安）勘［2018］1号远程勘验工作记录、滨州市公安局电子数据检验鉴定中心滨公（网安）鉴［2018］第001号鉴定工作记录等证据予以证实，足以认定。 关于被告人李延卿的辩护人提出“起诉书指控被告人李延卿挪用公款的数额以及挪用公款用于非法活动、营利活动的证据不足；被告人李延卿所挪用公款应认定为用于从事非法活动和营利活动以外的个人活动，且其中部分挪用款项不足三个月，不应认定构成犯罪；被告人李延卿的挪用行为不能认定达到情节严重的程度”的辩护意见，经查在案有中国建设银行股份有限公司滨州分行出具的国家统计局滨州调查队尾号0999、1387账户交易明细、公务卡管理系统支付明细、户名李延卿尾号4354信用卡账户、户名王某、尾号4313信用卡账户交易明细、现金支票、存款凭证等书证，证实被告人李延卿采取用公务卡套现后用单位零余额账户归还公务卡透支以及用单位账户私自开具现金支票获取资金的方式挪用公款的事实；有中国工商银行股份有限公司府佑支行出具的户名孙某尾号为8010账户交易明细、中国建设银行股份有限公司滨州分行出具的户名李延卿尾号8895银行账户交易明细、中国农业银行股份有限公司滨州市分行出具的户名李延卿尾号4466银行账户交易明细、被告人李延卿的供述与辩解、滨州市公安局网络安全保卫支队出具的公（网安）勘［2018］1号远程勘验工作记录、滨州市公安局电子数据检验鉴定中心滨公（网安）鉴［2018］第001号鉴定工作记录、证人任某、张某2、郭某2、程某等人的证言等证据证实被告人李延卿挪用公款后用于网络赌球非法活动以及购买彩票营利的事实，并有相关的证人证言、滨州市人民检察院出具的滨检技鉴［2018］（外）2号司法会计检验报告、滨检技鉴［2018］外04号笔迹鉴定书等证据与上述证据相印证。综合证实被告人李延卿自2015年4月至2017年12月期间利用负责国家统计局滨州调查队会计工作和该调查队办公室工作的职务之便，采取公务卡套现后用“零余额”账户归还公务卡个人支出和开具现金支票获取资金的方式，先后多次挪用本单位公款1022536.86元进行网络赌球非法活动，挪用1056744.23元进行购买彩票营利活动的事实。以上证据系办案机关依法取得，与案件事实相关联，具备证据的客观性，各证据之间相互印证，足以证实本案事实。因此，辩护人的上述辩护意见不能成立，不予采纳。 关于被告人李延卿的辩护人提出“被告人李延卿系自首，所挪用公款已于案发前全部归还”的辩护意见，经查属实，依法予以采纳。 ","cpfxgc":"本院认为，被告人李延卿身为国家工作人员，利用职务上的便利，挪用公款数额较大、进行营利活动；挪用公款归个人使用，进行非法活动，情节严重，其行为已构成挪用公款罪，公诉机关指控罪名成立，本院予以确认。被告人李延卿系自首，依法予以减轻处罚；涉案公款在案发前已经全部归还，酌情予以从轻处罚。依照《中华人民共和国刑法》第三百八十四条第一款、第六十七条第一款、第九十三条的规定，判决如下：","pjjg":" 被告人李延卿犯挪用公款罪，判处有期徒刑四年。 （刑期从判决执行之日起计算。判决执行以前先行羁押的，羁押一日折抵刑期一日，即自2018年1月16日起至2022年1月15日止。） 如不服本判决，可在接到判决书的第二日起十日内，通过本院或直接向山东省滨州市中级人民法院提出上诉，书面上诉的，应提交上诉状正本一份，副本二份。","qw":"山东省博兴县人民法院 刑事判决书 （2018）鲁1625刑初50号 公诉机关博兴县人民检察院。 被告人李延卿，男，1981年8月22日出生于山东省滨州市，汉族，大学文化程度，中共党员，自2013年11月至2014年11月任国家统计局滨州调查队办公室副主任，自2014年11月至2017年5月任国家统计局滨州调查队农业调查科科长，期间自2015年5月至2017年5月主持办公室工作，自2017年5月至案发，任国家统计局滨州调查队办公室主任，户籍所在地及居住地滨州市滨城区。因涉嫌犯挪用公款罪，于2018年1月16日被滨州市监察委员会采取留置措施，同年2月5日，经滨州市人民检察院决定被逮捕。 辩护人刘卫东、焦阳，山东众成清泰（滨州）律师事务所律师。 博兴县人民检察院以博检公刑诉［2018］43号起诉书指控被告人李延卿犯挪用公款罪一案，于2018年2月12日向本院提起公诉。经滨州市中级人民法院指定管辖，本院立案受理。依法组成合议庭，于2018年2月28日公开开庭进行了审理。博兴县人民检察院指派检察员董云玲出庭支持公诉，被告人李延卿及其辩护人刘卫东、焦阳到庭参加诉讼。现已审理终结。 博兴县人民检察院指控，2015年4月至2017年12月期间，被告人李延卿利用负责国家统计局滨州调查队会计工作和该调查队办公室工作的职务之便，采取公务卡套现后用“中央往来资金零余额”账户归还公务卡个人支出和开具现金支票的方式，先后多次挪用本单位公款共计2079281.09元，其中挪用1022536.86元归个人使用，进行非法活动，挪用1056744.23元进行营利活动。 针对上述指控，公诉机关当庭宣读并出示了相关书证、证人证言、被告人供述等证据予以证实。博兴县人民检察院认为，被告人李延卿身为国家工作人员，利用职务之便，挪用公款归个人使用，进行非法活动，情节严重；挪用公款数额较大、进行营利活动，其行为已构成挪用公款罪，提请依照《中华人民共和国刑法》第三百八十四条第一款之规定对其判处刑罚。 被告人李延卿对起诉书指控的罪名及事实均无异议，自愿认罪。 被告人李延卿的辩护人提出的辩护意见是：对起诉书指控被告人李延卿犯挪用公款罪无异议，但起诉书指控被告人李延卿挪用公款的数额以及挪用公款用于非法活动、营利活动的证据不足；被告人李延卿所挪用公款应认定为用于从事非法活动和营利活动以外的个人活动，且其中部分挪用款项不足三个月，不应认定构成犯罪；被告人李延卿的挪用行为不能认定达到“情节严重”的程度，其系自首，所挪用公款已于案发前全部归还，请求依法对其减轻处罚并适用缓刑。 经审理查明，被告人李延卿自2010年2月至2017年12月期间，负责国家统计局滨州调查队会计工作，自2015年4月至2017年12月期间，被告人李延卿利用负责国家统计局滨州调查队会计工作和该调查队办公室工作的职务之便，采取公务卡套现后用“中央往来资金零余额”账户（以下简称“零余额”账户）归还公务卡个人支出和开具现金支票的方式，先后多次挪用本单位公款进行非法活动和其他营利活动。具体事实如下： 一、2015年4月至12月，被告人李延卿采取公务卡套现后用“零余额”账户归还公务卡个人支出的方式，先后多次挪用其单位公款共计342802.39元，其中157686.86元用于网络赌球，185115.53元用于购买彩票。同年12月28日至30日，被告人李延卿将上述款项归还至“零余额”账户。 二、2016年1月至12月，被告人李延卿采取公务卡套现后用“零余额”账户归还公务卡个人支出的方式，先后多次挪用其单位公款共计759021.70元，其中333453.88元用于网络赌球，425567.82元用于购买彩票。2016年1月26日，被告人李延卿将上述款项中49036.70元归还至“零余额”账户。 三、2017年1月至12月，被告人李延卿采取公务卡套现后用“零余额”账户归还公务卡个人支出和开具现金支票取现的方式，先后多次挪用其单位公款共计977457.00元，其中531396.12元用于网络赌球，446060.88元用于购买彩票，进行营利活动。 综上，被告人李延卿多次挪用本单位公款共计2079281.09元，其中挪用1022536.86元归个人使用，进行非法活动，挪用1056744.23元归个人使用、进行营利活动。2017年12月17日，被告人李延卿主动向其单位负责人说明挪用公款事实，接受相关部门调查，并将尚未归还款项共计1710753.00元全部归还。2018年1月16日，被告人李延卿在接受滨州市监察委员会调查人员讯问时，如实供述了上述犯罪事实。 上述事实，经庭审举证、质证，有书证滨州市公安局彭李派出所出具的户籍证明、国家统计局滨州调查队出具的证明、干部年度考核登记表、干部任免审批表、干部履历表、中国建设银行股份有限公司滨州分行出具的国家统计局滨州调查队尾号0999、1387账户交易明细、公务卡管理系统支付明细、户名李延卿尾号4354信用卡账户以及户名王某、尾号4313信用卡账户交易明细、现金支票、存款凭证、账户交易明细、退库凭证、客户专用回单、中国工商银行股份有限公司府佑支行出具的户名孙某尾号为8010账户交易明细、中国建设银行股份有限公司滨州分行出具的户名李延卿尾号8895银行账户交易明细、中国农业银行股份有限公司滨州市分行出具的户名李延卿尾号4466银行账户交易明细、立案决定书、滨州市监察委员会出具的破案经过；证人王某、祁某、孙某、高某、周某、张某1、郭某1、范某、盖娜娜、郭某2、程某、任某、李某、张某2的证言；被告人李延卿的供述与辩解；滨州市人民检察院出具的滨检技鉴［2018］（外）2号司法会计检验报告、滨检技鉴［2018］外04号笔迹鉴定书；滨州市公安局网络安全保卫支队出具的公（网安）勘［2018］1号远程勘验工作记录、滨州市公安局电子数据检验鉴定中心滨公（网安）鉴［2018］第001号鉴定工作记录等证据予以证实，足以认定。 关于被告人李延卿的辩护人提出“起诉书指控被告人李延卿挪用公款的数额以及挪用公款用于非法活动、营利活动的证据不足；被告人李延卿所挪用公款应认定为用于从事非法活动和营利活动以外的个人活动，且其中部分挪用款项不足三个月，不应认定构成犯罪；被告人李延卿的挪用行为不能认定达到情节严重的程度”的辩护意见，经查在案有中国建设银行股份有限公司滨州分行出具的国家统计局滨州调查队尾号0999、1387账户交易明细、公务卡管理系统支付明细、户名李延卿尾号4354信用卡账户、户名王某、尾号4313信用卡账户交易明细、现金支票、存款凭证等书证，证实被告人李延卿采取用公务卡套现后用单位零余额账户归还公务卡透支以及用单位账户私自开具现金支票获取资金的方式挪用公款的事实；有中国工商银行股份有限公司府佑支行出具的户名孙某尾号为8010账户交易明细、中国建设银行股份有限公司滨州分行出具的户名李延卿尾号8895银行账户交易明细、中国农业银行股份有限公司滨州市分行出具的户名李延卿尾号4466银行账户交易明细、被告人李延卿的供述与辩解、滨州市公安局网络安全保卫支队出具的公（网安）勘［2018］1号远程勘验工作记录、滨州市公安局电子数据检验鉴定中心滨公（网安）鉴［2018］第001号鉴定工作记录、证人任某、张某2、郭某2、程某等人的证言等证据证实被告人李延卿挪用公款后用于网络赌球非法活动以及购买彩票营利的事实，并有相关的证人证言、滨州市人民检察院出具的滨检技鉴［2018］（外）2号司法会计检验报告、滨检技鉴［2018］外04号笔迹鉴定书等证据与上述证据相印证。综合证实被告人李延卿自2015年4月至2017年12月期间利用负责国家统计局滨州调查队会计工作和该调查队办公室工作的职务之便，采取公务卡套现后用“零余额”账户归还公务卡个人支出和开具现金支票获取资金的方式，先后多次挪用本单位公款1022536.86元进行网络赌球非法活动，挪用1056744.23元进行购买彩票营利活动的事实。以上证据系办案机关依法取得，与案件事实相关联，具备证据的客观性，各证据之间相互印证，足以证实本案事实。因此，辩护人的上述辩护意见不能成立，不予采纳。 关于被告人李延卿的辩护人提出“被告人李延卿系自首，所挪用公款已于案发前全部归还”的辩护意见，经查属实，依法予以采纳。 本院认为，被告人李延卿身为国家工作人员，利用职务上的便利，挪用公款数额较大、进行营利活动；挪用公款归个人使用，进行非法活动，情节严重，其行为已构成挪用公款罪，公诉机关指控罪名成立，本院予以确认。被告人李延卿系自首，依法予以减轻处罚；涉案公款在案发前已经全部归还，酌情予以从轻处罚。依照《中华人民共和国刑法》第三百八十四条第一款、第六十七条第一款、第九十三条的规定，判决如下： 被告人李延卿犯挪用公款罪，判处有期徒刑四年。 （刑期从判决执行之日起计算。判决执行以前先行羁押的，羁押一日折抵刑期一日，即自2018年1月16日起至2022年1月15日止。） 如不服本判决，可在接到判决书的第二日起十日内，通过本院或直接向山东省滨州市中级人民法院提出上诉，书面上诉的，应提交上诉状正本一份，副本二份。 审判长王军 人民陪审员王健 人民陪审员孟瑞 二〇一八年三月八日 书记员卞晓晨","writId":"01543ee21bbee9dec0171c150f23fe54559","writName":"李延卿挪用公款一审刑事判决书"}
