{"ajId":"49f7146d-5b94-4bb3-8d5b-e41413d2e88b","ajName":"蔡某甲交通肇事一案","ajjbqk":" 泉州市鲤城区人民检察院指控：2014年9月10日凌晨4时许，被告人蔡某甲饮酒后驾驶小型普通货车从鲤城区东街的金星酒店停车场出发，沿鲤城区东街、西街由新华路往城西路方向行驶，当车驾驶至鲤城区西街文魁巷口路段，因未注意观察路面情况，碰撞行人王某某，造成王某某受伤送医院抢救无效死亡的重大事故。肇事后，被告人蔡某甲驾车逃离现场。经交警部门认定：被告人蔡某甲应承担事故的全部责任。案发后，被告人蔡某甲的近亲属代其赔偿了被害人的近亲属经济损失210000元。 公诉机关为证实其指控的犯罪事实，向本院提供了相应的证据，并认为被告人蔡某甲的行为已构成交通肇事罪。提请本院依照《中华人民共和国刑法》第一百三十三条之规定，对被告人蔡某甲定罪惩处，同时建议本院对被告人蔡某甲在有期徒刑三年至五年幅度内处刑。 被告人蔡某甲及其辩护人对公诉机关指控的犯罪事实与罪名均无异议。其辩护人提出，被告人是在不知情的情况下驶离现场，不属于肇事后逃逸情形，不应适用交通肇事罪的加重情节。被告人的亲属已赔偿被害人的近亲属，并取得被害人近亲属的谅解，其在庭审过程中已认罪，其认罪态度好，建议对被告人从轻处罚，并适用缓刑。 经审理查明：2014年9月9日晚，被告人蔡某甲在丰泽区清源山上与朋友饮酒后，驾驶小型普通货车回到丰泽区北峰街道凡客居饭店，继续与朋友饮酒，期间，被告人饮用一斤葡萄酒。次日凌晨，被告人蔡某甲驾驶前述车辆至鲤城区城基路，在一家小吃店与朋友饮酒。之后，被告人蔡某甲又驾车至鲤城区东街的金星酒店，在该酒店演艺吧与朋友继续饮酒。当日凌晨4时许，被告人蔡某甲驾车从金星酒店停车场出发，沿鲤城区东街、西街由新华路往城西路方向行驶，行至鲤城区西街文魁巷口路段，因未注意观察路面情况，碰撞行人王某某，造成王某某受伤送医院抢救无效死亡的重大事故。肇事后，被告人蔡某甲驾车逃离现场。经交警部门认定：被告人蔡某甲应承担事故的全部责任。 案发后，被告人蔡某甲的近亲属与被害人的近亲属达成调解协议，被告人蔡某甲的近亲属赔偿被害人的近亲属人民币210000元，被害人的近亲属对被告人蔡某甲的行为表示谅解。 被告人蔡某甲在庭审过程中，如实供述自己的犯罪事实。 另查明，被告人蔡某甲与刘某某同居多年并育有一非婚生子，被告人蔡某甲系家庭的经济支柱，而刘某某没有经济来源。案发后，刘某某举债筹钱赔偿被害人近亲属，在被告人蔡某甲被羁押期间靠打散工及老乡接济维持其与非婚生子的生活。 上述事实，有公诉机关、被告人的辩护人提交，并经法庭质证、认证的下列证据予以证明： 1、证人夏某某的证言，证实：其系出租车的晚班驾驶员，2014年9月10日凌晨3时55分许，其驾车从西郊进入西街往东街方向行驶，行至西街菜市场靠近西郊一侧的路口停车，大约8－9分钟后客人上车。其驾车继续往东街方向行驶，并转入新华路，之后驶离市区。当时西街两侧店铺几乎都歇业，有路灯照明，路段的能见度良好，有50－100米，几乎没有行人及车辆，行驶期间没有发现异常情况。 2、证人张某甲的证言，证实：其是出租车的夜班驾驶员。2014年9月10日凌晨4时许，其驾车沿西街由东往西行驶到西郊，当时西街两侧店铺几乎都歇业，有路灯照明，路段的能见度良好，有50－100米，几乎没有行人及车辆，行驶期间没有发现异常情况。 3、证人刘某某的证言，证实：其系被告人蔡某甲的妻子，2014年9月9日9时许，蔡某甲驾驶小型普通货车到清源山上吃饭，约23时许，蔡某甲驾车载朋友回到丰泽区丰顺路凡客居饭店。其听蔡某甲讲，他们在清源山上已喝了很多样品葡萄酒。蔡某甲在凡客居饭店又喝了一斤多的葡萄酒。次日1时许，其先回家。后来约4时许，蔡某甲才回家。其与蔡某甲育有一子，尚未满13岁，蔡某甲是家庭的经济支柱，而自己长期在家照顾孩子做家务。蔡某甲被羁押后，其靠老乡接济及打散工维持家庭生活。其通过多方筹借款项，才赔偿被害人近亲属。 4、证人李某甲的证言，证实：2014年9月9日晚上约7时许，其在凡客居饭店吃饭时，看到蔡某甲同人喝酒。次日凌晨2时许，蔡某甲打电话约其到城基路东城宾馆对面大排档喝酒。其到大排档，看到蔡某甲在吃米粉。其在大排档呆了10分钟左右，其间，蔡某甲一直向老板要酒，其见他已很醉了，让老板别卖他。之后，其要先去金星酒店帝豪演艺吧，蔡某甲要跟着去，其有跟蔡某甲说，你喝醉了，别去。但其到演艺吧10－20分钟后，蔡某甲就打电话说到军分区门口，于是其将蔡某甲接到演艺吧，期间，其和蔡某甲及小蔡三人一起喝酒，蔡某甲大约喝三四瓶青岛啤酒。 5、证人张某乙的证言，证实：王某某是其母亲，平时住在宫后路公共厕所，看公共厕所。有人告诉他，有看到王某某在2014年9月10日早上3－4时，从甲第巷出去。 6、证人李某乙的证言，证实：2014年9月10日4时许，其骑摩托车经过西街菜市场时看到，路面上倒着一个人，后来，其打110报警。 7、证人苏某某的证言，证实：其是西街店面的店主，住在店里面。2014年9月10日凌晨1时许，其上床睡觉，早上6时许，开店门看到警察在勘查现场，才知道店外发生一起交通事故。其间，其未发现店外面西街路面上有异常声音。 8、证人蒲某某的证言，证实：2014年9月10日凌晨4时4分，其走在西街距文魁巷与西街交叉路口约15米处路段时，其听到身后传来“呯”的一声碰撞声音，声音很大，紧接着一辆绿色皮卡车从其身体左侧约0.5米处超过去，皮卡车超过后继续沿西街往西郊方向直行而去。其以为是撞到文魁巷口的垃圾桶，扭头平视一下，没看到异常，就继续往前走。早上8时许，才听说一老人被撞了。 9、证人蔡某乙的证言，证实：2014年9月9日22时30分许，其到凡客居饭店找蔡某甲讨债，当时，蔡某甲已喝醉了，其间，其看到蔡某甲喝了一瓶葡萄酒。次日凌晨，其先离开凡客居饭店到金星酒店夜总会喝酒。凌晨3时许，蔡某甲又来夜总会找其喝酒，其看到蔡某甲又喝了两玻璃杯啤酒。蔡某甲在3时50分许离开，离开时已喝醉了。 10、道路交通事故现场勘查笔录、道路交通事故现场图、现场照片、监控视频截图、道路交通事故认定书、道路交通事故认定复核结论、物证提取笔录、DNA检验鉴定书、福建君驰司法鉴定所道路交通事故车辆痕迹检验鉴定、鉴定结论告知书、送达回执、驾驶证、行驶证、机动车信息查询结果单、驾驶人信息查询、保险单等，证实：事故发生的过程及事故责任认定等。 11、公安交通管理行政强制措施凭证、扣押物品清单、返还物品清单等，证实：事故发生后，公安机关对涉案车辆的处理情况等。 12、法医学尸表检验报告书、尸体处理通知书，证实：王某某系严重颅脑损伤致神经系统功能衰竭而死亡。 13、户籍证明、常住人口登记卡、公厕保洁协议书、调解书、道路交通事故经济赔偿凭证、和解协议、谅解书、收条，证实：被告人蔡某甲的亲属刘某某举债筹钱赔偿被害人近亲属的经济损失，并取得其谅解，被害人近亲属请求法院对被告人从宽处理，并适用缓刑。 14、抓获经过、工作说明、常住人口基本信息等，证实：被告人的身份情况及归案经过。 15、被告人蔡某甲在庭审过程中的供述，证实：2014年9月9日晚，其和朋友到清源山上，喝了一两多的葡萄酒。之后，其驾驶皮卡车回到丰泽区北峰街道凡客居饭店，继续与朋友饮酒，又喝了一斤多葡萄酒。次日凌晨1时30分，其关了店，又驾车到城基路，在一家小吃店找小李，又喝了一两多的白酒。凌晨2时30分许，其到金星酒店演艺吧与小蔡、小蔡的朋友喝酒，喝了一杯啤酒，但没喝完。待了一个多小时，其驾车从金星酒店停车场离开，沿东街、钟楼、西街、城西路回家，一路上车上开着音乐。中途，在离肇事地点约200米左右的地方，有停车买包子。整个行驶过程中，并未发生异常。在被抓后，才知道发生事故。 16、江西省宁都县居民委员会出具的情况说明，证实：被告人蔡某甲与刘某某同居多年并育有一子，该孩子现已13岁。蔡某甲家庭经济困难，刘某某没有经济来源。请求法院对被告人从轻处理，并适用缓刑。 上述证据，客观真实、取证程序合法且与本案具有关联性，本院予以认定。 针对被告人蔡某甲的辩护人提出，被告人在不知情的情况下驶离现场，其的行为不构成肇事后逃逸的辩解。经查：证人刘某某、李某甲、蔡某乙的证言，可相互佐证证实，2014年9月9日晚至次日凌晨4时许期间，被告人蔡某甲长时间持续饮酒，且饮用一斤以上葡萄酒，已处于醉酒状态。该事实，同时得到被告人供述的印证，应予确认。证人蒲某某的证言证实，事故发生时所发出的声响很大，且按照常理分析，车辆在正常行驶过程中，若发生碰撞，驾驶员不可能不知道，因此，被告人蔡某甲应当知道其撞到被害人。根据《中华人民共和国刑法》第十八条第四款“醉酒的人犯罪，应当负刑事责任”，被告人蔡某甲应当知道其已肇事，但在醉酒状态下，肇事后驶离现场，应当承担肇事后逃逸的刑事责任。同时结合立法设置“交通肇事后逃逸”加重处罚情节的初衷，认定肇事人“逃逸”关键在于肇事人是否同时具备积极履行救助义务和立即投案的行为。本案被告人蔡某甲不仅不具备前述两个条件，并且在侦查阶段始终不承认其肇事，直至庭审过程中才认罪，因此，被告人蔡某甲的行为已构成肇事后逃逸，其辩护人的辩解与事实不符，不予采纳。 ","cpfxgc":"综上所述，本院认为，被告人蔡某甲违反交通运输管理法规，因而发生重大事故，致1人死亡，且在肇事后逃逸，其行为已构成交通肇事罪。公诉机关指控的犯罪成立。被告人蔡某甲在庭审过程中，如实供述自己的罪行，予以从轻处罚。本案被害人近亲属的经济损失已得到全部赔偿，且被害人近亲属对被告人的行为亦表示谅解，本案的社会危害性相对减少，对被告人予以酌情从轻处罚。量刑应当贯彻宽严相济的刑事政策，确保裁判法律效果和社会效果的统一。综合考虑本案属于过失犯罪，所造成的社会矛盾已得到化解，被告人的主观恶性不深、人身危险性较小、有悔改表现，且被告人的家属举债赔偿被害人近亲属，其家庭稳定急需被告人予以维系，如对其适用缓刑，有利于减少社会对抗，有利于被告人的教育改造和回归社会，有利于维系被告人家庭的稳定，因此，对被告人予以宣告缓刑。其辩护人提出，被告人具有赔偿、取得谅解、认罪等从轻处罚情节，建议适用缓刑的辩护意见，予以采纳。据此，依照《中华人民共和国刑法》第一百三十三条、第六十七条第三款、第七十二条第一款、第七十三条第二、三款的规定，判决如下：","pjjg":" 被告人蔡某甲犯交通肇事罪，判处有期徒刑三年，缓刑四年。 （缓刑考验期限从判决确定之日起计算）。 如不服本判决，可在接到判决书的第二日起十日内，通过本院或者直接向福建省泉州市中级人民法院提出上诉。书面上诉的，应交上诉状正本一份，副本二份。","qw":"福建省泉州市鲤城区人民法院 刑事判决书 （2014）鲤刑初字第416号 公诉机关泉州市鲤城区人民检察院。 被告人蔡某甲，男，1980年9月28日出生，汉族，初中文化，务工，家住江西省宁都县。因涉嫌犯交通肇事罪于2014年9月12日被抓获羁押，次日被刑事拘留，同月26日被逮捕，2015年1月19日变更为取保候审。现在家候审。 指定辩护人郑宝玉，泉州市鲤城区法律援助中心律师。 泉州市鲤城区人民检察院以泉鲤检刑诉（2014）1260号起诉书指控被告人蔡某甲犯交通肇事罪，于2014年11月18日向本院提起公诉。本院于同月25日立案，依法适用普通程序，组成合议庭，公开开庭进行了审理。泉州市鲤城区人民检察院指派检察员何磊璇出庭支持公诉，被告人蔡某甲及其指定辩护人郑宝玉到庭参加诉讼。现已审理终结。 泉州市鲤城区人民检察院指控：2014年9月10日凌晨4时许，被告人蔡某甲饮酒后驾驶小型普通货车从鲤城区东街的金星酒店停车场出发，沿鲤城区东街、西街由新华路往城西路方向行驶，当车驾驶至鲤城区西街文魁巷口路段，因未注意观察路面情况，碰撞行人王某某，造成王某某受伤送医院抢救无效死亡的重大事故。肇事后，被告人蔡某甲驾车逃离现场。经交警部门认定：被告人蔡某甲应承担事故的全部责任。案发后，被告人蔡某甲的近亲属代其赔偿了被害人的近亲属经济损失210000元。 公诉机关为证实其指控的犯罪事实，向本院提供了相应的证据，并认为被告人蔡某甲的行为已构成交通肇事罪。提请本院依照《中华人民共和国刑法》第一百三十三条之规定，对被告人蔡某甲定罪惩处，同时建议本院对被告人蔡某甲在有期徒刑三年至五年幅度内处刑。 被告人蔡某甲及其辩护人对公诉机关指控的犯罪事实与罪名均无异议。其辩护人提出，被告人是在不知情的情况下驶离现场，不属于肇事后逃逸情形，不应适用交通肇事罪的加重情节。被告人的亲属已赔偿被害人的近亲属，并取得被害人近亲属的谅解，其在庭审过程中已认罪，其认罪态度好，建议对被告人从轻处罚，并适用缓刑。 经审理查明：2014年9月9日晚，被告人蔡某甲在丰泽区清源山上与朋友饮酒后，驾驶小型普通货车回到丰泽区北峰街道凡客居饭店，继续与朋友饮酒，期间，被告人饮用一斤葡萄酒。次日凌晨，被告人蔡某甲驾驶前述车辆至鲤城区城基路，在一家小吃店与朋友饮酒。之后，被告人蔡某甲又驾车至鲤城区东街的金星酒店，在该酒店演艺吧与朋友继续饮酒。当日凌晨4时许，被告人蔡某甲驾车从金星酒店停车场出发，沿鲤城区东街、西街由新华路往城西路方向行驶，行至鲤城区西街文魁巷口路段，因未注意观察路面情况，碰撞行人王某某，造成王某某受伤送医院抢救无效死亡的重大事故。肇事后，被告人蔡某甲驾车逃离现场。经交警部门认定：被告人蔡某甲应承担事故的全部责任。 案发后，被告人蔡某甲的近亲属与被害人的近亲属达成调解协议，被告人蔡某甲的近亲属赔偿被害人的近亲属人民币210000元，被害人的近亲属对被告人蔡某甲的行为表示谅解。 被告人蔡某甲在庭审过程中，如实供述自己的犯罪事实。 另查明，被告人蔡某甲与刘某某同居多年并育有一非婚生子，被告人蔡某甲系家庭的经济支柱，而刘某某没有经济来源。案发后，刘某某举债筹钱赔偿被害人近亲属，在被告人蔡某甲被羁押期间靠打散工及老乡接济维持其与非婚生子的生活。 上述事实，有公诉机关、被告人的辩护人提交，并经法庭质证、认证的下列证据予以证明： 1、证人夏某某的证言，证实：其系出租车的晚班驾驶员，2014年9月10日凌晨3时55分许，其驾车从西郊进入西街往东街方向行驶，行至西街菜市场靠近西郊一侧的路口停车，大约8－9分钟后客人上车。其驾车继续往东街方向行驶，并转入新华路，之后驶离市区。当时西街两侧店铺几乎都歇业，有路灯照明，路段的能见度良好，有50－100米，几乎没有行人及车辆，行驶期间没有发现异常情况。 2、证人张某甲的证言，证实：其是出租车的夜班驾驶员。2014年9月10日凌晨4时许，其驾车沿西街由东往西行驶到西郊，当时西街两侧店铺几乎都歇业，有路灯照明，路段的能见度良好，有50－100米，几乎没有行人及车辆，行驶期间没有发现异常情况。 3、证人刘某某的证言，证实：其系被告人蔡某甲的妻子，2014年9月9日9时许，蔡某甲驾驶小型普通货车到清源山上吃饭，约23时许，蔡某甲驾车载朋友回到丰泽区丰顺路凡客居饭店。其听蔡某甲讲，他们在清源山上已喝了很多样品葡萄酒。蔡某甲在凡客居饭店又喝了一斤多的葡萄酒。次日1时许，其先回家。后来约4时许，蔡某甲才回家。其与蔡某甲育有一子，尚未满13岁，蔡某甲是家庭的经济支柱，而自己长期在家照顾孩子做家务。蔡某甲被羁押后，其靠老乡接济及打散工维持家庭生活。其通过多方筹借款项，才赔偿被害人近亲属。 4、证人李某甲的证言，证实：2014年9月9日晚上约7时许，其在凡客居饭店吃饭时，看到蔡某甲同人喝酒。次日凌晨2时许，蔡某甲打电话约其到城基路东城宾馆对面大排档喝酒。其到大排档，看到蔡某甲在吃米粉。其在大排档呆了10分钟左右，其间，蔡某甲一直向老板要酒，其见他已很醉了，让老板别卖他。之后，其要先去金星酒店帝豪演艺吧，蔡某甲要跟着去，其有跟蔡某甲说，你喝醉了，别去。但其到演艺吧10－20分钟后，蔡某甲就打电话说到军分区门口，于是其将蔡某甲接到演艺吧，期间，其和蔡某甲及小蔡三人一起喝酒，蔡某甲大约喝三四瓶青岛啤酒。 5、证人张某乙的证言，证实：王某某是其母亲，平时住在宫后路公共厕所，看公共厕所。有人告诉他，有看到王某某在2014年9月10日早上3－4时，从甲第巷出去。 6、证人李某乙的证言，证实：2014年9月10日4时许，其骑摩托车经过西街菜市场时看到，路面上倒着一个人，后来，其打110报警。 7、证人苏某某的证言，证实：其是西街店面的店主，住在店里面。2014年9月10日凌晨1时许，其上床睡觉，早上6时许，开店门看到警察在勘查现场，才知道店外发生一起交通事故。其间，其未发现店外面西街路面上有异常声音。 8、证人蒲某某的证言，证实：2014年9月10日凌晨4时4分，其走在西街距文魁巷与西街交叉路口约15米处路段时，其听到身后传来“呯”的一声碰撞声音，声音很大，紧接着一辆绿色皮卡车从其身体左侧约0.5米处超过去，皮卡车超过后继续沿西街往西郊方向直行而去。其以为是撞到文魁巷口的垃圾桶，扭头平视一下，没看到异常，就继续往前走。早上8时许，才听说一老人被撞了。 9、证人蔡某乙的证言，证实：2014年9月9日22时30分许，其到凡客居饭店找蔡某甲讨债，当时，蔡某甲已喝醉了，其间，其看到蔡某甲喝了一瓶葡萄酒。次日凌晨，其先离开凡客居饭店到金星酒店夜总会喝酒。凌晨3时许，蔡某甲又来夜总会找其喝酒，其看到蔡某甲又喝了两玻璃杯啤酒。蔡某甲在3时50分许离开，离开时已喝醉了。 10、道路交通事故现场勘查笔录、道路交通事故现场图、现场照片、监控视频截图、道路交通事故认定书、道路交通事故认定复核结论、物证提取笔录、DNA检验鉴定书、福建君驰司法鉴定所道路交通事故车辆痕迹检验鉴定、鉴定结论告知书、送达回执、驾驶证、行驶证、机动车信息查询结果单、驾驶人信息查询、保险单等，证实：事故发生的过程及事故责任认定等。 11、公安交通管理行政强制措施凭证、扣押物品清单、返还物品清单等，证实：事故发生后，公安机关对涉案车辆的处理情况等。 12、法医学尸表检验报告书、尸体处理通知书，证实：王某某系严重颅脑损伤致神经系统功能衰竭而死亡。 13、户籍证明、常住人口登记卡、公厕保洁协议书、调解书、道路交通事故经济赔偿凭证、和解协议、谅解书、收条，证实：被告人蔡某甲的亲属刘某某举债筹钱赔偿被害人近亲属的经济损失，并取得其谅解，被害人近亲属请求法院对被告人从宽处理，并适用缓刑。 14、抓获经过、工作说明、常住人口基本信息等，证实：被告人的身份情况及归案经过。 15、被告人蔡某甲在庭审过程中的供述，证实：2014年9月9日晚，其和朋友到清源山上，喝了一两多的葡萄酒。之后，其驾驶皮卡车回到丰泽区北峰街道凡客居饭店，继续与朋友饮酒，又喝了一斤多葡萄酒。次日凌晨1时30分，其关了店，又驾车到城基路，在一家小吃店找小李，又喝了一两多的白酒。凌晨2时30分许，其到金星酒店演艺吧与小蔡、小蔡的朋友喝酒，喝了一杯啤酒，但没喝完。待了一个多小时，其驾车从金星酒店停车场离开，沿东街、钟楼、西街、城西路回家，一路上车上开着音乐。中途，在离肇事地点约200米左右的地方，有停车买包子。整个行驶过程中，并未发生异常。在被抓后，才知道发生事故。 16、江西省宁都县居民委员会出具的情况说明，证实：被告人蔡某甲与刘某某同居多年并育有一子，该孩子现已13岁。蔡某甲家庭经济困难，刘某某没有经济来源。请求法院对被告人从轻处理，并适用缓刑。 上述证据，客观真实、取证程序合法且与本案具有关联性，本院予以认定。 针对被告人蔡某甲的辩护人提出，被告人在不知情的情况下驶离现场，其的行为不构成肇事后逃逸的辩解。经查：证人刘某某、李某甲、蔡某乙的证言，可相互佐证证实，2014年9月9日晚至次日凌晨4时许期间，被告人蔡某甲长时间持续饮酒，且饮用一斤以上葡萄酒，已处于醉酒状态。该事实，同时得到被告人供述的印证，应予确认。证人蒲某某的证言证实，事故发生时所发出的声响很大，且按照常理分析，车辆在正常行驶过程中，若发生碰撞，驾驶员不可能不知道，因此，被告人蔡某甲应当知道其撞到被害人。根据《中华人民共和国刑法》第十八条第四款“醉酒的人犯罪，应当负刑事责任”，被告人蔡某甲应当知道其已肇事，但在醉酒状态下，肇事后驶离现场，应当承担肇事后逃逸的刑事责任。同时结合立法设置“交通肇事后逃逸”加重处罚情节的初衷，认定肇事人“逃逸”关键在于肇事人是否同时具备积极履行救助义务和立即投案的行为。本案被告人蔡某甲不仅不具备前述两个条件，并且在侦查阶段始终不承认其肇事，直至庭审过程中才认罪，因此，被告人蔡某甲的行为已构成肇事后逃逸，其辩护人的辩解与事实不符，不予采纳。 综上所述，本院认为，被告人蔡某甲违反交通运输管理法规，因而发生重大事故，致1人死亡，且在肇事后逃逸，其行为已构成交通肇事罪。公诉机关指控的犯罪成立。被告人蔡某甲在庭审过程中，如实供述自己的罪行，予以从轻处罚。本案被害人近亲属的经济损失已得到全部赔偿，且被害人近亲属对被告人的行为亦表示谅解，本案的社会危害性相对减少，对被告人予以酌情从轻处罚。量刑应当贯彻宽严相济的刑事政策，确保裁判法律效果和社会效果的统一。综合考虑本案属于过失犯罪，所造成的社会矛盾已得到化解，被告人的主观恶性不深、人身危险性较小、有悔改表现，且被告人的家属举债赔偿被害人近亲属，其家庭稳定急需被告人予以维系，如对其适用缓刑，有利于减少社会对抗，有利于被告人的教育改造和回归社会，有利于维系被告人家庭的稳定，因此，对被告人予以宣告缓刑。其辩护人提出，被告人具有赔偿、取得谅解、认罪等从轻处罚情节，建议适用缓刑的辩护意见，予以采纳。据此，依照《中华人民共和国刑法》第一百三十三条、第六十七条第三款、第七十二条第一款、第七十三条第二、三款的规定，判决如下： 被告人蔡某甲犯交通肇事罪，判处有期徒刑三年，缓刑四年。 （缓刑考验期限从判决确定之日起计算）。 如不服本判决，可在接到判决书的第二日起十日内，通过本院或者直接向福建省泉州市中级人民法院提出上诉。书面上诉的，应交上诉状正本一份，副本二份。 审判长王文鑫 代理审判员陈德辉 人民陪审员吴梅农 二〇一五年二月九日 书记员缪玢 附：本判决书适用的法律条文 《中华人民共和国刑法》 第一百三十三条违反交通运输管理法规，因而发生重大事故，致人重伤、死亡或者使公私财产遭受重大损失的，处三年以下有期徒刑或者拘役；交通运输肇事后逃逸或者有其他特别恶劣情节的，处三年以上七年以下有期徒刑；因逃逸致人死亡的，处七年以上有期徒刑。 第六十七条犯罪以后自动投案，如实供述自己的罪行的，是自首。对于自首的犯罪分子，可以从轻或者减轻处罚。其中，犯罪较轻的，可以免除处罚。 被采取强制措施的犯罪嫌疑人、被告人和正在服刑的罪犯，如实供述司法机关还未掌握的本人其他罪行的，以自首论。 犯罪嫌疑人虽不具有前两款规定的自首情节，但是如实供述自己罪行的，可以从轻处罚；因其如实供述自己罪行，避免特别严重后果发生的，可以减轻处罚。 第七十二条对于被判处拘役、三年以下有期徒刑的犯罪分子，同时符合下列条件的，可以宣告缓刑，对其中不满十八周岁的人、怀孕的妇女和已满七十五周岁的人，应当宣告缓刑： （一）犯罪情节较轻； （二）有悔罪表现； （三）没有再犯罪的危险； （四）宣告缓刑对所居住社区没有重大不良影响。 宣告缓刑，可以根据犯罪情况，同时禁止犯罪分子在缓刑考验期限内从事特定活动，进入特定区域、场所，接触特定的人。 被宣告缓刑的犯罪分子，如果被判处附加刑，附加刑仍须执行。 第七十三条拘役的缓刑考验期限为原判刑期以上一年以下，但是不能少于二个月。 有期徒刑的缓刑考验期限为原判刑期以上五年以下，但是不能少于一年。 缓刑考验期限，从判决确定之日起计算。","writId":"01596b3d518abedfea6a92ac78aa8327b40","writName":"蔡某甲交通肇事案一审刑事判决书416"}
