{"ajId":"4477ea27-9fa3-4a3d-96f2-60c9dbef64a8","ajName":"安某、陇康抢劫、强奸一案","ajjbqk":" 原审法院认定，2015年06月29日00时许，被告人安某携带西瓜刀和封口胶等器具，前往赫章县双坪乡安山小学，关掉教师宿舍的电源，攀爬至二楼翻窗进入被害人向某的寝室，持刀威逼向某，向向某索要财物，强行脱掉向某的衣服、裤子，用封口胶封住向某的嘴、捆住向某的双手，强奸向某，劫走向某的人民币221元和2部价值共计人民币1，147元的手机。案发后，被抢手机已被公安民警追回并发还被害人。另外公安民警从被告安某召处扣押到作案工具1把西瓜刀、1卷封口胶布等物品。 原审法院认为安某召以非法占有为目的，使用暴力手段，持械入户劫取他人财物，其行为已构成抢劫罪安某召违背妇女意志，采用暴力手段，强奸妇女，其行为已构成强奸罪；依法予以数罪并罚安某召作案时不满十八周岁，系未成年人犯罪，到案后能如实供述自己的犯罪事实，在庭审中自愿认罪，依法予以减轻、从轻处罚，被告安某召抢劫所得部分财物已由公安机关追回并发还被害人，酌情安某召从轻处罚。对于附带民事诉讼原告人向某提出判令被告安某召及其法定代理人共同赔偿其车旅费3，000元、护理费21，600元的诉讼主张，由于向某及其诉讼代理人未向法庭提交任何证据，不予支持。对附带民事诉讼原告人向某提出赔偿精神损害赔偿金10万元的诉讼主张，因不属于刑事附带民事诉讼的赔偿范围，不予支持。据此，依照《中华人民共和国刑法》第二百六十三条、第二百三十六条第一款、第六十九条、第十七条第一、三款、第六十七条第三款、第五十二条、第五十三条、第六十四条、《最高人民法院关于适用〈中华人民共和国刑事诉讼法〉的解释》第一百三十八条、第一百五十一条之规定，判决如下： 一、被告人安某犯抢劫罪，判处有期徒刑八年，并处罚金人民币二千元；犯强奸罪，判处有期徒刑三年。数罪并罚，决定执行有期徒刑十年，并处罚金人民币二千元。 二、公安民警扣押在案未移送的作案工具一把西瓜刀、一卷封口胶布，予以没收。 三、驳回附带民事诉讼原告人向某的诉讼请求。 宣判后，原审被告人安某不服，上诉称：本案不应认定为入户抢劫，安某作案时系未成年人，原判量刑过重，请求从轻处罚。 二审提审中，安某亦以该理由进行辩解， 辩护人陇康提出的辩护意见与上诉人的上诉理由一致。 经审理查明，原判认定事实清楚，据以认定的证据已在一审判决书中分项列述，并经一审庭审举证、质证，查证属实，本院二审中，上诉人安某未提出新的证据。本院对一审判决认定的事实和列举证据予以确认。 ","cpfxgc":"本院认为，持械入户劫取他人财物，其行为已构成抢劫罪；违背妇女意志，采用暴力手段强奸妇女，其行为已构成强奸罪；应对其数罪并罚。对上诉人安某及其辩护人所提本案不应认定为入户抢劫的上诉理由及辩护意见，经查，本案发生于被害人独自居住生活的住所室内，应当认定为入户抢劫，对该上诉理由及辩护意见本院不予采纳。对上诉人及其辩护人所提安某作案时系未成年人，原判量刑过重，请求从轻处罚的上诉理由及辩护意见，经查，安某作案时系未成年人，且为在校学生，依法应当对其减轻处罚，原判仅对其所犯抢劫罪减轻处罚，但未对强奸罪减轻处罚，量刑过重，对该上诉理由及辩护意见本院予以采纳。原判认定事实清楚，适用法律正确，审判程序合法，但量刑过重。据此，依照《中华人民共和国刑法》第二百六十三条、第二百三十六条第一款、第六十九条、第十七条第一、三款、第六十七条第三款、第五十二条、第五十三条、第六十四条及《中华人民共和国刑事诉讼法》第二百二十五条一款第（二）项之规定，判决如下：","pjjg":" 一、维持赫章县人民法院（2015）黔赫刑初字第231号刑事附带民事判决第二、三项；即公安民警扣押在案未移送的作案工具一把西瓜刀、一卷封口胶布，予以没收；驳回附带民事诉讼原告人向某的诉讼请求。 二、撤销赫章县人民法院（2015）黔赫刑初字第231号刑事附带民事判决第一项；即被告人安某犯抢劫罪，判处有期徒刑八年，并处罚金人民币二千元；犯强奸罪，判处有期徒刑三年。数罪并罚，决定执行有期徒刑十年，并处罚金人民币二千元。 三、上诉人安某犯抢劫罪，判处有期徒刑八年，并处罚金人民币二千元；犯强奸罪，判处有期徒刑二年。数罪并罚，决定执行有期徒刑九年，并处罚金人民币二千元。 ［刑期从判决执行之日起计算，判决执行以前先行羁押的，羁押一日折抵刑期一日，即被告人安某的刑期自2015年7月6日起至2025年6月5日止。所处罚金，应在本判决生效后三十日内缴纳。］ 本判决为终审判决。","qw":"安某、陇康抢劫、强奸二审刑事判决书 {C} 贵州省毕节市中级人民法院 刑事附带民事判决书 （2016）黔05刑终237号 原公诉机关贵州省赫章县人民检察院。 上诉人（原审被告人）安某，男，1998年5月5日出生于贵州省赫章县，彝族，初中文化，学生，住赫章县。因本案于2015年7月6日被抓获，次日被刑事拘留，同年7月21日被逮捕。现羁押于赫章县看守所。 被害人陇康，贵州浩锐律师事务所律师。 原审附带民事诉讼原告人向某，系本案被害人，女，1986年6月13日出生于贵州省毕节市七星关区，汉族，本科文化，教师，住毕节市七星关区。 原审附带民事诉讼被告人安荣富，男，1970年3月21日出生于贵州省赫章县，彝族，小学文化，农民，住赫章县，系被告人安某之父。 原审附带民事诉讼被告人陇艳，女，1970年11月15日出生于贵州省赫章县，彝族，小学文化，农民，住址同上，系被告人安某之母。 贵州省赫章县人民法院审理贵州省赫章县人民检察院指控原审被告人安某犯抢劫罪、强奸罪一案，于2016年4月25日作出（2015）黔赫刑初字第231号刑事附带民事判决。原审被告人安某不服，向本院提出上诉。本院依法组成合议庭，经过阅卷及讯问原审被告人，认为事实清楚，决定不开庭审理。现已审理终结。 原审法院认定，2015年06月29日00时许，被告人安某携带西瓜刀和封口胶等器具，前往赫章县双坪乡安山小学，关掉教师宿舍的电源，攀爬至二楼翻窗进入被害人向某的寝室，持刀威逼向某，向向某索要财物，强行脱掉向某的衣服、裤子，用封口胶封住向某的嘴、捆住向某的双手，强奸向某，劫走向某的人民币221元和2部价值共计人民币1，147元的手机。案发后，被抢手机已被公安民警追回并发还被害人。另外公安民警从被告安某召处扣押到作案工具1把西瓜刀、1卷封口胶布等物品。 原审法院认为安某召以非法占有为目的，使用暴力手段，持械入户劫取他人财物，其行为已构成抢劫罪安某召违背妇女意志，采用暴力手段，强奸妇女，其行为已构成强奸罪；依法予以数罪并罚安某召作案时不满十八周岁，系未成年人犯罪，到案后能如实供述自己的犯罪事实，在庭审中自愿认罪，依法予以减轻、从轻处罚，被告安某召抢劫所得部分财物已由公安机关追回并发还被害人，酌情安某召从轻处罚。对于附带民事诉讼原告人向某提出判令被告安某召及其法定代理人共同赔偿其车旅费3，000元、护理费21，600元的诉讼主张，由于向某及其诉讼代理人未向法庭提交任何证据，不予支持。对附带民事诉讼原告人向某提出赔偿精神损害赔偿金10万元的诉讼主张，因不属于刑事附带民事诉讼的赔偿范围，不予支持。据此，依照《中华人民共和国刑法》第二百六十三条、第二百三十六条第一款、第六十九条、第十七条第一、三款、第六十七条第三款、第五十二条、第五十三条、第六十四条、《最高人民法院关于适用〈中华人民共和国刑事诉讼法〉的解释》第一百三十八条、第一百五十一条之规定，判决如下： 一、被告人安某犯抢劫罪，判处有期徒刑八年，并处罚金人民币二千元；犯强奸罪，判处有期徒刑三年。数罪并罚，决定执行有期徒刑十年，并处罚金人民币二千元。 二、公安民警扣押在案未移送的作案工具一把西瓜刀、一卷封口胶布，予以没收。 三、驳回附带民事诉讼原告人向某的诉讼请求。 宣判后，原审被告人安某不服，上诉称：本案不应认定为入户抢劫，安某作案时系未成年人，原判量刑过重，请求从轻处罚。 二审提审中，安某亦以该理由进行辩解， 辩护人陇康提出的辩护意见与上诉人的上诉理由一致。 经审理查明，原判认定事实清楚，据以认定的证据已在一审判决书中分项列述，并经一审庭审举证、质证，查证属实，本院二审中，上诉人安某未提出新的证据。本院对一审判决认定的事实和列举证据予以确认。 本院认为，持械入户劫取他人财物，其行为已构成抢劫罪；违背妇女意志，采用暴力手段强奸妇女，其行为已构成强奸罪；应对其数罪并罚。对上诉人安某及其辩护人所提本案不应认定为入户抢劫的上诉理由及辩护意见，经查，本案发生于被害人独自居住生活的住所室内，应当认定为入户抢劫，对该上诉理由及辩护意见本院不予采纳。对上诉人及其辩护人所提安某作案时系未成年人，原判量刑过重，请求从轻处罚的上诉理由及辩护意见，经查，安某作案时系未成年人，且为在校学生，依法应当对其减轻处罚，原判仅对其所犯抢劫罪减轻处罚，但未对强奸罪减轻处罚，量刑过重，对该上诉理由及辩护意见本院予以采纳。原判认定事实清楚，适用法律正确，审判程序合法，但量刑过重。据此，依照《中华人民共和国刑法》第二百六十三条、第二百三十六条第一款、第六十九条、第十七条第一、三款、第六十七条第三款、第五十二条、第五十三条、第六十四条及《中华人民共和国刑事诉讼法》第二百二十五条一款第（二）项之规定，判决如下： 一、维持赫章县人民法院（2015）黔赫刑初字第231号刑事附带民事判决第二、三项；即公安民警扣押在案未移送的作案工具一把西瓜刀、一卷封口胶布，予以没收；驳回附带民事诉讼原告人向某的诉讼请求。 二、撤销赫章县人民法院（2015）黔赫刑初字第231号刑事附带民事判决第一项；即被告人安某犯抢劫罪，判处有期徒刑八年，并处罚金人民币二千元；犯强奸罪，判处有期徒刑三年。数罪并罚，决定执行有期徒刑十年，并处罚金人民币二千元。 三、上诉人安某犯抢劫罪，判处有期徒刑八年，并处罚金人民币二千元；犯强奸罪，判处有期徒刑二年。数罪并罚，决定执行有期徒刑九年，并处罚金人民币二千元。 ［刑期从判决执行之日起计算，判决执行以前先行羁押的，羁押一日折抵刑期一日，即被告人安某的刑期自2015年7月6日起至2025年6月5日止。所处罚金，应在本判决生效后三十日内缴纳。］ 本判决为终审判决。 审判长黄梅 审判员刘崇高 代理审判员王明相 二〇一六年七月二十五日 书记员申开富","writId":"0209cbc59ecadfd903f6c08c756dc515159","writName":"安某、陇康抢劫、强奸二审刑事判决书"}
