{"ajId":"75f5c364-8d84-4fdb-8541-8fcaeaa9c58d","ajName":"东莞市国傲塑料制品有限公司、刘伟虚开增值税专用发票、用于骗取出口退税、抵扣税款发票一案","ajjbqk":" 东莞市第三市区人民检察院指控，被告人刘伟系被告单位东莞市国傲塑料制品有限公司（以下简称国傲公司）的法定代表人。2016年1月，国傲公司急需增值税专用发票抵扣税款，刘伟便找到被告人廖虎英让其帮忙开具增值税专用发票。廖虎英明知刘伟无实际履行能力，仍通过姓李男子（另案处理）在深圳市文武思科技有限公司（另案处理）为国傲公司开具了3份增值税专用发票（价税合计350649元，税额合计50949元）。2016年1月21日，刘伟收到发票后向廖虎英支付26303元。当月月底，刘伟将3张发票信息录入税务系统申请抵扣税款。2016年11月1日，东莞市国家税务局东城分局发现3份发票系虚开。2017年1月4日，国傲公司对该3份发票涉及的税款做进项转出，补交增值税50949元，滞纳金8035.42元。 2016年12月27日16时许，公安机关在东莞市黄江镇华南塑料城将被告人刘伟、廖虎英抓获归案，并起回案涉发票。 为支持上述指控，公诉机关提供了现场勘验材料，增值税防伪税控系统鉴定意见等鉴定结论，证人黄某的证言，物证增值税专用发票，银行开户信息与交易流水等书证，刘伟等被告人的供述与辩解等证据，并据此认为被告单位国傲公司、被告人刘伟、廖虎英无视国法，违反国家发票管理规定，虚开增值税专用发票，应当以虚开增值税专用发票罪追究其刑事责任，并建议对国傲公司判处罚金，对被告人刘伟判处六个月至一年六个月有期徒刑或拘役，对被告人廖虎英判处六个月至一年六个月有期徒刑或拘役，并处二万元至二十万元罚金。 在法庭上，被告单位国傲公司诉讼代表人袁荣清，被告人刘伟、廖虎英对公诉机关指控的事实和罪名均无异议。 被告人廖虎英的辩护人提出被告人刘伟具有自首情节，是初犯，认罪、悔罪等辩护意见。 经审理查明，公诉机关指控被告单位国傲公司，被告人刘伟、廖虎英犯虚开增值税专用发票罪，事实清楚，证据确实充分，足以认定。 另查明，2016年12月27日，被告人刘伟、廖虎英因本案虚开增值税发票一事发生纠纷，后廖虎英报警，二人均留在现场等候，公安机关于当日16时许在东莞市黄江镇华南塑料城将被告人刘伟、廖虎英抓获归案，并起回案涉发票。 ","cpfxgc":"本院认为，被告单位国傲公司、被告人刘伟、廖虎英无视国法，违反国家发票管理规定，为他人虚开增值税专用发票，其行为均已构成虚开增值税专用发票罪，依法应予惩处。公诉机关指控被告单位国傲公司、被告人刘伟、廖虎英犯虚开增值税专用发票罪，事实清楚，证据确实充分，指控的罪名成立，本院予以支持。被告人刘伟主动投案后如实供述被告单位国傲公司及其本人的犯罪事实，是自首，依法可以对被告单位国傲公司、被告人刘伟从轻处罚。被告人廖虎英主动投案，归案后如实供述犯罪事实，是自首，依法可从轻处罚。辩护人所提辩护意见，经查属实，本院予以采纳。根据被告人刘伟、廖虎英的犯罪情节和悔罪表现，依法可对其适用缓刑。 视被告单位国傲公司及被告人刘伟，廖虎英的犯罪情节及悔罪表现，依照《中华人民共和国刑法》第二百零五条、第三十条、第三十一条、第六十七条第一款、第七十二条第一款、第三款、第七十三条第二款、第三款、第五十三条的规定，判决如下：","pjjg":" 一、被告单位东莞市国傲塑料制品有限公司，犯虚开增值税专用发票罪，判处罚金人民币40000元（罚金已预缴）。 二、被告人刘伟犯虚开增值税专用发票罪，判处有期徒刑八个月，缓刑一年（缓刑考验期限，从判决确定之日起计算）。 三、被告人廖虎英犯虚开增值税专用发票罪，判处有期徒刑八个月，缓刑一年，并处罚金人民币20000元（缓刑考验期限，从判决确定之日起计算。罚金已预缴）。 如不服本判决，可在接到判决书的第二日起十日内，通过本院或直接向东莞市中级人民法院提出上诉。书面上诉的，应当提交上诉状正本一份，副本二份。","qw":"广东省东莞市第三人民法院 刑事判决书 （2017）粤1973刑初1194号 公诉机关东莞市第三市区人民检察院。 被告单位东莞市国傲塑料制品有限公司（以下简称国傲公司），住所地为广东省东莞市东城区上桥贝屋岭工业区2号。 诉讼代表人袁荣清，男，43岁，系国傲公司生产主管。 被告人刘伟，男，1981年5月30日出生，汉族，初中文化，系国傲公司法定代表人，户籍所在地为湖北省谷城县，因涉嫌犯非法购买增值税专用发票罪于2016年12月27日被羁押，同月28日被刑事拘留，2017年1月6日被公安机关取保候审，2017年7月14日被本院取保候审。 被告人廖虎英，男，1986年1月17日出生，汉族，大专文化，曾系东莞市坤森塑料有限公司员工，户籍所在地为湖北省武汉市武昌区，因涉嫌犯非法出售增值税专用发票罪于于2016年12月27日被羁押，同月28日被刑事拘留，2017年1月6日被公安机关取保候审，2017年7月14日被本院取保候审。 辩护人王建红，广东名道律师事务所律师。 东莞市第三市区人民检察院以东三区检刑诉［2017］1182号起诉书指控被告单位国傲公司，被告人刘伟、廖虎英犯虚开增值税专用发票罪，于2017年7月7日向本院提起公诉，本院依法组成合议庭，于2017年8月7日公开开庭审理了本案。东莞市第三市区人民检察院指派检察员张有胜出庭支持公诉，被告单位国傲公司诉讼代表人袁荣清，被告人刘伟，被告人廖虎英及其辩护人王建红到庭参加诉讼。现已审理终结。 东莞市第三市区人民检察院指控，被告人刘伟系被告单位东莞市国傲塑料制品有限公司（以下简称国傲公司）的法定代表人。2016年1月，国傲公司急需增值税专用发票抵扣税款，刘伟便找到被告人廖虎英让其帮忙开具增值税专用发票。廖虎英明知刘伟无实际履行能力，仍通过姓李男子（另案处理）在深圳市文武思科技有限公司（另案处理）为国傲公司开具了3份增值税专用发票（价税合计350649元，税额合计50949元）。2016年1月21日，刘伟收到发票后向廖虎英支付26303元。当月月底，刘伟将3张发票信息录入税务系统申请抵扣税款。2016年11月1日，东莞市国家税务局东城分局发现3份发票系虚开。2017年1月4日，国傲公司对该3份发票涉及的税款做进项转出，补交增值税50949元，滞纳金8035.42元。 2016年12月27日16时许，公安机关在东莞市黄江镇华南塑料城将被告人刘伟、廖虎英抓获归案，并起回案涉发票。 为支持上述指控，公诉机关提供了现场勘验材料，增值税防伪税控系统鉴定意见等鉴定结论，证人黄某的证言，物证增值税专用发票，银行开户信息与交易流水等书证，刘伟等被告人的供述与辩解等证据，并据此认为被告单位国傲公司、被告人刘伟、廖虎英无视国法，违反国家发票管理规定，虚开增值税专用发票，应当以虚开增值税专用发票罪追究其刑事责任，并建议对国傲公司判处罚金，对被告人刘伟判处六个月至一年六个月有期徒刑或拘役，对被告人廖虎英判处六个月至一年六个月有期徒刑或拘役，并处二万元至二十万元罚金。 在法庭上，被告单位国傲公司诉讼代表人袁荣清，被告人刘伟、廖虎英对公诉机关指控的事实和罪名均无异议。 被告人廖虎英的辩护人提出被告人刘伟具有自首情节，是初犯，认罪、悔罪等辩护意见。 经审理查明，公诉机关指控被告单位国傲公司，被告人刘伟、廖虎英犯虚开增值税专用发票罪，事实清楚，证据确实充分，足以认定。 另查明，2016年12月27日，被告人刘伟、廖虎英因本案虚开增值税发票一事发生纠纷，后廖虎英报警，二人均留在现场等候，公安机关于当日16时许在东莞市黄江镇华南塑料城将被告人刘伟、廖虎英抓获归案，并起回案涉发票。 本院认为，被告单位国傲公司、被告人刘伟、廖虎英无视国法，违反国家发票管理规定，为他人虚开增值税专用发票，其行为均已构成虚开增值税专用发票罪，依法应予惩处。公诉机关指控被告单位国傲公司、被告人刘伟、廖虎英犯虚开增值税专用发票罪，事实清楚，证据确实充分，指控的罪名成立，本院予以支持。被告人刘伟主动投案后如实供述被告单位国傲公司及其本人的犯罪事实，是自首，依法可以对被告单位国傲公司、被告人刘伟从轻处罚。被告人廖虎英主动投案，归案后如实供述犯罪事实，是自首，依法可从轻处罚。辩护人所提辩护意见，经查属实，本院予以采纳。根据被告人刘伟、廖虎英的犯罪情节和悔罪表现，依法可对其适用缓刑。 视被告单位国傲公司及被告人刘伟，廖虎英的犯罪情节及悔罪表现，依照《中华人民共和国刑法》第二百零五条、第三十条、第三十一条、第六十七条第一款、第七十二条第一款、第三款、第七十三条第二款、第三款、第五十三条的规定，判决如下： 一、被告单位东莞市国傲塑料制品有限公司，犯虚开增值税专用发票罪，判处罚金人民币40000元（罚金已预缴）。 二、被告人刘伟犯虚开增值税专用发票罪，判处有期徒刑八个月，缓刑一年（缓刑考验期限，从判决确定之日起计算）。 三、被告人廖虎英犯虚开增值税专用发票罪，判处有期徒刑八个月，缓刑一年，并处罚金人民币20000元（缓刑考验期限，从判决确定之日起计算。罚金已预缴）。 如不服本判决，可在接到判决书的第二日起十日内，通过本院或直接向东莞市中级人民法院提出上诉。书面上诉的，应当提交上诉状正本一份，副本二份。 （此页无正文） 审判长李奇志 审判员刘浩宇 人民陪审员林玉霞 二〇一七年九月二十一日 书记员高平平 曾子凤","writId":"0264f16ae19b537574bec37d8f690fbbbcc","writName":"东莞市国傲塑料制品有限公司、刘伟虚开增值税专用发票、用于骗取出口退税、抵扣税款发票一审刑事判决书"}
