{"ajId":"6d11c2e2-07e7-46ea-b52d-450f656d14df","ajName":"高明走私、贩卖、运输、制造毒品一案","ajjbqk":" 福州市晋安区人民检察院指控：2018年1月24日晚19时30分许，被告人高明通过手机与买毒人员黄某手机联系后，被告人高明从维维（另案处理）购买500元毒品冰毒后从平潭坐车至福州市鼓楼区世纪金源大饭店某房间内，将500元的毒品冰毒卖给黄某后被公安机关当场查获。当场缴获毒品冰毒0.65克。经司法鉴定，所扣押的毒品均含有甲基苯丙胺成分。 上述事实，被告人高明在开庭审理过程中亦无异议，并有物证扣押的作案工具手机一部、书证提取笔录、扣押清单、称量笔录、微信截图、福建省毒品实物缴交收据、抓获经过、户籍证明、证人黄某的证言、现场勘查笔录、现场照片和福建正中司法鉴定所出具的闽正中司鉴所［2018］毒鉴字第31号司法鉴定意见书等证据证实，足以认定。 ","cpfxgc":"本院认为，被告人高明违反国家禁毒法规，明知是毒品仍予以贩卖，共计贩卖甲基苯丙胺类毒品0.65克，其行为已构成贩卖毒品罪。公诉机关指控的事实清楚，证据充分，罪名成立。案发后，被告人高明如实供述自己的罪行，依法可以从轻处罚。辩护人关于被告人高明认罪态度好，建议对其从轻处罚的辩护意见，理由成立，予以采纳。据此，依照《中华人民共和国刑法》第三百四十七条第一款、第四款、第六十七条第三款、第六十四条的规定，判决如下：","pjjg":" 一、被告人高明犯贩卖毒品罪，判处有期徒刑六个月，并处罚金人民币二千元。 （刑期从判决执行之日起计算，判决执行以前先行羁押的，羁押一日折抵刑期一日。即自2018年1月25日起至2018年7月24日止，罚金于判决生效后一个月内付清。） 二、扣押在案的作案工具手机一部、依法予以没收，由暂扣单位福州市公安局晋安分局依法处理。 如不服本判决，可在接到判决书的第二日起十日内，通过本院或者直接向福州市中级人民法院提出上诉。书面上诉的，应当提交上诉状正本一份，副本二份。","qw":"福建省福州市晋安区人民法院 刑事判决书 （2018）闽0111刑初422号 公诉机关福州市晋安区人民检察院。 被告人高明，男，1989年1月2日出生于福建省平潭县，汉族，初中文化，无固定职业，住福建省平潭县。因涉嫌犯贩卖毒品罪于2018年1月25日被刑事拘留，同年2月8日被逮捕。现羁押于福州市第一看守所。 辩护人俞文峰，福建中美律师事务所律师。 福州市晋安区人民检察院以晋检诉刑诉［2018］418号起诉书指控被告人高明犯贩卖毒品罪，于2018年5月23日向本院提起公诉。经福州市中级人民法院指定，该案由本院审理。本院依法适用简易程序，实行独任审判，公开开庭审理了本案。福州市晋安区人民检察院指派检察员陈冰、何文骏出庭支持公诉，被告人高明及其辩护人俞文峰到庭参加诉讼。现已审理终结。 福州市晋安区人民检察院指控：2018年1月24日晚19时30分许，被告人高明通过手机与买毒人员黄某手机联系后，被告人高明从维维（另案处理）购买500元毒品冰毒后从平潭坐车至福州市鼓楼区世纪金源大饭店某房间内，将500元的毒品冰毒卖给黄某后被公安机关当场查获。当场缴获毒品冰毒0.65克。经司法鉴定，所扣押的毒品均含有甲基苯丙胺成分。 上述事实，被告人高明在开庭审理过程中亦无异议，并有物证扣押的作案工具手机一部、书证提取笔录、扣押清单、称量笔录、微信截图、福建省毒品实物缴交收据、抓获经过、户籍证明、证人黄某的证言、现场勘查笔录、现场照片和福建正中司法鉴定所出具的闽正中司鉴所［2018］毒鉴字第31号司法鉴定意见书等证据证实，足以认定。 本院认为，被告人高明违反国家禁毒法规，明知是毒品仍予以贩卖，共计贩卖甲基苯丙胺类毒品0.65克，其行为已构成贩卖毒品罪。公诉机关指控的事实清楚，证据充分，罪名成立。案发后，被告人高明如实供述自己的罪行，依法可以从轻处罚。辩护人关于被告人高明认罪态度好，建议对其从轻处罚的辩护意见，理由成立，予以采纳。据此，依照《中华人民共和国刑法》第三百四十七条第一款、第四款、第六十七条第三款、第六十四条的规定，判决如下： 一、被告人高明犯贩卖毒品罪，判处有期徒刑六个月，并处罚金人民币二千元。 （刑期从判决执行之日起计算，判决执行以前先行羁押的，羁押一日折抵刑期一日。即自2018年1月25日起至2018年7月24日止，罚金于判决生效后一个月内付清。） 二、扣押在案的作案工具手机一部、依法予以没收，由暂扣单位福州市公安局晋安分局依法处理。 如不服本判决，可在接到判决书的第二日起十日内，通过本院或者直接向福州市中级人民法院提出上诉。书面上诉的，应当提交上诉状正本一份，副本二份。 审判员赵建英 二〇一八年六月八日 书记员张樱樱 附适用的法律条文：《中华人民共和国刑法》 第三百四十七条走私、贩卖、运输、制造毒品，无论数量多少，都应当追究刑事责任，予以刑事处罚。 走私、贩卖、运输、制造毒品，有下列情形之一的，处十五年有期徒刑、无期徒刑或者死刑，并处没收财产： （一）走私、贩卖、运输、制造鸦片一千克以上、海洛因或者甲基苯丙胺五十克以上或者其他毒品数量大的； （二）走私、贩卖、运输、制造毒品集团的首要分子； （三）武装掩护走私、贩卖、运输、制造毒品的； （四）以暴力抗拒检查、拘留、逮捕，情节严重的； （五）参与有组织的国际贩毒活动的。 走私、贩卖、运输、制造鸦片二百克以上不满一千克、海洛因或者甲基苯丙胺十克以上不满五十克或者其他毒品数量较大的，处七年以上有期徒刑，并处罚金。 走私、贩卖、运输、制造鸦片不满二百克、海洛因或者甲基苯丙胺不满十克或者其他少量毒品的，处三年以下有期徒刑、拘役或者管制，并处罚金；情节严重的，处三年以上七年以下有期徒刑，并处罚金。 单位犯第二款、第三款、第四款罪的，对单位判处罚金，并对其直接负责的主管人员和其他直接责任人员，依照各该款的规定处罚。 利用、教唆未成年人走私、贩卖、运输、制造毒品，或者向未成年人出售毒品的，从重处罚。 对多次走私、贩卖、运输、制造毒品，未经处理的，毒品数量累计计算。 第六十七条犯罪以后自动投案，如实供述自己的罪行的，是自首。对于自首的犯罪分子，可以从轻或者减轻处罚。其中，犯罪较轻的，可以免除处罚。 被采取强制措施的犯罪嫌疑人、被告人和正在服刑的罪犯，如实供述司法机关还未掌握的本人其他罪行的，以自首论。 犯罪嫌疑人虽不具有前两款规定的自首情节，但是如实供述自己罪行的，可以从轻处罚；因其如实供述自己罪行，避免特别严重后果发生的，可以减轻处罚。 第六十四条犯罪分子违法所得的一切财物，应当予以追缴或者责令退赔；对被害人的合法财产，应当及时返还；违禁品和供犯罪所用的本人财物，应当予以没收。没收的财物和罚金，一律上缴国库，不得挪用和自行处理。","writId":"066cd1b42677596380847c44501c427723b","writName":"高明走私、贩卖、运输、制造毒品一审刑事判决书"}
