{"ajId":"f514d520-4af8-49a1-bced-ccd9e948e1df","ajName":"瞿祖康走私、贩卖、运输、制造毒品一案","ajjbqk":" 经审理查明：2018年1月21日15时许，被告人瞿祖康经事先联系，在本市黄浦区方浜中路XXX号以人民币500元的价格向金某（另行处理）贩卖1包净重0.82克的甲基苯丙胺，成交后被民警抓获，并当场查获了交易的毒品与毒资。 同年3月7日15时许，杨某（另行处理）经与马某某（另行处理）事先微信联系，约定以人民币700元的价格向马贩卖1包净重0.77克的甲基苯丙胺。马某某通过微信转账毒资后，杨指使被告人瞿祖康在暂住处本市黄浦区乔家栅40弄2号2楼向马某某交付上述毒品。被告人瞿祖康交付毒品后在该址被民警抓获，并当场查获上述毒品。 案发后，公安机关已将涉案毒品予以收缴。 上述事实，被告人瞿祖康在开庭审理过程中亦无异议，并有证人金某、刘某某、池某某的证言，证人马某某的证言及辨认笔录、通话记录及微信截屏，上海市公安局长宁分局扣押笔录、搜查笔录、扣押清单、扣押决定书、相关照片，上海市公安局长宁分局调取证据通知书、调取证据清单、搜查笔录、扣押清单、扣押决定书、搜查录像及相关照片，称量笔录、相关录像及照片、上海市毒品检验中心检验报告及上海市公安局缉毒处专用单据，抓获情况及公安机关出具的案发经过表格等证据证实，足以认定。 ","cpfxgc":"本院认为，被告人瞿祖康明知是毒品而予以贩卖，其行为已构成贩卖毒品罪，依法应予惩处。公诉机关的指控，事实清楚，定性正确。被告人瞿祖康曾因贩卖毒品罪被判处刑罚，此次再犯贩卖毒品罪，系毒品再犯，依法予以从重处罚。被告人瞿祖康到案后能如实供述自己的犯罪事实，依法予以从轻处罚。辩护人与此相关的辩护意见于法有据，本院予以采纳。为维护国家对毒品的管理制度，保护公民的身心健康，依照《中华人民共和国刑法》第三百四十七条第一款及第四款、第三百五十六条、第六十七条第三款、第五十二条、第五十三条、第六十四条之规定，判决如下：","pjjg":" 一、被告人瞿祖康犯贩卖毒品罪，判处有期徒刑六个月，并处罚金人民币一千元。 （刑期从判决确定之日起计算。判决执行以前先行羁押的，羁押一日折抵刑期一日。罚金于本判决发生法律效力第二日起一个月内向本院缴纳完毕。） 二、扣押在案的毒品予以收缴（已收缴）。 如不服本判决，可在接到判决书的第二日起十日内，通过本院或者直接向上海市第一中级人民法院提出上诉，书面上诉的，应当提交上诉状正本一份，副本一份。","qw":"上海市长宁区人民法院 刑事判决书 （2018）沪0105刑初811号 公诉机关上海市长宁区人民检察院。 被告人瞿祖康，男，1958年1月21日出生，汉族，户籍地上海市杨浦区，暂住本市黄浦区。 辩护人王步权，系上海市长宁区法律援助中心指派的上海瑞富律师事务所律师。 上海市长宁区人民检察院以沪长检诉刑诉［2018］787号起诉书指控被告人瞿祖康犯贩卖毒品罪，于2018年8月2日向本院提起公诉并建议适用简易程序。2018年8月16日，上海市高级人民法院指定本院进行管辖。本院依法转为普通程序，组成合议庭，公开开庭审理了本案。上海市长宁区人民检察院检察员张某某，被告人瞿祖康及其辩护人王步权到庭参加诉讼。现已审理终结。 经审理查明：2018年1月21日15时许，被告人瞿祖康经事先联系，在本市黄浦区方浜中路XXX号以人民币500元的价格向金某（另行处理）贩卖1包净重0.82克的甲基苯丙胺，成交后被民警抓获，并当场查获了交易的毒品与毒资。 同年3月7日15时许，杨某（另行处理）经与马某某（另行处理）事先微信联系，约定以人民币700元的价格向马贩卖1包净重0.77克的甲基苯丙胺。马某某通过微信转账毒资后，杨指使被告人瞿祖康在暂住处本市黄浦区乔家栅40弄2号2楼向马某某交付上述毒品。被告人瞿祖康交付毒品后在该址被民警抓获，并当场查获上述毒品。 案发后，公安机关已将涉案毒品予以收缴。 上述事实，被告人瞿祖康在开庭审理过程中亦无异议，并有证人金某、刘某某、池某某的证言，证人马某某的证言及辨认笔录、通话记录及微信截屏，上海市公安局长宁分局扣押笔录、搜查笔录、扣押清单、扣押决定书、相关照片，上海市公安局长宁分局调取证据通知书、调取证据清单、搜查笔录、扣押清单、扣押决定书、搜查录像及相关照片，称量笔录、相关录像及照片、上海市毒品检验中心检验报告及上海市公安局缉毒处专用单据，抓获情况及公安机关出具的案发经过表格等证据证实，足以认定。 本院认为，被告人瞿祖康明知是毒品而予以贩卖，其行为已构成贩卖毒品罪，依法应予惩处。公诉机关的指控，事实清楚，定性正确。被告人瞿祖康曾因贩卖毒品罪被判处刑罚，此次再犯贩卖毒品罪，系毒品再犯，依法予以从重处罚。被告人瞿祖康到案后能如实供述自己的犯罪事实，依法予以从轻处罚。辩护人与此相关的辩护意见于法有据，本院予以采纳。为维护国家对毒品的管理制度，保护公民的身心健康，依照《中华人民共和国刑法》第三百四十七条第一款及第四款、第三百五十六条、第六十七条第三款、第五十二条、第五十三条、第六十四条之规定，判决如下： 一、被告人瞿祖康犯贩卖毒品罪，判处有期徒刑六个月，并处罚金人民币一千元。 （刑期从判决确定之日起计算。判决执行以前先行羁押的，羁押一日折抵刑期一日。罚金于本判决发生法律效力第二日起一个月内向本院缴纳完毕。） 二、扣押在案的毒品予以收缴（已收缴）。 如不服本判决，可在接到判决书的第二日起十日内，通过本院或者直接向上海市第一中级人民法院提出上诉，书面上诉的，应当提交上诉状正本一份，副本一份。 审判长徐茜浩 人民陪审员秦丽英 人民陪审员孙瑶 二〇一八年十一月二十二日 书记员胡亚龙 附：相关法律条文 《中华人民共和国刑法》 第三百四十七条走私、贩卖、运输、制造毒品，无论数量多少，都应当追究刑事责任，予以刑事处罚。 …… 走私、贩卖、运输、制造鸦片不满二百克、海洛因或者甲基苯丙胺不满十克或者其他少量毒品的，处三年以下有期徒刑、拘役或者管制，并处罚金；情节严重的，处三年以上七年以下有期徒刑，并处罚金。 …… 第三百五十六条因走私、贩卖、运输、制造、非法持有毒品罪被判过刑，又犯本节规定之罪的，从重处罚。 第六十七条…… 犯罪嫌疑人虽不具有前两款规定的自首情节，但是如实供述自己罪行的，可以从轻处罚；因其如实供述自己罪行，避免特别严重后果发生的，可以减轻处罚。 第五十二条判处罚金，应当根据犯罪情节决定罚金数额。 第五十三条罚金在判决指定的期限内一次或者分期缴纳。期满不缴纳的，强制缴纳。对于不能全部缴纳罚金的，人民法院在任何时候发现被执行人有可以执行的财产，应当随时追缴。 由于遭遇不能抗拒的灾祸等原因缴纳确实有困难的，经人民法院裁定，可以延期缴纳、酌情减少或者免除。 第六十四条犯罪分子违法所得的一切财物，应当予以追缴或者责令退赔；对被害人的合法财产，应当及时返还；违禁品和供犯罪所用的本人财物，应当予以没收。没收的财物和罚金，一律上缴国库，不得挪用和自行处理。","writId":"0338db78e84eb184e5180feea7044b24676","writName":"瞿祖康走私、贩卖、运输、制造毒品一审刑事判决书"}
