{"ajId":"5a8fa252-a0e4-4f24-b5c7-ca08a57b87ef","ajName":"代某行贿罪一案","ajjbqk":" 青县人民检察院指控： 被告人代某自2011年至2013年在沧州渤海新区承揽绿化管护工程，为感谢渤海新区管委会副主任王连来在其承揽绿化管护工程时提供的帮助，分别于2011年底、2013年底给予王连来现金50000元、20000元，共计现金70000元。 上述事实，被告人代某在开庭审理过程中亦无异议，并有被告人代某在侦查机关的供述；王连来在侦查机关的供述、证人孟某、徐某、王某、任某的证言；王连来的干部履历表、干部任免审批表、沧州渤海新区管理委员会文件、中共沧州市委渤海新区工作委员会文件、沧州市人事局沧人干任字（2007）16号；河北省建设工程施工合同、建筑业统一发票、工程量确认单、工程竣工结算支付审批单；黄骅市菁源伟泰园林绿化有限公司记帐凭证、收据、企业法人营业执照及被告人代某的户籍证明信等证据证实，足以认定。 ","cpfxgc":"本院认为，被告人代某为谋取不正当利益，给予国家工作人员以财物，数额较大，其行为符合行贿罪的构成要件，构成行贿罪。公诉机关指控的罪名和事实成立。被告人代某系自首，依法从轻处罚。根据被告人代某的犯罪事实、性质、情节及对社会的危害程度，依照《中华人民共和国刑法》第三百八十九条、第三百九十条、第六十七条、第七十二条、第七十三条、第六十一条之规定，判决如下：","pjjg":" 被告人代某犯行贿罪，判处有期徒刑一年，缓刑一年。 （缓刑考验期自判决确定之日起计算。） 如不服本判决，可在接到判决书第二日起十日内，通过本院或直接向沧州市中级人民法院提起上诉，书面上诉的应提交上诉状正本一份，副本两份。","qw":"河北省青县人民法院 刑事判决书 （2014）青刑初字第129号 公诉机关河北省青县人民检察院。 被告人代某。2014年4月27日因涉嫌行贿罪被青县人民检察院决定取保候审。经本院决定，2014年9月1日被取保候审。 青县人民检察院以青检公诉刑诉（2014）115号起诉书指控被告人代某犯行贿罪，于2014年9月1日向本院提起公诉。本院受理后，依法适用简易程序，实行独任审判，公开开庭审理了本案。青县人民检察院指派检察员刘璇出庭支持公诉，被告人代某到庭参加了诉讼。本案现已审理终结。 青县人民检察院指控： 被告人代某自2011年至2013年在沧州渤海新区承揽绿化管护工程，为感谢渤海新区管委会副主任王连来在其承揽绿化管护工程时提供的帮助，分别于2011年底、2013年底给予王连来现金50000元、20000元，共计现金70000元。 上述事实，被告人代某在开庭审理过程中亦无异议，并有被告人代某在侦查机关的供述；王连来在侦查机关的供述、证人孟某、徐某、王某、任某的证言；王连来的干部履历表、干部任免审批表、沧州渤海新区管理委员会文件、中共沧州市委渤海新区工作委员会文件、沧州市人事局沧人干任字（2007）16号；河北省建设工程施工合同、建筑业统一发票、工程量确认单、工程竣工结算支付审批单；黄骅市菁源伟泰园林绿化有限公司记帐凭证、收据、企业法人营业执照及被告人代某的户籍证明信等证据证实，足以认定。 本院认为，被告人代某为谋取不正当利益，给予国家工作人员以财物，数额较大，其行为符合行贿罪的构成要件，构成行贿罪。公诉机关指控的罪名和事实成立。被告人代某系自首，依法从轻处罚。根据被告人代某的犯罪事实、性质、情节及对社会的危害程度，依照《中华人民共和国刑法》第三百八十九条、第三百九十条、第六十七条、第七十二条、第七十三条、第六十一条之规定，判决如下： 被告人代某犯行贿罪，判处有期徒刑一年，缓刑一年。 （缓刑考验期自判决确定之日起计算。） 如不服本判决，可在接到判决书第二日起十日内，通过本院或直接向沧州市中级人民法院提起上诉，书面上诉的应提交上诉状正本一份，副本两份。 代理审判员张金梅 二〇一四年九月十七日 书记员李杰","writId":"03786cc19b7c313a058801a8f258538ba62","writName":"代某行贿罪一案一审刑事判决书"}
