{"ajId":"3a0caa29-8351-45c1-9ed0-477fbbc5f5f3","ajName":"王某职务侵占一案","ajjbqk":" 河南省郑州市管城回族区人民检察院指控：2007年7月1日，被告人王某进入郑州宇通客车股份有限公司（以下简称宇通公司）工作，后被任命为西南经营大区客户经理，负责客车销售工作。2014年11月，王某得知贵州省安顺汽车运输公司（以下简称安顺公司）需要购置两台客车，遂与该公司负责人及挂靠在该公司的实际购车人联系，约谈购车价格。2015年1月12日，王某与客户签订合同，每台客车价格为66.3万元，并以可以让安顺公司少扣返点为由让客户以每台58.8万元将钱打给安顺公司，由安顺公司将钱打给宇通公司，两台车余款共15万元交给王某。2015年2月2日，王某制作一份增加配置的补充协议并伪造安顺公司负责人的签名，将收到车款中的10万元以增加配置为由付给公司，其中5万元非法占为己有。现赃款5万元已交还公司。 2015年5月25日16时30分许，民警到宇通公司将王某抓获，其归案后始终如实供述上述犯罪事实。 针对上述指控，公诉机关提供了被告人王某的供述，证人证言，书证等证据。提请本院依照《中华人民共和国刑法》第二百七十一条第一款的规定，以职务侵占罪对被告人王某判处刑罚。 被告人王某对公诉机关指控的事实无异议，但辩解称其没有非法占有5万元的主观故意，该5万元其系用于开拓市场用的。 辩护人提出的意见是：1、被告人的行为应构成挪用资金罪，且被告人犯罪情节显著轻微，社会危害性不大，在案发前已积极退赃，不应按犯罪处罚。2、被告人在案发前已向受害单位自动投案，如实供述了全部犯罪经过和事实，应认定为自首，可依法从轻或者减轻处罚。3、起诉书指控的犯罪数额有误，扣除7％的返点后，受害单位的损失数额应为39600元。4、被告人系初犯、偶犯，主观恶性小、对社会危害性不大，未给被害单位造成实际损失，且积极退赃，如实供述自己的罪行，建议对其从轻处罚。 经审理查明：2007年7月1日，被告人王某进入宇通公司工作，后被任命为宇通公司西南经营大区客户经理，负责客车销售等工作。2014年11月，王某得知安顺公司需要购置两台客车，遂与该公司负责人及挂靠在该公司的实际购车人陈某某、王某某联系，约谈购车价格。2015年1月12日，王某与客户签订合同，每台客车价格为66.3万元，并以可以让安顺公司少扣返点为由让客户陈某某、王某某以每台58.8万元将钱打给安顺公司，由安顺公司将钱打给宇通公司（2015年2月9日由安顺公司汇给宇通公司），两台车余款共15万元交给王某（2015年2月6日，陈某某、王某某分别将7.5万元汇给王某）。2015年2月2日，王某制作一份增加配置的补充协议并伪造安顺公司负责人的签名，将收到车款中的10万元以增加配置为由付给宇通公司，将其中5万元非法占为己有。2015年2月中旬，宇通公司纪检部门及宇通公司销售公司贵州分公司经理唐某某发现上述情况后找到王某，王某如实陈述了上述事实并将5万元交给唐某某，唐某某请示公司后于2015年3月18日将5万元交还给宇通公司。 2015年4月24日宇通公司向公安机关报案，同年5月25日16时30分许，民警到宇通公司将王某抓获，其归案后始终如实供述上述犯罪事实。 以上事实，有法庭查证属实的下列证据证明： 1、被告人王某的供述，其在侦查阶段对基本犯罪事实予以供述，在开庭过程中对犯罪事实无异议。 2、证人吕某某、陈某某、王某某、唐某某、曾某、吴某某的证言，与被告人王某的供述能相互印证，佐证该案事实。 3、宇通公司营业执照复印件、组织机构代码证及法定代表人身份证明书，宇通公司报案材料及委托书、证明、信用价格审批流程，客车销售合同、补充协议及配置表，中国工商银行网上银行电子回单，增值税专用发票，银行账户交易明细，劳动合同书、宇通员工基本信息参考表等相关书证，与被告人的供述与证人证言能相互印证，亦证明被告人侵占宇通公司购车款5万元的事实。 4、郑州市公安局商城路分局出具的到案经过、年龄证明等证据附卷，与相关证据相互印证，佐证了案件事实。 ","cpfxgc":"本院认为，被告人王某利用职务上的便利，将所在单位宇通公司的财物非法占为已有，数额较大，其行为已构成职务侵占罪。公诉机关指控其罪名成立，应予支持。 关于被告人王某提出的其没有非法占有的主观故意，该5万元系用于开拓市场的辩解意见，经查，被告人王某作为宇通公司的业务员，在收取客户5万元购车款后未将该款上交宇通公司，亦未实际将5万元用于开拓市场，而是将该款存于个人名下，且宇通公司亦不允许私自使用应上交公司的购车款开拓市场，故被告人的该辩解意见与事实不符，本院不予采纳。 关于辩护人提出的该案应定性为挪用资金罪的辩护意见，经查，被告人王某利用职务上的便利，将应当上交宇通公司的购车款5万元采用隐瞒真相等手段非法占为己有，其行为符合职务侵占罪的构成要件，故辩护人提出的该辩护意见，本院不予采纳。 关于辩护人提出的被告人系自首的辩护意见，经查，该案被宇通公司发现后，宇通公司工作人员找被告人王某谈话后，被告人既如实供述了本案事实，并将侵占款项全部交给宇通公司，后宇通公司报案，被告人被公安机关抓获后又如实供述了自己的犯罪事实，被告人的行为可依法认定为自首，故辩护人提出的该辩护意见，本院予以采纳。 关于辩护人提出的犯罪数额应为39600元的辩护意见，经查，本案中被告人王某将应当上交宇通公司的购车款5万元非法占为己有，有被告人的供述、证人证言及相关书证予以证明，应当认定犯罪数额为5万元，故辩护人提出的该辩护意见，本院亦不予采纳。 根据被告人犯罪的事实和性质，对其依法应在“五年以下有期徒刑或者拘役”的法定刑幅度以内处以适当刑罚。 具体适用刑罚，本院考虑以下情节：1、被告人犯罪以后自动投案，如实供述自己的罪行，系自首，可依法从轻处罚。2、被告人系初犯和偶犯，且已将赃款全部退还公司，可酌情从轻处罚。辩护人相应的辩护意见，本院予以采纳。 综上，依照《中华人民共和国刑法》第二百七十一条第一款、第六十七条第一款的规定，判决如下：","pjjg":" 被告人王某犯职务侵占罪，判处有期徒刑十个月。 （刑期从判决执行之日起计算。判决执行以前先行羁押的，羁押一日折抵刑期一日。即自2015年5月26日起至2016年3月25日止。） 如不服本判决，可在接到判决书的第二日起十日内，通过本院或者直接向河南省郑州市中级人民法院提出上诉，书面上诉的，应当提交上诉状正本一份，副本二份。","qw":"河南省郑州市管城回族区人民法院 刑事判决书 （2015）管刑初字第394号 公诉机关河南省郑州市管城回族区人民检察院。 被告人王某，男，1985年11月12日出生。因涉嫌犯职务侵占罪于2015年5月26日被郑州市公安局商城路分局刑事拘留，同年6月10日被逮捕。现羁押于郑州市第二看守所。 辩护人祁向洲，河南中锦律师事务所律师。 辩护人李文磊，河南中锦律师事务所律师。 河南省郑州市管城回族区人民检察院以郑管检公诉刑诉（2015）250号起诉书指控被告人王某犯职务侵占罪，于2015年8月1日向本院提起公诉。本院依法组成合议庭，适用普通程序，公开开庭审理了本案。河南省郑州市管城回族区人民检察院指派检察员李翠霞出庭支持公诉，被告人王某及其辩护人祁向洲、李文磊到庭参加了诉讼。现已审理终结。 河南省郑州市管城回族区人民检察院指控：2007年7月1日，被告人王某进入郑州宇通客车股份有限公司（以下简称宇通公司）工作，后被任命为西南经营大区客户经理，负责客车销售工作。2014年11月，王某得知贵州省安顺汽车运输公司（以下简称安顺公司）需要购置两台客车，遂与该公司负责人及挂靠在该公司的实际购车人联系，约谈购车价格。2015年1月12日，王某与客户签订合同，每台客车价格为66.3万元，并以可以让安顺公司少扣返点为由让客户以每台58.8万元将钱打给安顺公司，由安顺公司将钱打给宇通公司，两台车余款共15万元交给王某。2015年2月2日，王某制作一份增加配置的补充协议并伪造安顺公司负责人的签名，将收到车款中的10万元以增加配置为由付给公司，其中5万元非法占为己有。现赃款5万元已交还公司。 2015年5月25日16时30分许，民警到宇通公司将王某抓获，其归案后始终如实供述上述犯罪事实。 针对上述指控，公诉机关提供了被告人王某的供述，证人证言，书证等证据。提请本院依照《中华人民共和国刑法》第二百七十一条第一款的规定，以职务侵占罪对被告人王某判处刑罚。 被告人王某对公诉机关指控的事实无异议，但辩解称其没有非法占有5万元的主观故意，该5万元其系用于开拓市场用的。 辩护人提出的意见是：1、被告人的行为应构成挪用资金罪，且被告人犯罪情节显著轻微，社会危害性不大，在案发前已积极退赃，不应按犯罪处罚。2、被告人在案发前已向受害单位自动投案，如实供述了全部犯罪经过和事实，应认定为自首，可依法从轻或者减轻处罚。3、起诉书指控的犯罪数额有误，扣除7％的返点后，受害单位的损失数额应为39600元。4、被告人系初犯、偶犯，主观恶性小、对社会危害性不大，未给被害单位造成实际损失，且积极退赃，如实供述自己的罪行，建议对其从轻处罚。 经审理查明：2007年7月1日，被告人王某进入宇通公司工作，后被任命为宇通公司西南经营大区客户经理，负责客车销售等工作。2014年11月，王某得知安顺公司需要购置两台客车，遂与该公司负责人及挂靠在该公司的实际购车人陈某某、王某某联系，约谈购车价格。2015年1月12日，王某与客户签订合同，每台客车价格为66.3万元，并以可以让安顺公司少扣返点为由让客户陈某某、王某某以每台58.8万元将钱打给安顺公司，由安顺公司将钱打给宇通公司（2015年2月9日由安顺公司汇给宇通公司），两台车余款共15万元交给王某（2015年2月6日，陈某某、王某某分别将7.5万元汇给王某）。2015年2月2日，王某制作一份增加配置的补充协议并伪造安顺公司负责人的签名，将收到车款中的10万元以增加配置为由付给宇通公司，将其中5万元非法占为己有。2015年2月中旬，宇通公司纪检部门及宇通公司销售公司贵州分公司经理唐某某发现上述情况后找到王某，王某如实陈述了上述事实并将5万元交给唐某某，唐某某请示公司后于2015年3月18日将5万元交还给宇通公司。 2015年4月24日宇通公司向公安机关报案，同年5月25日16时30分许，民警到宇通公司将王某抓获，其归案后始终如实供述上述犯罪事实。 以上事实，有法庭查证属实的下列证据证明： 1、被告人王某的供述，其在侦查阶段对基本犯罪事实予以供述，在开庭过程中对犯罪事实无异议。 2、证人吕某某、陈某某、王某某、唐某某、曾某、吴某某的证言，与被告人王某的供述能相互印证，佐证该案事实。 3、宇通公司营业执照复印件、组织机构代码证及法定代表人身份证明书，宇通公司报案材料及委托书、证明、信用价格审批流程，客车销售合同、补充协议及配置表，中国工商银行网上银行电子回单，增值税专用发票，银行账户交易明细，劳动合同书、宇通员工基本信息参考表等相关书证，与被告人的供述与证人证言能相互印证，亦证明被告人侵占宇通公司购车款5万元的事实。 4、郑州市公安局商城路分局出具的到案经过、年龄证明等证据附卷，与相关证据相互印证，佐证了案件事实。 本院认为，被告人王某利用职务上的便利，将所在单位宇通公司的财物非法占为已有，数额较大，其行为已构成职务侵占罪。公诉机关指控其罪名成立，应予支持。 关于被告人王某提出的其没有非法占有的主观故意，该5万元系用于开拓市场的辩解意见，经查，被告人王某作为宇通公司的业务员，在收取客户5万元购车款后未将该款上交宇通公司，亦未实际将5万元用于开拓市场，而是将该款存于个人名下，且宇通公司亦不允许私自使用应上交公司的购车款开拓市场，故被告人的该辩解意见与事实不符，本院不予采纳。 关于辩护人提出的该案应定性为挪用资金罪的辩护意见，经查，被告人王某利用职务上的便利，将应当上交宇通公司的购车款5万元采用隐瞒真相等手段非法占为己有，其行为符合职务侵占罪的构成要件，故辩护人提出的该辩护意见，本院不予采纳。 关于辩护人提出的被告人系自首的辩护意见，经查，该案被宇通公司发现后，宇通公司工作人员找被告人王某谈话后，被告人既如实供述了本案事实，并将侵占款项全部交给宇通公司，后宇通公司报案，被告人被公安机关抓获后又如实供述了自己的犯罪事实，被告人的行为可依法认定为自首，故辩护人提出的该辩护意见，本院予以采纳。 关于辩护人提出的犯罪数额应为39600元的辩护意见，经查，本案中被告人王某将应当上交宇通公司的购车款5万元非法占为己有，有被告人的供述、证人证言及相关书证予以证明，应当认定犯罪数额为5万元，故辩护人提出的该辩护意见，本院亦不予采纳。 根据被告人犯罪的事实和性质，对其依法应在“五年以下有期徒刑或者拘役”的法定刑幅度以内处以适当刑罚。 具体适用刑罚，本院考虑以下情节：1、被告人犯罪以后自动投案，如实供述自己的罪行，系自首，可依法从轻处罚。2、被告人系初犯和偶犯，且已将赃款全部退还公司，可酌情从轻处罚。辩护人相应的辩护意见，本院予以采纳。 综上，依照《中华人民共和国刑法》第二百七十一条第一款、第六十七条第一款的规定，判决如下： 被告人王某犯职务侵占罪，判处有期徒刑十个月。 （刑期从判决执行之日起计算。判决执行以前先行羁押的，羁押一日折抵刑期一日。即自2015年5月26日起至2016年3月25日止。） 如不服本判决，可在接到判决书的第二日起十日内，通过本院或者直接向河南省郑州市中级人民法院提出上诉，书面上诉的，应当提交上诉状正本一份，副本二份。 审判长陈志强 人民陪审员沈志萍 人民陪审员吴新水 二〇一五年九月十六日 书记员田歌","writId":"013074c609849766f788342103a180a0a7f","writName":"王某职务侵占一审刑事判决书"}
