{"ajId":"e03136fe-ea6c-4d52-9a44-b33335aa552f","ajName":"杨德秋故意杀人一案","ajjbqk":" 辽宁省阜新市人民检察院指控，2017年1月26日晚，被告人杨德秋与陈某1（被害人，男，殁年25岁）在杨德秋住处（阜新市新邱区阳光大街215-323号）饮酒，酒后杨德秋用电饭锅等击打陈某1头部等部位致其当场死亡。次日6时许，杨德秋到公安机关投案。 公诉机关以物证，证人吕某、杨某1的证言、鉴定意见及被告人的供述等证据证实上述指控。认为被告人杨德秋故意非法剥夺他人生命，并致人死亡，其行为已触犯《中华人民共和国刑法》第二百三十二条之规定，应以故意杀人罪追究刑事责任，提请本院依法判处。 被告人杨德秋辩解称其记不清事发的起因和过程，其没有故意杀人的主观故意，不构成故意杀人罪。 其辩护人的辩护意见是：杨德秋主观上没有非法剥夺被害人生命的故意，公诉机关指控其犯故意杀人罪证据不足，其行为应构成过失致人死亡罪；杨德秋的行为构成自首，系初犯，建议从轻处罚。 经审理查明，2017年1月26日晚，被告人杨德秋在其住处与外甥陈某1饮酒后，杨德秋用电饭锅等物击打陈某1头部等部位，造成重度颅脑损伤及蛛网膜下腔广泛出血当场死亡。次日6时许，杨德秋到公安机关投案。 上述事实，有公诉机关提交，经法庭质证、认证的下列证据证实： 1、证人杨某1证言证实，我弟弟杨德秋性格挺孤僻，平时不怎么与外人接触，他与陈某1的关系应该不错。2017年1月27日6时许，杨德秋用手机（158XXXXXXXX）给我的手机（137XXXXXXXX）打电话，我刚要接他就给挂断了。当日6时6分许，杨德秋再次给我打电话，说他把陈某1给杀了，我问他因为什么，他说和陈某1喝了不少酒，因为什么杀他记不清了，自己正在去派出所的路上，并让我将此事告诉他四姐（陈某1的母亲杨某2）便挂断电话。之后，我给杨某2的手机（147XXXXXXXX）打电话告诉她杨德秋把陈某1给打了，挺严重的，让她两口子赶快去新邱。案发当天，我把杨德秋家的钥匙交给了杨某2，后来交给了派出所民警。 2、证人杨某2证言证实，我弟弟杨德秋没结过婚，性格比较孤僻，他和我儿子陈某1关系比较好。2017年1月26日下午，陈某1带着两瓶洋酒和我做的菜，乘坐\"大润发\"的班车去新邱陪杨德秋过年。次日，我大姐打电话说杨德秋把陈某1杀了。陈某1只有一个手机，号码是131XXXXXXXX。 3、证人陈某2证言证实，我小舅子杨德秋没结过婚，性格内向、孤僻。2017年1月26日晚上，我妻子杨某2说陈某1去新邱看杨德秋了。次日早上，杨某2的大姐给她打电话说杨德秋把陈某1杀了。 4、证人吕某证言证实，2017年1月26日晚上9到10时许，我在店里听见楼上有类似砸墙的撞击声，持续有五六分钟，还有酒瓶子咕噜的声音，在南厅听得挺清楚。停了约十分钟后，我又听见有撞击声，特别乱，声音比上次大，时间也比上次长，之后就没有动静了。 5、证人王某证言证实，2017年1月26日晚上9到10时许，我在店里南厅收拾屋的时候，听见楼上面有磕楼板的声音，还有东西掉在地上及物品在地上滚动的声音，持续有五六分钟。停了约八分钟后，又有了撞击声，声音比第一次大，持续有七八分钟，之后就没有动静了。 6、现场勘验检查笔录证实，中心现场位于阜新市新邱区阳光大街某室，防盗门朝北开，防盗门完好，进入门内为南客厅，南客厅地中央有一具衣着完整的男性尸体，头朝东北侧，脚朝西南侧呈仰卧位躺在地上，头上、脸上有血迹，头下有血泊一滩80×50cm，尸体头上部有一个19.5cm圆环形血迹形成痕迹，地面上有多个血迹形成的鞋印痕，长度分别为250cm、250cm、250cm、195cm、190cm，足尖朝向南侧、北侧均有，地面上散落着酒瓶及酒杯玻璃碎片，尸体东北侧单人床上有喷溅血迹，尸体西南侧靠墙一饭桌上有血迹，并有一个暖瓶破碎，饭桌西侧墙面上距离地面1.3米至1.9米范围有喷溅血迹，饭桌北侧为一张凳子，上有熟白菜叶及烫形成痕迹，饭桌下面南侧地面上有电饭锅一个已经变形，扣在地面上（上有血迹），南侧凳子一个，凳子南侧地上有垃圾袋一个，内有雪花啤酒瓶嘴一个，SIREDWARDˊS酒瓶嘴一个，破碎盘子一个，南侧卧室门槛有血迹，客厅门口处有拖鞋一双上有血迹，卫生间地面上有血滴及血鞋印一个，足长为230CM，足尖朝向西北侧，水池内有电饭锅内胆及锅盖各一个，客厅北墙衣挂上有绿色保暖内衣一件，室内灯亮着，阳台有窗帘，阳台柜上有筷子两双及电热锅一个，电热锅内有白菜排骨汤，南侧卧室有窗帘放下，窗户完好，楼道门口外地面上有红色疑似血滴。 7、阜新市公安司法鉴定中心法医学尸体检验鉴定书证实：死者陈某1系生前被他人用钝器打击头部，造成重度颅脑损伤及蛛网膜下腔广泛出血致死。 8、阜新市公安局司法鉴定中心法庭科学DNA鉴定书、现场提取痕迹物品登记表、提取笔录、扣押决定书及扣押清单证实： （1）公安机关在案发现场提取的犯罪嫌疑人杨德秋所穿深绿色保暖上衣后衣襟处、左袖口处、左前胸处、右前胸处，扣押的黑色棉裤臀部处，灰色衬衣，深蓝色内裤，以上检材检出人血斑，与杨德秋血样，在检出的D8S1179等15个基因座基因型相同，其似然比率为1.4506×1023。 （2）公安机关提取的杨德秋右脚母指处血迹、南卧室门外地面血迹、南客厅地面血迹、卫生间地面血迹、南卧室门槛血迹、南客厅餐桌上血迹、绿色玻璃瓶瓶嘴、带有红色瓶盖的玻璃瓶瓶嘴、碎玻璃瓶底座、电饭锅外壳、电饭锅锅盖、蓝色拖鞋、深绿色保暖上衣右袖口处、黑色棉裤裤腿处、白色袜子及尸体东北侧单人床上血迹、饭桌西侧地面上血迹，以上检材检出人血斑，与被害人陈某1心血，在检出的D8S1179等15个基因座基因型相同，其似然比率为1.44026×1019。 9、阜新市公安局司法鉴定中心鞋印鉴定书、现场提取痕迹物品登记表证实，2017年1月26日阜新市新邱区阳光大街215-323室陈某1被杀现场提取的血鞋印与犯罪嫌疑人杨德秋家提取的拖鞋鞋底花纹类型种类一致。 10、阜新市公安局司法鉴定中心检验报告证实，送检的被害人陈某1心血中检出乙醇成分，其含量为143.8毫克／100毫升。 11、阜新市第四人民医院精神病司法鉴定所鉴定意见，证实被告人杨德秋案发时处于普通醉酒状态，具有完全刑事责任能力。 12、通话记录证实，2017年1月25日陈某1（131XXXXXXXX）与杨德秋（158XXXXXXXX）通话及2017年1月27日6时许，杨德秋给其大姐杨某1（137XXXXXXXX）打电话和拨打\"110\"的事实。 13、案件来源、受案登记表、立案决定书、警情登记表、抓捕经过证实案件发生、侦破及杨德秋到案的事实。 14、户籍证明证实被害人陈某1及被告人杨德秋的身份。 15、照片、收押人员入所体检表证实杨德秋到案后的衣着及伤情和身体状况。 16、被告人杨德秋供述，2017年1月25日上午，我外甥陈某1给我打电话，说第二天到我家跟我一起过年。次日16时许，陈某1带着两瓶洋酒来到我家，我在客厅的餐桌上用电饭锅做了大米饭，在阳台上用电炒勺做了一锅大白菜炖排骨，之后，我俩打开一瓶陈某1带来的威士忌酒，每人倒了一杯，边吃饭边喝酒。第一杯酒就喝完后，陈某1给我的酒杯倒满，剩下的倒进自己的酒杯里。第二杯酒我喝了四分之一后就没有意识了，我醒后发现客厅的灯亮着，我原来穿在身上的绿色圆领套头衫不知道什么时候挂在入户门右侧墙的衣服挂上，身上只穿着一件衬衫，下身穿着棉裤，脚上穿着袜子和蓝色塑料拖鞋，两只袜子上有血迹，我的左手小手指尖划破了。我发现陈某1面朝上躺在客厅距离入户门口大约两米远的位置，他的脸上有很多血，胸前也有些血，后脑勺下面的地上有很多血，已经凝固了。我拿手机看了一下时间是3时5分，之后我就回忆当天晚上是怎么回事，我看见餐桌上装排骨的大瓷碗和饭碗及酒杯都不见了，只有暖瓶和水杯，还有陈某1带来的那瓶没有喝的白色洋酒，电饭锅的外皮倒扣在餐桌下面，地上有排骨和玻璃碎喳。客厅西南侧墙角的水池旁的垃圾桶里有一个蓝色塑料袋，里面是碎玻璃还有一些软乎的东西。我在卫生间的洗面盆里看见了电饭锅的内胆，内胆外面有两个坑，里面的饭都没有了。后来，我在屋里走的时候总能踩到菜叶和排骨肉，怎么也想不起来到底是怎么回事，但当时只有我和陈某1在一起喝酒，他的死肯定是我造成的，所以我就于6时许到派出所投案了。在投案的途中，我给大姐杨某1打电话告诉她我把陈某1杀了。我清醒之后家里门窗完好，没有外人侵入的迹象，我投案后带着公安人员回到我家是我用钥匙开的房门。 以上证据，经查证属实，能够作为定案的证据，本院予以确认。 ","cpfxgc":"本院认为，被告人杨德秋酒后持电饭锅等钝器击打他人身体要害部位，故意非法剥夺他人生命，致一人死亡，其行为已构成故意杀人罪。公诉机关指控的罪名成立，应予支持。关于杨德秋称其记不清事发的起因和过程，其不构成故意杀人罪及其辩护人所提杨德秋没有非法剥夺被害人生命的故意，公诉机关指控杨德秋犯故意杀人罪的证据不足，其行为构成过失致人死亡罪的辩解和辩护意见，经查，案发现场为封闭场所，根据侦查机关现场勘验检查笔录、DNA鉴定结论和杨德秋的供述，能排除他人作案的可能，虽然杨德秋记不起作案经过，但现有证据足以认定，其酒后持电饭锅等钝器击打陈某1头部等部位，致陈某1重度颅脑损伤及蛛网膜下腔广泛出血，并当场死亡的事实。从击打部位及击打程度可以认定杨德秋主观上具有非法剥夺他人生命的故意，客观上实施了非法剥夺他人生命的行为，其行为符合故意杀人罪的主客观要件，构成故意杀人罪。故对被告人杨德秋的辩解及其辩护人的辩护意见，不予采纳。杨德秋与被害人系近亲属关系，与被害人感情较深且无任何矛盾，其犯罪行为系酒后突发、偶发，为初犯，主观恶性不深，犯罪以后主动投案，如实供述，系自首，可对其从轻处罚。根据杨德秋犯罪的事实、性质、情节和对社会的危害程度，依照《中华人民共和国刑法》第二百三十二条、第五十五条第一款、第六十七条、第六十一条第一款之规定，判决如下：","pjjg":" 被告人杨德秋犯故意杀人罪，判处有期徒刑十二年，剥夺政治权利三年。（刑期从判决执行之日起计算。判决执行以前先行羁押的，羁押一日折抵刑期一日，即自2017年1月27日起至2029年1月26日止） 如不服本判决，可在接到判决书的第二日起十日内，通过本院或者直接向辽宁省高级人民法院提出上诉。书面上诉的，应当提交上诉状正本一份，副本二份。","qw":"辽宁省阜新市中级人民法院 刑事判决书 （2018）辽09刑初4号 公诉机关辽宁省阜新市人民检察院。 被告人杨德秋，男，1971年8月17日出生于辽宁省阜新市，汉族，初中文化，无职业，捕前住辽宁省阜新市新邱区阳光大街215-323号。因本案于2017年1月27日被刑事拘留，同年2月8日被逮捕。现羁押于辽宁省阜新市看守所。 辩护人郭添毓，辽宁双迪律师事务所律师。 辽宁省阜新市人民检察院以阜检公刑诉［2017］16号起诉书指控被告人杨德秋犯故意杀人罪一案，本院于2017年7月24日作出（2017）辽09刑初17号刑事判决。宣判后，被告人杨德秋不服提出上诉。辽宁省高级人民法院审理后于2017年11月12日作出（2017）辽刑终356号刑事裁定书，裁定撤销原判，发回本院重审。本院依法另行组成合议庭，于2018年7月16日公开开庭进行了审理。辽宁省阜新市人民检察院指派检察员马国旭、王潇潇出庭支持公诉，被告人杨德秋及其辩护人郭添毓到庭参加诉讼。本案现已审理终结。 辽宁省阜新市人民检察院指控，2017年1月26日晚，被告人杨德秋与陈某1（被害人，男，殁年25岁）在杨德秋住处（阜新市新邱区阳光大街215-323号）饮酒，酒后杨德秋用电饭锅等击打陈某1头部等部位致其当场死亡。次日6时许，杨德秋到公安机关投案。 公诉机关以物证，证人吕某、杨某1的证言、鉴定意见及被告人的供述等证据证实上述指控。认为被告人杨德秋故意非法剥夺他人生命，并致人死亡，其行为已触犯《中华人民共和国刑法》第二百三十二条之规定，应以故意杀人罪追究刑事责任，提请本院依法判处。 被告人杨德秋辩解称其记不清事发的起因和过程，其没有故意杀人的主观故意，不构成故意杀人罪。 其辩护人的辩护意见是：杨德秋主观上没有非法剥夺被害人生命的故意，公诉机关指控其犯故意杀人罪证据不足，其行为应构成过失致人死亡罪；杨德秋的行为构成自首，系初犯，建议从轻处罚。 经审理查明，2017年1月26日晚，被告人杨德秋在其住处与外甥陈某1饮酒后，杨德秋用电饭锅等物击打陈某1头部等部位，造成重度颅脑损伤及蛛网膜下腔广泛出血当场死亡。次日6时许，杨德秋到公安机关投案。 上述事实，有公诉机关提交，经法庭质证、认证的下列证据证实： 1、证人杨某1证言证实，我弟弟杨德秋性格挺孤僻，平时不怎么与外人接触，他与陈某1的关系应该不错。2017年1月27日6时许，杨德秋用手机（158XXXXXXXX）给我的手机（137XXXXXXXX）打电话，我刚要接他就给挂断了。当日6时6分许，杨德秋再次给我打电话，说他把陈某1给杀了，我问他因为什么，他说和陈某1喝了不少酒，因为什么杀他记不清了，自己正在去派出所的路上，并让我将此事告诉他四姐（陈某1的母亲杨某2）便挂断电话。之后，我给杨某2的手机（147XXXXXXXX）打电话告诉她杨德秋把陈某1给打了，挺严重的，让她两口子赶快去新邱。案发当天，我把杨德秋家的钥匙交给了杨某2，后来交给了派出所民警。 2、证人杨某2证言证实，我弟弟杨德秋没结过婚，性格比较孤僻，他和我儿子陈某1关系比较好。2017年1月26日下午，陈某1带着两瓶洋酒和我做的菜，乘坐\"大润发\"的班车去新邱陪杨德秋过年。次日，我大姐打电话说杨德秋把陈某1杀了。陈某1只有一个手机，号码是131XXXXXXXX。 3、证人陈某2证言证实，我小舅子杨德秋没结过婚，性格内向、孤僻。2017年1月26日晚上，我妻子杨某2说陈某1去新邱看杨德秋了。次日早上，杨某2的大姐给她打电话说杨德秋把陈某1杀了。 4、证人吕某证言证实，2017年1月26日晚上9到10时许，我在店里听见楼上有类似砸墙的撞击声，持续有五六分钟，还有酒瓶子咕噜的声音，在南厅听得挺清楚。停了约十分钟后，我又听见有撞击声，特别乱，声音比上次大，时间也比上次长，之后就没有动静了。 5、证人王某证言证实，2017年1月26日晚上9到10时许，我在店里南厅收拾屋的时候，听见楼上面有磕楼板的声音，还有东西掉在地上及物品在地上滚动的声音，持续有五六分钟。停了约八分钟后，又有了撞击声，声音比第一次大，持续有七八分钟，之后就没有动静了。 6、现场勘验检查笔录证实，中心现场位于阜新市新邱区阳光大街某室，防盗门朝北开，防盗门完好，进入门内为南客厅，南客厅地中央有一具衣着完整的男性尸体，头朝东北侧，脚朝西南侧呈仰卧位躺在地上，头上、脸上有血迹，头下有血泊一滩80×50cm，尸体头上部有一个19.5cm圆环形血迹形成痕迹，地面上有多个血迹形成的鞋印痕，长度分别为250cm、250cm、250cm、195cm、190cm，足尖朝向南侧、北侧均有，地面上散落着酒瓶及酒杯玻璃碎片，尸体东北侧单人床上有喷溅血迹，尸体西南侧靠墙一饭桌上有血迹，并有一个暖瓶破碎，饭桌西侧墙面上距离地面1.3米至1.9米范围有喷溅血迹，饭桌北侧为一张凳子，上有熟白菜叶及烫形成痕迹，饭桌下面南侧地面上有电饭锅一个已经变形，扣在地面上（上有血迹），南侧凳子一个，凳子南侧地上有垃圾袋一个，内有雪花啤酒瓶嘴一个，SIREDWARDˊS酒瓶嘴一个，破碎盘子一个，南侧卧室门槛有血迹，客厅门口处有拖鞋一双上有血迹，卫生间地面上有血滴及血鞋印一个，足长为230CM，足尖朝向西北侧，水池内有电饭锅内胆及锅盖各一个，客厅北墙衣挂上有绿色保暖内衣一件，室内灯亮着，阳台有窗帘，阳台柜上有筷子两双及电热锅一个，电热锅内有白菜排骨汤，南侧卧室有窗帘放下，窗户完好，楼道门口外地面上有红色疑似血滴。 7、阜新市公安司法鉴定中心法医学尸体检验鉴定书证实：死者陈某1系生前被他人用钝器打击头部，造成重度颅脑损伤及蛛网膜下腔广泛出血致死。 8、阜新市公安局司法鉴定中心法庭科学DNA鉴定书、现场提取痕迹物品登记表、提取笔录、扣押决定书及扣押清单证实： （1）公安机关在案发现场提取的犯罪嫌疑人杨德秋所穿深绿色保暖上衣后衣襟处、左袖口处、左前胸处、右前胸处，扣押的黑色棉裤臀部处，灰色衬衣，深蓝色内裤，以上检材检出人血斑，与杨德秋血样，在检出的D8S1179等15个基因座基因型相同，其似然比率为1.4506×1023。 （2）公安机关提取的杨德秋右脚母指处血迹、南卧室门外地面血迹、南客厅地面血迹、卫生间地面血迹、南卧室门槛血迹、南客厅餐桌上血迹、绿色玻璃瓶瓶嘴、带有红色瓶盖的玻璃瓶瓶嘴、碎玻璃瓶底座、电饭锅外壳、电饭锅锅盖、蓝色拖鞋、深绿色保暖上衣右袖口处、黑色棉裤裤腿处、白色袜子及尸体东北侧单人床上血迹、饭桌西侧地面上血迹，以上检材检出人血斑，与被害人陈某1心血，在检出的D8S1179等15个基因座基因型相同，其似然比率为1.44026×1019。 9、阜新市公安局司法鉴定中心鞋印鉴定书、现场提取痕迹物品登记表证实，2017年1月26日阜新市新邱区阳光大街215-323室陈某1被杀现场提取的血鞋印与犯罪嫌疑人杨德秋家提取的拖鞋鞋底花纹类型种类一致。 10、阜新市公安局司法鉴定中心检验报告证实，送检的被害人陈某1心血中检出乙醇成分，其含量为143.8毫克／100毫升。 11、阜新市第四人民医院精神病司法鉴定所鉴定意见，证实被告人杨德秋案发时处于普通醉酒状态，具有完全刑事责任能力。 12、通话记录证实，2017年1月25日陈某1（131XXXXXXXX）与杨德秋（158XXXXXXXX）通话及2017年1月27日6时许，杨德秋给其大姐杨某1（137XXXXXXXX）打电话和拨打\"110\"的事实。 13、案件来源、受案登记表、立案决定书、警情登记表、抓捕经过证实案件发生、侦破及杨德秋到案的事实。 14、户籍证明证实被害人陈某1及被告人杨德秋的身份。 15、照片、收押人员入所体检表证实杨德秋到案后的衣着及伤情和身体状况。 16、被告人杨德秋供述，2017年1月25日上午，我外甥陈某1给我打电话，说第二天到我家跟我一起过年。次日16时许，陈某1带着两瓶洋酒来到我家，我在客厅的餐桌上用电饭锅做了大米饭，在阳台上用电炒勺做了一锅大白菜炖排骨，之后，我俩打开一瓶陈某1带来的威士忌酒，每人倒了一杯，边吃饭边喝酒。第一杯酒就喝完后，陈某1给我的酒杯倒满，剩下的倒进自己的酒杯里。第二杯酒我喝了四分之一后就没有意识了，我醒后发现客厅的灯亮着，我原来穿在身上的绿色圆领套头衫不知道什么时候挂在入户门右侧墙的衣服挂上，身上只穿着一件衬衫，下身穿着棉裤，脚上穿着袜子和蓝色塑料拖鞋，两只袜子上有血迹，我的左手小手指尖划破了。我发现陈某1面朝上躺在客厅距离入户门口大约两米远的位置，他的脸上有很多血，胸前也有些血，后脑勺下面的地上有很多血，已经凝固了。我拿手机看了一下时间是3时5分，之后我就回忆当天晚上是怎么回事，我看见餐桌上装排骨的大瓷碗和饭碗及酒杯都不见了，只有暖瓶和水杯，还有陈某1带来的那瓶没有喝的白色洋酒，电饭锅的外皮倒扣在餐桌下面，地上有排骨和玻璃碎喳。客厅西南侧墙角的水池旁的垃圾桶里有一个蓝色塑料袋，里面是碎玻璃还有一些软乎的东西。我在卫生间的洗面盆里看见了电饭锅的内胆，内胆外面有两个坑，里面的饭都没有了。后来，我在屋里走的时候总能踩到菜叶和排骨肉，怎么也想不起来到底是怎么回事，但当时只有我和陈某1在一起喝酒，他的死肯定是我造成的，所以我就于6时许到派出所投案了。在投案的途中，我给大姐杨某1打电话告诉她我把陈某1杀了。我清醒之后家里门窗完好，没有外人侵入的迹象，我投案后带着公安人员回到我家是我用钥匙开的房门。 以上证据，经查证属实，能够作为定案的证据，本院予以确认。 本院认为，被告人杨德秋酒后持电饭锅等钝器击打他人身体要害部位，故意非法剥夺他人生命，致一人死亡，其行为已构成故意杀人罪。公诉机关指控的罪名成立，应予支持。关于杨德秋称其记不清事发的起因和过程，其不构成故意杀人罪及其辩护人所提杨德秋没有非法剥夺被害人生命的故意，公诉机关指控杨德秋犯故意杀人罪的证据不足，其行为构成过失致人死亡罪的辩解和辩护意见，经查，案发现场为封闭场所，根据侦查机关现场勘验检查笔录、DNA鉴定结论和杨德秋的供述，能排除他人作案的可能，虽然杨德秋记不起作案经过，但现有证据足以认定，其酒后持电饭锅等钝器击打陈某1头部等部位，致陈某1重度颅脑损伤及蛛网膜下腔广泛出血，并当场死亡的事实。从击打部位及击打程度可以认定杨德秋主观上具有非法剥夺他人生命的故意，客观上实施了非法剥夺他人生命的行为，其行为符合故意杀人罪的主客观要件，构成故意杀人罪。故对被告人杨德秋的辩解及其辩护人的辩护意见，不予采纳。杨德秋与被害人系近亲属关系，与被害人感情较深且无任何矛盾，其犯罪行为系酒后突发、偶发，为初犯，主观恶性不深，犯罪以后主动投案，如实供述，系自首，可对其从轻处罚。根据杨德秋犯罪的事实、性质、情节和对社会的危害程度，依照《中华人民共和国刑法》第二百三十二条、第五十五条第一款、第六十七条、第六十一条第一款之规定，判决如下： 被告人杨德秋犯故意杀人罪，判处有期徒刑十二年，剥夺政治权利三年。（刑期从判决执行之日起计算。判决执行以前先行羁押的，羁押一日折抵刑期一日，即自2017年1月27日起至2029年1月26日止） 如不服本判决，可在接到判决书的第二日起十日内，通过本院或者直接向辽宁省高级人民法院提出上诉。书面上诉的，应当提交上诉状正本一份，副本二份。 审判长赵洪山 审判员顾坤平 审判员李渊 二O一八年八月二十二日 书记员杨思莹 法律条文 《中华人民共和国刑法》 第二百三十二条故意杀人的，处死刑、无期徒刑或者十年以上有期徒刑；情节较轻的，处三年以上十年以下有期徒刑。 第五十五条剥夺政治权利的期限，除本法第五十七条规定外，为一年以上五年以下。 第六十七条犯罪以后自动投案，如实供述自己的罪行的，是自首。对于自首的犯罪分子，可以从轻或者减轻处罚。其中，犯罪较轻的，可以免除处罚。 第六十一条对于犯罪分子决定刑罚的时候，应当根据犯罪的事实、犯罪的性质、情节和对于社会的危害程度，依照本法的有关规定判处。","writId":"0195e56dd26e1fd2a6b215652224e89576a","writName":"杨德秋故意杀人罪一审刑事判决书"}
