{"ajId":"fab3b589-c0a9-4f93-92dc-16d72db7eaf7","ajName":"朱定琪滥伐林木一案","ajjbqk":" 仁化县人民检察院指控，2016年11月，被告人朱定琪雇请高某等8名贵州籍民工砍伐其位于仁化县闻韶镇白竹村“样冲”山场的林木，并将采伐的林木销售给黎某2。在砍伐期间，朱定琪指挥高某等人超范围砍伐了“样冲”山场中未办理采伐许可证的部分山场。经测算，上述山场被采伐林木蓄积为94.0642立方米。公诉机关就指控的犯罪事实向法庭宣读、出示了相关书证、证人证言、辨认笔录、测算报告、现场勘查笔录、图、照片等证据，据此指控被告人朱定琪的行为已触犯《中华人民共和国刑法》第三百四十五条第二款之规定，应以滥伐林木罪追究其刑事责任，现特提起公诉，请本院依法惩处。 被告人朱定琪对起诉书指控其砍伐林木的事实无异议，其砍伐前一直以为超范围砍伐的山场是在其新林权证范围内，其亦按新林权证的范围办理了林木采伐许可证，故其不清楚是否构成滥伐林木罪。 其辩护人提出以下辩护意见：1、涉案“样冲”山场是被告人的自留山，被告人家庭付出了大量时间、人力、物力、财力来维护管理这片山林，且超伐区范围砍伐林木数量不大，社会危害性相对较轻；2、被告人申请砍伐山林的主观目的是为了造林，并非破坏山林；3、被告人当时主观确实以为超砍林木属于其林权证范围，确实不知道超砍范围的山林是没有批下来的；4、林业部门给被告人换发新林权证以及颁发采伐许可证的过程有过错，对本案的发生负有不可推卸的责任；5、被告人如实供述，认罪、悔罪，可酌情从轻处罚。 经审理查明，2016年10月21日，被告人朱定琪办理了其位于仁化县闻韶镇白竹村“样冲”山场的林木采伐许可证。同年11月初，朱定琪雇请高某等8名贵州籍民工携带油锯、柴刀砍伐“样冲”山场林木，并将砍伐下来的木材销售给黎某2。在砍伐期间，朱定琪指挥高某等人超范围砍伐了上述山场未办理林木采伐许可证的部分山场。 经仁化县林业调查规划与资源资产评估中心测算，“样冲”山场未办理林木采伐许可证的部分被砍伐针阔混交林木总蓄积为94.0642立方米。 以上事实，有下列证据证实： （一）书证 1、林权证、林业生产承包责任制合同书，证实“样冲”山场林地所有权人是闻韶镇白竹村白竹七组，林地使用权、森林或林木所有权、使用权属于朱某1、朱定琪、朱某2所有，其中朱定琪所有的林地小班号为8，面积为94.9亩。 2、通话清单，证实朱定琪于2017年8月至11月期间与李某等人的通话情况。 3、涉案山场航拍图，证实朱定琪超范围砍伐“样冲”山场的位置，该范围经朱定琪签名确认。 4、林地林权登记申请表、勘查登记卡、图纸、采伐申请书、林权证、设计书等，证实朱定琪对“样冲”山场申请林权证的情况以及其于2016年9月15日申请对其林权证（NO．440900019209）山场的林木进行采伐。 5、林木采伐许可证、证明，证实朱定琪于2016年10月21日申领了采伐证号为［2016］1021001号的林木采伐许可证，小班编号为05210503200800，采伐面积6.3公顷，采伐蓄积540.54立方米；并证实经林业站工作人员对“样冲”山场进行检查，朱定琪办理的伐区旁边有一处未办理林木采伐许可证的山场林木已被砍伐。 6、广东省采伐林木告知书，证实2016年10月21日，黎某2代朱定琪在广东省采伐林木告知书上签名的情况。 7、证明，由仁化县闻韶林业工作站出具，证实涉案山场尚未登记且未办理新版的林权证，该处山场林种为一般用材林。另外林业站受理林木采伐许可证时申请人需提供2003年以后换发的新版林权证原件。 8、户籍证明、刑事判决书、刑满释放证明书，证实朱定琪的基本身份信息情况以及其因犯盗伐林木罪被判处刑罚以及释放的情况。 9、归案经过，证实2019年9月1日，仁化县公安局森林分局接报称闻韶镇白竹村加等组“样冲”山场有人砍伐林木，民警分别于2017年9月14日、9月25日、10月12日、2018年1月25日通过电话通知朱定琪到案接受调查的情况。 10、情况说明，由仁化县公安局森林分局出具，公安机关对委托高某户籍所在地公安机关协助查找高某等民工并制作笔录以及无法再次找到高某、吴某等民工调查的情况进行了说明。 （二）笔录 1、辨认笔录，经混杂照片辨认，李某辨认出朱定琪就是打电话让其作伪证称山场是其砍伐的“朱老板”；谭某1、谭某2分别辨认出李某就是“老李”；朱定琪辨认出高某就是帮其砍伐山场的“老高”；黎某2辨认出高某就是朱定琪雇请砍伐林木的贵州籍民工。 2、现场勘验检查笔录、图、照片，公安机关对仁化县闻韶镇白竹村加等组“样冲”山场被滥伐林木的现场进行了检查、记录、拍摄反映，以证实砍伐现场的情况，且朱定琪对砍伐现场进行了指认。 （三）鉴定意见 仁化县闻韶镇白竹村“样冲”山场现场调查测算情况报告，证实经仁化县林业调查规划与资源资产评估中心林业工程师、助理工程师实地调查测算，“样冲”山场未办理林木采伐许可证部分被采伐面积是34.5亩，被采伐针阔混交林林木蓄积是94.0642立方米。 （四）证人证言 1、证人虞某的证言，证实其听说“样冲”山场去年（2016年）办了伐区后开始砍伐林木，但最近发现山场砍伐的面积越来越大就报案了。 2、证人朱某1的证言，证实“样冲”山场是其和朱某2、朱定琪三兄弟的，其和朱某2的山场都是交给朱定琪代管的。朱定琪把其所属的山场承包给他人砍伐，并办理了林木采伐许可证，但不知道承包人是谁。 3、证人李某（绰号“老李”）的证言，证实其并没有帮朱老板砍伐过林木。只是朱老板多次打电话叫其到公安机关帮他作证，说其是他山场的砍伐工人，并交代其说旁边的一片山场在其砍伐前就已经被他人砍伐了。2016年6、7月，其与朱老板去看山时，朱老板的山场和旁边的山场都没有砍伐过。2016年8月至2017年3月期间，其受雇帮谭某1、谭某2砍伐林木。 4、证人谭某1、谭某2的证言，证实两人于2016年至2017年3月期间雇请“老李”砍伐林木的事实。 5、证人黎某2的证言，证实其于2016年12月帮朱定琪办好了“样冲”山场的伐区。后朱定琪雇请了工人去砍伐林木，砍伐下来的木材由其收购，一直到2017年3月底。收购的木材数量有200立方米左右，总共付给朱定琪木材款15万元左右。当时做伐区设计时，朱定琪向评估中心的工作人员强调申请办证的范围就是新的林权证规定的四至界线。办好证后，其代朱定琪到林业站领取了采伐许可证并签了林木采伐告知书，林业站工作人员还告知了采伐范围就是新的林权证上的范围。之后其把采伐许可证和告知书交给了朱定琪，还交代一定不能超范围、超时间砍伐，采伐范围就是新林权证的范围。朱定琪超范围砍伐的山场之前是没有砍伐过的。 6、证人谭某3的证言，证实其承包了朱定琪哥哥朱某2的“样冲”山场砍伐林木。后其雇请了“老杜”、“老高”等人砍伐了山场的林木。 7、证人高某的证言，证实2016年上半年，其与朱定琪谈好帮他砍伐山场的林木，并约定好工钱。2016年农历10月底，朱定琪带其去山场砍树，一直到冬月二十几号。砍伐的工人有其与其妻子，吴某两夫妻等8人。吴某是年后才来的。砍伐木材的工具是他们自己带去的油锯。朱定琪说他有采伐证，但未向其出示过，只是交代他们砍伐他指定范围的树木。砍伐的林木有300多方或吨，面积无法估算。 8、证人吴某的证言，证实其与其妻子于2017年农历2月22日和高某等人到闻韶镇帮朱定琪砍树，一直砍到农历闰六月。当时因为公安人员说砍伐的山场发生超范围砍伐，所以就停止砍伐了。朱定琪没有出示过采伐证，其与高某等人只负责在朱定琪指定的范围内砍树，一共砍伐了300多方或吨。 9、证人罗某的证言，证实“样冲”山场伐区办证从资料递交、山场伐区设计到领取采伐许可证，整个过程朱定琪都未参与，由黎某2一手经办的。当时黎某2要求将朱定琪林权证附图的范围做伐区，未提出超范围砍伐的山场要列入采伐设计的范围内。采伐许可证是黎某2到林业站领取的，其当时口头告知他许可证的四至界线等内容。黎某2在《广东省采伐林木告知书》上签了字。另外，其做伐区设计时，涉案山场是没有砍伐过的。 10、证人黎某3的证言，证实2013年村里山场进行林权改革时，其所有的“牛路坑”山场有一小部分与朱定琪的“样冲”山场相连，朱定琪以为该部分山场是他的，后来争议解决了，其所属的该部分山场新林权证也办下来了，现与朱定琪的山场没有任何争议了。 11、证人段某的证言，证实其当时负责闻韶镇的林改工作。当时“样冲”山场的山主告诉其四至界线时并没有指划到超范围砍伐的涉案山场，且山主也是看着其勾画山场宗地形状示意图的，如山主有告诉其，肯定会勾画进去的。另外，每做完一个村的山场勘查勾图，会在村里公示各个村民的山场宗地示意图，村民没意见后才填写办证的资料进行办证，办证的资料还有山主的签名。 12、证人黎某1的证言，证实其系闻韶镇林业站护林员，当时参与了白竹村朱定琪“样冲”山场的林改工作。现场勾图是段某和吴永坚负责的，朱定琪在现场指了他山场的范围，黎某3认为朱定琪指的范围与其山场交界位置界线不对，双方发生争议，段某就说有争议的那片山场不勾进图里。这片有争议的山场并不是朱定琪超伐区砍伐的那片山场，但两个山场是连片的，可能因为当时有争议导致超伐区砍伐的山场没有勾到新林权证图纸里。 13、证人朱某2的证言，证实其给了朱定琪一片其名下的“样冲”山场，该片山场不是朱定琪超范围砍伐林木的山窝，其给他的山场并未砍伐。不清楚为什么无证砍伐的山窝没有勾画到朱定琪的林权证中。 （五）被告人朱定琪的供述与辩解 被告人朱定琪于2017年9月14日10时28分至2018年1月26日00时20分期间所作的询问、讯问笔录均不承认雇请高某超范围砍伐“样冲”山场的犯罪事实。 其于2018年1月26日12时58分之后所作的供述：2016年10月31日，我办好了自留山“样冲”山场的林木采伐许可证。11月初，我雇请贵州省的民工“老高”和他带的一帮民工砍伐“样冲”山场的林木。4月份的时候，我就和“老高”约好了请他们帮我砍伐林木。“样冲”山场有一片是没有办理采伐许可证的，“老高”他们不知道该部分是没有证的，我也没有告诉他们。那片未办理林木采伐许可证的山场我也一并叫“老高”他们砍伐了。2017年春节前，“老高”他们才把山场的林木砍伐完。砍伐下来的木材也是到春节前才全部运出来。山场砍伐的林木大部分是杉树，有少量松树和杂树，总共有30立方米左右的木材，10吨左右的枝桠材，全部卖给黎某2了，他给了我14万元木材款。该山场以前没有被人砍伐过。 我交代“老高”他们先从“样冲”山场没有办理林木采伐许可证的那片山场开始砍伐，因为那里是拖拉机路进去最先到达的地方，这样一路砍伐到办理了采伐许可证的山场最方便，最省时省力。当时办理采伐许可证的时候没有相关工作人员带我到现场看山场的四至界线，我就直接按照林权证上的图纸规定的区域砍伐了，因为我不太会看图纸，所以以为那片未办理采伐许可证的山场也在办理了林木采伐许可证的区域内，造成了滥伐林木的严重后果。“样冲”山场所有林木砍伐完后，我才听人说山场超范围砍伐了。如果我知道该片山场不在新林权证的范围的话，就不会叫高某去砍伐了。 2013年左右，林业部门的工作人员到村民各自的山场进行勘查勾图，我把“样冲”山场的四至界线告诉他们了，因当时有一小片山场与黎道维（音）有争议，所以新办理的林权证没有该片争议的山场。现在涉案的山场与别人没有争议，但不知道为什么没有划进新的林权证范围里。新的林权证发下来后，我看证上的附图以为该范围就是当时告知林业工作人员的范围，所以没有到山场去核对四至界线。后来申请“样冲”山场伐区时，我和黎某2说把林权证上的范围全部申请，办好后他就把采伐证给了我，还多次强调不能超范围、超期砍伐，砍伐范围就是新林权证的范围。 以上证据，经过庭审举证、质证，本院予以确认。 ","cpfxgc":"本院认为，被告人朱定琪违反森林法的规定，滥伐林木，数量较大，其行为构成滥伐林木罪。公诉机关指控被告人朱定琪的犯罪事实清楚，证据确实、充分，罪名正确，应予支持。被告人及其辩护人提出被告人主观上认为涉案山场在其新林权证范围以及办理了采伐许可证的辩解、辩护意见，经审查，《最高人民法院关于审理破坏森林资源刑事案件具体应用法律若干问题的解释》第五条第一款中规定“违反森林法的规定，未经林业行政主管部门及法律规定的其他主管部门批准并核发林木采伐许可证，或者虽持有林木采伐许可证，但违反林木采伐许可证规定的时间、数量、树种或者方式，任意采伐本单位所有或者本人所有的森林或者其他林木，数量较大的，以滥伐林木罪论处”。从本案证据材料来看，在新的林权证办理过程中，被告人朱定琪并没有对其山场勾图范围提出异议，且新的林权证颁发后，被告人也没有对其新的林权证附图向林业部门反映过。另外林木采伐许可证明确规定必须在许可的范围和面积内砍伐林木，被告人亦未认真查看采伐的范围就雇请他人对涉案山场进行砍伐。综上，被告人虽然办理了“样冲”山场的林木采伐许可证，但其并未按照许可证载明的采伐范围进行砍伐，其主观上对造成滥伐林木的后果持放任态度，客观上实施了滥伐林木的行为，且数量较大，对其行为应以滥伐林木罪定罪处罚。至于被告人及其辩护人提出林业部门工作人员在换发新的林权证以及颁发采伐许可证时有过错，对本案的发生负有不可推卸责任的意见，经审查，本案现有证据并不能证实林业工作人员有过错，且该问题并不影响本案的定罪，故上述辩解、辩护意见理由不充分，不予采纳。 鉴于被告人朱定琪归案后能如实供述其滥伐林木的主要犯罪事实，可以从轻处罚；其曾因盗伐林木被判处刑罚，量刑时可予以考虑。公诉机关提出判处被告人朱定琪一年十个月至二年十个月有期徒刑的量刑建议，于法有据，本院予以采纳。综上所述，依照《中华人民共和国刑法》第三百四十五条第二款、第六十七条第三款、第五十二条、第五十三条以及《最高人民法院关于审理破坏森林资源刑事案件具体应用法律若干问题的解释》第五条、第六条之规定，判决如下：","pjjg":" 被告人朱定琪犯滥伐林木罪，判处有期徒刑二年五个月，并处罚金人民币一万五千元。 （刑期从判决执行之日起计算。判决执行以前先行羁押的，羁押一日折抵刑期一日，即自2018年1月25日起至2020年6月24日止；罚金限其于本判决生效之日起十日内向本院缴纳。） 如不服本判决，可在接到判决书的第二日起十日内，通过本院或者直接向韶关市中级人民法院提起上诉。书面上诉的，应当提交上诉状正本一份，副本二份。","qw":"广东省仁化县人民法院 刑事判决书 （2018）粤0224刑初84号 公诉机关广东省仁化县人民检察院。 被告人朱定琪，男，1961年10月1日出生于广东省仁化县，汉族，高中文化，农民，捕前住广东省仁化县。2002年10月25日因犯盗伐林木罪被本院判处有期徒刑五年六个月，2002年12月30日被韶关市中级人民法院二审判处有期徒刑三年六个月，2005年6月21日刑满释放。2018年1月25日因本案被羁押，次日因涉嫌犯滥伐林木罪被刑事拘留，同年3月2日被逮捕。现羁押于仁化县看守所。 辩护人邓黎洪，广东丹霞律师事务所律师。 广东省仁化县人民检察院以韶仁检刑诉［2018］78号起诉书指控被告人朱定琪犯滥伐林木罪，于2018年8月10日向本院提起公诉。本院依法适用简易程序进行审理，在审理过程中，发现有不符合适用简易程序的情形，依法转为普通程序，组成合议庭，公开开庭进行了审理。仁化县人民检察院指派检察员刘冬梅出庭支持公诉，证人黎某1、被告人朱定琪及其辩护人邓黎洪到庭参加了诉讼。现已审理终结。 仁化县人民检察院指控，2016年11月，被告人朱定琪雇请高某等8名贵州籍民工砍伐其位于仁化县闻韶镇白竹村“样冲”山场的林木，并将采伐的林木销售给黎某2。在砍伐期间，朱定琪指挥高某等人超范围砍伐了“样冲”山场中未办理采伐许可证的部分山场。经测算，上述山场被采伐林木蓄积为94.0642立方米。公诉机关就指控的犯罪事实向法庭宣读、出示了相关书证、证人证言、辨认笔录、测算报告、现场勘查笔录、图、照片等证据，据此指控被告人朱定琪的行为已触犯《中华人民共和国刑法》第三百四十五条第二款之规定，应以滥伐林木罪追究其刑事责任，现特提起公诉，请本院依法惩处。 被告人朱定琪对起诉书指控其砍伐林木的事实无异议，其砍伐前一直以为超范围砍伐的山场是在其新林权证范围内，其亦按新林权证的范围办理了林木采伐许可证，故其不清楚是否构成滥伐林木罪。 其辩护人提出以下辩护意见：1、涉案“样冲”山场是被告人的自留山，被告人家庭付出了大量时间、人力、物力、财力来维护管理这片山林，且超伐区范围砍伐林木数量不大，社会危害性相对较轻；2、被告人申请砍伐山林的主观目的是为了造林，并非破坏山林；3、被告人当时主观确实以为超砍林木属于其林权证范围，确实不知道超砍范围的山林是没有批下来的；4、林业部门给被告人换发新林权证以及颁发采伐许可证的过程有过错，对本案的发生负有不可推卸的责任；5、被告人如实供述，认罪、悔罪，可酌情从轻处罚。 经审理查明，2016年10月21日，被告人朱定琪办理了其位于仁化县闻韶镇白竹村“样冲”山场的林木采伐许可证。同年11月初，朱定琪雇请高某等8名贵州籍民工携带油锯、柴刀砍伐“样冲”山场林木，并将砍伐下来的木材销售给黎某2。在砍伐期间，朱定琪指挥高某等人超范围砍伐了上述山场未办理林木采伐许可证的部分山场。 经仁化县林业调查规划与资源资产评估中心测算，“样冲”山场未办理林木采伐许可证的部分被砍伐针阔混交林木总蓄积为94.0642立方米。 以上事实，有下列证据证实： （一）书证 1、林权证、林业生产承包责任制合同书，证实“样冲”山场林地所有权人是闻韶镇白竹村白竹七组，林地使用权、森林或林木所有权、使用权属于朱某1、朱定琪、朱某2所有，其中朱定琪所有的林地小班号为8，面积为94.9亩。 2、通话清单，证实朱定琪于2017年8月至11月期间与李某等人的通话情况。 3、涉案山场航拍图，证实朱定琪超范围砍伐“样冲”山场的位置，该范围经朱定琪签名确认。 4、林地林权登记申请表、勘查登记卡、图纸、采伐申请书、林权证、设计书等，证实朱定琪对“样冲”山场申请林权证的情况以及其于2016年9月15日申请对其林权证（NO．440900019209）山场的林木进行采伐。 5、林木采伐许可证、证明，证实朱定琪于2016年10月21日申领了采伐证号为［2016］1021001号的林木采伐许可证，小班编号为05210503200800，采伐面积6.3公顷，采伐蓄积540.54立方米；并证实经林业站工作人员对“样冲”山场进行检查，朱定琪办理的伐区旁边有一处未办理林木采伐许可证的山场林木已被砍伐。 6、广东省采伐林木告知书，证实2016年10月21日，黎某2代朱定琪在广东省采伐林木告知书上签名的情况。 7、证明，由仁化县闻韶林业工作站出具，证实涉案山场尚未登记且未办理新版的林权证，该处山场林种为一般用材林。另外林业站受理林木采伐许可证时申请人需提供2003年以后换发的新版林权证原件。 8、户籍证明、刑事判决书、刑满释放证明书，证实朱定琪的基本身份信息情况以及其因犯盗伐林木罪被判处刑罚以及释放的情况。 9、归案经过，证实2019年9月1日，仁化县公安局森林分局接报称闻韶镇白竹村加等组“样冲”山场有人砍伐林木，民警分别于2017年9月14日、9月25日、10月12日、2018年1月25日通过电话通知朱定琪到案接受调查的情况。 10、情况说明，由仁化县公安局森林分局出具，公安机关对委托高某户籍所在地公安机关协助查找高某等民工并制作笔录以及无法再次找到高某、吴某等民工调查的情况进行了说明。 （二）笔录 1、辨认笔录，经混杂照片辨认，李某辨认出朱定琪就是打电话让其作伪证称山场是其砍伐的“朱老板”；谭某1、谭某2分别辨认出李某就是“老李”；朱定琪辨认出高某就是帮其砍伐山场的“老高”；黎某2辨认出高某就是朱定琪雇请砍伐林木的贵州籍民工。 2、现场勘验检查笔录、图、照片，公安机关对仁化县闻韶镇白竹村加等组“样冲”山场被滥伐林木的现场进行了检查、记录、拍摄反映，以证实砍伐现场的情况，且朱定琪对砍伐现场进行了指认。 （三）鉴定意见 仁化县闻韶镇白竹村“样冲”山场现场调查测算情况报告，证实经仁化县林业调查规划与资源资产评估中心林业工程师、助理工程师实地调查测算，“样冲”山场未办理林木采伐许可证部分被采伐面积是34.5亩，被采伐针阔混交林林木蓄积是94.0642立方米。 （四）证人证言 1、证人虞某的证言，证实其听说“样冲”山场去年（2016年）办了伐区后开始砍伐林木，但最近发现山场砍伐的面积越来越大就报案了。 2、证人朱某1的证言，证实“样冲”山场是其和朱某2、朱定琪三兄弟的，其和朱某2的山场都是交给朱定琪代管的。朱定琪把其所属的山场承包给他人砍伐，并办理了林木采伐许可证，但不知道承包人是谁。 3、证人李某（绰号“老李”）的证言，证实其并没有帮朱老板砍伐过林木。只是朱老板多次打电话叫其到公安机关帮他作证，说其是他山场的砍伐工人，并交代其说旁边的一片山场在其砍伐前就已经被他人砍伐了。2016年6、7月，其与朱老板去看山时，朱老板的山场和旁边的山场都没有砍伐过。2016年8月至2017年3月期间，其受雇帮谭某1、谭某2砍伐林木。 4、证人谭某1、谭某2的证言，证实两人于2016年至2017年3月期间雇请“老李”砍伐林木的事实。 5、证人黎某2的证言，证实其于2016年12月帮朱定琪办好了“样冲”山场的伐区。后朱定琪雇请了工人去砍伐林木，砍伐下来的木材由其收购，一直到2017年3月底。收购的木材数量有200立方米左右，总共付给朱定琪木材款15万元左右。当时做伐区设计时，朱定琪向评估中心的工作人员强调申请办证的范围就是新的林权证规定的四至界线。办好证后，其代朱定琪到林业站领取了采伐许可证并签了林木采伐告知书，林业站工作人员还告知了采伐范围就是新的林权证上的范围。之后其把采伐许可证和告知书交给了朱定琪，还交代一定不能超范围、超时间砍伐，采伐范围就是新林权证的范围。朱定琪超范围砍伐的山场之前是没有砍伐过的。 6、证人谭某3的证言，证实其承包了朱定琪哥哥朱某2的“样冲”山场砍伐林木。后其雇请了“老杜”、“老高”等人砍伐了山场的林木。 7、证人高某的证言，证实2016年上半年，其与朱定琪谈好帮他砍伐山场的林木，并约定好工钱。2016年农历10月底，朱定琪带其去山场砍树，一直到冬月二十几号。砍伐的工人有其与其妻子，吴某两夫妻等8人。吴某是年后才来的。砍伐木材的工具是他们自己带去的油锯。朱定琪说他有采伐证，但未向其出示过，只是交代他们砍伐他指定范围的树木。砍伐的林木有300多方或吨，面积无法估算。 8、证人吴某的证言，证实其与其妻子于2017年农历2月22日和高某等人到闻韶镇帮朱定琪砍树，一直砍到农历闰六月。当时因为公安人员说砍伐的山场发生超范围砍伐，所以就停止砍伐了。朱定琪没有出示过采伐证，其与高某等人只负责在朱定琪指定的范围内砍树，一共砍伐了300多方或吨。 9、证人罗某的证言，证实“样冲”山场伐区办证从资料递交、山场伐区设计到领取采伐许可证，整个过程朱定琪都未参与，由黎某2一手经办的。当时黎某2要求将朱定琪林权证附图的范围做伐区，未提出超范围砍伐的山场要列入采伐设计的范围内。采伐许可证是黎某2到林业站领取的，其当时口头告知他许可证的四至界线等内容。黎某2在《广东省采伐林木告知书》上签了字。另外，其做伐区设计时，涉案山场是没有砍伐过的。 10、证人黎某3的证言，证实2013年村里山场进行林权改革时，其所有的“牛路坑”山场有一小部分与朱定琪的“样冲”山场相连，朱定琪以为该部分山场是他的，后来争议解决了，其所属的该部分山场新林权证也办下来了，现与朱定琪的山场没有任何争议了。 11、证人段某的证言，证实其当时负责闻韶镇的林改工作。当时“样冲”山场的山主告诉其四至界线时并没有指划到超范围砍伐的涉案山场，且山主也是看着其勾画山场宗地形状示意图的，如山主有告诉其，肯定会勾画进去的。另外，每做完一个村的山场勘查勾图，会在村里公示各个村民的山场宗地示意图，村民没意见后才填写办证的资料进行办证，办证的资料还有山主的签名。 12、证人黎某1的证言，证实其系闻韶镇林业站护林员，当时参与了白竹村朱定琪“样冲”山场的林改工作。现场勾图是段某和吴永坚负责的，朱定琪在现场指了他山场的范围，黎某3认为朱定琪指的范围与其山场交界位置界线不对，双方发生争议，段某就说有争议的那片山场不勾进图里。这片有争议的山场并不是朱定琪超伐区砍伐的那片山场，但两个山场是连片的，可能因为当时有争议导致超伐区砍伐的山场没有勾到新林权证图纸里。 13、证人朱某2的证言，证实其给了朱定琪一片其名下的“样冲”山场，该片山场不是朱定琪超范围砍伐林木的山窝，其给他的山场并未砍伐。不清楚为什么无证砍伐的山窝没有勾画到朱定琪的林权证中。 （五）被告人朱定琪的供述与辩解 被告人朱定琪于2017年9月14日10时28分至2018年1月26日00时20分期间所作的询问、讯问笔录均不承认雇请高某超范围砍伐“样冲”山场的犯罪事实。 其于2018年1月26日12时58分之后所作的供述：2016年10月31日，我办好了自留山“样冲”山场的林木采伐许可证。11月初，我雇请贵州省的民工“老高”和他带的一帮民工砍伐“样冲”山场的林木。4月份的时候，我就和“老高”约好了请他们帮我砍伐林木。“样冲”山场有一片是没有办理采伐许可证的，“老高”他们不知道该部分是没有证的，我也没有告诉他们。那片未办理林木采伐许可证的山场我也一并叫“老高”他们砍伐了。2017年春节前，“老高”他们才把山场的林木砍伐完。砍伐下来的木材也是到春节前才全部运出来。山场砍伐的林木大部分是杉树，有少量松树和杂树，总共有30立方米左右的木材，10吨左右的枝桠材，全部卖给黎某2了，他给了我14万元木材款。该山场以前没有被人砍伐过。 我交代“老高”他们先从“样冲”山场没有办理林木采伐许可证的那片山场开始砍伐，因为那里是拖拉机路进去最先到达的地方，这样一路砍伐到办理了采伐许可证的山场最方便，最省时省力。当时办理采伐许可证的时候没有相关工作人员带我到现场看山场的四至界线，我就直接按照林权证上的图纸规定的区域砍伐了，因为我不太会看图纸，所以以为那片未办理采伐许可证的山场也在办理了林木采伐许可证的区域内，造成了滥伐林木的严重后果。“样冲”山场所有林木砍伐完后，我才听人说山场超范围砍伐了。如果我知道该片山场不在新林权证的范围的话，就不会叫高某去砍伐了。 2013年左右，林业部门的工作人员到村民各自的山场进行勘查勾图，我把“样冲”山场的四至界线告诉他们了，因当时有一小片山场与黎道维（音）有争议，所以新办理的林权证没有该片争议的山场。现在涉案的山场与别人没有争议，但不知道为什么没有划进新的林权证范围里。新的林权证发下来后，我看证上的附图以为该范围就是当时告知林业工作人员的范围，所以没有到山场去核对四至界线。后来申请“样冲”山场伐区时，我和黎某2说把林权证上的范围全部申请，办好后他就把采伐证给了我，还多次强调不能超范围、超期砍伐，砍伐范围就是新林权证的范围。 以上证据，经过庭审举证、质证，本院予以确认。 本院认为，被告人朱定琪违反森林法的规定，滥伐林木，数量较大，其行为构成滥伐林木罪。公诉机关指控被告人朱定琪的犯罪事实清楚，证据确实、充分，罪名正确，应予支持。被告人及其辩护人提出被告人主观上认为涉案山场在其新林权证范围以及办理了采伐许可证的辩解、辩护意见，经审查，《最高人民法院关于审理破坏森林资源刑事案件具体应用法律若干问题的解释》第五条第一款中规定“违反森林法的规定，未经林业行政主管部门及法律规定的其他主管部门批准并核发林木采伐许可证，或者虽持有林木采伐许可证，但违反林木采伐许可证规定的时间、数量、树种或者方式，任意采伐本单位所有或者本人所有的森林或者其他林木，数量较大的，以滥伐林木罪论处”。从本案证据材料来看，在新的林权证办理过程中，被告人朱定琪并没有对其山场勾图范围提出异议，且新的林权证颁发后，被告人也没有对其新的林权证附图向林业部门反映过。另外林木采伐许可证明确规定必须在许可的范围和面积内砍伐林木，被告人亦未认真查看采伐的范围就雇请他人对涉案山场进行砍伐。综上，被告人虽然办理了“样冲”山场的林木采伐许可证，但其并未按照许可证载明的采伐范围进行砍伐，其主观上对造成滥伐林木的后果持放任态度，客观上实施了滥伐林木的行为，且数量较大，对其行为应以滥伐林木罪定罪处罚。至于被告人及其辩护人提出林业部门工作人员在换发新的林权证以及颁发采伐许可证时有过错，对本案的发生负有不可推卸责任的意见，经审查，本案现有证据并不能证实林业工作人员有过错，且该问题并不影响本案的定罪，故上述辩解、辩护意见理由不充分，不予采纳。 鉴于被告人朱定琪归案后能如实供述其滥伐林木的主要犯罪事实，可以从轻处罚；其曾因盗伐林木被判处刑罚，量刑时可予以考虑。公诉机关提出判处被告人朱定琪一年十个月至二年十个月有期徒刑的量刑建议，于法有据，本院予以采纳。综上所述，依照《中华人民共和国刑法》第三百四十五条第二款、第六十七条第三款、第五十二条、第五十三条以及《最高人民法院关于审理破坏森林资源刑事案件具体应用法律若干问题的解释》第五条、第六条之规定，判决如下： 被告人朱定琪犯滥伐林木罪，判处有期徒刑二年五个月，并处罚金人民币一万五千元。 （刑期从判决执行之日起计算。判决执行以前先行羁押的，羁押一日折抵刑期一日，即自2018年1月25日起至2020年6月24日止；罚金限其于本判决生效之日起十日内向本院缴纳。） 如不服本判决，可在接到判决书的第二日起十日内，通过本院或者直接向韶关市中级人民法院提起上诉。书面上诉的，应当提交上诉状正本一份，副本二份。 审判长朱艳群 人民陪审员叶发坤 人民陪审员杨清华 二〇一八年十一月一日 书记员徐君龙 附相关法律条文 《中华人民共和国刑法》 第三百四十五条盗伐森林或者其他林木，数量较大的，处三年以下有期徒刑、拘役或者管制，并处或者单处罚金；数量巨大的，处三年以上七年以下有期徒刑，并处罚金；数量特别巨大的，处七年以上有期徒刑，并处罚金。 违反森林法的规定，滥伐森林或者其他林木，数量较大的，处三年以下有期徒刑、拘役或者管制，并处或者单处罚金；数量巨大的，处三年以上七年以下有期徒刑，并处罚金。 非法收购、运输明知是盗伐、滥伐的林木，情节严重的，处三年以下有期徒刑、拘役或者管制，并处或者单处罚金；情节特别严重的，处三年以上七年以下有期徒刑，并处罚金。 盗伐、滥伐国家级自然保护区内的森林或者其他林木的，从重处罚。 第五十二条判处罚金，应当根据犯罪情节决定罚金数额。 第五十三条罚金在判决指定的期限内一次或者分期缴纳。期满不缴纳的，强制缴纳。对于不能全部缴纳罚金的，人民法院在任何时候发现被执行人有可以执行的财产，应当随时追缴。由于遭遇不能抗拒的灾祸等原因缴纳确实有困难的，经人民法院裁定，可以延期缴纳、酌情减少或者免除。 第六十七条犯罪以后自动投案，如实供述自己的罪行的，是自首。对于自首的犯罪分子，可以从轻或者减轻处罚。其中，犯罪较轻的，可以免除处罚。 被采取强制措施的犯罪嫌疑人、被告人和正在服刑的罪犯，如实供述司法机关还未掌握的本人其他罪行的，以自首论。 犯罪嫌疑人虽不具有前两款规定的自首情节，但是如实供述自己罪行的，可以从轻处罚；因其如实供述自己罪行，避免特别严重后果发生的，可以减轻处罚。 《最高人民法院关于审理破坏森林资源刑事案件具体应用法律若干问题的解释》 第五条违反森林法的规定，具有下列情形之一，数量较大的，依照刑法第三百四十五条第二款的规定，以滥伐林木罪定罪处罚：（一）未经林业行政主管部门及法律规定的其他主管部门批准并核发林木采伐许可证，或者虽持有林木采伐许可证，但违反林木采伐许可证规定的时间、数量、树种或者方式，任意采伐本单位所有或者本人所有的森林或者其他林木的；（二）超过林木采伐许可证规定的数量采伐他人所有的森林或者其他林木的。林木权属争议一方在林木权属确权之前，擅自砍伐森林或者其他林木，数量较大的，以滥伐林木罪论处。第六条滥伐林木“数量较大”，以十至二十立方米或者幼树五百至一千株为起点；滥伐林木“数量巨大”，以五十至一百立方米或者幼树二千五百至五千株为起点。","writId":"04520b8b0a4deed316455155b1a866d8519","writName":"朱定琪滥伐林木一审刑事判决书"}
