{"ajId":"1007260d-f474-4c5d-b18b-e03cdc8598b5","ajName":"解某某走私、贩卖、运输、制造毒品一案","ajjbqk":" 山东省青岛市黄岛区人民检察院指控： 2017年8月21日18时许，林某电话联系被告人解某某欲购买甲基苯丙胺（冰毒），并通过微信转账给被告人解某某毒资人民币1000元。被告人解某某给宋德成（男，未到案）微信转账1000元并在青岛市第八人民医院附近拿到甲基苯丙胺1克，随后在林某位于青岛市崂山区返岭村的家中将该1克甲基苯丙胺交易给林某。 2017年10月1日中午，林某电话联系被告人解某某欲购买甲基苯丙胺，并通过微信转账给被告人解某某毒资人民币1200元。同年10月下旬，被告人解某某从宋德成处拿到甲基苯丙胺0.5克，随后在林某位于青岛市崂山区返岭村的家中将该0.5克甲基苯丙胺交易给林某。 综上，被告人解某某共贩卖冰毒2次，共计甲基苯丙胺1.5克。 公诉机关认为被告人解某某贩卖毒品，应当以贩卖毒品罪追究其刑事责任。建议对其判处有期徒刑一年六个月至二年六个月，并处罚金。 被告人解某某对公诉机关的指控无异议，也未提出辩解意见。 被告人解某某的辩护人提出以下辩护意见：1、被告人解某某系初犯、偶犯；2、被告人解某某系坦白。 经审理查明经审理查明的事实与公诉机关的指控一致。 上述事实，被告人解某某在开庭审理过程中未提出异议，并有受案登记表、抓获经过、发破案经过、常住人口基本信息、情况说明等书证，证人林某的证言，扣押决定书、扣押清单、微信交易记录截图、被告人解某某的供述，尿样提取笔录、现场检测报告、辨认笔录及照片，视听资料等证据证实，足以认定。 ","cpfxgc":"本院认为，被告人解某某贩卖冰毒2次，其行为构成贩卖毒品罪。公诉机关指控成立，本院予以支持。关于辩护人所提被告人系坦白的辩护意见，经查证属实，本院予以采纳。关于辩护人所提被告人系初犯和偶犯的辩护意见，经查，被告人两次贩卖毒品不是初犯和偶犯，对该辩护意见不予采纳。被告人解某某系坦白，依法予以从轻处罚。根据被告人解某某犯罪的事实、性质、情节及对于社会的危害程度，依据《中华人民共和国刑法》第三百四十七条、第六十七条第三款、第四十五条、第五十二条、第五十三条规定，判决如下：","pjjg":" 被告人解某某犯贩卖毒品罪，判处有期徒刑一年六个月，并处罚金人民币五千元。 （刑期从判决执行之日起计算，执行之前先行羁押的，羁押一日折抵刑期一日，即从2018年2月26日起至2019年8月25日止。罚金于判决生效后十日内缴纳。） 如不服本判决，可在接到判决书的第二日起十日内，通过本院或者直接向青岛市中级人民法院提出上诉。书面上诉的，应当提交上诉状正本一份，副本二份。","qw":"山东省青岛市黄岛区人民法院 刑事判决书 （2018）鲁0211刑初666号 公诉机关青岛市黄岛区人民检察院。 被告人解某某，曾用名解赞伟，男，1970年9月26日出生于山东省招远市，汉族，中专文化程度，青岛市天之源水产公司工作人员，户籍所在地及现住址均为山东省青岛市李沧区。因涉嫌犯贩卖毒品毒罪于2018年2月26日被刑事拘留，同年3月30日被逮捕。 指定辩护人丁明，山东凯翔律师事务所律师。 青岛市黄岛区人民检察院以青黄岛检公刑诉［2018］664号起诉书指控被告人解某某犯贩卖毒品罪，于2018年5月31日向本院提起公诉。本院于当日立案，依法适用简易程序，实行独任审判，公开开庭审理了本案。山东省青岛市黄岛区人民检察院指派检察员李佳凝出庭支持公诉，被告人解某某及其辩护人到庭参加了诉讼。现已审理终结。 山东省青岛市黄岛区人民检察院指控： 2017年8月21日18时许，林某电话联系被告人解某某欲购买甲基苯丙胺（冰毒），并通过微信转账给被告人解某某毒资人民币1000元。被告人解某某给宋德成（男，未到案）微信转账1000元并在青岛市第八人民医院附近拿到甲基苯丙胺1克，随后在林某位于青岛市崂山区返岭村的家中将该1克甲基苯丙胺交易给林某。 2017年10月1日中午，林某电话联系被告人解某某欲购买甲基苯丙胺，并通过微信转账给被告人解某某毒资人民币1200元。同年10月下旬，被告人解某某从宋德成处拿到甲基苯丙胺0.5克，随后在林某位于青岛市崂山区返岭村的家中将该0.5克甲基苯丙胺交易给林某。 综上，被告人解某某共贩卖冰毒2次，共计甲基苯丙胺1.5克。 公诉机关认为被告人解某某贩卖毒品，应当以贩卖毒品罪追究其刑事责任。建议对其判处有期徒刑一年六个月至二年六个月，并处罚金。 被告人解某某对公诉机关的指控无异议，也未提出辩解意见。 被告人解某某的辩护人提出以下辩护意见：1、被告人解某某系初犯、偶犯；2、被告人解某某系坦白。 经审理查明经审理查明的事实与公诉机关的指控一致。 上述事实，被告人解某某在开庭审理过程中未提出异议，并有受案登记表、抓获经过、发破案经过、常住人口基本信息、情况说明等书证，证人林某的证言，扣押决定书、扣押清单、微信交易记录截图、被告人解某某的供述，尿样提取笔录、现场检测报告、辨认笔录及照片，视听资料等证据证实，足以认定。 本院认为，被告人解某某贩卖冰毒2次，其行为构成贩卖毒品罪。公诉机关指控成立，本院予以支持。关于辩护人所提被告人系坦白的辩护意见，经查证属实，本院予以采纳。关于辩护人所提被告人系初犯和偶犯的辩护意见，经查，被告人两次贩卖毒品不是初犯和偶犯，对该辩护意见不予采纳。被告人解某某系坦白，依法予以从轻处罚。根据被告人解某某犯罪的事实、性质、情节及对于社会的危害程度，依据《中华人民共和国刑法》第三百四十七条、第六十七条第三款、第四十五条、第五十二条、第五十三条规定，判决如下： 被告人解某某犯贩卖毒品罪，判处有期徒刑一年六个月，并处罚金人民币五千元。 （刑期从判决执行之日起计算，执行之前先行羁押的，羁押一日折抵刑期一日，即从2018年2月26日起至2019年8月25日止。罚金于判决生效后十日内缴纳。） 如不服本判决，可在接到判决书的第二日起十日内，通过本院或者直接向青岛市中级人民法院提出上诉。书面上诉的，应当提交上诉状正本一份，副本二份。 审判员王德成 二〇一八年六月二十日 法官助理杨好丽 书记员赵琳","writId":"011b5b403b59473f1c38f3c7e4d8a02289c","writName":"解某某走私、贩卖、运输、制造毒品一审刑事判决书"}
