{"ajId":"2abf6beb-4992-4afe-a250-d9047bcbebb8","ajName":"吴某破坏生产经营罪一案","ajjbqk":" 公诉机关指控，2014年3月2日、3日，被告人吴某先后两次到乳山市崖子镇南果子村乳山市青山果品专业合作社服务部承包的果园内，用镰刀砍果园内苹果树的树枝，致105棵苹果树不同程度毁坏，造成经济损失人民币25172元。公诉机关认为，被告人吴某为个人目的，故意毁坏他人果树，其行为触犯了《中华人民共和国刑法》第二百六十七条之规定，应当以破坏生产经营罪追究其刑事责任。 被告人吴某对公诉机关指控的犯罪事实和罪名无异议，并自愿认罪。其辩护人提出以下辩护意见：1、被告人归案后如实供述犯罪事实，依法可以从轻或减轻处罚；2、被告人有悔罪表现，并赔偿被害单位损失，取得被害单位谅解，可以从轻处罚并适用缓刑。 经审理查明，2014年1月16日，乳山市崖子镇南果子村民委员会（以下简称南果子村委会）将本村村西公路以南的苹果园承包给乳山市青山果品专业合作社农资技术服务部（以下简称青山果品合作社）。被告人吴某因认为本村村委会不应未经村民同意将果园承包给外村人，而且也想承包该片果园，遂于2014年3月2日和3日，先后两次到青山果品合作社承包的本村果园内，用镰刀砍果园内苹果树的树枝，致105棵苹果树不同程度毁坏，造成经济损失人民币25172元。 案发后，乳山市青山果品专业合作社服务部将承包的果园归还给南果子村委会，不再承包该片果园。 诉讼过程中，被告人吴某的近亲属与南果子村委会就赔偿问题自愿达成和解，共赔偿南果子村委会经济损失25000元，南果子村委会对被告人吴某的行为表示谅解。 上述事实，有公诉机关当庭出示并经庭审举证、质证的下列证据证实，本院予以确认： （一）书证 1、乳山市公安局受案登记表，证实案件来源情况； 2、侦查机关从曲某处提取的果园承包合同，证实2014年1月16日，南果子村委会将本村村西公路以南果园承包给青山果品合作社； 3、抓获经过，证实乳山市公安局崖子派出所民警将被告人吴某在家中抓获的情况； 4、被告人吴某的户籍证明，证实被告人身份情况。 （二）证人证言 1、证人曲某的证言，证实他是乳山市青山果品专业合作社服务部经理。2014年1月16日，合作社与南果子村委会签订了承包合同，承包南果子村的一片苹果树，同年2月20日，他组织人员去干活时，遭到吴某阻拦。同年3月5日上班时，发现门边有张匿名纸条，说是承包的苹果树被吴某给砍了不少，遂报案，并提交了这张纸条。另证实了果树被砍情况及被砍前他们曾对果树进行过修剪，将部分碍事的树枝锯掉了。 2、南果子村委会主任刘某甲证实了青山果品合作社承包果园情况，以及果园内果树被砍情况等。 3、证人刘某乙、刘某丙证实了青山果品合作社承包南果子村的果园前是他们承包的，与吴某没有关系。 4、青山果品合作社工作人员宫某证实，曾对合作社承包南果子村的果园进行修剪及锯掉碍事的树枝的情况。 （三）被告人供述 被告人吴某供述，村里没经过村民同意就把本村果树承包给北果子村的曲某，他认为应该先承包给本村村民，而且村里分给他的地不够面积，所以他就要承包这片果树，而且果树需要更新，遂于2014年3月2日和3日两天拿柴镰到这片果园将东边四垄的果树小枝子全部砍掉了，只留下树本和大枝，东面的第五垄和第六垄中间位置也砍了一部分。 （四）现场勘验检查笔录、现场图及照片 现场勘验检查笔录、现场图及照片，证实果树被破坏现场情况。 （五）鉴定意见 乳山市价格认证中心作出的威乳价鉴字（2014）G038号涉案物品价格鉴定意见书，证实被告人吴某破坏的苹果树损失情况。 ","cpfxgc":"本院认为，被告人吴某出于个人目的，故意毁坏他人果树，破坏生产经营，其行为已构成破坏生产经营罪。公诉机关指控的犯罪事实和罪名成立，本院予以确认。被告人吴某归案后，如实供述犯罪事实，依法可以从轻处罚；被告人吴某亲属自愿替被告人赔偿被害单位损失，取得被害单位谅解，确有悔罪表现，本院在量刑时酌情从轻处罚。对于被告人吴某的辩护人提出的辩护意见，本院予以采纳。依照《中华人民共和国刑法》第二百七十六条、第六十七条第三款、第七十二条第一款、第七十三条第二款、第三款之规定，判决如下：","pjjg":" 被告人吴某犯破坏生产经营罪，判处有期徒刑一年，缓刑一年。 （缓刑考验期限从判决确定之日起计算。） 如不服本判决，可在接到判决书的第二日起十日内，通过本院或者直接向威海市中级人民法院提出上诉。书面上诉的，应当提交上诉状正本一份，副本七份。","qw":"山东省乳山市人民法院 刑事判决书 （2014）乳刑初字第234号 公诉机关山东省乳山市人民检察院。 被告人吴某，农民。因涉嫌犯破坏生产经营罪于2014年3月17日被刑事拘留，同年3月27日被逮捕，现羁押于乳山市看守所。 辩护人张辉，山东闻远律师事务所律师。 山东省乳山市人民检察院以乳检刑诉（2014）249号起诉书指控被告人吴某犯破坏生产经营罪，于2014年7月3日向本院提起公诉。本院依法组成合议庭，公开开庭审理了本案。乳山市人民检察院指派检察员钟山、李静贤出庭支持公诉，被告人吴某及其辩护人张辉到庭参加诉讼。现已审理终结。 公诉机关指控，2014年3月2日、3日，被告人吴某先后两次到乳山市崖子镇南果子村乳山市青山果品专业合作社服务部承包的果园内，用镰刀砍果园内苹果树的树枝，致105棵苹果树不同程度毁坏，造成经济损失人民币25172元。公诉机关认为，被告人吴某为个人目的，故意毁坏他人果树，其行为触犯了《中华人民共和国刑法》第二百六十七条之规定，应当以破坏生产经营罪追究其刑事责任。 被告人吴某对公诉机关指控的犯罪事实和罪名无异议，并自愿认罪。其辩护人提出以下辩护意见：1、被告人归案后如实供述犯罪事实，依法可以从轻或减轻处罚；2、被告人有悔罪表现，并赔偿被害单位损失，取得被害单位谅解，可以从轻处罚并适用缓刑。 经审理查明，2014年1月16日，乳山市崖子镇南果子村民委员会（以下简称南果子村委会）将本村村西公路以南的苹果园承包给乳山市青山果品专业合作社农资技术服务部（以下简称青山果品合作社）。被告人吴某因认为本村村委会不应未经村民同意将果园承包给外村人，而且也想承包该片果园，遂于2014年3月2日和3日，先后两次到青山果品合作社承包的本村果园内，用镰刀砍果园内苹果树的树枝，致105棵苹果树不同程度毁坏，造成经济损失人民币25172元。 案发后，乳山市青山果品专业合作社服务部将承包的果园归还给南果子村委会，不再承包该片果园。 诉讼过程中，被告人吴某的近亲属与南果子村委会就赔偿问题自愿达成和解，共赔偿南果子村委会经济损失25000元，南果子村委会对被告人吴某的行为表示谅解。 上述事实，有公诉机关当庭出示并经庭审举证、质证的下列证据证实，本院予以确认： （一）书证 1、乳山市公安局受案登记表，证实案件来源情况； 2、侦查机关从曲某处提取的果园承包合同，证实2014年1月16日，南果子村委会将本村村西公路以南果园承包给青山果品合作社； 3、抓获经过，证实乳山市公安局崖子派出所民警将被告人吴某在家中抓获的情况； 4、被告人吴某的户籍证明，证实被告人身份情况。 （二）证人证言 1、证人曲某的证言，证实他是乳山市青山果品专业合作社服务部经理。2014年1月16日，合作社与南果子村委会签订了承包合同，承包南果子村的一片苹果树，同年2月20日，他组织人员去干活时，遭到吴某阻拦。同年3月5日上班时，发现门边有张匿名纸条，说是承包的苹果树被吴某给砍了不少，遂报案，并提交了这张纸条。另证实了果树被砍情况及被砍前他们曾对果树进行过修剪，将部分碍事的树枝锯掉了。 2、南果子村委会主任刘某甲证实了青山果品合作社承包果园情况，以及果园内果树被砍情况等。 3、证人刘某乙、刘某丙证实了青山果品合作社承包南果子村的果园前是他们承包的，与吴某没有关系。 4、青山果品合作社工作人员宫某证实，曾对合作社承包南果子村的果园进行修剪及锯掉碍事的树枝的情况。 （三）被告人供述 被告人吴某供述，村里没经过村民同意就把本村果树承包给北果子村的曲某，他认为应该先承包给本村村民，而且村里分给他的地不够面积，所以他就要承包这片果树，而且果树需要更新，遂于2014年3月2日和3日两天拿柴镰到这片果园将东边四垄的果树小枝子全部砍掉了，只留下树本和大枝，东面的第五垄和第六垄中间位置也砍了一部分。 （四）现场勘验检查笔录、现场图及照片 现场勘验检查笔录、现场图及照片，证实果树被破坏现场情况。 （五）鉴定意见 乳山市价格认证中心作出的威乳价鉴字（2014）G038号涉案物品价格鉴定意见书，证实被告人吴某破坏的苹果树损失情况。 本院认为，被告人吴某出于个人目的，故意毁坏他人果树，破坏生产经营，其行为已构成破坏生产经营罪。公诉机关指控的犯罪事实和罪名成立，本院予以确认。被告人吴某归案后，如实供述犯罪事实，依法可以从轻处罚；被告人吴某亲属自愿替被告人赔偿被害单位损失，取得被害单位谅解，确有悔罪表现，本院在量刑时酌情从轻处罚。对于被告人吴某的辩护人提出的辩护意见，本院予以采纳。依照《中华人民共和国刑法》第二百七十六条、第六十七条第三款、第七十二条第一款、第七十三条第二款、第三款之规定，判决如下： 被告人吴某犯破坏生产经营罪，判处有期徒刑一年，缓刑一年。 （缓刑考验期限从判决确定之日起计算。） 如不服本判决，可在接到判决书的第二日起十日内，通过本院或者直接向威海市中级人民法院提出上诉。书面上诉的，应当提交上诉状正本一份，副本七份。 审判长朱义全 人民陪审员高波 人民陪审员于复洲 二〇一四年九月十九日 书记员宋孟娜","writId":"011a66ab5951f5423ab2e5a666d1df2414b","writName":"吴某破坏生产经营罪一审刑事判决书"}
