{"ajId":"284d0e34-3549-4099-b270-4e0aa8ce5197","ajName":"吴某、何某与邱某、苏某等非法经营罪一案","ajjbqk":" 静宁县人民检察院指控，被告人吴某为谋取非法利润，于2015年11月18日从淘宝网购买一套以\"黄扬春\"身份办理的中信银行卡，并使用\"黄扬春\"姓名、手机号码130XXXXXXXX注册微信（账）号asd137237（昵称：A老黄-批发香烟）、支付宝（账）号130XXXXXXXX（昵称：视烟如命）。随后吴某在微信朋友圈开设涉烟网络店铺，发布售烟经营信息，称其所销售香烟为免税正品香烟，吸纳发展他人代理，通过微信或支付宝转账结算，并利用快递物流发货，面向全国各地不特定群众低价销售中华、牡丹、玉溪、荷花、云烟、利群、黑兰州、芙蓉王等各种品牌香烟，涉案金额达人民币1258万余元。至2017年5月19日，被告人吴某利用化名为\"黄扬春\"的身份，使用微信（账）号asd137237、支付宝（账）号130XXXXXXXX转账结算，向被告人何某、邱某、苏某、刘某及涉案人王某2、马某等六人销售香烟，销售金额共计651641.88元。其中何某向吴某转账195005元，邱某向吴某转账150280元，苏某向吴某转账174150元，刘某向吴某转账85104.88元，涉案人王某2向吴某转账40132元，马某向吴某转账6970元。指控五被告人的行为构成非法经营罪。提请判处。各被告人的犯罪金额中可按5％计算剔除非香烟金额。 被告人吴某对指控罪名无异议，辩称指控犯罪数额中包含快递费及电子烟、烟嘴等其他产品的费用，香烟费用占比30％－40％。公安机关在侦查中，有刑讯逼供、疲劳审讯非法取证情况。 辩护人曾某辩护认为，公安机关在侦查中，有刑讯逼供、疲劳审讯非法取证情况。公诉机关指控吴某犯罪数额651641.88元中含有快递费用及向他人出售的电子烟、烟嘴等费，实际犯罪数额为200000元左右。吴某系初犯，有立功表现，建议对吴某减轻处罚，并适用缓刑。 被告人何某对指控事实及罪名无异议。辩称指控犯罪数额中包含快递费及电子烟、烟嘴等其他产品的费用，非香烟费用占比30％－40％。请求从轻处罚。 辩护人王某1辩护认为，指控何某犯罪数额中包含运费及其他物品价值。被告人当庭自愿认罪，悔罪明显，建议对被告人从轻处罚适用缓刑。 被告人邱某对指控事实及罪名无异议，辩称自己在哺乳期。销售金额中非香烟费用占比30％－40％。请求从轻处罚。 辩护人曹某辩护认为，指控邱某犯罪数额中包含运费及其他物品价值，应当从犯罪金额中剔除，邱某犯罪数额达不到非法经营罪的标准。建议对被告人邱某在一年以下量刑并适用缓刑。 被告人苏某辩称，自己的行为已被四川省越西县人民法院以销售伪劣产品罪判处有期徒刑八个月，并处罚金45000元。不应再对其判处刑罚。辩称指控犯罪数额中包含快递费及电子烟、烟嘴等其他产品的费用，非香烟费用一万元左右。请求从轻处罚。并适用缓刑。 被告人刘某承认有罪，辩称指控犯罪数额中包含快递费及电子烟、烟嘴等其他产品的费用，非香烟费用占比30％－40％。请求从轻处罚并适用缓刑。 经审理查明，被告人吴某为谋取非法利润，于2015年11月18日从淘宝网购买一套以\"黄扬春\"身份办理的中信银行银行卡（卡号×××），绑定手机号码130XXXXXXXX。吴某使用\"黄扬春\"姓名、手机号码130XXXXXXXX注册微信（账）号asd137237（昵称：A老黄-批发香烟）、支付宝（账）号130XXXXXXXX（昵称：视烟如命）。随后，吴某在微信朋友圈开设涉烟网络店铺，发布售烟经营信息，称所售香烟为免税正品香烟，吸纳发展他人代理，通过微信、支付宝转账结算，利用快递物流发货，面向全国各地不特定个体低价销售中华、牡丹、玉溪、荷花、云烟、利群、黑兰州、芙蓉王等各种品牌香烟。被告人何某、邱某、苏某、刘某分别通过网络向吴某购买香烟。有下列作案事实： 2016年9月20日，被告人何某在浏览微信时发现吴某发布的销售免税香烟广告后，使用手机号码188XXXXXXXX注册微信（账）号q345868869、dwc345868后与吴某微信（账）号asd137237相互加为好友。至2017年2月17日，吴某通过快递将何某所需的中华、玉溪等品牌香烟发送给何某，何某先后44次向被告人吴某微信转款共计195005元。何某在其经营的烟酒茶商行内向他人高价零售，从中非法获利9750元。2017年8月16日，何某被抓获归案，当场扣押其作案使用的\"华为\"牌手机一部，手机号码为188XXXXXXXX。 2016年1月6日，被告人邱某在浏览微信时发现吴某发布的销售免税香烟广告后，使用手机号码为137XXXXXXXX、185XXXXXXXX分别注册微信（账）号WX112257880、×××、支付宝（账）号185XXXXXXXX与吴某微信（账）号asd137237加为好友。至2017年5月9日，吴某先后通过快递将邱某所需的中华、牡丹等品牌香烟发送给邱某，邱某先后20次利用微信向吴某转款23300元、先后72次利用支付宝向吴某转款126980元，共计转账金额150280元。随后，邱某向他人多次高价零售，从中非法获利7514元。2017年8月13日，邱某被抓获归案，当场扣押作案使用的vivo牌手机一部，手机号码为185XXXXXXXX，并扣押尚未销售的软精品牡丹2.5条、软紫牡丹2条、软荷花1.6条、软珍品云烟0.6条，合计7.6条，货值金额为2533元。 2017年8月22日，从邱某处扣押的香烟送交西北烟草质量监督检测站鉴定：被扣香烟均属假冒注册商标且伪劣香烟。 2017年12月23日，邱某被陕西省人民医院门诊诊断为\"孕2产028＋1周先兆早产；横位\"，2018年3月13日在绥棱县妇幼保健院剖宫产分娩一活女婴儿。 2016年9月1日，被告人苏某在浏览微信时发现吴某发布的销售免税香烟广告后，使用手机号码为136XXXXXXXX注册微信（账）号Y894589456与吴某微信（账）号asd137237取得联系。至2016年10月19日，吴某先后通过快递向苏某发送中华、云烟等品牌香烟。苏某先后20次通过支付宝（账）号向吴某转款共计174150元。随后，苏某向他人高价零售，从中非法获利4224元。2017年6月20日，四川省越西县人民法院（2017）川3434刑初78号《刑事判决书》认定苏某销售假烟金额共计人民币89675元，以苏某犯销售伪劣产品罪判处有期徒刑八个月，并处罚金人民币45000元。2017年8月14日，苏某被抓获归案，当场扣押作案使用的\"小米\"手机一部，手机号码为152XXXXXXXX。 2016年9月3日，被告人刘某在浏览微信时发现吴某发布的销售免税香烟广告后，使用手机号码182XXXXXXXX注册微信（账）号hao736788419han与吴某微信（账）号asd137237取得联系。至2017年4月23日，刘某先后向吴某微信转款共计85104.88元。刘某又通过互联网向沈金标等人多次高价零售，从中非法获利4255元。2017年8月21日，刘某被抓获归案，当场扣押作案使用的\"苹果\"牌手机一部，手机号码为182XXXXXXXX。 另查明，涉案人员王某2（已另案处理）向吴某转款40132元，马某（已治安处罚）向吴某转款6970元。 关于各被告人的非法销售金额，公诉机关提出，各被告人的销售金额中包含快递费及电子烟、烟嘴等其他产品的费用可按5％折减。各被告人当庭供述及辩护人认为非香烟费用占比30％-40％应予剔除。审理认为，控辩双方对非法销售金额陈述不一，且侦查机关在该案侦查中亦不能取证区分，在此情况下，依照法律规定精神，对各被告人非法销售金额应按销售金额的70％计算认定。分别为：被告人吴某非法销售金额为651641.88元×70％＝456149.32元，非法获利228075元；被告人何某非法销售金额为195005元×70％＝136503.50元，非法获利6825元；被告人邱某非法销售金额为150280元×70％＝105196元，非法获利5260元；被告人苏某非法销售金额为84475元（174150-89675），×70％＝59132.50元，非法获利2957元；被告人刘某非法销售金额为85104.88元×70％＝59573.42元，非法获利2979元。 公诉机关针对指控当庭提供了案件移送函，受理案件登记表，立案决定书，证人王某2、马某等14人的证言笔录，随案移送物品清单，调取证据材料，手机截图，银行交易明细，支付宝及财付通交易明细，通话详单，审讯视频光盘、财付通、支付宝交易流水光盘、电子数据勘察光盘，西北烟草质量监督检测站检验鉴定意见书，抓获经过，户籍证明及各被告人在侦查阶段的供述等证据。经庭审质证，各被告人和辩护人对部分证据提出异议。被告人吴某及其辩护人提出公安机关在侦查中有刑讯逼供、疲劳审讯非法取证情况，经庭前会议确定不属非法证据。审理认为，公诉机关提供的上述证据来源合法，内容真实，证据链条完整，各证据之间相互印证，结合被告人的当庭供述，能够认定本案事实。 ","cpfxgc":"本院认为，被告人吴某、何某、邱某、苏某、刘某违反国家对烟草专卖的相关法律规定，非法经营烟草专卖品，扰乱市场秩序，均构成非法经营罪。被告人吴某非法经营情节特别严重，被告人何某、邱某、苏某、刘某非法经营情节严重，公诉机关指控罪名成立。被告人吴某及辩护人曾某、被告人何某及辩护人王某1、被告人邱某及辩护人曹某、被告人苏某、刘某均提出销售金额中包含快递费、电子烟、烟嘴等费用应予剔除的部分辩护意见予以采纳。被告人苏某曾因销售伪劣香烟数额89675元，被四川省越西县人民法院判处刑罚，但其对剩余非法经营数额仍应承担相应的刑事责任。各被告人到案后均能如实供述作案事实，当庭自愿认罪，可从轻处罚，对各被告人及辩护人请求从轻处罚的辩护意见予以采纳，对吴某及其辩护人曾某减轻处罚并适用缓刑的辩护意见不予采纳。对被告人何某及辩护人王某1、被告人刘某适用缓刑的辩护意见亦不予采纳。被告人邱某为哺乳期妇女，应当适用缓刑。被告人苏某认罪悔罪，根据其犯罪事实、情节判处缓刑不致再危害社会，可适用缓刑。随案移送作案工具应予没收。依照《中华人民共和国刑法》第二百二十五条第（一）项、第六十七条第三款、第六十四条、第七十二条第一款、第七十三条第二款、第三款之规定，判决如下：","pjjg":" 一、被告人吴某犯非法经营罪，判处有期徒刑五年，并处罚金人民币4万元。 （刑期从判决执行之日起计算。判决执行以前先行羁押的，羁押一日折抵刑期一日。即自2017年7月27日起至2022年7月26日止。罚金限判决生效后三日内缴纳。） 被告人何某犯非法经营罪，判处有期徒刑一年，并处罚金人民币2万元。 （刑期从判决执行之日起计算。判决执行以前先行羁押的，羁押一日折抵刑期一日。即2017年12月4日起至2018年11月16日止。罚金限判决生效后三日内缴纳。） 被告人邱某犯非法经营罪，判处有期徒刑一年，缓刑一年，并处罚金人民币1.5万元。 （缓刑考验期从判决确定之日起计算。罚金限判决生效后三日内缴纳。） 被告人苏某犯非法经营罪，判处有期徒刑六个月，缓刑一年，并处罚金人民币1万元。 （缓刑考验期从判决确定之日起计算。罚金限判决生效后三日内缴纳。） 被告人刘某犯非法经营罪，判处有期徒刑六个月，并处罚金人民币1万元。 （刑期从判决执行之日起计算。判决执行以前先行羁押的，羁押一日折抵刑期一日。即自2017年12月7日起至2018年6月6日止。罚金限判决生效后三日内缴纳。） 二、随案移送作案工具手机五部予以没收。 如不服本判决，可在接到判决书的第二日起十日内，通过本院或者直接向甘肃省平凉市中级人民法院提出上诉。书面上诉的，应当提交上诉状正本一份，副本二份。","qw":"甘肃省静宁县人民法院 刑事判决书 （2018）甘0826刑初149号 公诉机关静宁县人民检察院。 被告人吴某，生于广州市番禺区，个体户，住广州市番禺区。 辩护人曾某，广东科扬律师事务所律师。 被告人何某，生于黑龙江省肇源县，个体户，户籍所在地黑龙江省大庆市肇源县，现住北京市大兴区。 辩护人王某1，甘肃阿阳律师事务所律师。 被告人邱某，生于黑龙江省绥棱县，个体户，住黑龙江省绥棱县。 辩护人曹某，甘肃晨东律师事务所律师。 被告人苏某，生于四川省越西县，个体户，住四川省凉山彝族自治州越西县。 被告人刘某，生于江苏省沛县，住江苏省徐州市沛县。 静宁县人民检察院以静检公诉刑诉［2017］166号起诉书指控被告人吴某、何某、邱某、苏某、刘某犯非法经营罪一案，本院于2017年12月25日作出（2017）甘0826刑初215号刑事判决，被告人吴某、何某不服，提出上诉，甘肃省平凉市中级人民法院于2018年6月26日作出（2018）甘08刑终29号刑事裁定书，裁定撤销原判，发回本院重审。本院依法另行组成合议庭，公开开庭审理了本案。静宁县人民检察院指派检察员厚明出庭支持公诉，上列各被告人及辩护人均到庭参加诉讼。现已审理终结。 静宁县人民检察院指控，被告人吴某为谋取非法利润，于2015年11月18日从淘宝网购买一套以\"黄扬春\"身份办理的中信银行卡，并使用\"黄扬春\"姓名、手机号码130XXXXXXXX注册微信（账）号asd137237（昵称：A老黄-批发香烟）、支付宝（账）号130XXXXXXXX（昵称：视烟如命）。随后吴某在微信朋友圈开设涉烟网络店铺，发布售烟经营信息，称其所销售香烟为免税正品香烟，吸纳发展他人代理，通过微信或支付宝转账结算，并利用快递物流发货，面向全国各地不特定群众低价销售中华、牡丹、玉溪、荷花、云烟、利群、黑兰州、芙蓉王等各种品牌香烟，涉案金额达人民币1258万余元。至2017年5月19日，被告人吴某利用化名为\"黄扬春\"的身份，使用微信（账）号asd137237、支付宝（账）号130XXXXXXXX转账结算，向被告人何某、邱某、苏某、刘某及涉案人王某2、马某等六人销售香烟，销售金额共计651641.88元。其中何某向吴某转账195005元，邱某向吴某转账150280元，苏某向吴某转账174150元，刘某向吴某转账85104.88元，涉案人王某2向吴某转账40132元，马某向吴某转账6970元。指控五被告人的行为构成非法经营罪。提请判处。各被告人的犯罪金额中可按5％计算剔除非香烟金额。 被告人吴某对指控罪名无异议，辩称指控犯罪数额中包含快递费及电子烟、烟嘴等其他产品的费用，香烟费用占比30％－40％。公安机关在侦查中，有刑讯逼供、疲劳审讯非法取证情况。 辩护人曾某辩护认为，公安机关在侦查中，有刑讯逼供、疲劳审讯非法取证情况。公诉机关指控吴某犯罪数额651641.88元中含有快递费用及向他人出售的电子烟、烟嘴等费，实际犯罪数额为200000元左右。吴某系初犯，有立功表现，建议对吴某减轻处罚，并适用缓刑。 被告人何某对指控事实及罪名无异议。辩称指控犯罪数额中包含快递费及电子烟、烟嘴等其他产品的费用，非香烟费用占比30％－40％。请求从轻处罚。 辩护人王某1辩护认为，指控何某犯罪数额中包含运费及其他物品价值。被告人当庭自愿认罪，悔罪明显，建议对被告人从轻处罚适用缓刑。 被告人邱某对指控事实及罪名无异议，辩称自己在哺乳期。销售金额中非香烟费用占比30％－40％。请求从轻处罚。 辩护人曹某辩护认为，指控邱某犯罪数额中包含运费及其他物品价值，应当从犯罪金额中剔除，邱某犯罪数额达不到非法经营罪的标准。建议对被告人邱某在一年以下量刑并适用缓刑。 被告人苏某辩称，自己的行为已被四川省越西县人民法院以销售伪劣产品罪判处有期徒刑八个月，并处罚金45000元。不应再对其判处刑罚。辩称指控犯罪数额中包含快递费及电子烟、烟嘴等其他产品的费用，非香烟费用一万元左右。请求从轻处罚。并适用缓刑。 被告人刘某承认有罪，辩称指控犯罪数额中包含快递费及电子烟、烟嘴等其他产品的费用，非香烟费用占比30％－40％。请求从轻处罚并适用缓刑。 经审理查明，被告人吴某为谋取非法利润，于2015年11月18日从淘宝网购买一套以\"黄扬春\"身份办理的中信银行银行卡（卡号×××），绑定手机号码130XXXXXXXX。吴某使用\"黄扬春\"姓名、手机号码130XXXXXXXX注册微信（账）号asd137237（昵称：A老黄-批发香烟）、支付宝（账）号130XXXXXXXX（昵称：视烟如命）。随后，吴某在微信朋友圈开设涉烟网络店铺，发布售烟经营信息，称所售香烟为免税正品香烟，吸纳发展他人代理，通过微信、支付宝转账结算，利用快递物流发货，面向全国各地不特定个体低价销售中华、牡丹、玉溪、荷花、云烟、利群、黑兰州、芙蓉王等各种品牌香烟。被告人何某、邱某、苏某、刘某分别通过网络向吴某购买香烟。有下列作案事实： 2016年9月20日，被告人何某在浏览微信时发现吴某发布的销售免税香烟广告后，使用手机号码188XXXXXXXX注册微信（账）号q345868869、dwc345868后与吴某微信（账）号asd137237相互加为好友。至2017年2月17日，吴某通过快递将何某所需的中华、玉溪等品牌香烟发送给何某，何某先后44次向被告人吴某微信转款共计195005元。何某在其经营的烟酒茶商行内向他人高价零售，从中非法获利9750元。2017年8月16日，何某被抓获归案，当场扣押其作案使用的\"华为\"牌手机一部，手机号码为188XXXXXXXX。 2016年1月6日，被告人邱某在浏览微信时发现吴某发布的销售免税香烟广告后，使用手机号码为137XXXXXXXX、185XXXXXXXX分别注册微信（账）号WX112257880、×××、支付宝（账）号185XXXXXXXX与吴某微信（账）号asd137237加为好友。至2017年5月9日，吴某先后通过快递将邱某所需的中华、牡丹等品牌香烟发送给邱某，邱某先后20次利用微信向吴某转款23300元、先后72次利用支付宝向吴某转款126980元，共计转账金额150280元。随后，邱某向他人多次高价零售，从中非法获利7514元。2017年8月13日，邱某被抓获归案，当场扣押作案使用的vivo牌手机一部，手机号码为185XXXXXXXX，并扣押尚未销售的软精品牡丹2.5条、软紫牡丹2条、软荷花1.6条、软珍品云烟0.6条，合计7.6条，货值金额为2533元。 2017年8月22日，从邱某处扣押的香烟送交西北烟草质量监督检测站鉴定：被扣香烟均属假冒注册商标且伪劣香烟。 2017年12月23日，邱某被陕西省人民医院门诊诊断为\"孕2产028＋1周先兆早产；横位\"，2018年3月13日在绥棱县妇幼保健院剖宫产分娩一活女婴儿。 2016年9月1日，被告人苏某在浏览微信时发现吴某发布的销售免税香烟广告后，使用手机号码为136XXXXXXXX注册微信（账）号Y894589456与吴某微信（账）号asd137237取得联系。至2016年10月19日，吴某先后通过快递向苏某发送中华、云烟等品牌香烟。苏某先后20次通过支付宝（账）号向吴某转款共计174150元。随后，苏某向他人高价零售，从中非法获利4224元。2017年6月20日，四川省越西县人民法院（2017）川3434刑初78号《刑事判决书》认定苏某销售假烟金额共计人民币89675元，以苏某犯销售伪劣产品罪判处有期徒刑八个月，并处罚金人民币45000元。2017年8月14日，苏某被抓获归案，当场扣押作案使用的\"小米\"手机一部，手机号码为152XXXXXXXX。 2016年9月3日，被告人刘某在浏览微信时发现吴某发布的销售免税香烟广告后，使用手机号码182XXXXXXXX注册微信（账）号hao736788419han与吴某微信（账）号asd137237取得联系。至2017年4月23日，刘某先后向吴某微信转款共计85104.88元。刘某又通过互联网向沈金标等人多次高价零售，从中非法获利4255元。2017年8月21日，刘某被抓获归案，当场扣押作案使用的\"苹果\"牌手机一部，手机号码为182XXXXXXXX。 另查明，涉案人员王某2（已另案处理）向吴某转款40132元，马某（已治安处罚）向吴某转款6970元。 关于各被告人的非法销售金额，公诉机关提出，各被告人的销售金额中包含快递费及电子烟、烟嘴等其他产品的费用可按5％折减。各被告人当庭供述及辩护人认为非香烟费用占比30％-40％应予剔除。审理认为，控辩双方对非法销售金额陈述不一，且侦查机关在该案侦查中亦不能取证区分，在此情况下，依照法律规定精神，对各被告人非法销售金额应按销售金额的70％计算认定。分别为：被告人吴某非法销售金额为651641.88元×70％＝456149.32元，非法获利228075元；被告人何某非法销售金额为195005元×70％＝136503.50元，非法获利6825元；被告人邱某非法销售金额为150280元×70％＝105196元，非法获利5260元；被告人苏某非法销售金额为84475元（174150-89675），×70％＝59132.50元，非法获利2957元；被告人刘某非法销售金额为85104.88元×70％＝59573.42元，非法获利2979元。 公诉机关针对指控当庭提供了案件移送函，受理案件登记表，立案决定书，证人王某2、马某等14人的证言笔录，随案移送物品清单，调取证据材料，手机截图，银行交易明细，支付宝及财付通交易明细，通话详单，审讯视频光盘、财付通、支付宝交易流水光盘、电子数据勘察光盘，西北烟草质量监督检测站检验鉴定意见书，抓获经过，户籍证明及各被告人在侦查阶段的供述等证据。经庭审质证，各被告人和辩护人对部分证据提出异议。被告人吴某及其辩护人提出公安机关在侦查中有刑讯逼供、疲劳审讯非法取证情况，经庭前会议确定不属非法证据。审理认为，公诉机关提供的上述证据来源合法，内容真实，证据链条完整，各证据之间相互印证，结合被告人的当庭供述，能够认定本案事实。 本院认为，被告人吴某、何某、邱某、苏某、刘某违反国家对烟草专卖的相关法律规定，非法经营烟草专卖品，扰乱市场秩序，均构成非法经营罪。被告人吴某非法经营情节特别严重，被告人何某、邱某、苏某、刘某非法经营情节严重，公诉机关指控罪名成立。被告人吴某及辩护人曾某、被告人何某及辩护人王某1、被告人邱某及辩护人曹某、被告人苏某、刘某均提出销售金额中包含快递费、电子烟、烟嘴等费用应予剔除的部分辩护意见予以采纳。被告人苏某曾因销售伪劣香烟数额89675元，被四川省越西县人民法院判处刑罚，但其对剩余非法经营数额仍应承担相应的刑事责任。各被告人到案后均能如实供述作案事实，当庭自愿认罪，可从轻处罚，对各被告人及辩护人请求从轻处罚的辩护意见予以采纳，对吴某及其辩护人曾某减轻处罚并适用缓刑的辩护意见不予采纳。对被告人何某及辩护人王某1、被告人刘某适用缓刑的辩护意见亦不予采纳。被告人邱某为哺乳期妇女，应当适用缓刑。被告人苏某认罪悔罪，根据其犯罪事实、情节判处缓刑不致再危害社会，可适用缓刑。随案移送作案工具应予没收。依照《中华人民共和国刑法》第二百二十五条第（一）项、第六十七条第三款、第六十四条、第七十二条第一款、第七十三条第二款、第三款之规定，判决如下： 一、被告人吴某犯非法经营罪，判处有期徒刑五年，并处罚金人民币4万元。 （刑期从判决执行之日起计算。判决执行以前先行羁押的，羁押一日折抵刑期一日。即自2017年7月27日起至2022年7月26日止。罚金限判决生效后三日内缴纳。） 被告人何某犯非法经营罪，判处有期徒刑一年，并处罚金人民币2万元。 （刑期从判决执行之日起计算。判决执行以前先行羁押的，羁押一日折抵刑期一日。即2017年12月4日起至2018年11月16日止。罚金限判决生效后三日内缴纳。） 被告人邱某犯非法经营罪，判处有期徒刑一年，缓刑一年，并处罚金人民币1.5万元。 （缓刑考验期从判决确定之日起计算。罚金限判决生效后三日内缴纳。） 被告人苏某犯非法经营罪，判处有期徒刑六个月，缓刑一年，并处罚金人民币1万元。 （缓刑考验期从判决确定之日起计算。罚金限判决生效后三日内缴纳。） 被告人刘某犯非法经营罪，判处有期徒刑六个月，并处罚金人民币1万元。 （刑期从判决执行之日起计算。判决执行以前先行羁押的，羁押一日折抵刑期一日。即自2017年12月7日起至2018年6月6日止。罚金限判决生效后三日内缴纳。） 二、随案移送作案工具手机五部予以没收。 如不服本判决，可在接到判决书的第二日起十日内，通过本院或者直接向甘肃省平凉市中级人民法院提出上诉。书面上诉的，应当提交上诉状正本一份，副本二份。 审判长王代代 审判员张智强 人民陪审员万元香 二○一八年十月十八日 法官助理蔡爱莲 书记员吴松树","writId":"0486208937974a569618c306eec729b0c87","writName":"吴某、何某等非法经营罪一审刑事判决书"}
