{"ajId":"662ae702-30e6-4194-8198-c9cdba71d168","ajName":"粟娟虚开发票一案","ajjbqk":" 上海市宝山区人民检察院指控，2015年至2016年12月间，茅某1（另案处理）以他人身份信息注册登记上海XX广告有限公司（以下简称：XX公司）、上海XX实业有限公司（以下简称：XX公司）、上海XX广告有限公司（以下简称：XX公司）、上海XX广告有限公司（以下简称：XX公司）、上海XX信息科技有限公司（以下简称：XX公司）、上海XX商务信息咨询有限公司（以下简称：XX公司）、上海XX商务信息咨询有限公司（以下简称：XX公司）、上海XX商务信息咨询有限公司（以下简称：XX公司）等十余家公司，租赁上海市浦东新区张杨路1589弄1幢103室作为开票点，并先后雇佣黄某、茅某2、郭1（均另案处理）及被告人XX等人，其中茅某2负责虚开XX公司、XX公司、XX公司等公司的发票，黄某负责接收与分发开票单位信息、寄送发票及虚开XX公司等公司的发票，郭1负责查账、转账等资金空转工作，被告人XX负责虚开XX公司、XX公司、XX公司、XX公司的发票。2016年12月1日至案发，茅某1、黄某、郭1及被告人XX以XX公司、XX公司、XX公司、XX公司的名义为多家受票单位虚开发票，票面金额共计139，522，454.28元。 另查明，被告人XX于2016年12月21日被抓获归案，次日离开派出所，2017年3月15日被再次抓获归案。 上述事实，被告人XX在开庭审理过程中亦无异议，且有证人茅某1、茅某2、黄某、郭1、范某、郭2的证言、上海市公安局宝山分局出具的《搜查笔录》、《扣押笔录》、《扣押决定书》、《扣押清单》、《协助查询财产通知书》（回执）、《工作情况》、上海市工商行政管理局宝山分局出具的《档案机读材料》、农业银行、农商银行、交通银行、兴业银行、建设银行、招商银行提供的茅某1控制的XX公司、XX公司、XX公司、XX公司等公司、茅某1个人的银行账户交易明细、上海司法会计中心出具的《司法鉴定意见书》、被告人XX的供述等证据证实，足以认定。 ","cpfxgc":"本院认为，被告人XX伙同他人，为他人虚开发票，情节特别严重，其行为已构成虚开发票罪，应依法予以惩处。公诉机关指控的犯罪事实清楚，证据确实充分，罪名成立。被告人XX在共同犯罪中起次要作用，是从犯，应当从轻处罚。被告人XX到案后如实供述自己的罪行，可以从轻处罚。据此，根据《中华人民共和国刑法》第二百零五条之一、第二十五条第一款、第二十七条、第六十七条第三款之规定，判决如下：","pjjg":" 被告人XX犯虚开发票罪，判处有期徒刑二年，并处罚金人民币二万元。 （刑期从判决执行之日起计算。判决执行以前先行羁押的，羁押一日折抵刑期一日，即自2017年3月15日起至2019年3月12日止。罚金于判决生效后十日内缴纳。） 如不服本判决，可在接到判决书的第二日起十日内，通过本院或者直接向上海市第二中级人民法院提出上诉。书面上诉的，应当提交上诉状正本一份，副本一份。","qw":"上海市宝山区人民法院 刑事判决书 （2017）沪0113刑初2246号 公诉机关上海市宝山区人民检察院。 被告人XX，女，1992年12月3日出生，汉族，户籍在广西壮族自治区。 辩护人李国梁，上海汉盛律师事务所律师。 上海市宝山区人民检察院以沪宝检诉刑诉（2017）2127号起诉书指控被告人XX犯虚开发票罪，于2017年11月30日向本院提起公诉。本院依法适用简易程序，实行独任审判，公开开庭审理了本案。上海市宝山区人民检察院指派检察员汪某某出庭支持公诉，被告人XX及其辩护人到庭参加诉讼。现已审理终结。 上海市宝山区人民检察院指控，2015年至2016年12月间，茅某1（另案处理）以他人身份信息注册登记上海XX广告有限公司（以下简称：XX公司）、上海XX实业有限公司（以下简称：XX公司）、上海XX广告有限公司（以下简称：XX公司）、上海XX广告有限公司（以下简称：XX公司）、上海XX信息科技有限公司（以下简称：XX公司）、上海XX商务信息咨询有限公司（以下简称：XX公司）、上海XX商务信息咨询有限公司（以下简称：XX公司）、上海XX商务信息咨询有限公司（以下简称：XX公司）等十余家公司，租赁上海市浦东新区张杨路1589弄1幢103室作为开票点，并先后雇佣黄某、茅某2、郭1（均另案处理）及被告人XX等人，其中茅某2负责虚开XX公司、XX公司、XX公司等公司的发票，黄某负责接收与分发开票单位信息、寄送发票及虚开XX公司等公司的发票，郭1负责查账、转账等资金空转工作，被告人XX负责虚开XX公司、XX公司、XX公司、XX公司的发票。2016年12月1日至案发，茅某1、黄某、郭1及被告人XX以XX公司、XX公司、XX公司、XX公司的名义为多家受票单位虚开发票，票面金额共计139，522，454.28元。 另查明，被告人XX于2016年12月21日被抓获归案，次日离开派出所，2017年3月15日被再次抓获归案。 上述事实，被告人XX在开庭审理过程中亦无异议，且有证人茅某1、茅某2、黄某、郭1、范某、郭2的证言、上海市公安局宝山分局出具的《搜查笔录》、《扣押笔录》、《扣押决定书》、《扣押清单》、《协助查询财产通知书》（回执）、《工作情况》、上海市工商行政管理局宝山分局出具的《档案机读材料》、农业银行、农商银行、交通银行、兴业银行、建设银行、招商银行提供的茅某1控制的XX公司、XX公司、XX公司、XX公司等公司、茅某1个人的银行账户交易明细、上海司法会计中心出具的《司法鉴定意见书》、被告人XX的供述等证据证实，足以认定。 本院认为，被告人XX伙同他人，为他人虚开发票，情节特别严重，其行为已构成虚开发票罪，应依法予以惩处。公诉机关指控的犯罪事实清楚，证据确实充分，罪名成立。被告人XX在共同犯罪中起次要作用，是从犯，应当从轻处罚。被告人XX到案后如实供述自己的罪行，可以从轻处罚。据此，根据《中华人民共和国刑法》第二百零五条之一、第二十五条第一款、第二十七条、第六十七条第三款之规定，判决如下： 被告人XX犯虚开发票罪，判处有期徒刑二年，并处罚金人民币二万元。 （刑期从判决执行之日起计算。判决执行以前先行羁押的，羁押一日折抵刑期一日，即自2017年3月15日起至2019年3月12日止。罚金于判决生效后十日内缴纳。） 如不服本判决，可在接到判决书的第二日起十日内，通过本院或者直接向上海市第二中级人民法院提出上诉。书面上诉的，应当提交上诉状正本一份，副本一份。 审判员杨毅炯 二〇一七年十二月七日 书记员陆丹 附：相关法律条文 《中华人民共和国刑法》 第二百零五条之一虚开本法第二百零五条规定以外的其他发票，情节严重的，处二年以下有期徒刑、拘役或者管制，并处罚金；情节特别严重的，处二年以上七年以下有期徒刑，并处罚金。 单位犯前款罪的，对单位判处罚金，并对其直接负责的主管人员和其他直接责任人员，依照前款的规定处罚。 第二十五条共同犯罪是指二人以上的共同故意犯罪。 …… 第二十七条在共同犯罪中起次要或者辅助作用的，是从犯。对于从犯，应当从轻、减轻处罚或者免除处罚。 第六十七条…… 犯罪嫌疑人虽不具有前两款规定的自首情节，但是如实供述自己罪行的，可以从轻处罚；因其如实供述自己罪行，避免特别严重后果发生的，可以减轻处罚。","writId":"0138455e48c05de98aca272d0a73425f7a2","writName":"粟娟虚开发票一审刑事判决书"}
