{"ajId":"48caedf6-be2b-4ca3-85f9-112f885d6a16","ajName":"郑军、邓勇滥伐林木一案","ajjbqk":" 经审理查明，2017年5月至2018年12月，被告人郑军、邓勇在未办理林木采伐许可证的情况下，采伐林木自用或准备出售。被告人郑军滥伐林木的立木蓄积为36.5919立方米，被告人邓勇滥伐林木的立木蓄积为21.0775立方米。具体犯罪事实如下： 1、2017年5月，被告人郑军与被告人邓勇协商，郑军将其位于秭归县两河口镇白庙岭村四组“三尖沟”（小地名）自留山的林木作价1000元卖给邓勇。在二被告人均未办理林木采伐许可证的情况下，邓勇在该山林内采伐林木44株，其中马尾松40株、油杉4株。邓勇将部分林木用于房屋整修，部分林木准备出售。因堆放在林中时间较长林木干枯生虫，无人收购，邓勇将制成的原木背回家中加工成柴禾自用。经秭归县林业科学技术推广中心鉴定，“三尖沟”山林内44株林木的立木蓄积为21.0775立方米。 2、2018年8月，被告人郑军在未办理林木采伐许可证的情况下，在其自留山“坟面前”（小地名）采伐杉树5株，制成原木用于房屋整修。2018年12月，被告人郑军在未办理林木采伐许可证的情况下，在其自留山“坟面前”采伐马尾松25株，制成原木120件转移到本组郑之明住房旁竹林堆放，还有2件遗留在山林内。2019年3月，被告人郑军采伐林木的行为被人举报后，秭归县森林公安局将被告人郑军准备出售的122件原木扣押。经秭归县林业科学技术推广中心鉴定，“坟面前”山林内的30株林木的立木蓄积为15.5144立方米。 同时查明，1、被告人郑军、邓勇归案后如实供述了全部犯罪事实，并自愿签订了《认罪认罚具结书》；2、2019年3月6日，秭归县森林公安局扣押了被告人郑军无证采伐的马尾松原木122件；3、2019年4月19日，被告人郑军、邓勇分别向公诉机关出具了《补种树木承诺书》，承诺在滥伐林木的山林内补种林木370株和220株，保证林木成活率达到85％以上，并接受秭归县两河口林业工作站的监管。同日，二被告人分别与秭归县两河口林业工作站签订了《监管协议》，秭归县两河口林业工作站对二被告人所补种林木进行监管、验收，并在每年5月到实地进行检查验收并提出整改意见，二被告人保证按照整改意见落实到位，如整改不到位，由有关部门依法进行处理。监管期限为五年，即从2019年5月至2024年5月；4、本院于2019年4月24日委托秭归县社区矫正工作管理局对被告人郑军、邓勇犯滥伐林木罪能否适用非监禁刑进行审前社会调查，该局经调查，出具了《湖北省适用非监禁刑审前社会调查表》，建议对被告人郑军、邓勇适用非监禁刑。 上述事实，被告人郑军、邓勇在开庭审理过程中无异议，并有被告人郑军、邓勇在森林公安机关的供述与辩解；证人张某、邓某、谭某、汤某、吴某1、吴某2、郑某的证言；秭归县森林公安局《受案登记表》、《立案决定书》、《犯罪嫌疑人郑军归案情况说明》、《犯罪嫌疑人邓勇归案情况说明》、《犯罪嫌疑人基本情况》、《扣押决定书》、《扣押清单》、《立木蓄积测算说明》；被告人及证人的户籍信息；秭归县两河口林业工作站出具的《林木采伐许可证办理情况说明》；被告人郑军的林权证复印件；秭归县林业科学技术推广中心作出的秭林推鉴字［2019］001号《立木蓄积鉴定意见》和伐桩检尺蓄积统计表；现场勘验笔录、辨认笔录、检尺码单及现场照片；《认罪认罚具结书》、《补种树木承诺书》、《监管协议》、《湖北省适用非监禁刑审前社会调查表》等证据在卷佐证，经庭审质证及本院审查，可以采信。 ","cpfxgc":"本院认为：被告人郑军、邓勇违反森林法的规定，在未取得林木采伐许可证的情况下，任意采伐林木，数量较大，二被告人的行为均已构成滥伐林木罪，公诉机关指控的罪名成立，本院予以支持。二被告人归案后如实供述了全部犯罪事实，在公诉机关自愿签订了《认罪认罚具结书》，且当庭自愿认罪，具有坦白情节，依法可对二被告人从轻处罚。同时，二被告人分别出具了《补种树木承诺书》，承诺按滥伐林木株数的五倍进行补植复绿，并在五年内对补种的林木进行管理，恳请监管单位对其补种林木事宜进行监管和验收，并与监管单位签订了《监管协议》，落实了补种林木后期管理的相关措施，确有明显悔罪表现，可酌情对二被告人从轻处罚。根据二被告人的犯罪事实、性质、情节和对于社会的危害程度，没有再犯罪的危险，宣告缓刑对其所居住社区没有重大不良影响，结合秭归县社区矫正工作管理局的意见，依法可对二被告人从轻处罚并宣告缓刑。二辩护人关于对二被告人从轻处罚的辩护意见及公诉机关对二被告人的量刑建议，本院予以采纳。秭归县森林公安局扣押被告人郑军违法采伐的原木122件，依法应当予以追缴。据此，依照《中华人民共和国刑法》第三百四十五条第二款、第六十四条、第六十七条第三款、第七十二条第一款、第三款、第七十三条第二款、第三款之规定，判决如下：","pjjg":" 一、被告人郑军犯滥伐林木罪，判处有期徒刑一年二个月，缓刑二年，并处罚金四千元。 （缓刑考验期限，从判决确定之日起计算。罚金已缴纳。） 二、被告人邓勇犯滥伐林木罪，判处有期徒刑十个月，缓刑一年六个月，并处罚金三千元。 （缓刑考验期限，从判决确定之日起计算。罚金已缴纳。） 三、秭归县森林公安局扣押被告人郑军的122件原木，依法予以追缴。 如不服本判决，可在接到判决书的第二日起十日内，通过本院或者直接向湖北省宜昌市中级人民法院提出上诉。书面上诉的，应当提交上诉状正本一份，副本二份。","qw":"湖北省秭归县人民法院 刑事判决书 （2019）鄂0527刑初59号 公诉机关秭归县人民检察院。 被告人郑军，男，1966年3月15日出生，汉族，秭归县人，初中文化，务农，住秭归县。2019年3月18日因涉嫌滥伐林木罪被秭归县森林公安局取保候审。 指定辩护人胡运动，湖北楚天剑律师事务所律师。 被告人邓勇，男，1975年12月28日出生，汉族，秭归县人，初中文化，务工，住秭归县。2019年3月27日因涉嫌滥伐林木罪被秭归县森林公安局取保候审。 指定辩护人周立国，湖北楚天剑律师事务所律师。 秭归县人民检察院以秭检公诉刑诉［2019］58号起诉书指控被告人郑军、邓勇犯滥伐林木罪，于2019年4月24日向本院提起公诉。本院受理后，依法适用简易程序，实行独任审判，公开开庭审理了本案。秭归县人民检察院指派检察员张兵出庭支持公诉，被告人郑军及其指定辩护人胡运动、被告人邓勇及其指定辩护人周立国到庭参加诉讼。本案现已审理终结。 经审理查明，2017年5月至2018年12月，被告人郑军、邓勇在未办理林木采伐许可证的情况下，采伐林木自用或准备出售。被告人郑军滥伐林木的立木蓄积为36.5919立方米，被告人邓勇滥伐林木的立木蓄积为21.0775立方米。具体犯罪事实如下： 1、2017年5月，被告人郑军与被告人邓勇协商，郑军将其位于秭归县两河口镇白庙岭村四组“三尖沟”（小地名）自留山的林木作价1000元卖给邓勇。在二被告人均未办理林木采伐许可证的情况下，邓勇在该山林内采伐林木44株，其中马尾松40株、油杉4株。邓勇将部分林木用于房屋整修，部分林木准备出售。因堆放在林中时间较长林木干枯生虫，无人收购，邓勇将制成的原木背回家中加工成柴禾自用。经秭归县林业科学技术推广中心鉴定，“三尖沟”山林内44株林木的立木蓄积为21.0775立方米。 2、2018年8月，被告人郑军在未办理林木采伐许可证的情况下，在其自留山“坟面前”（小地名）采伐杉树5株，制成原木用于房屋整修。2018年12月，被告人郑军在未办理林木采伐许可证的情况下，在其自留山“坟面前”采伐马尾松25株，制成原木120件转移到本组郑之明住房旁竹林堆放，还有2件遗留在山林内。2019年3月，被告人郑军采伐林木的行为被人举报后，秭归县森林公安局将被告人郑军准备出售的122件原木扣押。经秭归县林业科学技术推广中心鉴定，“坟面前”山林内的30株林木的立木蓄积为15.5144立方米。 同时查明，1、被告人郑军、邓勇归案后如实供述了全部犯罪事实，并自愿签订了《认罪认罚具结书》；2、2019年3月6日，秭归县森林公安局扣押了被告人郑军无证采伐的马尾松原木122件；3、2019年4月19日，被告人郑军、邓勇分别向公诉机关出具了《补种树木承诺书》，承诺在滥伐林木的山林内补种林木370株和220株，保证林木成活率达到85％以上，并接受秭归县两河口林业工作站的监管。同日，二被告人分别与秭归县两河口林业工作站签订了《监管协议》，秭归县两河口林业工作站对二被告人所补种林木进行监管、验收，并在每年5月到实地进行检查验收并提出整改意见，二被告人保证按照整改意见落实到位，如整改不到位，由有关部门依法进行处理。监管期限为五年，即从2019年5月至2024年5月；4、本院于2019年4月24日委托秭归县社区矫正工作管理局对被告人郑军、邓勇犯滥伐林木罪能否适用非监禁刑进行审前社会调查，该局经调查，出具了《湖北省适用非监禁刑审前社会调查表》，建议对被告人郑军、邓勇适用非监禁刑。 上述事实，被告人郑军、邓勇在开庭审理过程中无异议，并有被告人郑军、邓勇在森林公安机关的供述与辩解；证人张某、邓某、谭某、汤某、吴某1、吴某2、郑某的证言；秭归县森林公安局《受案登记表》、《立案决定书》、《犯罪嫌疑人郑军归案情况说明》、《犯罪嫌疑人邓勇归案情况说明》、《犯罪嫌疑人基本情况》、《扣押决定书》、《扣押清单》、《立木蓄积测算说明》；被告人及证人的户籍信息；秭归县两河口林业工作站出具的《林木采伐许可证办理情况说明》；被告人郑军的林权证复印件；秭归县林业科学技术推广中心作出的秭林推鉴字［2019］001号《立木蓄积鉴定意见》和伐桩检尺蓄积统计表；现场勘验笔录、辨认笔录、检尺码单及现场照片；《认罪认罚具结书》、《补种树木承诺书》、《监管协议》、《湖北省适用非监禁刑审前社会调查表》等证据在卷佐证，经庭审质证及本院审查，可以采信。 本院认为：被告人郑军、邓勇违反森林法的规定，在未取得林木采伐许可证的情况下，任意采伐林木，数量较大，二被告人的行为均已构成滥伐林木罪，公诉机关指控的罪名成立，本院予以支持。二被告人归案后如实供述了全部犯罪事实，在公诉机关自愿签订了《认罪认罚具结书》，且当庭自愿认罪，具有坦白情节，依法可对二被告人从轻处罚。同时，二被告人分别出具了《补种树木承诺书》，承诺按滥伐林木株数的五倍进行补植复绿，并在五年内对补种的林木进行管理，恳请监管单位对其补种林木事宜进行监管和验收，并与监管单位签订了《监管协议》，落实了补种林木后期管理的相关措施，确有明显悔罪表现，可酌情对二被告人从轻处罚。根据二被告人的犯罪事实、性质、情节和对于社会的危害程度，没有再犯罪的危险，宣告缓刑对其所居住社区没有重大不良影响，结合秭归县社区矫正工作管理局的意见，依法可对二被告人从轻处罚并宣告缓刑。二辩护人关于对二被告人从轻处罚的辩护意见及公诉机关对二被告人的量刑建议，本院予以采纳。秭归县森林公安局扣押被告人郑军违法采伐的原木122件，依法应当予以追缴。据此，依照《中华人民共和国刑法》第三百四十五条第二款、第六十四条、第六十七条第三款、第七十二条第一款、第三款、第七十三条第二款、第三款之规定，判决如下： 一、被告人郑军犯滥伐林木罪，判处有期徒刑一年二个月，缓刑二年，并处罚金四千元。 （缓刑考验期限，从判决确定之日起计算。罚金已缴纳。） 二、被告人邓勇犯滥伐林木罪，判处有期徒刑十个月，缓刑一年六个月，并处罚金三千元。 （缓刑考验期限，从判决确定之日起计算。罚金已缴纳。） 三、秭归县森林公安局扣押被告人郑军的122件原木，依法予以追缴。 如不服本判决，可在接到判决书的第二日起十日内，通过本院或者直接向湖北省宜昌市中级人民法院提出上诉。书面上诉的，应当提交上诉状正本一份，副本二份。 审判员雷长远 二〇一九年五月十日 书记员谭娜娜","writId":"0525bab6dc1a03c0c662032e44c7fd3beb0","writName":"郑军、邓勇滥伐林木一审刑事判决书"}
