{"ajId":"4ed68040-a375-4973-9862-eab4d46e5333","ajName":"何宗仁、杨忠祥走私、贩卖、运输、制造毒品一案","ajjbqk":" 大理白族自治州人民检察院指控，被告人何宗仁、杨忠祥受雇运输毒品。2018年7月9日21时许，二人搭车途经“祥临公路”南涧县路段时被民警抓获，从何宗仁携带的行李箱底部夹层内查获毒品海洛因两块、一条，净重2094.02克；从杨忠祥携带的行李箱底部夹层内查获毒品海洛因两块，净重2458.09克。公诉机关当庭提供了受案登记表、立案决定书、指定管辖决定书、抓获经过、现场照片、扣押清单、称量笔录、取样笔录、毒品检验报告、证人证言、及被告人的供述和辩解等证据材料支持公诉。公诉机关认为，被告人何宗仁、杨忠祥的行为已触犯《中华人民共和国刑法》第三百四十七条二款（一）项之规定，构成运输毒品罪。二被告人具有坦白情节。提请本院依法判处。 被告人何宗仁对指控事实、罪名无异议，请求从轻处罚。辩护人对指控定性无异议，提出何宗仁坦白认罪；该案毒品未流入社会，未造成进一步影响；何宗仁不明知所运输毒品的种类、数量的辩护意见。 被告人杨忠祥对指控事实、罪名无异议，请求从轻处罚。辩护人对指控定性无异议，提出杨忠祥受雇运输毒品，系从犯；归案后坦白认罪；涉案毒品未流入社会，社会危害性相对较小的辩护意见。 经审理查明，被告人何宗仁、杨忠祥为牟取不法利益，受雇运输毒品。2018年7月9日21时10分许，二人搭乘面包车（号牌为云S×××××）途经“祥临公路”南涧县南涧镇“海香园饭店”路段时，被在此设卡查缉毒品的禁毒民警抓获。民警当场从何宗仁携带行李箱底部夹层内查获毒品海洛因二块、一条，共计净重2094.02克；从杨忠祥携带行李箱底部夹层内查获二块毒品海洛因，共计净重2458.09克。 认定上述事实的证据有： 1．受案登记表、立案决定书、指定管辖决定书、抓获经过及现场照片、搜查笔录、提取封装笔录、扣押笔录及扣押清单证明：2018年7月9日16时许，宾川县公安局禁毒大队在工作中获悉“有一伙缅甸籍人员从云县包车前往昆明，有携带毒品嫌疑”。该队遂依法开展侦查工作，指派民警赶赴“祥临公路”南涧县南涧镇“海香园饭店”路段设卡查缉。21时10分许，民警在查缉点对一辆号牌为云S×××××的面包车拦截检查，在该车第二排座位查获携带一个行李箱何宗仁，在第三排座位查获携带一个行李箱的杨忠祥，二人均自报属缅甸籍。经搜查，民警从何宗仁携带行李箱底部夹层内查获毒品可疑物二块、白色条状毒品可疑物一条；从杨忠祥携带行李箱底部夹层内查获毒品可疑物二块。除何宗仁、杨忠祥外，该车尚有同行人员多人，但与本案无关联。民警对前述毒品可疑物依法封装、扣押，随案还扣押了何宗仁持有的ViVO牌手机一部。 2．称量笔录及照片证明：民警依法对被告人何宗仁持有的二块毒品可疑物、一条白色条状毒品可疑物作净重称量，共计净重2094.02克；对杨忠祥持有的二块毒品可疑物作净重称量，共计净重2458.09克。 3．取样笔录及照片、毒品检验报告证明：民警从被告人何宗仁持有的二块及一条毒品可疑物中分别取样一份，从杨忠祥持有的二块毒品可疑物中分别取样一份，送交大理白族自治州公安司法鉴定中心作检验。经检验，从何宗仁持有的毒品可疑物中提取的三份检材均检出海洛因成分，含量分别为54.43％、18.28％、39％；从杨忠祥持有的毒品可疑物中提取的两份检材均检出海洛因成分，含量分别为17.38％、15.52％。 4．现场检测报告书证明：民警依法对被告人何宗仁、杨忠祥的尿液样本作吸毒检测，经过均呈吗啡阴性，甲基安非他明阴性。 5．宾川县公安局禁毒大队出具情况、开户信息表、通话记录清单证明：（1）被告人何宗仁向公安机关提供了“文军”及老板使用的电话号码182××××7617、151××××9581。2018年7月7日至7月9日间，何宗仁持有的151××××9808手机（登记人为“李某2”，登记地址为缅甸老街）与前述号码分别有多次通话记录。民警依法对涉案号码进行查证，但因号码开户信息均为涉外人员，无法进行核查。（2）经民警对何宗仁的手机记载信息查询，未发现与“文某”的通讯记录。 6．辨认笔录及照片证明：经民警依法让被告人何宗仁、杨忠祥分别做混同辨认，何宗仁辨认出同路运输毒品的杨忠祥，杨忠祥辨认出通路运输毒品的何宗仁。 7．证人证言 （1）王某（号牌为云S×××××车辆驾驶员）的证言证明：2018年7月9日18时许，其搭载3名妇女驶往昆明途中，有人给其打电话让搭载14人上昆明，其在风水垭口附近的一院烂房子里接到14名男女，顺路还搭载了预先约定要上昆明的朋友杨某。途经南涧县时被民警拦截检查，民警从两名男性乘客的行李箱里查出了毒品。其不知道乘客具体去往何处，其负责拉运到昆明。拉人的信息是“跑车”群里介绍的，其不知道对方情况。 （2）杨某的证言证明：2018年7月9日15时许，其与朋友王某约好搭车去昆明。18时许，王某在曼旧路口接到其，看见车上挤满了一群男女。王某驾车途经南涧县时被民警拦截检查，从两名男性乘客的行李箱里查获了毒品。 （3）证人埃哒、A英、肯迪达角、学敏来、玛某1、水某、玛某2、那某、温某、莫某、等跟马、兰某、左某、李某1、角素的证言证明：前述人员均自报属缅甸籍，受境外人员组织或自行决定入境中国，埃哒入境中国要去安徽找姐姐；A英入境要去河南驻马店寻亲；肯迪达角入境要去安徽打工；学敏来、玛某1、水某、玛某2、那某、温某、莫某、等跟马、兰某、左某、李某1入境准备到中国打工，但具体地点未确定；角素入境到中国游玩。 8．被告人何宗仁的供述和辩解证明：2018年7月5日，其与“文某”在缅甸宾馆打游戏期间，“文某”指使其带毒品去昆明，事成之后有一万多元报酬，其未马上答应。当晚，其按“文某”要求到他住处睡觉时见到了杨忠祥。6日上午，“文某”及老板分别给其与杨忠祥一个行李箱，并说毒品在里面。随后，有人开车将二人送至清水河口岸，二人经清水河入境，并被一辆摩托车送至孟定镇，当晚住宿在孟定镇。7日下午，其与“文某”所给号码使用人联系后，该人驾驶一辆面包车接到二人，随即驶离孟定。从孟定出来后，沿途又搭载了一些人，大概十三四人，听说去广东打工的。8日凌晨，在一个不知名的饭店住下，9日中午，事后被民警拦截的这辆车接到大家后驶往昆明方向，晚上时段就被民警抓获，从其携带的行李箱夹层内查获毒品。其不知道“文某”和老板的真实身份情况。 9．杨忠祥的供述和辩解证明：2018年7月6日，其到缅甸打工，与一个叫不出名字的朋友相遇后，该朋友询问其是否愿意为别人带毒品，事成之后给四万元报酬，其答应了。7日，其朋友带着何宗仁介绍给其，并告知是与其一起为老板带毒品到昆明的人员。8日早上，介绍运输毒品的朋友带着其与杨忠祥乘坐面包车去往清水河。途中，该朋友分别交给其与杨忠祥一个箱子，二人知道毒品就放在里面。二人经清水河入境，并被一辆摩托车送至孟定镇，当晚住宿在孟定。9日6时许，该朋友安排了一辆车接到二人，随后又搭载了十多名男女，一行人驶往昆明方向。途中，又换乘了之后被拦截检查的这辆车，还是继续往昆明方向行驶，路上被民警抓获，从其携带箱子底部查获了毒品。路上都是何宗仁负责联系老板，其没有手机。其不知道同行其他人的情况。 上述证据由公安机关依法收集，内容客观真实，并能相互印证，且与本案事实关联，本院予以采纳，并采信。 ","cpfxgc":"本院认为，被告人何宗仁、杨忠祥无视国家法律，为牟取不法利益，明知是毒品而予以运输，其行为已构成运输毒品罪。公诉机关指控的罪名成立，予以支持。二被告人受雇同路运输毒品，应分别对各自运输的毒品承担罪责。二被告人归案后，如实供述自己的罪行，坦白、认罪，依法可从轻处罚。公诉机关所提二被告人具有坦白情节的意见，予以支持。扣押在案的海洛因及被告人供犯罪使用的本人财物，予以没收。关于二辩护人所提何宗仁、杨忠祥具有坦白、认罪情节的辩护意见，有事实、法律依据，予以采纳；二辩护人所提二被告人各自运输的毒品未流入社会，未造成进一步影响或社会危害性相对较小的辩护意见，经查，二被告人系在运输毒品途中被查获，毒品已处于在社会上非法流通的状态，已实际违反国家对毒品实行严格管控的法律制度，社会危害性已然产生，前述辩护意见不能成立，不予采纳；关于辩护人所提何宗仁不明知所运输毒品的种类、数量而考虑从轻处罚的辩护意见，经查，何宗仁为牟取不法利益运输毒品，行为积极主动，应当认为所运输毒品的种类、数量均不超出其认知范畴，不影响对其定罪量刑，对该辩护意见不予采纳。关于辩护人所提杨忠祥受雇运输毒品，系从犯的辩护意见，经查，杨忠祥为牟取不法暴利，积极实施运输毒品行为，其应对所运输的毒品承担独立的罪责，不足以认定为从犯，对该辩护意见不予采纳。根据被告人何宗仁、杨忠祥犯罪的事实、犯罪的性质、情节和对于社会的危害程度，依照《中华人民共和国刑法》第三百四十七条第二款第（一）项、第六条、第五十九条第一款、第六十一条、第六十四条、第六十七条第三款的规定，判决如下：","pjjg":" 一、被告人何宗仁犯运输毒品罪，判处无期徒刑，并处没收个人全部财产。 二、被告人杨忠祥犯运输毒品罪，判处无期徒刑，并处没收个人全部财产。 三、扣押在案的海洛因4552.11克、被告人何宗仁持有的手机一部，予以没收。 如不服本判决，可在接到判决书的第二日起十日内，通过本院或者直接向云南省高级人民法院提出上诉。书面上诉的，应提交上诉状正本一份，副本二份。","qw":"中华人民共和国 云南省大理白族自治州中级人民法院 刑事判决书 （2018）云29刑初156号 公诉机关大理白族自治州人民检察院。 被告人何宗仁，男，汉族，1999年10月28日出生，小学文化，无业，住缅甸（前述信息均属自报）。国籍不明。因本案于2018年7月10日被刑事拘留，同年8月16日被逮捕。现羁押在宾川县看守所。 指定辩护人刘正敏，云南欣晨光（大理）律师事务所律师。 被告人杨忠祥，男，汉族，1992年1月1日出生，文盲，无业，住缅甸（前述信息均属自报）。国籍不明。因本案于2018年7月10日被刑事拘留，同年8月16日被逮捕。现羁押在宾川县看守所。 指定辩护人梁银兰，云南欣晨光（大理）律师事务所律师。 大理白族自治州人民检察院以大州检公诉刑诉［2018］163号起诉书指控被告人何宗仁、杨忠祥犯运输毒品罪，于2018年12月5日向本院提起公诉。本院受理后，依法组成合议庭公开开庭审理了本案，公诉机关指派检察员赵霞出庭支持公诉，二被告人及指定辩护人到庭参加诉讼。现已审理终结。 大理白族自治州人民检察院指控，被告人何宗仁、杨忠祥受雇运输毒品。2018年7月9日21时许，二人搭车途经“祥临公路”南涧县路段时被民警抓获，从何宗仁携带的行李箱底部夹层内查获毒品海洛因两块、一条，净重2094.02克；从杨忠祥携带的行李箱底部夹层内查获毒品海洛因两块，净重2458.09克。公诉机关当庭提供了受案登记表、立案决定书、指定管辖决定书、抓获经过、现场照片、扣押清单、称量笔录、取样笔录、毒品检验报告、证人证言、及被告人的供述和辩解等证据材料支持公诉。公诉机关认为，被告人何宗仁、杨忠祥的行为已触犯《中华人民共和国刑法》第三百四十七条二款（一）项之规定，构成运输毒品罪。二被告人具有坦白情节。提请本院依法判处。 被告人何宗仁对指控事实、罪名无异议，请求从轻处罚。辩护人对指控定性无异议，提出何宗仁坦白认罪；该案毒品未流入社会，未造成进一步影响；何宗仁不明知所运输毒品的种类、数量的辩护意见。 被告人杨忠祥对指控事实、罪名无异议，请求从轻处罚。辩护人对指控定性无异议，提出杨忠祥受雇运输毒品，系从犯；归案后坦白认罪；涉案毒品未流入社会，社会危害性相对较小的辩护意见。 经审理查明，被告人何宗仁、杨忠祥为牟取不法利益，受雇运输毒品。2018年7月9日21时10分许，二人搭乘面包车（号牌为云S×××××）途经“祥临公路”南涧县南涧镇“海香园饭店”路段时，被在此设卡查缉毒品的禁毒民警抓获。民警当场从何宗仁携带行李箱底部夹层内查获毒品海洛因二块、一条，共计净重2094.02克；从杨忠祥携带行李箱底部夹层内查获二块毒品海洛因，共计净重2458.09克。 认定上述事实的证据有： 1．受案登记表、立案决定书、指定管辖决定书、抓获经过及现场照片、搜查笔录、提取封装笔录、扣押笔录及扣押清单证明：2018年7月9日16时许，宾川县公安局禁毒大队在工作中获悉“有一伙缅甸籍人员从云县包车前往昆明，有携带毒品嫌疑”。该队遂依法开展侦查工作，指派民警赶赴“祥临公路”南涧县南涧镇“海香园饭店”路段设卡查缉。21时10分许，民警在查缉点对一辆号牌为云S×××××的面包车拦截检查，在该车第二排座位查获携带一个行李箱何宗仁，在第三排座位查获携带一个行李箱的杨忠祥，二人均自报属缅甸籍。经搜查，民警从何宗仁携带行李箱底部夹层内查获毒品可疑物二块、白色条状毒品可疑物一条；从杨忠祥携带行李箱底部夹层内查获毒品可疑物二块。除何宗仁、杨忠祥外，该车尚有同行人员多人，但与本案无关联。民警对前述毒品可疑物依法封装、扣押，随案还扣押了何宗仁持有的ViVO牌手机一部。 2．称量笔录及照片证明：民警依法对被告人何宗仁持有的二块毒品可疑物、一条白色条状毒品可疑物作净重称量，共计净重2094.02克；对杨忠祥持有的二块毒品可疑物作净重称量，共计净重2458.09克。 3．取样笔录及照片、毒品检验报告证明：民警从被告人何宗仁持有的二块及一条毒品可疑物中分别取样一份，从杨忠祥持有的二块毒品可疑物中分别取样一份，送交大理白族自治州公安司法鉴定中心作检验。经检验，从何宗仁持有的毒品可疑物中提取的三份检材均检出海洛因成分，含量分别为54.43％、18.28％、39％；从杨忠祥持有的毒品可疑物中提取的两份检材均检出海洛因成分，含量分别为17.38％、15.52％。 4．现场检测报告书证明：民警依法对被告人何宗仁、杨忠祥的尿液样本作吸毒检测，经过均呈吗啡阴性，甲基安非他明阴性。 5．宾川县公安局禁毒大队出具情况、开户信息表、通话记录清单证明：（1）被告人何宗仁向公安机关提供了“文军”及老板使用的电话号码182××××7617、151××××9581。2018年7月7日至7月9日间，何宗仁持有的151××××9808手机（登记人为“李某2”，登记地址为缅甸老街）与前述号码分别有多次通话记录。民警依法对涉案号码进行查证，但因号码开户信息均为涉外人员，无法进行核查。（2）经民警对何宗仁的手机记载信息查询，未发现与“文某”的通讯记录。 6．辨认笔录及照片证明：经民警依法让被告人何宗仁、杨忠祥分别做混同辨认，何宗仁辨认出同路运输毒品的杨忠祥，杨忠祥辨认出通路运输毒品的何宗仁。 7．证人证言 （1）王某（号牌为云S×××××车辆驾驶员）的证言证明：2018年7月9日18时许，其搭载3名妇女驶往昆明途中，有人给其打电话让搭载14人上昆明，其在风水垭口附近的一院烂房子里接到14名男女，顺路还搭载了预先约定要上昆明的朋友杨某。途经南涧县时被民警拦截检查，民警从两名男性乘客的行李箱里查出了毒品。其不知道乘客具体去往何处，其负责拉运到昆明。拉人的信息是“跑车”群里介绍的，其不知道对方情况。 （2）杨某的证言证明：2018年7月9日15时许，其与朋友王某约好搭车去昆明。18时许，王某在曼旧路口接到其，看见车上挤满了一群男女。王某驾车途经南涧县时被民警拦截检查，从两名男性乘客的行李箱里查获了毒品。 （3）证人埃哒、A英、肯迪达角、学敏来、玛某1、水某、玛某2、那某、温某、莫某、等跟马、兰某、左某、李某1、角素的证言证明：前述人员均自报属缅甸籍，受境外人员组织或自行决定入境中国，埃哒入境中国要去安徽找姐姐；A英入境要去河南驻马店寻亲；肯迪达角入境要去安徽打工；学敏来、玛某1、水某、玛某2、那某、温某、莫某、等跟马、兰某、左某、李某1入境准备到中国打工，但具体地点未确定；角素入境到中国游玩。 8．被告人何宗仁的供述和辩解证明：2018年7月5日，其与“文某”在缅甸宾馆打游戏期间，“文某”指使其带毒品去昆明，事成之后有一万多元报酬，其未马上答应。当晚，其按“文某”要求到他住处睡觉时见到了杨忠祥。6日上午，“文某”及老板分别给其与杨忠祥一个行李箱，并说毒品在里面。随后，有人开车将二人送至清水河口岸，二人经清水河入境，并被一辆摩托车送至孟定镇，当晚住宿在孟定镇。7日下午，其与“文某”所给号码使用人联系后，该人驾驶一辆面包车接到二人，随即驶离孟定。从孟定出来后，沿途又搭载了一些人，大概十三四人，听说去广东打工的。8日凌晨，在一个不知名的饭店住下，9日中午，事后被民警拦截的这辆车接到大家后驶往昆明方向，晚上时段就被民警抓获，从其携带的行李箱夹层内查获毒品。其不知道“文某”和老板的真实身份情况。 9．杨忠祥的供述和辩解证明：2018年7月6日，其到缅甸打工，与一个叫不出名字的朋友相遇后，该朋友询问其是否愿意为别人带毒品，事成之后给四万元报酬，其答应了。7日，其朋友带着何宗仁介绍给其，并告知是与其一起为老板带毒品到昆明的人员。8日早上，介绍运输毒品的朋友带着其与杨忠祥乘坐面包车去往清水河。途中，该朋友分别交给其与杨忠祥一个箱子，二人知道毒品就放在里面。二人经清水河入境，并被一辆摩托车送至孟定镇，当晚住宿在孟定。9日6时许，该朋友安排了一辆车接到二人，随后又搭载了十多名男女，一行人驶往昆明方向。途中，又换乘了之后被拦截检查的这辆车，还是继续往昆明方向行驶，路上被民警抓获，从其携带箱子底部查获了毒品。路上都是何宗仁负责联系老板，其没有手机。其不知道同行其他人的情况。 上述证据由公安机关依法收集，内容客观真实，并能相互印证，且与本案事实关联，本院予以采纳，并采信。 本院认为，被告人何宗仁、杨忠祥无视国家法律，为牟取不法利益，明知是毒品而予以运输，其行为已构成运输毒品罪。公诉机关指控的罪名成立，予以支持。二被告人受雇同路运输毒品，应分别对各自运输的毒品承担罪责。二被告人归案后，如实供述自己的罪行，坦白、认罪，依法可从轻处罚。公诉机关所提二被告人具有坦白情节的意见，予以支持。扣押在案的海洛因及被告人供犯罪使用的本人财物，予以没收。关于二辩护人所提何宗仁、杨忠祥具有坦白、认罪情节的辩护意见，有事实、法律依据，予以采纳；二辩护人所提二被告人各自运输的毒品未流入社会，未造成进一步影响或社会危害性相对较小的辩护意见，经查，二被告人系在运输毒品途中被查获，毒品已处于在社会上非法流通的状态，已实际违反国家对毒品实行严格管控的法律制度，社会危害性已然产生，前述辩护意见不能成立，不予采纳；关于辩护人所提何宗仁不明知所运输毒品的种类、数量而考虑从轻处罚的辩护意见，经查，何宗仁为牟取不法利益运输毒品，行为积极主动，应当认为所运输毒品的种类、数量均不超出其认知范畴，不影响对其定罪量刑，对该辩护意见不予采纳。关于辩护人所提杨忠祥受雇运输毒品，系从犯的辩护意见，经查，杨忠祥为牟取不法暴利，积极实施运输毒品行为，其应对所运输的毒品承担独立的罪责，不足以认定为从犯，对该辩护意见不予采纳。根据被告人何宗仁、杨忠祥犯罪的事实、犯罪的性质、情节和对于社会的危害程度，依照《中华人民共和国刑法》第三百四十七条第二款第（一）项、第六条、第五十九条第一款、第六十一条、第六十四条、第六十七条第三款的规定，判决如下： 一、被告人何宗仁犯运输毒品罪，判处无期徒刑，并处没收个人全部财产。 二、被告人杨忠祥犯运输毒品罪，判处无期徒刑，并处没收个人全部财产。 三、扣押在案的海洛因4552.11克、被告人何宗仁持有的手机一部，予以没收。 如不服本判决，可在接到判决书的第二日起十日内，通过本院或者直接向云南省高级人民法院提出上诉。书面上诉的，应提交上诉状正本一份，副本二份。 审判长何晶平 审判员张寿清 审判员杨友椿 二〇一九年一月二日 书记员杨娇娇","writId":"059467f84c1abe3781777d51349584b137e","writName":"何宗仁、杨忠祥走私、贩卖、运输、制造毒品一审刑事判决书"}
