{"ajId":"51fa1131-92e6-4971-94a5-8be00ebe123b","ajName":"被告人郭志明、涂华喜、余江国盗窃一案","ajjbqk":" 贵州省黔西县人民检察院指控，2013年10月至12月期间，被告人郭志明、涂华喜、余江国与万某（在逃）以非法占有为目的，诈骗他人财物价值45001元。 针对上述指控，公诉机关提供了被害人陈述、被告人供述、证人证言及相关书证等证据，认为被告人郭志明、涂华喜、余江国的行为已触犯《中华人民共和国刑法》第二百六十六条之规定，构成诈骗罪。提请本院依法判处。 三被告人对公诉机关指控的犯罪事实及罪名无异议。 被告人余江国的辩护人提出公诉机关指控被告人余江国犯诈骗罪数额巨大不当，余江国在共同犯罪中系从犯、案发后如实供述犯罪事实，具有从轻、减轻处罚情节的辩护意见。 经审理查明，一、2013年11月28日，被告人郭志明、涂华喜、余江国与万某（在逃）共谋找钱用，后被告人余江国驾驶其所有的贵FJXXXX号现代牌轿车搭乘郭志明、涂华喜、万某至百里杜鹃风景名胜区仁和乡街上，由被告人余江国驾车在路旁等候，被告人郭志明对被害人刘某明进行跟踪，发现被害人刘某明在其存折上存入大量现金，万某遂上前与刘某明搭讪，随后，被告人涂华喜、万某以涂华喜钱包丢失为由，骗取刘某明的存折密码，并对被害人刘某明检查随身物品，在检查物品的过程中，万某趁机将刘某明650元现金及农村信用社存折一本盗走。后由被告人余江国将存折上10000元现金取走，四人共同分赃。 二、2013年10月19日，被告人郭志明、涂华喜、余江国与万某共谋找钱用，后被告人余江国驾驶其所有的贵FJXXXX号现代牌轿车搭乘郭志明、涂华喜、万某至百里杜鹃风景名胜区普底街上，由被告人余江国驾车在路旁等候，被告人郭志明对被害人陈某学进行跟踪，发现被害人陈某学怀揣在信用社所取现金，万某遂上前与刘某明搭讪，随后，被告人涂华喜、万某以涂华喜钱包丢失为由，骗取了被害人陈某学的存折密码，并对被害人陈某学检查随身物品，万某趁机将陈某学900元现金及农村信用社存折一本盗走。后由被告人余江国将存折上18000元现金取走，四人共同分赃。 三、2013年12月1日，被告人郭志明、涂华喜、余江国与万某共谋找钱用，后被告人余江国驾驶其所有的贵FJXXXX号现代牌轿车搭乘郭志明、涂华喜、万某至百里杜鹃风景名胜区金坡街上，由被告人余江国驾车在路旁等候，被告人郭志明对被害人王某芬进行跟踪后，发现被害人王某芬怀揣在信用社所取现金，万某遂上前与王某芬搭讪，随后，被告人涂华喜、万某以涂华喜钱包丢失为由，骗取了被害人王某芬的存折密码，并对被害人王某芬检查随身物品，万某趁机趁机将王某芬1000元现金及农村信用社存折一本盗走。后由被告人余江国将存折上3400元现金取走，四人共同分赃。 四、2013年12月3日，被告人郭志明、涂华喜、余江国与万某共谋找钱用，后被告人余江国驾驶其所有的贵FJXXXX号现代牌轿车搭乘郭志明、涂华喜、万某至黔西县羊场乡街上，由被告人余江国驾车在路旁等候，被告人郭志明对被害人王某菊进行跟踪后，发现王某菊怀揣现金，万某遂上前与王某菊搭讪，随后，被告人涂华喜、万某以涂华喜钱包丢失为由，对被害人王某菊检查随身物品，万某趁机将王某菊1800元现金盗走，四人共同分赃。 五、2013年11月26日，被告人郭志明、涂华喜、余江国与万某共谋找钱用，后被告人余江国驾驶其所有的贵FJXXXX号现代牌轿车搭乘郭志明、涂华喜、万某至黔西县雨朵镇街上，由被告人郭志明对被害人吴某才进行跟踪后，发现吴某才怀揣在信用社所取现金，万某遂上前与吴某才搭讪，随后，被告人郭志明以钱包丢失为由，与万某骗取了被害人吴某才的银行存折密码，并对被害人吴某才检查随身物品，万某趁机将吴某才300元现金及邮政储蓄银行存折一本盗走。后由被告人余江国、涂华喜将存折上现金2000元取走，四人共同分赃。 六、2013年10月20日，被告人郭志明、涂华喜、余江国与万某共谋找钱用，后被告人余江国驾驶其所有的贵FJXXXX号现代牌轿车搭乘郭志明、涂华喜、万某至黔西县大关镇街上，由被告人郭志明对被害人刘厚迁进行跟踪后，发现刘某仟独自一人行走，万某遂上前与刘某仟搭讪，随后被告人郭志明以钱包丢失为由，与万某对被害人刘厚迁检查随身物品，万某趁机将刘厚迁1201元现金盗走。后四人共同分赃。 七、2013年10月20日，被告人郭志明、涂华喜、余江国与万某共谋找钱用，被告人余江国驾驶其所有的贵FJXXXX号现代牌轿车搭乘郭志明、涂华喜、万某至黔西县中坪镇街上，被告人余江国驾车在路旁等候，被告人郭志明、涂华喜与万某对被害人张某珍进行跟踪后，发现张某珍随身携带现金，遂上前与张某珍搭讪，随后，三被告人以钱包丢失为由，对被害人张某珍进行检查随身物品，万某趁机将张某珍4300元现金盗走。后四人共同分赃。 综上，被告人郭志明、涂华喜、余江国盗窃他人财物7次，盗窃金额43551元。 上述事实，有经庭审举证、质证确认的被告人郭志明、涂华喜、余江国的供述、被害人刘某明、陈某学、王某芬、王某菊、吴某才、刘某仟、张某珍的陈述、证人黄某禹、代某飞、黄某友的证实、辨认笔录及照片、现场指认笔录及照片、取款凭证、洪水信用社证明、通话清单、百里杜鹃公安局扣押、物品、文件清单、作案工具手机、行车证、驾驶证、车辆、抓获经过、户籍证明等证据证实，足以认定。 ","cpfxgc":"本院认为，被告人郭志明、涂华喜、余江国在实施犯罪活动时，虽采取了诈骗手段，但诈骗手段仅是为盗窃作掩护，并非被害人基于错误认识而自愿交付财物，故三被告人的行为符合盗窃罪的犯罪构成要件，且盗窃数额巨大，其行为均已触犯《中华人民共和国刑法》第二百六十四条之规定，构成盗窃罪，应当判处三年以上十年以下有期徒刑。公诉机关指控三被告人犯罪事实成立，但指控三被告人犯诈骗罪的罪名不当，且指控的犯罪金额有误，应予变更。在共同犯罪中，被告人郭志明、涂华喜起主要作用、系主犯，应依照《中华人民共和国刑法》第二十六条的规定处罚；被告人余江国起次要、辅助作用，系从犯，应从轻、减轻处罚。归案后，三被告人如实供述犯罪事实，可从轻处罚。被告人余江国的辩护人提出的其系从犯、如实供述犯罪事实的辩护意见，经查属实，予以采纳。据此，依照《中华人民共和国刑法》第二百六十四条、第二十五条、第二十六条、第二十七条、第六十七条第三款、第五十二条、第五十三条、第六十四条之规定，判决如下：","pjjg":" 一、被告人郭志明犯盗窃罪，判处有期徒刑四年，并处罚金人民币三千元。 （刑期从判决之日起计算。判决执行以前先行羁押的，羁押一日折抵刑期一日，即自2013年12月6日起至2017年12月5日止。罚金限于本判决生效之日起三个月内缴纳。） 二、被告人涂华喜犯盗窃罪，判处有期徒刑四年，并处罚金人民币三千元。 （刑期从判决之日起计算。判决执行以前先行羁押的，羁押一日折抵刑期一日，即自2013年12月6日起至2017年12月5日止。罚金限于本判决生效之日起三个月内缴纳。） 三、被告人余江国犯盗窃罪，判处有期徒刑三年，并处罚金人民币二千元。 （刑期从判决之日起计算。判决执行以前先行羁押的，羁押一日折抵刑期一日，即自2013年12月6日起至2016年12月5日止。罚金限于本判决生效之日起三个月内缴纳。） 四、对三被告人使用的扣押于毕节市公安局百里杜鹃分局作案工具贵FJ6033号现代轿车一辆、手机三部、人民币1485元予以没收，上缴国库。 如不服本判决，可在接到判决书的第二日起十日内，通过本院或者直接向毕节市中级人民法院提出上诉。书面上诉的应当提交上诉状正本一份，副本两份。","qw":"贵州省黔西县人民法院 刑事判决书 （2014）黔县刑初字第324号 公诉机关贵州省黔西县人民检察院。 被告人涂华喜，男。因涉嫌犯诈骗于2013年12月6日被毕节市公安局百里杜鹃分局刑事拘留，2014年1月10日被依法逮捕。现押于黔西县看守所。 被告人郭志明，男。因涉嫌犯诈骗于2013年12月6日被毕节市公安局百里杜鹃分局刑事拘留，2014年1月10日被依法逮捕。现押于黔西县看守所。 被告人余江国，男。因涉嫌犯诈骗于2013年12月6日被毕节市公安局百里杜鹃分局刑事拘留，2014年1月10日被依法逮捕。现押于黔西县看守所。 辩护人蒋蓉，黔西县律师事务所律师。 贵州省黔西县人民检察院以黔县检百管刑诉（2014）7号起诉书，指控被告人郭志明、涂华喜、余江国犯盗窃罪，于2014年5月28日向本院提起公诉。本院立案受理后，依法组成合议庭，适用简易程序公开开庭审理了本案。贵州省黔西县人民检察院指派检察员郝玉庆出庭支持公诉，被告人郭志明、涂华喜、余江国及其辩护人蒋蓉均到庭参加诉讼，现已审理终结。 贵州省黔西县人民检察院指控，2013年10月至12月期间，被告人郭志明、涂华喜、余江国与万某（在逃）以非法占有为目的，诈骗他人财物价值45001元。 针对上述指控，公诉机关提供了被害人陈述、被告人供述、证人证言及相关书证等证据，认为被告人郭志明、涂华喜、余江国的行为已触犯《中华人民共和国刑法》第二百六十六条之规定，构成诈骗罪。提请本院依法判处。 三被告人对公诉机关指控的犯罪事实及罪名无异议。 被告人余江国的辩护人提出公诉机关指控被告人余江国犯诈骗罪数额巨大不当，余江国在共同犯罪中系从犯、案发后如实供述犯罪事实，具有从轻、减轻处罚情节的辩护意见。 经审理查明，一、2013年11月28日，被告人郭志明、涂华喜、余江国与万某（在逃）共谋找钱用，后被告人余江国驾驶其所有的贵FJXXXX号现代牌轿车搭乘郭志明、涂华喜、万某至百里杜鹃风景名胜区仁和乡街上，由被告人余江国驾车在路旁等候，被告人郭志明对被害人刘某明进行跟踪，发现被害人刘某明在其存折上存入大量现金，万某遂上前与刘某明搭讪，随后，被告人涂华喜、万某以涂华喜钱包丢失为由，骗取刘某明的存折密码，并对被害人刘某明检查随身物品，在检查物品的过程中，万某趁机将刘某明650元现金及农村信用社存折一本盗走。后由被告人余江国将存折上10000元现金取走，四人共同分赃。 二、2013年10月19日，被告人郭志明、涂华喜、余江国与万某共谋找钱用，后被告人余江国驾驶其所有的贵FJXXXX号现代牌轿车搭乘郭志明、涂华喜、万某至百里杜鹃风景名胜区普底街上，由被告人余江国驾车在路旁等候，被告人郭志明对被害人陈某学进行跟踪，发现被害人陈某学怀揣在信用社所取现金，万某遂上前与刘某明搭讪，随后，被告人涂华喜、万某以涂华喜钱包丢失为由，骗取了被害人陈某学的存折密码，并对被害人陈某学检查随身物品，万某趁机将陈某学900元现金及农村信用社存折一本盗走。后由被告人余江国将存折上18000元现金取走，四人共同分赃。 三、2013年12月1日，被告人郭志明、涂华喜、余江国与万某共谋找钱用，后被告人余江国驾驶其所有的贵FJXXXX号现代牌轿车搭乘郭志明、涂华喜、万某至百里杜鹃风景名胜区金坡街上，由被告人余江国驾车在路旁等候，被告人郭志明对被害人王某芬进行跟踪后，发现被害人王某芬怀揣在信用社所取现金，万某遂上前与王某芬搭讪，随后，被告人涂华喜、万某以涂华喜钱包丢失为由，骗取了被害人王某芬的存折密码，并对被害人王某芬检查随身物品，万某趁机趁机将王某芬1000元现金及农村信用社存折一本盗走。后由被告人余江国将存折上3400元现金取走，四人共同分赃。 四、2013年12月3日，被告人郭志明、涂华喜、余江国与万某共谋找钱用，后被告人余江国驾驶其所有的贵FJXXXX号现代牌轿车搭乘郭志明、涂华喜、万某至黔西县羊场乡街上，由被告人余江国驾车在路旁等候，被告人郭志明对被害人王某菊进行跟踪后，发现王某菊怀揣现金，万某遂上前与王某菊搭讪，随后，被告人涂华喜、万某以涂华喜钱包丢失为由，对被害人王某菊检查随身物品，万某趁机将王某菊1800元现金盗走，四人共同分赃。 五、2013年11月26日，被告人郭志明、涂华喜、余江国与万某共谋找钱用，后被告人余江国驾驶其所有的贵FJXXXX号现代牌轿车搭乘郭志明、涂华喜、万某至黔西县雨朵镇街上，由被告人郭志明对被害人吴某才进行跟踪后，发现吴某才怀揣在信用社所取现金，万某遂上前与吴某才搭讪，随后，被告人郭志明以钱包丢失为由，与万某骗取了被害人吴某才的银行存折密码，并对被害人吴某才检查随身物品，万某趁机将吴某才300元现金及邮政储蓄银行存折一本盗走。后由被告人余江国、涂华喜将存折上现金2000元取走，四人共同分赃。 六、2013年10月20日，被告人郭志明、涂华喜、余江国与万某共谋找钱用，后被告人余江国驾驶其所有的贵FJXXXX号现代牌轿车搭乘郭志明、涂华喜、万某至黔西县大关镇街上，由被告人郭志明对被害人刘厚迁进行跟踪后，发现刘某仟独自一人行走，万某遂上前与刘某仟搭讪，随后被告人郭志明以钱包丢失为由，与万某对被害人刘厚迁检查随身物品，万某趁机将刘厚迁1201元现金盗走。后四人共同分赃。 七、2013年10月20日，被告人郭志明、涂华喜、余江国与万某共谋找钱用，被告人余江国驾驶其所有的贵FJXXXX号现代牌轿车搭乘郭志明、涂华喜、万某至黔西县中坪镇街上，被告人余江国驾车在路旁等候，被告人郭志明、涂华喜与万某对被害人张某珍进行跟踪后，发现张某珍随身携带现金，遂上前与张某珍搭讪，随后，三被告人以钱包丢失为由，对被害人张某珍进行检查随身物品，万某趁机将张某珍4300元现金盗走。后四人共同分赃。 综上，被告人郭志明、涂华喜、余江国盗窃他人财物7次，盗窃金额43551元。 上述事实，有经庭审举证、质证确认的被告人郭志明、涂华喜、余江国的供述、被害人刘某明、陈某学、王某芬、王某菊、吴某才、刘某仟、张某珍的陈述、证人黄某禹、代某飞、黄某友的证实、辨认笔录及照片、现场指认笔录及照片、取款凭证、洪水信用社证明、通话清单、百里杜鹃公安局扣押、物品、文件清单、作案工具手机、行车证、驾驶证、车辆、抓获经过、户籍证明等证据证实，足以认定。 本院认为，被告人郭志明、涂华喜、余江国在实施犯罪活动时，虽采取了诈骗手段，但诈骗手段仅是为盗窃作掩护，并非被害人基于错误认识而自愿交付财物，故三被告人的行为符合盗窃罪的犯罪构成要件，且盗窃数额巨大，其行为均已触犯《中华人民共和国刑法》第二百六十四条之规定，构成盗窃罪，应当判处三年以上十年以下有期徒刑。公诉机关指控三被告人犯罪事实成立，但指控三被告人犯诈骗罪的罪名不当，且指控的犯罪金额有误，应予变更。在共同犯罪中，被告人郭志明、涂华喜起主要作用、系主犯，应依照《中华人民共和国刑法》第二十六条的规定处罚；被告人余江国起次要、辅助作用，系从犯，应从轻、减轻处罚。归案后，三被告人如实供述犯罪事实，可从轻处罚。被告人余江国的辩护人提出的其系从犯、如实供述犯罪事实的辩护意见，经查属实，予以采纳。据此，依照《中华人民共和国刑法》第二百六十四条、第二十五条、第二十六条、第二十七条、第六十七条第三款、第五十二条、第五十三条、第六十四条之规定，判决如下： 一、被告人郭志明犯盗窃罪，判处有期徒刑四年，并处罚金人民币三千元。 （刑期从判决之日起计算。判决执行以前先行羁押的，羁押一日折抵刑期一日，即自2013年12月6日起至2017年12月5日止。罚金限于本判决生效之日起三个月内缴纳。） 二、被告人涂华喜犯盗窃罪，判处有期徒刑四年，并处罚金人民币三千元。 （刑期从判决之日起计算。判决执行以前先行羁押的，羁押一日折抵刑期一日，即自2013年12月6日起至2017年12月5日止。罚金限于本判决生效之日起三个月内缴纳。） 三、被告人余江国犯盗窃罪，判处有期徒刑三年，并处罚金人民币二千元。 （刑期从判决之日起计算。判决执行以前先行羁押的，羁押一日折抵刑期一日，即自2013年12月6日起至2016年12月5日止。罚金限于本判决生效之日起三个月内缴纳。） 四、对三被告人使用的扣押于毕节市公安局百里杜鹃分局作案工具贵FJ6033号现代轿车一辆、手机三部、人民币1485元予以没收，上缴国库。 如不服本判决，可在接到判决书的第二日起十日内，通过本院或者直接向毕节市中级人民法院提出上诉。书面上诉的应当提交上诉状正本一份，副本两份。 审判长董光文 审判员高叶 审判员余佳荣 二〇一四年七月三日 书记员蔡兵","writId":"0566417f44afa5cbe972c811ec3c721fdb5","writName":"被告人郭志明、涂华喜、余江国盗窃一审刑事判决书"}
