{"ajId":"7bd14d54-e9fc-49f7-b0e5-ff127de0d276","ajName":"曹治华强奸一案","ajjbqk":" 公诉机关指控： 2018年6月8日18时许，被告人曹治华在去放水浇田回来的路上看见被害人丁某1，遂对丁某1进行调戏，但遭到丁的拒绝。曹治华不甘心，便守在丁某1家旁边不远的路边。当其看见丁某1进入她家猪圈准备给猪喂食时，其便跟着丁某1进入猪圈，并将门关上，从后面抱住丁某1，欲和丁某1发生性关系，丁某1不同意并一直挣扎、反抗。曹治华便强行把丁某1的内、外裤一起拉到膝盖处，用猪圈旁边地上的蛇皮袋垫在地上，然后将丁某1按倒在蛇皮袋上，用其生殖器对着丁某1的阴部准备插入，后因其生殖器未勃起，且丁某1一直反抗，而未能插入。之后，丁某1用力将曹治华推开，从地上爬起来，曹治华见丁某1一直反抗，于是也爬起来穿好裤子，骑车离开了现场。 针对上述指控，公诉机关提供了被害人陈述、证人证言、被告人的供述与辩解、现场勘查笔录及照片、指认现场笔录及照片、物证照片等相关证据，认为被告人曹治华以胁迫手段强奸妇女，应当以强奸罪追究其刑事责任，被告人属犯罪未遂，提请本院依照《中华人民共和国刑法》第二百三十六条第一款、第二十三条之规定判处。 被告人曹治华辩称其是给了丁某1四十元钱后，丁某1自愿与其发生性关系的，本案是因其妻子报案而案发。并辩称如果丁某1不是自愿的话，丁某1完全可以在其铺蛇皮袋时跑掉。 经审理查明： 2018年6月8日18时许，被告人曹治华去放水浇田后回来时看见同村的丁某1在田里种红薯，即对丁某1出言调戏，要丁与其发生性关系，遭到丁的拒绝。不久，曹治华在村子旁边的“至知山”上看到丁某1又到了田里，其于是拿出四十元钱朝丁招手，提出用钱与丁发生性关系，再次遭到丁的拒绝。曹治华不甘心，便守在丁某1家旁不远的路边，当看到丁某1提着桶进入猪圈给猪喂食时，其也跟着进入猪圈，从后面抱住丁某1，欲与丁发生性关系，丁某1一直挣扎、反抗，曹治华于是强行把丁的裤子脱到膝盖处，并将猪圈里的几个蛇皮袋丢在地上，然后将丁某1按倒在蛇皮袋上，准备将自己的生殖器插入丁的阴部，但因其生殖器未勃起，丁某1又一直挣扎、反抗，而未能插入。之后，丁某1用力将曹治华推开，从地上爬起。曹治华见丁某1一直反抗，且自己的生殖器亦未勃起，于是也起来穿好裤子，骑车离开了现场。当日21时许，丁某1向公安机关报案。公安民警接警后前往曹治华家将其传唤到案。 上述事实，有经庭审举证、质证，本院确认的下列证据予以证实： 1、被害人丁某1的陈述：2018年6月8日下午18时许，其在菜园的红薯地里施肥，就听到有人叫其，其回头就看见是同村的曹治华在叫其，其知道曹治华不是什么好人，就没有理他。曹治华见其不理，就来到其面前跟其说一起去“缺窝”（当地的一个小地名）戏下。其就很反感，并说去“缺窝”找死吧。说完其就回家了。过了大约20分钟，其又去其家猪圈挑了一担猪粪到菜园里去，刚到田里就看到曹治华站在旁边“至知山”山顶上，手上拿了几张钱朝其招手，并对其说“你过来给我办一下（发生性关系的意思），我给你钱”。其听了就很生气，并骂了曹治华。然后其就赶紧倒完猪粪挑着农具回家了。其从菜园回来后，就去了曹某某家厨房帮忙（因曹某某妻子过世了），在曹某某家里大约十多分钟，菜就弄好了准备上席，其就回到自己家煮饭。其在家里做好饭给小孩吃后，又弄好了猪食，就用桶提着猪食到了猪圈。其先把猪食倒进食槽里给猪吃后，又拿起锄头清理猪圈内的猪粪，这时，曹治华就突然进到了猪圈。曹治华进到猪圈后，立即把猪圈的门给关上了，其就骂曹治华，曹治华就从其后面一把抱住其，并用手去脱其的裤子，其就一直提着裤子，但是外面的那条松紧带睡裤还是被他脱到了膝盖处，内裤也被他扯下来一点。然后曹治华就用右手箍着其的腰，用左手拿了猪圈里的几个蛇皮袋丢在地上，并用力将其按倒在蛇皮袋上，其使劲挣扎，但还是倒在了地上，其的衣服、头发也碰到了地上的干猪粪。曹治华就开始脱自己的裤子，并把一只腿的裤子全部脱掉，留着一边裤子挂在腿上，然后又来脱其的裤子，因为其穿了雨靴，他扯了几次没有扯下来，就准备去脱其的雨靴，其就用脚使劲踢了他上身一脚，并跑到猪圈门口去大声喊叫：“曹某（其儿子的名字）快来哦，有人来害我哦。”。曹治华见其喊叫就立即跑走了。曹治华跑走后，其还在背后朝着曹治华大骂。其回到家后，就责怪其儿子说其喊了那么久叫他们来救命，他们也不过去救其。其儿子曹某说他听到其喊了，但是不知道其喊什么，他以为其在跟别人说话。然后其就把整个事情经过和其儿子说了。其儿子又把这件事跟曹治华的妻子丁某2说了，丁某2就拉着曹治华过来跟其对质，曹治华不承认对其实施强奸，还污蔑说送了一只鸡给其吃。其听后就更恼火了，并冲过去要打他，他就跑了。然后其就报警了。 2、证人曹某的证言：案发当日下午，其和老婆周某某在家里包粽子，当时其妈妈丁某1在猪圈里给猪喂食。过了几分钟，其老婆对其说：“妈妈和谁在说话啊。声音这么大。”其就说：“应该是和曹大义他们在说话咯。”其就和老婆继续在家里包粽子。大概过了几分钟，其妈妈就从猪圈里回来，并对其说她的脚打筛，还说刚才曹治华强迫要与她发生性关系，她一直反抗，曹治华还把她按在地上，把她身上全部按痛了。其后就把这件事告诉了曹治华的老婆丁某2。 3、证人丁某2的证言：案发当日18时许，其和儿子在家吃饭，其老公曹治华就从外面回来，什么也没说就跑到卫生间洗澡去了。其后在路过丁某1家门口时，丁某1的儿子曹某就跟其说让其好好管教曹治华，其就问曹某怎么回事，曹某就说让我去问曹治华。其就进去丁某1家里问，丁某1就告诉其，她傍晚在菜园种红薯的时候，曹治华就去调戏她，她就骂了曹治华，她从菜园里离开后，曹治华就一直跟踪她，后来她到猪圈喂食时，曹治华就跟进了猪圈，在猪圈内欲对她进行强奸，二人扭打还倒在地上了，后来丁某1喊她儿子救命后曹治华才逃走了。听完丁某1所说后，其就回家想问下曹治华。曹治华当时不在家，其就打电话叫他赶紧回来。曹治华回来后，到了家门口也不下车，其怕他走了，就坐上他的摩托车，叫他带着其一起去丁某1家里说清楚这件事。到了丁某1家门口的场地上，丁某1就开始骂曹治华，曹治华就说“你要我送只鸡给你唉”。丁某1听后就更火了，冲上来要去抓曹治华的脸，她儿子见状也拿了把椅子准备打曹治华。曹治华就走掉了，然后丁某1家人就报警了。其听丁某1说曹治华是在猪圈里对她实施强奸的，其知道她家猪圈以前关了羊在里面，地上还有很多羊粪。其从丁某1家回来后，就去洗衣机里找出曹治华当时穿的衣服、裤子来，发现衣服裤子上果真有类似羊粪的脏东西，还有一点臭味。后来其就把衣服、裤子提供给了公安机关。 4、被告人曹治华在侦查阶段的供述：2018年6月8日18时许，其放水浇田回来时看到丁某1在田里种红薯，其就提出要和丁某1发生性关系，遭到丁的拒绝。后来，其在丁某1田旁边的“至知山”上看到丁某1又到了田里，就拿出四十元钱朝丁招手，提出用钱与丁发生性关系，再次遭到丁的拒绝。其不甘心，就守在丁某1家旁边不远的路边，等了大概20分钟，其看到丁某1提着桶去猪圈喂食。丁某1进入猪圈后，其也跟着进去了，并拿了四十元钱给丁某1，要丁与其发生性关系。丁某1称只能站着与其发生性关系，其就不同意，而是想在地上与她发生性关系。丁某1就开始挣扎，其就抱着丁某1去脱她的裤子，并将丁的外裤和内裤拉到了膝盖处。丁某1就开始骂其，其将自己的裤子也脱下来一点，并将猪圈旁边的蛇皮袋垫在地上。之后其强行将丁某1按倒在地上并跨在丁的身上。丁某1一直挣扎，其就按住丁并想用自己的阴茎插入丁的阴部，但因为其阴茎未勃起而未插入。之后丁某1将其推开，从地上爬起来，边穿裤子边不停地骂其。其见丁某1不同意，并一直在反抗，其的阴茎也没硬起来，就起身将自己的裤子穿好离开。其离开时，丁某1还在猪圈里骂其。其没有理她，然后骑摩托车回家了。 5、受案登记表证明丁某1于案发当日21时许就本案向公安机关报案。 6、现场勘验笔录、现场图、现场照片及曹治华、丁某1在案发时所穿衣物照片：证明本案案发现场情况。丁某1案发时所穿的上衣和裤子上均有污渍，污渍与案发现场地上的泥土和羊粪相符。另，丁某1所穿上衣无口袋（曹治华称在猪圈给了丁某1四十元钱，丁某1接过钱后放入了其上衣口袋里了。该供述明显与实际情况不符）。 7、指认现场笔录及照片证明曹治华对作案现场进行了指认。 8、归案说明证明上述曹治华的归案过程。 9、户籍信息证实被告人的出生日期等基本身份信息。 ","cpfxgc":"本院认为，被告人曹治华违背妇女意志，使用暴力手段，强行与妇女发生性关系，其行为已构成强奸罪。公诉机关指控的罪名成立，本院予以确认。被告人已着手实施强奸，但由于意志以外的原因而未得逞，系犯罪未遂，可比照既遂犯从轻或者减轻处罚。被告人关于其是在给了丁某1四十元钱后，丁某1自愿与其发生性关系的辩解意见。经查，被告人在提出与丁某1发生性关系时，曾2次遭到丁某1的拒绝，后被告人仍不甘心，尾随丁某1进入猪圈，强行脱掉丁某1的裤子，并将丁某1按倒在地上，欲与丁某1发生性关系，后因自己的生殖器未勃起以及丁某1一直挣扎、反抗而未得逞。该情形表明被告人系在违背被害人意志的情况下，强行欲与被害人发生性关系，其行为符合强奸罪的犯罪构成。被告人的该辩解意见与在案证据证明的事实不符，本院不予采纳。综合被告人的犯罪性质、犯罪情节、量刑情节等情况，依照《中华人民共和国刑法》第二百三十六条第一款、第二十三条之规定，判决如下：","pjjg":" 被告人曹治华犯强奸罪（未遂），判处有期徒刑二年。 （刑期自判决执行之日起计算。判决执行以前先行羁押的，羁押一日折抵刑期一日，即自2018年6月9日起至年2020年6月8日止。） 如不服本判决，可在接到判决书的第二日起十日内，通过本院或者直接向江西省九江市中级人民法院提出上诉。书面上诉的，应交上诉状正本一份、副本三份。","qw":"江西省修水县人民法院 刑事判决书 （2018）赣0424刑初401号 公诉机关江西省修水县人民检察院。 被告人曹治华，男，1967年4月16日出生，修水县人，汉族，小学文化，农民，家住修水县。因涉嫌犯强奸罪，于2018年6月9日被修水县公安局刑事拘留，同月22日被逮捕，现羁押于修水县看守所。 江西省修水县人民检察院以修检公诉刑诉（2018）421号起诉书指控被告人曹治华犯强奸罪，于2018年8月28日向本院提起公诉。本院受理后，依法组成合议庭，于2018年9月12日不公开开庭审理了本案。修水县人民检察院指派检察员汪海浪出庭支持公诉。被告人曹治华已到庭参加诉讼。本案现已审理终结。 公诉机关指控： 2018年6月8日18时许，被告人曹治华在去放水浇田回来的路上看见被害人丁某1，遂对丁某1进行调戏，但遭到丁的拒绝。曹治华不甘心，便守在丁某1家旁边不远的路边。当其看见丁某1进入她家猪圈准备给猪喂食时，其便跟着丁某1进入猪圈，并将门关上，从后面抱住丁某1，欲和丁某1发生性关系，丁某1不同意并一直挣扎、反抗。曹治华便强行把丁某1的内、外裤一起拉到膝盖处，用猪圈旁边地上的蛇皮袋垫在地上，然后将丁某1按倒在蛇皮袋上，用其生殖器对着丁某1的阴部准备插入，后因其生殖器未勃起，且丁某1一直反抗，而未能插入。之后，丁某1用力将曹治华推开，从地上爬起来，曹治华见丁某1一直反抗，于是也爬起来穿好裤子，骑车离开了现场。 针对上述指控，公诉机关提供了被害人陈述、证人证言、被告人的供述与辩解、现场勘查笔录及照片、指认现场笔录及照片、物证照片等相关证据，认为被告人曹治华以胁迫手段强奸妇女，应当以强奸罪追究其刑事责任，被告人属犯罪未遂，提请本院依照《中华人民共和国刑法》第二百三十六条第一款、第二十三条之规定判处。 被告人曹治华辩称其是给了丁某1四十元钱后，丁某1自愿与其发生性关系的，本案是因其妻子报案而案发。并辩称如果丁某1不是自愿的话，丁某1完全可以在其铺蛇皮袋时跑掉。 经审理查明： 2018年6月8日18时许，被告人曹治华去放水浇田后回来时看见同村的丁某1在田里种红薯，即对丁某1出言调戏，要丁与其发生性关系，遭到丁的拒绝。不久，曹治华在村子旁边的“至知山”上看到丁某1又到了田里，其于是拿出四十元钱朝丁招手，提出用钱与丁发生性关系，再次遭到丁的拒绝。曹治华不甘心，便守在丁某1家旁不远的路边，当看到丁某1提着桶进入猪圈给猪喂食时，其也跟着进入猪圈，从后面抱住丁某1，欲与丁发生性关系，丁某1一直挣扎、反抗，曹治华于是强行把丁的裤子脱到膝盖处，并将猪圈里的几个蛇皮袋丢在地上，然后将丁某1按倒在蛇皮袋上，准备将自己的生殖器插入丁的阴部，但因其生殖器未勃起，丁某1又一直挣扎、反抗，而未能插入。之后，丁某1用力将曹治华推开，从地上爬起。曹治华见丁某1一直反抗，且自己的生殖器亦未勃起，于是也起来穿好裤子，骑车离开了现场。当日21时许，丁某1向公安机关报案。公安民警接警后前往曹治华家将其传唤到案。 上述事实，有经庭审举证、质证，本院确认的下列证据予以证实： 1、被害人丁某1的陈述：2018年6月8日下午18时许，其在菜园的红薯地里施肥，就听到有人叫其，其回头就看见是同村的曹治华在叫其，其知道曹治华不是什么好人，就没有理他。曹治华见其不理，就来到其面前跟其说一起去“缺窝”（当地的一个小地名）戏下。其就很反感，并说去“缺窝”找死吧。说完其就回家了。过了大约20分钟，其又去其家猪圈挑了一担猪粪到菜园里去，刚到田里就看到曹治华站在旁边“至知山”山顶上，手上拿了几张钱朝其招手，并对其说“你过来给我办一下（发生性关系的意思），我给你钱”。其听了就很生气，并骂了曹治华。然后其就赶紧倒完猪粪挑着农具回家了。其从菜园回来后，就去了曹某某家厨房帮忙（因曹某某妻子过世了），在曹某某家里大约十多分钟，菜就弄好了准备上席，其就回到自己家煮饭。其在家里做好饭给小孩吃后，又弄好了猪食，就用桶提着猪食到了猪圈。其先把猪食倒进食槽里给猪吃后，又拿起锄头清理猪圈内的猪粪，这时，曹治华就突然进到了猪圈。曹治华进到猪圈后，立即把猪圈的门给关上了，其就骂曹治华，曹治华就从其后面一把抱住其，并用手去脱其的裤子，其就一直提着裤子，但是外面的那条松紧带睡裤还是被他脱到了膝盖处，内裤也被他扯下来一点。然后曹治华就用右手箍着其的腰，用左手拿了猪圈里的几个蛇皮袋丢在地上，并用力将其按倒在蛇皮袋上，其使劲挣扎，但还是倒在了地上，其的衣服、头发也碰到了地上的干猪粪。曹治华就开始脱自己的裤子，并把一只腿的裤子全部脱掉，留着一边裤子挂在腿上，然后又来脱其的裤子，因为其穿了雨靴，他扯了几次没有扯下来，就准备去脱其的雨靴，其就用脚使劲踢了他上身一脚，并跑到猪圈门口去大声喊叫：“曹某（其儿子的名字）快来哦，有人来害我哦。”。曹治华见其喊叫就立即跑走了。曹治华跑走后，其还在背后朝着曹治华大骂。其回到家后，就责怪其儿子说其喊了那么久叫他们来救命，他们也不过去救其。其儿子曹某说他听到其喊了，但是不知道其喊什么，他以为其在跟别人说话。然后其就把整个事情经过和其儿子说了。其儿子又把这件事跟曹治华的妻子丁某2说了，丁某2就拉着曹治华过来跟其对质，曹治华不承认对其实施强奸，还污蔑说送了一只鸡给其吃。其听后就更恼火了，并冲过去要打他，他就跑了。然后其就报警了。 2、证人曹某的证言：案发当日下午，其和老婆周某某在家里包粽子，当时其妈妈丁某1在猪圈里给猪喂食。过了几分钟，其老婆对其说：“妈妈和谁在说话啊。声音这么大。”其就说：“应该是和曹大义他们在说话咯。”其就和老婆继续在家里包粽子。大概过了几分钟，其妈妈就从猪圈里回来，并对其说她的脚打筛，还说刚才曹治华强迫要与她发生性关系，她一直反抗，曹治华还把她按在地上，把她身上全部按痛了。其后就把这件事告诉了曹治华的老婆丁某2。 3、证人丁某2的证言：案发当日18时许，其和儿子在家吃饭，其老公曹治华就从外面回来，什么也没说就跑到卫生间洗澡去了。其后在路过丁某1家门口时，丁某1的儿子曹某就跟其说让其好好管教曹治华，其就问曹某怎么回事，曹某就说让我去问曹治华。其就进去丁某1家里问，丁某1就告诉其，她傍晚在菜园种红薯的时候，曹治华就去调戏她，她就骂了曹治华，她从菜园里离开后，曹治华就一直跟踪她，后来她到猪圈喂食时，曹治华就跟进了猪圈，在猪圈内欲对她进行强奸，二人扭打还倒在地上了，后来丁某1喊她儿子救命后曹治华才逃走了。听完丁某1所说后，其就回家想问下曹治华。曹治华当时不在家，其就打电话叫他赶紧回来。曹治华回来后，到了家门口也不下车，其怕他走了，就坐上他的摩托车，叫他带着其一起去丁某1家里说清楚这件事。到了丁某1家门口的场地上，丁某1就开始骂曹治华，曹治华就说“你要我送只鸡给你唉”。丁某1听后就更火了，冲上来要去抓曹治华的脸，她儿子见状也拿了把椅子准备打曹治华。曹治华就走掉了，然后丁某1家人就报警了。其听丁某1说曹治华是在猪圈里对她实施强奸的，其知道她家猪圈以前关了羊在里面，地上还有很多羊粪。其从丁某1家回来后，就去洗衣机里找出曹治华当时穿的衣服、裤子来，发现衣服裤子上果真有类似羊粪的脏东西，还有一点臭味。后来其就把衣服、裤子提供给了公安机关。 4、被告人曹治华在侦查阶段的供述：2018年6月8日18时许，其放水浇田回来时看到丁某1在田里种红薯，其就提出要和丁某1发生性关系，遭到丁的拒绝。后来，其在丁某1田旁边的“至知山”上看到丁某1又到了田里，就拿出四十元钱朝丁招手，提出用钱与丁发生性关系，再次遭到丁的拒绝。其不甘心，就守在丁某1家旁边不远的路边，等了大概20分钟，其看到丁某1提着桶去猪圈喂食。丁某1进入猪圈后，其也跟着进去了，并拿了四十元钱给丁某1，要丁与其发生性关系。丁某1称只能站着与其发生性关系，其就不同意，而是想在地上与她发生性关系。丁某1就开始挣扎，其就抱着丁某1去脱她的裤子，并将丁的外裤和内裤拉到了膝盖处。丁某1就开始骂其，其将自己的裤子也脱下来一点，并将猪圈旁边的蛇皮袋垫在地上。之后其强行将丁某1按倒在地上并跨在丁的身上。丁某1一直挣扎，其就按住丁并想用自己的阴茎插入丁的阴部，但因为其阴茎未勃起而未插入。之后丁某1将其推开，从地上爬起来，边穿裤子边不停地骂其。其见丁某1不同意，并一直在反抗，其的阴茎也没硬起来，就起身将自己的裤子穿好离开。其离开时，丁某1还在猪圈里骂其。其没有理她，然后骑摩托车回家了。 5、受案登记表证明丁某1于案发当日21时许就本案向公安机关报案。 6、现场勘验笔录、现场图、现场照片及曹治华、丁某1在案发时所穿衣物照片：证明本案案发现场情况。丁某1案发时所穿的上衣和裤子上均有污渍，污渍与案发现场地上的泥土和羊粪相符。另，丁某1所穿上衣无口袋（曹治华称在猪圈给了丁某1四十元钱，丁某1接过钱后放入了其上衣口袋里了。该供述明显与实际情况不符）。 7、指认现场笔录及照片证明曹治华对作案现场进行了指认。 8、归案说明证明上述曹治华的归案过程。 9、户籍信息证实被告人的出生日期等基本身份信息。 本院认为，被告人曹治华违背妇女意志，使用暴力手段，强行与妇女发生性关系，其行为已构成强奸罪。公诉机关指控的罪名成立，本院予以确认。被告人已着手实施强奸，但由于意志以外的原因而未得逞，系犯罪未遂，可比照既遂犯从轻或者减轻处罚。被告人关于其是在给了丁某1四十元钱后，丁某1自愿与其发生性关系的辩解意见。经查，被告人在提出与丁某1发生性关系时，曾2次遭到丁某1的拒绝，后被告人仍不甘心，尾随丁某1进入猪圈，强行脱掉丁某1的裤子，并将丁某1按倒在地上，欲与丁某1发生性关系，后因自己的生殖器未勃起以及丁某1一直挣扎、反抗而未得逞。该情形表明被告人系在违背被害人意志的情况下，强行欲与被害人发生性关系，其行为符合强奸罪的犯罪构成。被告人的该辩解意见与在案证据证明的事实不符，本院不予采纳。综合被告人的犯罪性质、犯罪情节、量刑情节等情况，依照《中华人民共和国刑法》第二百三十六条第一款、第二十三条之规定，判决如下： 被告人曹治华犯强奸罪（未遂），判处有期徒刑二年。 （刑期自判决执行之日起计算。判决执行以前先行羁押的，羁押一日折抵刑期一日，即自2018年6月9日起至年2020年6月8日止。） 如不服本判决，可在接到判决书的第二日起十日内，通过本院或者直接向江西省九江市中级人民法院提出上诉。书面上诉的，应交上诉状正本一份、副本三份。 审判长郑由平 人民陪审员冷与高 人民陪审员卢作旺 二〇一八年九月二十九日 书记员肖强","writId":"0268b450e23d0286ea26feb6543b4729e5a","writName":"曹治华强奸一审刑事判决书"}
