{"ajId":"1edd3fe9-98d2-4162-8bc3-cc3ab03ba332","ajName":"于兰杰、于秋颖走私、贩卖、运输、制造毒品罪一案","ajjbqk":" 经审理查明，2018年5月4日13时许，徐永利通过微信联系被告人于秋颖欲购买200元的冰毒（含甲基苯丙胺），被告人于秋颖将此购买意图转告被告人于兰杰，于兰杰同意将自己有的“冰毒”卖给徐永利。随后，于兰杰开车拉载于秋颖来到庄河市康复医院，向徐永利交付冰毒，于兰杰、徐永利均称冰毒重约0.2g。徐永利收到毒品后通过微信支付给于秋颖人民币200元，于秋颖转付给于兰杰。当日17时许，徐永利因涉嫌吸毒被民警抓获，其愿意配合公安机关将向其贩卖毒品的二被告人抓获，而后徐永利用微信再次联系于秋颖，称想再买一些冰毒，于秋颖问询于兰杰后回复表示同意，当日18时许，于兰杰、于秋颖再次到庄河市康复医院给徐永利送毒品时被民警抓获，民警当场从于兰杰身上查获白色晶体一袋，重0.48克。经大连市公安局司法鉴定中心检验，检出甲基苯丙胺成分。 上述事实，被告人在开庭审理过程中亦无异议，且有公诉机关提举的案件来源、抓捕经过、证人证言、指认照片、扣押清单、称量记录、提取毒品记录、罚没清单、检验报告、鉴定结论、前科查证确认表、户籍证明及被告人供述等证据证实，足以认定。 ","cpfxgc":"本院认为，被告人于兰杰、于秋颖违反国家毒品管理制度，向他人贩卖毒品，其行为已构成贩卖毒品罪，依法应予惩处。公诉机关指控被告人的犯罪事实及罪名成立，本院予以支持。二被告人到案后能如实供述犯罪事实，可酌情对被告人从轻处罚。贩卖0.48g毒品（含甲基苯丙胺）系因徐永利为配合公安机关抓获于兰杰、于秋颖二被告人，诱使二被告人向其出售所致，存在犯意引诱，可酌情对二被告人从轻处罚。根据被告人的犯罪事实、性质、情节及对社会的危害程度，依据《中华人民共和国刑法》第三百四十七条第一、四款、第二十五条、第五十二条、第五十三条、第六十四条、第六十七条第三款之规定，判决如下：","pjjg":" 一、被告人于兰杰犯贩卖毒品罪，判处有期徒刑六个月，并处罚金人民币3000元，上缴国库。 （刑期从判决执行之日起计算，判决执行以前先行羁押的，羁押一日折抵刑期一日。即被告人的刑期自2018年5月5日起至2018年11月4日止。罚金于本判决发生法律效力后立即执行。） 二、被告人于秋颖犯贩卖毒品罪，判处有期徒刑六个月，并处罚金人民币3000元，上缴国库。 （刑期从判决执行之日起计算，判决执行以前先行羁押的，羁押一日折抵刑期一日。即被告人的刑期自2018年5月5日起至2018年11月4日止。罚金于本判决发生法律效力后立即执行。） 三、依法追缴被告人于兰杰、于秋颖违法所得200元，上缴国库。已扣押的案涉毒品予以没收。 如不服本判决，可在接到判决书的第二日起十日内，通过本院或者直接向大连市中级人民法院提出上诉。书面上诉的，应当提交上诉状正本一份、副本一份。","qw":"辽宁省庄河市人民法院 刑事判决书 （2018）辽0283刑初407号 公诉机关庄河市人民检察院。 被告人于兰杰，男，1983年11月24日出生于辽宁省庄河市，汉族，初中文化，无业，户籍地辽宁省庄河市，住庄河市。因涉嫌犯贩卖毒品罪于2018年5月5日被庄河市公安局刑事拘留，同年6月6日被依法逮捕，现羁押于庄河市看守所。 被告人于秋颖，女，1995年11月10日出生于辽宁省庄河市，汉族，初中文化，农民，户籍地辽宁省庄河市，住庄河市。因涉嫌犯贩卖毒品罪于2018年5月5日被庄河市公安局刑事拘留，同年6月6日被依法逮捕，现羁押于大连市看守所。 庄河市人民检察院以庄检公诉刑诉（2018）405号起诉书指控被告人于兰杰、于秋颖犯贩卖毒品罪，于2018年8月22日向本院提起公诉。本院依法适用简易程序，实行独任审判，于2018年8月30日公开开庭审理了本案。庄河市人民检察院指派检察员栾旭峰出庭支持公诉，被告人于兰杰、于秋颖到庭参加了诉讼。现已审理终结。 经审理查明，2018年5月4日13时许，徐永利通过微信联系被告人于秋颖欲购买200元的冰毒（含甲基苯丙胺），被告人于秋颖将此购买意图转告被告人于兰杰，于兰杰同意将自己有的“冰毒”卖给徐永利。随后，于兰杰开车拉载于秋颖来到庄河市康复医院，向徐永利交付冰毒，于兰杰、徐永利均称冰毒重约0.2g。徐永利收到毒品后通过微信支付给于秋颖人民币200元，于秋颖转付给于兰杰。当日17时许，徐永利因涉嫌吸毒被民警抓获，其愿意配合公安机关将向其贩卖毒品的二被告人抓获，而后徐永利用微信再次联系于秋颖，称想再买一些冰毒，于秋颖问询于兰杰后回复表示同意，当日18时许，于兰杰、于秋颖再次到庄河市康复医院给徐永利送毒品时被民警抓获，民警当场从于兰杰身上查获白色晶体一袋，重0.48克。经大连市公安局司法鉴定中心检验，检出甲基苯丙胺成分。 上述事实，被告人在开庭审理过程中亦无异议，且有公诉机关提举的案件来源、抓捕经过、证人证言、指认照片、扣押清单、称量记录、提取毒品记录、罚没清单、检验报告、鉴定结论、前科查证确认表、户籍证明及被告人供述等证据证实，足以认定。 本院认为，被告人于兰杰、于秋颖违反国家毒品管理制度，向他人贩卖毒品，其行为已构成贩卖毒品罪，依法应予惩处。公诉机关指控被告人的犯罪事实及罪名成立，本院予以支持。二被告人到案后能如实供述犯罪事实，可酌情对被告人从轻处罚。贩卖0.48g毒品（含甲基苯丙胺）系因徐永利为配合公安机关抓获于兰杰、于秋颖二被告人，诱使二被告人向其出售所致，存在犯意引诱，可酌情对二被告人从轻处罚。根据被告人的犯罪事实、性质、情节及对社会的危害程度，依据《中华人民共和国刑法》第三百四十七条第一、四款、第二十五条、第五十二条、第五十三条、第六十四条、第六十七条第三款之规定，判决如下： 一、被告人于兰杰犯贩卖毒品罪，判处有期徒刑六个月，并处罚金人民币3000元，上缴国库。 （刑期从判决执行之日起计算，判决执行以前先行羁押的，羁押一日折抵刑期一日。即被告人的刑期自2018年5月5日起至2018年11月4日止。罚金于本判决发生法律效力后立即执行。） 二、被告人于秋颖犯贩卖毒品罪，判处有期徒刑六个月，并处罚金人民币3000元，上缴国库。 （刑期从判决执行之日起计算，判决执行以前先行羁押的，羁押一日折抵刑期一日。即被告人的刑期自2018年5月5日起至2018年11月4日止。罚金于本判决发生法律效力后立即执行。） 三、依法追缴被告人于兰杰、于秋颖违法所得200元，上缴国库。已扣押的案涉毒品予以没收。 如不服本判决，可在接到判决书的第二日起十日内，通过本院或者直接向大连市中级人民法院提出上诉。书面上诉的，应当提交上诉状正本一份、副本一份。 审判员刘仁杰 二〇一八年九月六日 书记员石晗桥","writId":"0384cdfd4be9dc84a5769db3b0f5c571722","writName":"于兰杰、于秋颖走私、贩卖、运输、制造毒品罪一审刑事判决书"}
