{"ajId":"e042fe19-2564-410f-9f62-dcfc82940c95","ajName":"麦敏健走私、贩卖、运输、制造毒品一案","ajjbqk":" 公诉机关指控，2017年8月8日11时，被告人麦敏健通过电话联系，去到本区石楼镇榕苑街11号后门门前，以人民币130元的价格将1包毒品贩卖给李某1。交易完成后，被告人麦敏健被公安人员当场抓获，公安人员从李某1身上缴获白色晶体一包（净重0.38克，检出甲基苯丙胺成分），从被告人麦敏健身上缴获毒资人民币130元。 上述事实，被告人麦敏健在庭审中亦无异议，并有证人李某1、李某2、梁某的证言，被告人的供述，辨认笔录，广州市公安局番禺区分局出具的抓获经过及破案经过、搜查笔录、扣押清单、接受证据材料清单、情况说明、提取笔录、称量取样笔录，通话清单，穗番公（司）鉴（理化）字［2017］00260号检验报告，现场勘验笔录及现场图，被告人对作案工具、现场及缴获的毒品、毒资辨认的照片，作案工具、现场及缴获的毒品、毒资照片等证据证实，足以认定。 ","cpfxgc":"本院认为，被告人麦敏健无视国家法律，贩卖毒品甲基苯丙胺，其行为已构成贩卖毒品罪，依法应当适用“三年以下有期徒刑、拘役或管制”的量刑幅度予以处罚。鉴于被告人麦敏健归案后如实供述自己的罪行，并自愿签署《认罪认罚具结书》，可依法从轻处罚。公诉机关关于对被告人麦敏健判处一年以下有期徒刑的量刑意见，本院予以采纳。综合以上情节，依照《中华人民共和国刑法》第三百四十七条第四款、第六十七条第三款、第六十四条、第五十二条、第五十三条的规定，判决如下：","pjjg":" 一、被告人麦敏健犯贩卖毒品罪，判处有期徒刑七个月，并处罚金一千元。 （刑期从判决执行之日起计算。判决执行以前先行羁押的，羁押一日折抵刑期一日，即自2017年8月8日起执行至2018年3月7日止，罚金于本判决发生法律效力次日起十日内缴纳，上缴国库。） 二、缴获的毒品甲基苯丙胺0.38克，予以没收销毁；缴获的作案工具移动电话一台，予以没收，上缴国库（均由广州市公安局番禺区分局执行）。 如不服本判决，可在接到判决书的第二日起十日内，通过本院或者直接向广东省广州市中级人民法院提出上诉。书面上诉应交上诉状正本一份，副本二份。","qw":"广东省广州市番禺区人民法院 刑事判决书 （2017）粤0113刑初2200号 公诉机关广州市番禺区人民检察院。 被告人麦敏健，男，1978年1月9日出生，汉族，广东省广州市人，文化程度初中，住广州市番禺区，因本案于2017年8月8日被羁押，次日被刑事拘留，同年9月11日被逮捕。现押于广州市番禺区看守所。 广州市番禺区人民检察院以穗番检公刑诉［2017］2205号起诉书指控被告人麦敏健犯贩卖毒品罪，于2017年12月4日向本院提起公诉。本院依法适用简易程序，实行独任审判，公开开庭审理了本案。广州市番禺区人民检察院指派检察员谢敏仪出庭支持公诉，被告人麦敏健到庭参加了诉讼。现已审理终结。 公诉机关指控，2017年8月8日11时，被告人麦敏健通过电话联系，去到本区石楼镇榕苑街11号后门门前，以人民币130元的价格将1包毒品贩卖给李某1。交易完成后，被告人麦敏健被公安人员当场抓获，公安人员从李某1身上缴获白色晶体一包（净重0.38克，检出甲基苯丙胺成分），从被告人麦敏健身上缴获毒资人民币130元。 上述事实，被告人麦敏健在庭审中亦无异议，并有证人李某1、李某2、梁某的证言，被告人的供述，辨认笔录，广州市公安局番禺区分局出具的抓获经过及破案经过、搜查笔录、扣押清单、接受证据材料清单、情况说明、提取笔录、称量取样笔录，通话清单，穗番公（司）鉴（理化）字［2017］00260号检验报告，现场勘验笔录及现场图，被告人对作案工具、现场及缴获的毒品、毒资辨认的照片，作案工具、现场及缴获的毒品、毒资照片等证据证实，足以认定。 本院认为，被告人麦敏健无视国家法律，贩卖毒品甲基苯丙胺，其行为已构成贩卖毒品罪，依法应当适用“三年以下有期徒刑、拘役或管制”的量刑幅度予以处罚。鉴于被告人麦敏健归案后如实供述自己的罪行，并自愿签署《认罪认罚具结书》，可依法从轻处罚。公诉机关关于对被告人麦敏健判处一年以下有期徒刑的量刑意见，本院予以采纳。综合以上情节，依照《中华人民共和国刑法》第三百四十七条第四款、第六十七条第三款、第六十四条、第五十二条、第五十三条的规定，判决如下： 一、被告人麦敏健犯贩卖毒品罪，判处有期徒刑七个月，并处罚金一千元。 （刑期从判决执行之日起计算。判决执行以前先行羁押的，羁押一日折抵刑期一日，即自2017年8月8日起执行至2018年3月7日止，罚金于本判决发生法律效力次日起十日内缴纳，上缴国库。） 二、缴获的毒品甲基苯丙胺0.38克，予以没收销毁；缴获的作案工具移动电话一台，予以没收，上缴国库（均由广州市公安局番禺区分局执行）。 如不服本判决，可在接到判决书的第二日起十日内，通过本院或者直接向广东省广州市中级人民法院提出上诉。书面上诉应交上诉状正本一份，副本二份。 审判员段培哲 二〇一七年十二月十八日 书记员黄秋霞","writId":"03467caf6b6ff117910b6a98bd1f5bc72fd","writName":"麦敏健走私、贩卖、运输、制造毒品一审刑事判决书"}
