{"ajId":"fa235f9c-ab65-40d1-95a3-a1e0cd0a8fa7","ajName":"张雷盗窃一案","ajjbqk":" 嵊州市人民检察院指控：2016年7月15日23时许，被告人张雷利用事先窃得的钥匙开门的方式，进入嵊州市三江街道仙都路3弄10号四楼租房，趁人熟睡之际，窃得张某放在客厅茶几上的惠普笔记本电脑一台，计价值人民币1850元。 上述事实，被告人张雷在庭审中无异议，并有被害人张某的陈述，证人毛某、王某的证言，现场勘验笔录及照片，辨认笔录及照片，涉案惠普笔记本电脑价格认定结论书，抓获经过与情况说明，户籍证明等证据证实，足以认定。 ","cpfxgc":"本院认为，被告人张雷以非法占有为目的，入户秘密窃取他人财物，其行为已构成盗窃罪，应依法惩处。被告人张雷夜间入户行窃，应酌情从重处罚。被告人张雷能当庭自愿认罪，可酌情从轻处罚。公诉机关指控的罪名成立，应予支持；提出的量刑意见基本适当。根据被告人张雷犯罪的事实、犯罪的性质、情节、对社会的危害程度，依照《中华人民共和国刑法》第二百六十四条，第六十四条的规定，判决如下：","pjjg":" 一、被告人张雷犯盗窃罪，判处有期徒刑九个月，并处罚金人民币一千元（刑期从判决执行之日起计算。判决执行以前先行羁押的，羁押一日折抵刑期一日，即自二○一六年九月二十日起至二○一七年六月十九日止；罚金限判决生效后十日内缴纳）。 二、责令被告人张雷退赔给被害人张先洁人民币一千八百五十元。 如不服本判决，可在接到判决书的第二日起十日内，通过本院或者直接向浙江省绍兴市中级人民法院提出上诉。书面上诉的，应当提交上诉状正本一份，副本二份。","qw":"浙江省嵊州市人民法院 刑事判决书 （2017）浙0683刑初30号 公诉机关嵊州市人民检察院。 被告人张雷，男，1976年9月4日出生，汉族，初中文化，农民，住浙江省嵊州市。因吸毒于2016年9月20日被嵊州市公安局行政拘留十三日。因涉嫌犯盗窃罪于2016年9月20日被刑事拘留，同月28日被逮捕。现羁押于嵊州市看守所。 嵊州市人民检察院以嵊检公诉刑诉（2016）923号起诉书指控被告人张雷犯盗窃罪，于2016年12月26日向本院提起公诉，建议对被告人张雷判处一年六个月以下有期徒刑，并处罚金。本院于2017年1月3日立案，依法适用简易程序，实行独任审判，公开开庭审理了本案。嵊州市人民检察院指派代理检察员姜青出庭支持公诉，被告人张雷到庭参加诉讼。现已审理终结。 嵊州市人民检察院指控：2016年7月15日23时许，被告人张雷利用事先窃得的钥匙开门的方式，进入嵊州市三江街道仙都路3弄10号四楼租房，趁人熟睡之际，窃得张某放在客厅茶几上的惠普笔记本电脑一台，计价值人民币1850元。 上述事实，被告人张雷在庭审中无异议，并有被害人张某的陈述，证人毛某、王某的证言，现场勘验笔录及照片，辨认笔录及照片，涉案惠普笔记本电脑价格认定结论书，抓获经过与情况说明，户籍证明等证据证实，足以认定。 本院认为，被告人张雷以非法占有为目的，入户秘密窃取他人财物，其行为已构成盗窃罪，应依法惩处。被告人张雷夜间入户行窃，应酌情从重处罚。被告人张雷能当庭自愿认罪，可酌情从轻处罚。公诉机关指控的罪名成立，应予支持；提出的量刑意见基本适当。根据被告人张雷犯罪的事实、犯罪的性质、情节、对社会的危害程度，依照《中华人民共和国刑法》第二百六十四条，第六十四条的规定，判决如下： 一、被告人张雷犯盗窃罪，判处有期徒刑九个月，并处罚金人民币一千元（刑期从判决执行之日起计算。判决执行以前先行羁押的，羁押一日折抵刑期一日，即自二○一六年九月二十日起至二○一七年六月十九日止；罚金限判决生效后十日内缴纳）。 二、责令被告人张雷退赔给被害人张先洁人民币一千八百五十元。 如不服本判决，可在接到判决书的第二日起十日内，通过本院或者直接向浙江省绍兴市中级人民法院提出上诉。书面上诉的，应当提交上诉状正本一份，副本二份。 审判员楼益 二〇一七年一月九日 书记员郭浩英 附：《中华人民共和国刑法》 第二百六十四条盗窃公私财物，数额较大的，或者多次盗窃、入户盗窃、携带凶器盗窃、扒窃的，处三年以下有期徒刑、拘役或者管制，并处或者单处罚金；数额巨大或者有其他严重情节的，处三年以上十年以下有期徒刑，并处罚金；数额特别巨大或者有其他特别严重情节的，处十年以上有期徒刑或者无期徒刑，并处罚金或者没收财产。 第六十四条犯罪分子违法所得的一切财物，应当予以追缴或者责令退赔；对被害人的合法财产，应当及时返还；违禁品和供犯罪所用的本人财物，应当予以没收。没收的财物和罚金，一律上缴国库，不得挪用和自行处理。","writId":"008e60fa6b992556642e635a6ac22553c15","writName":"张雷盗窃一审刑事判决书"}
