{"ajId":"f8a650c0-e382-4667-979a-3f57c1ee067d","ajName":"李新禹危险驾驶一案","ajjbqk":" 河南省新郑市人民检察院指控，2018年3月23日15时17分，被告人李新禹饮酒后驾驶豫K×××××号小型轿车沿新郑市辛店镇新旅游路由东向西行驶至驮窑路口西40米处时被执勤民警查获，后经郑州市公安局交通事故鉴定所鉴定，李新禹被查获时静脉血液中的酒精含量为168.5mg／100ml。 另查，被告人李新禹具备社区矫正条件。 针对上述指控，检察机关向本院提供了被告人李新禹的供述，血醇鉴定意见，户籍证明，前科证明，到案经过，侦破报告，具结书，社区调查评估表等证据。并以被告人李新禹系坦白，初犯，建议对被告人李新禹判处拘役四个月，如适合社区矫正条件缓刑六个月，并处罚金八千元。 经审理查明的事实与指控的犯罪事实一致。被告人李新禹对起诉书指控的事实、证据及量刑建议均不持异议，并且签字具结。本院予以认定。 ","cpfxgc":"本院认为，公诉机关指控被告人李新禹犯危险驾驶罪，罪名及提出的量刑建议成立，依法予以支持。鉴于被告人系坦白，初犯，综合全案量刑情节，依照《中华人民共和国刑法》第一百三十三条之一第一款第（二）项，第六十七条第三款，第七十二条第一款、第三款，第七十三条第一款、第三款，第六十一条之规定，判决如下：","pjjg":" 被告人李新禹犯危险驾驶罪，判处拘役四个月，缓刑六个月，并处罚金人民币八千元。（缓刑考验期限，从判决确定之日起计算。罚金于本判决生效后十日内一次性缴纳。） 如不服本判决，可在接到判决书的第二日起十日内，通过本院或直接向河南省郑州市中级人民法院提出上诉，书面上诉的，应交上诉状正本一份，副本五份。","qw":"河南省新郑市人民法院 刑事判决书 （2018）豫0184刑初640号 公诉机关河南省新郑市人民检察院。 被告人李新禹，男，1981年7月19日出生于河南省禹州市，汉族，高中文化程度，无业，住河南省禹州市。因涉嫌犯危险驾驶罪，于2018年3月23日被新郑市公安局刑事拘留，于同年3月26日被新郑市公安局取保候审。 河南省新郑市人民检察院以新检公诉刑诉（2018）521号起诉书指控被告人李新禹犯危险驾驶罪，于2018年6月26日向本院提起公诉并建议本院适用速裁程序审理。本院受理后，依法适用简易程序，实行独任审判，公开开庭进行了审理。新郑市人民检察院指派检察员杨丽出庭支持公诉，被告人李新禹到庭参加了诉讼。现已审理终结。 河南省新郑市人民检察院指控，2018年3月23日15时17分，被告人李新禹饮酒后驾驶豫K×××××号小型轿车沿新郑市辛店镇新旅游路由东向西行驶至驮窑路口西40米处时被执勤民警查获，后经郑州市公安局交通事故鉴定所鉴定，李新禹被查获时静脉血液中的酒精含量为168.5mg／100ml。 另查，被告人李新禹具备社区矫正条件。 针对上述指控，检察机关向本院提供了被告人李新禹的供述，血醇鉴定意见，户籍证明，前科证明，到案经过，侦破报告，具结书，社区调查评估表等证据。并以被告人李新禹系坦白，初犯，建议对被告人李新禹判处拘役四个月，如适合社区矫正条件缓刑六个月，并处罚金八千元。 经审理查明的事实与指控的犯罪事实一致。被告人李新禹对起诉书指控的事实、证据及量刑建议均不持异议，并且签字具结。本院予以认定。 本院认为，公诉机关指控被告人李新禹犯危险驾驶罪，罪名及提出的量刑建议成立，依法予以支持。鉴于被告人系坦白，初犯，综合全案量刑情节，依照《中华人民共和国刑法》第一百三十三条之一第一款第（二）项，第六十七条第三款，第七十二条第一款、第三款，第七十三条第一款、第三款，第六十一条之规定，判决如下： 被告人李新禹犯危险驾驶罪，判处拘役四个月，缓刑六个月，并处罚金人民币八千元。（缓刑考验期限，从判决确定之日起计算。罚金于本判决生效后十日内一次性缴纳。） 如不服本判决，可在接到判决书的第二日起十日内，通过本院或直接向河南省郑州市中级人民法院提出上诉，书面上诉的，应交上诉状正本一份，副本五份。 审判员郭文凯 二〇一八年七月十日 代理书记员王玉鹏","writId":"0348c83f0ade0665ebd434fcaf7d0192988","writName":"李新禹危险驾驶一审刑事判决书"}
