{"ajId":"df62d3e0-a312-4cff-9f6f-5f30a87f2571","ajName":"被告人黄某明合同诈骗、诈骗一案","ajjbqk":" 原判认定，（一）被告人黄晓明合同诈骗的事实 1、2014年6月18日，被告人黄晓明在贵州省长顺县注册成立了贵州雄雁农业综合开发有限公司，并担任法定代表人。同年10月27日，在没有履行能力的情况下，被告人黄晓明以在长顺县摆所镇尅炳村开发项目工程的名义，与被害人刘某1签订项目工程监理合同，并收取刘某110万元保证金。后被告人黄晓明离开长顺县并变更联系方式。案发后，被告人黄晓明退赔了被害人刘某112.5万元，取得了刘某1的谅解。 2、2015年4月27日，被告人黄晓明在耒阳市注册成立了湖南省晓明生态旅游发展有限公司（以下简称晓明公司），并担任法定代表人。后被告人黄晓明先后选址在耒阳市余庆乡、哲桥镇三益村开发晓明生态旅游休闲山庄，通过谎称广东锦田集团投资有限公司将投资以及晓明公司是该公司分公司并将投资总金额4.865亿元等事实，骗取政府相关文件及三益村山地租赁合同，以签订工程承包合同、交付保证金的方式，于2015年5月至11月，先后诈骗被害人余某30万元、李某12万元、刘某22万元、贺某3万元、周某130万元、陈某150万元、易某30万元，共计147万元。易某在签订合同后，还垫资几十万元建了茶楼主体工程，被告人黄晓明也未支付工程款。 （二）被告人黄晓明诈骗的事实 2016年3月25日，被告人黄晓明与胡波、吴峰、陈伟生（另案处理）在岳阳市华容县注册成立了湖南省天宸农业综合开发有限公司（以下简称天宸公司）。被告人黄晓明因自己已被上网追逃，遂商量由胡波担任法定代表人，被告人黄晓明任“董事长”，陈伟生任“资料员”，吴峰任“业务员负责招揽承包商”。之后，被告人黄晓明与胡波、陈伟生等人虚构华容县华容道生态养老休闲旅游度假区项目，由陈伟生制作虚假的项目资料和图纸。2016年6月，吴峰明知被告人黄晓明与胡波、陈伟生等人虚构项目，仍将被害人赵某1、何某介绍给胡波等人，并承诺可以帮赵某1、何某等人拿到土石方工程。后被告人黄晓明与胡波、陈伟生等人和赵某1、何某多次沟通协商项目事宜，并带赵某1、何某到“工地”现场查看情况，取得被害人的信任。2016年6月5日，胡波以天宸公司的名义与何某签订土石方工程施工合同，骗取何某“保证金”10万元。2016年7月1日，胡波以天宸公司的名义与赵某1介绍来的赵某2签订土石方建筑工程合同，吴峰与赵某1签订工程居间合同，骗取赵某1“介绍费”30万元，该30万元由被告人黄晓明与胡波、吴峰、陈伟生瓜分。2016年7月底，被告人黄晓明与胡波、陈伟生等人又虚构项目要开工的事实，制作虚假的进场通知书，以进场需要交纳进场费为由，骗取赵某15万元。此后，何某、赵某1等人多次催促开工，被告人黄晓明与胡波、陈伟生等人便离开华容县并变更联系方式。案发后，吴峰退还了35万元给被害人赵某1。 被告人黄晓明因涉嫌犯合同诈骗罪于2015年12月19日被耒阳市公安局抓获，同年12月23日被贵州省长顺县公安局刑事拘留，同年12月25日被取保候审，先行羁押7日。2018年7月5日被淮安市公安局洪泽区分局岔河派出所抓获。 原判认定上述事实有经庭审质证的被害人刘某1、余某、李某1、刘某2、贺某、周某1、陈某1、易某、何某、赵某1等人的陈述，证人杨某1、杨某2、陈某2、陈某3、梁某、彭某、雷某、刘某3、蔡某、赵某2、李某2、唐某、魏某、李某3、周某2、王某、涂某等人的证言，营业执照及企业档案资料，收款收据及银行交易明细查询表，协议书、施工合同书、投资合同书、租赁合同、劳务合同、手机短信截图等书证，辨认笔录，抓获经过、户籍资料，同案人吴峰、胡波、陈伟生及被告人黄晓明的供述等证据证实。 原判认为，被告人黄晓明的行为已构成合同诈骗罪、诈骗罪。在诈骗的共同犯罪中，被告人黄晓明是主犯。被告人黄晓明有坦白情节，可从轻处罚；黄晓明退赔了被害人刘某1的经济损失，可酌情从轻处罚。依照《中华人民共和国刑法》第二百二十四条第（三）项、第（四）项、第二百六十六条、第六十七条第三款、第二十五条第一款、第二十六条第一款、第四款、第五十二条、第五十三条、第六十九条第一款、第三款、第六十四条的规定，判决：一、被告人黄晓明犯合同诈骗罪，判处有期徒刑十一年，并处罚金人民币四万元，犯诈骗罪，判处有期徒刑八年，并处罚金人民币一万元，数罪并罚，决定执行有期徒刑十五年，并处罚金人民币五万元；二、被告人黄晓明诈骗所得人民币一百四十七万元予以追缴，分别返还给被害人余某三十万元、李某1二万元、刘某2二万元、贺某三万元、周某1三十万元、陈某1五十万元、易某和戴某30万元；与同案人共同诈骗所得人民币十万元予以追缴，返还给被害人何某。 上诉人黄晓明上诉提出，原判认定其犯诈骗罪的事实不清，证据不足；原判认定其实施的三起犯罪事实的情节基本相同，应以合同诈骗罪一罪对其处罚，不应以合同诈骗罪和诈骗罪对其数罪并罚；本案是单位犯罪；原判量刑畸重，请求二审法院查明事实，公正判决。 经审理查明，原判认定的事实清楚，证据确实、充分。二审期间，上诉人黄晓明没有提供新的证据。本院对原判认定的事实和证据予以确认。 ","cpfxgc":"本院认为，上诉人黄晓明以非法占有为目的，在签订、履行合同过程中，骗取他人钱财，数额巨大，其行为已构成合同诈骗罪；上诉人黄晓明还以非法占有为目的，伙同同案人虚构事实骗取他人钱财，数额巨大，其行为又构成诈骗罪。在共同诈骗犯罪中，上诉人黄晓明是主犯。上诉人黄晓明有坦白情节，可从轻处罚。上诉人黄晓明退赔了被害人刘某1的损失，取得了刘某1的谅解，可酌情从轻处罚。上诉人黄晓明上诉提出“原判认定其犯诈骗罪的事实不清，证据不足”。经查，上诉人黄晓明伙同同案人吴峰、胡波、陈伟生以非法占有为目的，成立公司虚构项目骗取被害人何某、赵某1介绍费、保证金共计45万元的事实，有被害人何某、赵某1的陈述，证人蔡某、赵某2、李某2、唐某、魏某、周某2、王某、涂某等人的证言，银行转账凭证、居间介绍合同、投资意向书、企业登记情况表等书证，同案人吴峰、胡波、陈伟生的供述等证据证实，且与上诉人黄晓明在侦查机关的供述相印证，足以认定。故上诉人黄晓明该上诉理由不能成立，本院不予采纳。上诉人黄晓明上诉提出“原判认定其实施的三起犯罪事实的情节基本相同，应以合同诈骗罪一罪对其处罚，不应以合同诈骗罪和诈骗罪对其数罪并罚”。经查，该辩解理由与法律规定不符，应不予采纳。上诉人黄晓明上诉提出“本案是单位犯罪”。经查，根据法律规定，个人为进行违法犯罪活动而设立的公司、企业、事业单位实施犯罪的，或者公司、企业、事业单位设立后，以实施犯罪为主要活动的，不以单位犯罪论处。上诉人黄晓明及其同案人吴峰、胡波、陈伟生为实施诈骗犯罪活动而设立公司实施诈骗犯罪，不应以单位犯罪论处。故上诉人黄晓明该上诉理由不能成立，本院不予采纳。上诉人黄晓明还上诉提出“原判量刑畸重”。经查，根据相关法律规定及湖南省确定的诈骗数额中认定“数额较大”、“数额巨大”、“数额特别巨大”的执行具体数额标准的相关规定，上诉人黄晓明合同诈骗数额认定为“数额巨大”，应在三年以上十年以下有期徒刑的幅度内对其进行处罚，原判以犯合同诈骗罪判处其有期徒刑十一年不当，应予纠正，故对上诉人黄晓明的该辩解意见，本院予以采纳。上诉人黄晓明参与诈骗数额45万，依法应认定为“数额巨大”，原判认定“数额较大”不当，本院予以纠正。综上，原判认定事实清楚，证据确实、充分，定性准确，审判程序合法。据此，依照《中华人民共和国刑法》第二百二十四条第（三）项、第（四）项、第二百六十六条、第六十七条第三款、第二十五条第一款、第二十六条第一款、第四款、第五十二条、第五十三条、第六十九条第一款、第三款、第六十四条的规定及《中华人民共和国刑事诉讼法》第二百三十六条第一款第（一）项、第（二）项之规定，判决如下：","pjjg":" 一、维持湖南省耒阳市人民法院（2018）湘0481刑初615号刑事判决中第二项即追缴退赔赃款的判决和第一项中对上诉人黄晓明定罪部分的判决； 二、撤销湖南省耒阳市人民法院（2018）湘0481刑初615号刑事判决第一项中对上诉人黄晓明量刑部分的判决； 三、上诉人黄晓明犯合同诈骗罪，判处有期徒刑七年，并处罚金人民币四万元，犯诈骗罪，判处有期徒刑八年，并处罚金人民币一万元，数罪并罚，决定执行有期徒刑十二年，并处罚金人民币五万元。（刑期从判决执行之日起计算，判决执行以前先行羁押的，羁押一日折抵刑期一日。抵减先行羁押的7日，即自2018年7月5日至2030年6月27日止。罚金限在判决生效后十日内缴纳） 本判决为终审判决。","qw":"文书内容 湖南省衡阳市中级人民法院 刑事判决书 （2019）湘04刑终203号 原公诉机关湖南省耒阳市人民检察院。 上诉人（原审被告人）黄晓明，男，1962年9月15日出生于江苏省洪泽县，汉族，初中文化，贵州雄雁农业综合开发有限公司法定代表人、湖南省晓明生态旅游发展有限公司法定代表人，住江苏省洪泽县。因涉嫌犯合同诈骗罪，于2015年12月19日被抓获，同年12月23日被贵州省长顺县公安局刑事拘留，同年12月25日被长顺县公安局取保候审。因多次传唤不到案，于2018年7月5日被抓获，同年7月10日被耒阳市公安局刑事拘留，同年8月10日被逮捕。现羁押于耒阳市看守所。 辩护人罗爱连，湖南教正律师事务所律师。 湖南省耒阳市人民法院审理湖南省耒阳市人民检察院指控原审被告人黄晓明犯合同诈骗罪、诈骗罪一案，2019年3月8日作出（2018）湘0481刑初615号刑事判决。宣判后，原审被告人黄晓明不服，提出上诉。本院于2019年4月8日立案受理后，依法组成合议庭，经阅卷，讯问了上诉人，认为本案事实清楚，决定不开庭审理。现已审理终结。 原判认定，（一）被告人黄晓明合同诈骗的事实 1、2014年6月18日，被告人黄晓明在贵州省长顺县注册成立了贵州雄雁农业综合开发有限公司，并担任法定代表人。同年10月27日，在没有履行能力的情况下，被告人黄晓明以在长顺县摆所镇尅炳村开发项目工程的名义，与被害人刘某1签订项目工程监理合同，并收取刘某110万元保证金。后被告人黄晓明离开长顺县并变更联系方式。案发后，被告人黄晓明退赔了被害人刘某112.5万元，取得了刘某1的谅解。 2、2015年4月27日，被告人黄晓明在耒阳市注册成立了湖南省晓明生态旅游发展有限公司（以下简称晓明公司），并担任法定代表人。后被告人黄晓明先后选址在耒阳市余庆乡、哲桥镇三益村开发晓明生态旅游休闲山庄，通过谎称广东锦田集团投资有限公司将投资以及晓明公司是该公司分公司并将投资总金额4.865亿元等事实，骗取政府相关文件及三益村山地租赁合同，以签订工程承包合同、交付保证金的方式，于2015年5月至11月，先后诈骗被害人余某30万元、李某12万元、刘某22万元、贺某3万元、周某130万元、陈某150万元、易某30万元，共计147万元。易某在签订合同后，还垫资几十万元建了茶楼主体工程，被告人黄晓明也未支付工程款。 （二）被告人黄晓明诈骗的事实 2016年3月25日，被告人黄晓明与胡波、吴峰、陈伟生（另案处理）在岳阳市华容县注册成立了湖南省天宸农业综合开发有限公司（以下简称天宸公司）。被告人黄晓明因自己已被上网追逃，遂商量由胡波担任法定代表人，被告人黄晓明任“董事长”，陈伟生任“资料员”，吴峰任“业务员负责招揽承包商”。之后，被告人黄晓明与胡波、陈伟生等人虚构华容县华容道生态养老休闲旅游度假区项目，由陈伟生制作虚假的项目资料和图纸。2016年6月，吴峰明知被告人黄晓明与胡波、陈伟生等人虚构项目，仍将被害人赵某1、何某介绍给胡波等人，并承诺可以帮赵某1、何某等人拿到土石方工程。后被告人黄晓明与胡波、陈伟生等人和赵某1、何某多次沟通协商项目事宜，并带赵某1、何某到“工地”现场查看情况，取得被害人的信任。2016年6月5日，胡波以天宸公司的名义与何某签订土石方工程施工合同，骗取何某“保证金”10万元。2016年7月1日，胡波以天宸公司的名义与赵某1介绍来的赵某2签订土石方建筑工程合同，吴峰与赵某1签订工程居间合同，骗取赵某1“介绍费”30万元，该30万元由被告人黄晓明与胡波、吴峰、陈伟生瓜分。2016年7月底，被告人黄晓明与胡波、陈伟生等人又虚构项目要开工的事实，制作虚假的进场通知书，以进场需要交纳进场费为由，骗取赵某15万元。此后，何某、赵某1等人多次催促开工，被告人黄晓明与胡波、陈伟生等人便离开华容县并变更联系方式。案发后，吴峰退还了35万元给被害人赵某1。 被告人黄晓明因涉嫌犯合同诈骗罪于2015年12月19日被耒阳市公安局抓获，同年12月23日被贵州省长顺县公安局刑事拘留，同年12月25日被取保候审，先行羁押7日。2018年7月5日被淮安市公安局洪泽区分局岔河派出所抓获。 原判认定上述事实有经庭审质证的被害人刘某1、余某、李某1、刘某2、贺某、周某1、陈某1、易某、何某、赵某1等人的陈述，证人杨某1、杨某2、陈某2、陈某3、梁某、彭某、雷某、刘某3、蔡某、赵某2、李某2、唐某、魏某、李某3、周某2、王某、涂某等人的证言，营业执照及企业档案资料，收款收据及银行交易明细查询表，协议书、施工合同书、投资合同书、租赁合同、劳务合同、手机短信截图等书证，辨认笔录，抓获经过、户籍资料，同案人吴峰、胡波、陈伟生及被告人黄晓明的供述等证据证实。 原判认为，被告人黄晓明的行为已构成合同诈骗罪、诈骗罪。在诈骗的共同犯罪中，被告人黄晓明是主犯。被告人黄晓明有坦白情节，可从轻处罚；黄晓明退赔了被害人刘某1的经济损失，可酌情从轻处罚。依照《中华人民共和国刑法》第二百二十四条第（三）项、第（四）项、第二百六十六条、第六十七条第三款、第二十五条第一款、第二十六条第一款、第四款、第五十二条、第五十三条、第六十九条第一款、第三款、第六十四条的规定，判决：一、被告人黄晓明犯合同诈骗罪，判处有期徒刑十一年，并处罚金人民币四万元，犯诈骗罪，判处有期徒刑八年，并处罚金人民币一万元，数罪并罚，决定执行有期徒刑十五年，并处罚金人民币五万元；二、被告人黄晓明诈骗所得人民币一百四十七万元予以追缴，分别返还给被害人余某三十万元、李某1二万元、刘某2二万元、贺某三万元、周某1三十万元、陈某1五十万元、易某和戴某30万元；与同案人共同诈骗所得人民币十万元予以追缴，返还给被害人何某。 上诉人黄晓明上诉提出，原判认定其犯诈骗罪的事实不清，证据不足；原判认定其实施的三起犯罪事实的情节基本相同，应以合同诈骗罪一罪对其处罚，不应以合同诈骗罪和诈骗罪对其数罪并罚；本案是单位犯罪；原判量刑畸重，请求二审法院查明事实，公正判决。 经审理查明，原判认定的事实清楚，证据确实、充分。二审期间，上诉人黄晓明没有提供新的证据。本院对原判认定的事实和证据予以确认。 本院认为，上诉人黄晓明以非法占有为目的，在签订、履行合同过程中，骗取他人钱财，数额巨大，其行为已构成合同诈骗罪；上诉人黄晓明还以非法占有为目的，伙同同案人虚构事实骗取他人钱财，数额巨大，其行为又构成诈骗罪。在共同诈骗犯罪中，上诉人黄晓明是主犯。上诉人黄晓明有坦白情节，可从轻处罚。上诉人黄晓明退赔了被害人刘某1的损失，取得了刘某1的谅解，可酌情从轻处罚。上诉人黄晓明上诉提出“原判认定其犯诈骗罪的事实不清，证据不足”。经查，上诉人黄晓明伙同同案人吴峰、胡波、陈伟生以非法占有为目的，成立公司虚构项目骗取被害人何某、赵某1介绍费、保证金共计45万元的事实，有被害人何某、赵某1的陈述，证人蔡某、赵某2、李某2、唐某、魏某、周某2、王某、涂某等人的证言，银行转账凭证、居间介绍合同、投资意向书、企业登记情况表等书证，同案人吴峰、胡波、陈伟生的供述等证据证实，且与上诉人黄晓明在侦查机关的供述相印证，足以认定。故上诉人黄晓明该上诉理由不能成立，本院不予采纳。上诉人黄晓明上诉提出“原判认定其实施的三起犯罪事实的情节基本相同，应以合同诈骗罪一罪对其处罚，不应以合同诈骗罪和诈骗罪对其数罪并罚”。经查，该辩解理由与法律规定不符，应不予采纳。上诉人黄晓明上诉提出“本案是单位犯罪”。经查，根据法律规定，个人为进行违法犯罪活动而设立的公司、企业、事业单位实施犯罪的，或者公司、企业、事业单位设立后，以实施犯罪为主要活动的，不以单位犯罪论处。上诉人黄晓明及其同案人吴峰、胡波、陈伟生为实施诈骗犯罪活动而设立公司实施诈骗犯罪，不应以单位犯罪论处。故上诉人黄晓明该上诉理由不能成立，本院不予采纳。上诉人黄晓明还上诉提出“原判量刑畸重”。经查，根据相关法律规定及湖南省确定的诈骗数额中认定“数额较大”、“数额巨大”、“数额特别巨大”的执行具体数额标准的相关规定，上诉人黄晓明合同诈骗数额认定为“数额巨大”，应在三年以上十年以下有期徒刑的幅度内对其进行处罚，原判以犯合同诈骗罪判处其有期徒刑十一年不当，应予纠正，故对上诉人黄晓明的该辩解意见，本院予以采纳。上诉人黄晓明参与诈骗数额45万，依法应认定为“数额巨大”，原判认定“数额较大”不当，本院予以纠正。综上，原判认定事实清楚，证据确实、充分，定性准确，审判程序合法。据此，依照《中华人民共和国刑法》第二百二十四条第（三）项、第（四）项、第二百六十六条、第六十七条第三款、第二十五条第一款、第二十六条第一款、第四款、第五十二条、第五十三条、第六十九条第一款、第三款、第六十四条的规定及《中华人民共和国刑事诉讼法》第二百三十六条第一款第（一）项、第（二）项之规定，判决如下： 一、维持湖南省耒阳市人民法院（2018）湘0481刑初615号刑事判决中第二项即追缴退赔赃款的判决和第一项中对上诉人黄晓明定罪部分的判决； 二、撤销湖南省耒阳市人民法院（2018）湘0481刑初615号刑事判决第一项中对上诉人黄晓明量刑部分的判决； 三、上诉人黄晓明犯合同诈骗罪，判处有期徒刑七年，并处罚金人民币四万元，犯诈骗罪，判处有期徒刑八年，并处罚金人民币一万元，数罪并罚，决定执行有期徒刑十二年，并处罚金人民币五万元。（刑期从判决执行之日起计算，判决执行以前先行羁押的，羁押一日折抵刑期一日。抵减先行羁押的7日，即自2018年7月5日至2030年6月27日止。罚金限在判决生效后十日内缴纳） 本判决为终审判决。 审判长李星耀 审判员梁晓亮 审判员苏南 二〇一九年六月四日 法官助理周琛 书记员尹云昕 打印责任人：李星耀校对责任人：尹云昕 附：本案适用的法律条款如下： 《中华人民共和国刑法》 第二百二十四条有下列情形之一，以非法占有为目的，在签订、履行合同过程中，骗取对方当事人财物，数额较大的，处三年以下有期徒刑或者拘役，并处或者单处罚金；数额巨大或者有其他严重情节的，处三年以上十年以下有期徒刑，并处罚金；数额特别巨大或者有其他特别严重情节的，处十年以上有期徒刑或者无期徒刑，并处罚金或者没收财产： …… （三）没有实际履行能力，以先履行小额合同或者部分履行合同的方法，诱骗对方当事人继续签订和履行合同的； （四）收受对方当事人给付的货物、货款、预付款或者担保财产后逃匿的； …… 第二百六十六条诈骗公私财物，数额较大的，处三年以下有期徒刑、拘役或者管制，并处或者单处罚金；数额巨大或者有其他严重情节的，处三年以上十年以下有期徒刑，并处罚金；数额特别巨大或者有其他特别严重情节的，处十年以上有期徒刑或者无期徒刑，并处罚金或者没收财产。本法另有规定的，依照规定。 第六十七条第三款犯罪嫌疑人虽不具有前两款规定的自首情节，但是如实供述自己罪行的，可以从轻处罚；因其如实供述自己罪行，避免特别严重后果发生的，可以减轻处罚。 第二十五条第一款共同犯罪是指二人以上共同故意犯罪。 第二十六条第一款组织、领导犯罪集团进行犯罪活动的或者在共同犯罪中起主要作用的，是主犯。 第四款对于第三款规定以外的主犯，应当按照其所参与的或者组织、指挥的全部犯罪处罚。 第五十二条判处罚金，应当根据犯罪情节决定罚金数额。 第五十三条罚金在判决指定的期限内1次或者分期缴纳。期满不缴纳的，强制缴纳。对于不能全部缴纳罚金的，人民法院在任何时候发现被执行人有可以执行的财产，应当随时追缴。 如果由于遭遇不能抗拒的灾祸缴纳确实有困难的，可以酌情减少或者免除。 第六十九条第一款判决宣告以前一人犯数罪的，除判处死刑和无期徒刑的以外，应当在总和刑期以下、数刑中最高刑期以上，酌情决定执行的刑期，但是管制最高不能超过三年，拘役最高不能超过一年，有期徒刑总和刑期不满三十五年的，最高不能超过二十年，总和刑期在三十五年以上的，最高不能超过二十五年。 第三款数罪中有判处附加刑的，附加刑仍须执行，其中附加刑种类相同的，合并执行，种类不同的，分别执行。 第六十四条犯罪分子违法所得的一切财物，应当予以追缴或者责令退赔；对被害人的合法财产，应当及时返还；违禁品和供犯罪所用的本人财物，应当予以没收。没收的财物和罚金，一律上缴国库，不得挪用和自行处理。 《中华人民共和国刑事诉讼法》 第二百三十六条第二审人民法院对不服第一审判决的上诉、抗诉案件，经过审理后，应当按照下列情形分别处理： （一）原判决认定的事实和适用法律正确、量刑适当的，应当裁定驳回上诉或抗诉，维持原判； （二）原判决认定事实没有错误，但适用法律有错误，或者量刑不当的，应当改判； 。","writId":"05816a5e23647b955216ccf44b47e7039f7","writName":"黄晓明合同诈骗罪、诈骗罪二审刑事判决书"}
