{"ajId":"67d4659c-4d04-49dd-b813-e18f82d1b19e","ajName":"周×等侵犯著作权罪一案","ajjbqk":" 北京市海淀区人民检察院指控，2013年9月以来，被告人周×、倪×伙同周作杰（另案处理）、伍杰（另案处理）销售微软计算机软件。2014年1月16日，被告人周×、倪×在本市海淀区上地辉煌国际大厦销售微软计算机软件时被民警抓获，公安机关在上述地点及本市昌平区回龙观新村中区4号楼2单元1601室起获微软计算机软件共计4300余张。经查，起获的计算机软件均属于未经微软公司授权且非法使用微软公司注册商标的软件，且均系非法复制的侵权产品。 针对上述指控，公诉机关向本院提供了相应的证据材料，认为被告人周×、倪×的行为已构成侵犯著作权罪，情节特别严重，二被告人均系从犯，提请本院依照《中华人民共和国刑法》第二百一十七条、第二十五条第一款、第二十七条之规定，对被告人周×、倪×定罪处罚。 被告人周×对起诉书指控的事实和罪名均无异议。其辩护人发表的辩护意见为，第一，对公诉机关指控被告人周×的事实和罪名不持异议；第二，被告人周×到案后能如实供述自己的罪行，认罪态度较好；第三，被告人周×系初犯；第四，被告人周×仅从事了销售行为，系从犯，犯罪情节较轻。综上，提请法庭对被告人周×依法从轻或减轻处罚。 被告人倪×对起诉书指控的事实和罪名均无异议。其辩护人发表的辩护意见为，第一，公诉机关指控的罪名有误，应以销售侵权复制品罪追究被告人倪×的刑事责任；第二，公安机关起获的光盘可能存在空盘情况、光盘内容可能不侵权；第三，被告人倪×系从犯；第四，被告人倪×系初犯，且认罪态度较好。综上，提请法庭对被告人倪×依法从轻或减轻处罚。 公诉人在当庭发表的公诉意见中认定被告人周×、倪×到案后均能如实供述自己的罪行。 经审理查明，被告人周×、倪×自2013年9月以来，伙同周作杰（另案处理）、伍杰（另案处理）销售微软计算机软件。2014年1月16日，被告人周×、倪×在本市海淀区上地辉煌国际大厦销售微软计算机软件时被公安机关抓获，公安机关在上述地点及本市昌平区回龙观新村中区4号楼2单元1601室起获微软计算机软件共计4300余张。经查，起获的计算机软件均属于未经微软公司授权且非法使用微软公司注册商标的软件，且均系侵犯微软公司著作权的产品。 在庭审过程中，针对上述事实，公诉人当庭宣读、出示了由侦查机关依法调取的下列证据材料： 1、被告人周×的供述，证明2013年9月，其表弟伍杰、其弟周作杰给其打电话，说他们在北京卖盗版光盘，销售挺好的，但还是缺人、没有送货的，让其过来帮忙。其与其女友倪×就一起去了现在的地方，地址在昌平区回龙观新村中区4号楼2单元1601室，是周作杰租用的房子。倪×当时就在北京。人员情况为，有其与其女友倪×，表弟伍杰、其弟周作杰及他女友陈文共五人。人员分工情况为，伍杰和周作杰负责所有的产品的进货，同时他两也负责销售，其女友倪×也负责销售，其只管送货，陈文不参与，就是做饭、收拾卫生。其通过淘宝网店销售光盘，销售的光盘主要是微软的系统光盘和office工具盘。产品是伍杰或周作杰进购的，本钱是他们两个。其知道他们两个进货渠道是不一样的，但具体从哪进的其不清楚，伍杰、周作杰和倪×同时销售，销售的盈利额个人获得，本钱还给伍杰或周作杰。其只是送货，送的货中，要是伍杰或周作杰销售的产品，其收回钱，他们根据自己的获利情况，再分其一些，其和倪×之间就不再分钱了，不过倪×会给其倪×销售盈利的50％。送货范围为海淀区的中关村和西二旗，其他地方都是发快递。送货的是现金结账，发快递的是通过支付宝结算。其与倪×共获利2、3万元。其销售的光盘无任何授权，其知道其行为犯法。 2、被告人倪×的供述，证明2013年9月，其当时正在北京，其男友周×打电话跟其说，他弟弟在北京卖盗版光盘，让其与周×过去。随后周×从杭州赶到北京，其与周×一起去的昌平区回龙观新村中区4号楼2单元1601室，当时周×的弟弟周作杰及他女友陈文、表弟伍杰就已经在这里了。其通过网店销售光盘，进货是伍杰和周作杰的事，其只负责销售，周×负责送货。销售的利润其是其自己的，其卖出去的产品盈利额留下50％，另50％交给周×，他再与伍杰和周作杰之间怎么商量的其不知道。人员分工情况为，进货是伍杰和周作杰他两负责，所有的产品都是他们两个进购的，同时他们两个也负责销售，其也负责销售，周×只管送货，因为他有车。陈文不管这些事，就是收拾家务。销售的光盘主要就是微软的系统光盘和office工具盘。产品是伍杰或周作杰进购的，本钱是他们两个。其知道他们两个进货渠道是不一样的，其只听说从山西和河南买过，但具体什么单位其不知道。周×的送货范围为海淀区的中关村和西二旗，其他地方都是发快递。送货的是现金结账，发快递的是通过支付宝结算。通过支付宝结算的销售额，成本钱有时用现金还，还有时伍杰或周作杰进货时钱不够的话，就用其与周×的支付宝付款，就是借钱用，等这批卖的差不多了再还给其与周×。其获利为其销售额的盈利50％，大概有2万多元。周×如何获利其不清楚，其只是将其销售额的盈利额50％给了周×，但周×具体是和伍杰、周作杰怎么分还是不分就不知道了，其获利还在其工商银行卡里。其于2014年1月16日下午到上地辉煌国际送货时被抓。其销售的光盘无任何授权，其知道其行为犯法。 3、搜查笔录，扣押笔录，扣押决定书，扣押清单，照片资料说明，证明公安机关对被告人周×、倪×的暂住地北京市昌平区回龙观新村中区4号楼2单元楼前车牌号为×××的汽车后备箱及北京市昌平区回龙观新村中区4号楼2单元1601室进行搜查，起获微软计算机软件共计4340张、微软COA标签等物品，并依法扣押在案。 4、北京市公安局海淀分局上地派出所出具的工作说明一份，证明本案起获的涉案物品均含有内容，不存在空盘情况。 5、微软（中国）有限公司出具的情况说明一份，证明本案起获的涉案物品均为侵犯微软公司著作权的盗版产品。 此外，公诉人还向法庭出示了证人牛×的证言，辨认笔录，公证书，企业法人营业执照、授权委托书，微软（中国）有限公司出具的鉴定证明、价格证明、情况说明，网页截屏打印件，办案说明，工作说明，受案登记表，到案经过等证据材料。经法庭质证，被告人周×及其辩护人对上述证据均无异议。被告人倪×对上述证据不持异议，其辩护人对上述证据未提出实质性异议。法庭认为，上述控方证据均由公安机关在侦查过程中依法调取，形式、来源合法，均可作为定案依据使用。对被告人倪×的辩护人的其他质证意见，本院将结合其辩护意见一并评述。 ","cpfxgc":"本院认为，被告人周×、倪×以营利为目的，未经著作权人许可，发行计算机软件，情节特别严重，其行为均已构成侵犯著作权罪，应予惩处。北京市海淀区人民检察院指控被告人周×、倪×犯有侵犯著作权罪的事实清楚，证据确实充分，指控罪名成立。 关于被告人倪×的辩护人认为公安机关起获的光盘可能存在空盘情况、光盘内容可能不侵权，经查，北京市公安局海淀分局上地派出所出具的工作说明证实本案起获的涉案物品不存在空盘情况，与微软（中国）有限公司出具的情况说明所能证实的本案起获的涉案物品均为侵犯微软公司著作权的盗版产品的事实能够互相印证，证明本案起获的涉案物品均含有侵权内容。故对其该项辩护意见，法庭不予采信。 对于被告人倪×的辩护人关于应以销售侵权复制品罪追究被告人倪×的刑事责任的辩护意见，本院认为，根据相关司法解释的规定，“发行”包括总发行、批发、零售、通过信息网络传播以及出租、展销等活动，非法出版、复制、发行他人作品，侵犯著作权构成犯罪的，按照侵犯著作权罪定罪处罚。在案证据显示，被告人周×、倪×销售盗版光盘，系以营利为目的，未经软件著作权人许可发行他人作品，其行为完全符合侵犯著作权罪的犯罪构成。对被告人倪×的辩护人的该项辩护意见，本院不予采纳。 鉴于被告人周×、倪×在共同犯罪中起次要作用，系从犯，且到案后均能如实供述自己的罪行，认罪态度较好，本院对其二人均依法减轻处罚。综上，本院依照《中华人民共和国刑法》第二百一十七条第（一）项，第二十五条第一款，第二十七条，第六十七条第三款，第五十三条之规定，判决如下：","pjjg":" 一、被告人周×犯侵犯著作权罪，判处有期徒刑二年，罚金人民币二万元。 （刑期从本判决执行之日起计算；判决执行以前先行羁押的，羁押一日折抵刑期一日，即自2014年1月16日起至2016年1月15日止。罚金限自本判决生效之次日起三个月内缴纳。） 二、被告人倪×犯侵犯著作权罪，判处有期徒刑二年，罚金人民币二万元。 （刑期从本判决执行之日起计算；判决执行以前先行羁押的，羁押一日折抵刑期一日，即自2014年1月16日起至2016年1月15日止。罚金限自本判决生效之次日起三个月内缴纳。） 如不服本判决，可在接到判决书的第二日起十日内，通过本院或者直接向北京市第一中级人民法院提出上诉。书面上诉的，应提交上诉状正本一份，副本二份。","qw":"北京市海淀区人民法院 刑事判决书 （2014）海刑初字第1988号 公诉机关北京市海淀区人民检察院。 被告人周×，男，1977年5月29日。因涉嫌犯侵犯著作权罪，于2014年1月16日被羁押，同年2月21日被逮捕。现羁押于北京市海淀区看守所。 辩护人刘剑丹。 被告人倪×，女，1990年7月16日。因涉嫌犯侵犯著作权罪，于2014年1月16日被羁押，同年2月21日被逮捕。现羁押于北京市海淀区看守所。 辩护人王乐。 北京市海淀区人民检察院以京海检知产刑诉［2014］50号起诉书指控被告人周×、倪×犯侵犯著作权罪，于2014年8月21日向本院提起公诉。本院依法组成合议庭，公开开庭审理了本案。北京市海淀区人民检察院指派代理检察员杨岱君出庭支持公诉，被告人周×及其辩护人刘剑丹、被告人倪×及其辩护人王乐到庭参加诉讼。现已审理终结。 北京市海淀区人民检察院指控，2013年9月以来，被告人周×、倪×伙同周作杰（另案处理）、伍杰（另案处理）销售微软计算机软件。2014年1月16日，被告人周×、倪×在本市海淀区上地辉煌国际大厦销售微软计算机软件时被民警抓获，公安机关在上述地点及本市昌平区回龙观新村中区4号楼2单元1601室起获微软计算机软件共计4300余张。经查，起获的计算机软件均属于未经微软公司授权且非法使用微软公司注册商标的软件，且均系非法复制的侵权产品。 针对上述指控，公诉机关向本院提供了相应的证据材料，认为被告人周×、倪×的行为已构成侵犯著作权罪，情节特别严重，二被告人均系从犯，提请本院依照《中华人民共和国刑法》第二百一十七条、第二十五条第一款、第二十七条之规定，对被告人周×、倪×定罪处罚。 被告人周×对起诉书指控的事实和罪名均无异议。其辩护人发表的辩护意见为，第一，对公诉机关指控被告人周×的事实和罪名不持异议；第二，被告人周×到案后能如实供述自己的罪行，认罪态度较好；第三，被告人周×系初犯；第四，被告人周×仅从事了销售行为，系从犯，犯罪情节较轻。综上，提请法庭对被告人周×依法从轻或减轻处罚。 被告人倪×对起诉书指控的事实和罪名均无异议。其辩护人发表的辩护意见为，第一，公诉机关指控的罪名有误，应以销售侵权复制品罪追究被告人倪×的刑事责任；第二，公安机关起获的光盘可能存在空盘情况、光盘内容可能不侵权；第三，被告人倪×系从犯；第四，被告人倪×系初犯，且认罪态度较好。综上，提请法庭对被告人倪×依法从轻或减轻处罚。 公诉人在当庭发表的公诉意见中认定被告人周×、倪×到案后均能如实供述自己的罪行。 经审理查明，被告人周×、倪×自2013年9月以来，伙同周作杰（另案处理）、伍杰（另案处理）销售微软计算机软件。2014年1月16日，被告人周×、倪×在本市海淀区上地辉煌国际大厦销售微软计算机软件时被公安机关抓获，公安机关在上述地点及本市昌平区回龙观新村中区4号楼2单元1601室起获微软计算机软件共计4300余张。经查，起获的计算机软件均属于未经微软公司授权且非法使用微软公司注册商标的软件，且均系侵犯微软公司著作权的产品。 在庭审过程中，针对上述事实，公诉人当庭宣读、出示了由侦查机关依法调取的下列证据材料： 1、被告人周×的供述，证明2013年9月，其表弟伍杰、其弟周作杰给其打电话，说他们在北京卖盗版光盘，销售挺好的，但还是缺人、没有送货的，让其过来帮忙。其与其女友倪×就一起去了现在的地方，地址在昌平区回龙观新村中区4号楼2单元1601室，是周作杰租用的房子。倪×当时就在北京。人员情况为，有其与其女友倪×，表弟伍杰、其弟周作杰及他女友陈文共五人。人员分工情况为，伍杰和周作杰负责所有的产品的进货，同时他两也负责销售，其女友倪×也负责销售，其只管送货，陈文不参与，就是做饭、收拾卫生。其通过淘宝网店销售光盘，销售的光盘主要是微软的系统光盘和office工具盘。产品是伍杰或周作杰进购的，本钱是他们两个。其知道他们两个进货渠道是不一样的，但具体从哪进的其不清楚，伍杰、周作杰和倪×同时销售，销售的盈利额个人获得，本钱还给伍杰或周作杰。其只是送货，送的货中，要是伍杰或周作杰销售的产品，其收回钱，他们根据自己的获利情况，再分其一些，其和倪×之间就不再分钱了，不过倪×会给其倪×销售盈利的50％。送货范围为海淀区的中关村和西二旗，其他地方都是发快递。送货的是现金结账，发快递的是通过支付宝结算。其与倪×共获利2、3万元。其销售的光盘无任何授权，其知道其行为犯法。 2、被告人倪×的供述，证明2013年9月，其当时正在北京，其男友周×打电话跟其说，他弟弟在北京卖盗版光盘，让其与周×过去。随后周×从杭州赶到北京，其与周×一起去的昌平区回龙观新村中区4号楼2单元1601室，当时周×的弟弟周作杰及他女友陈文、表弟伍杰就已经在这里了。其通过网店销售光盘，进货是伍杰和周作杰的事，其只负责销售，周×负责送货。销售的利润其是其自己的，其卖出去的产品盈利额留下50％，另50％交给周×，他再与伍杰和周作杰之间怎么商量的其不知道。人员分工情况为，进货是伍杰和周作杰他两负责，所有的产品都是他们两个进购的，同时他们两个也负责销售，其也负责销售，周×只管送货，因为他有车。陈文不管这些事，就是收拾家务。销售的光盘主要就是微软的系统光盘和office工具盘。产品是伍杰或周作杰进购的，本钱是他们两个。其知道他们两个进货渠道是不一样的，其只听说从山西和河南买过，但具体什么单位其不知道。周×的送货范围为海淀区的中关村和西二旗，其他地方都是发快递。送货的是现金结账，发快递的是通过支付宝结算。通过支付宝结算的销售额，成本钱有时用现金还，还有时伍杰或周作杰进货时钱不够的话，就用其与周×的支付宝付款，就是借钱用，等这批卖的差不多了再还给其与周×。其获利为其销售额的盈利50％，大概有2万多元。周×如何获利其不清楚，其只是将其销售额的盈利额50％给了周×，但周×具体是和伍杰、周作杰怎么分还是不分就不知道了，其获利还在其工商银行卡里。其于2014年1月16日下午到上地辉煌国际送货时被抓。其销售的光盘无任何授权，其知道其行为犯法。 3、搜查笔录，扣押笔录，扣押决定书，扣押清单，照片资料说明，证明公安机关对被告人周×、倪×的暂住地北京市昌平区回龙观新村中区4号楼2单元楼前车牌号为×××的汽车后备箱及北京市昌平区回龙观新村中区4号楼2单元1601室进行搜查，起获微软计算机软件共计4340张、微软COA标签等物品，并依法扣押在案。 4、北京市公安局海淀分局上地派出所出具的工作说明一份，证明本案起获的涉案物品均含有内容，不存在空盘情况。 5、微软（中国）有限公司出具的情况说明一份，证明本案起获的涉案物品均为侵犯微软公司著作权的盗版产品。 此外，公诉人还向法庭出示了证人牛×的证言，辨认笔录，公证书，企业法人营业执照、授权委托书，微软（中国）有限公司出具的鉴定证明、价格证明、情况说明，网页截屏打印件，办案说明，工作说明，受案登记表，到案经过等证据材料。经法庭质证，被告人周×及其辩护人对上述证据均无异议。被告人倪×对上述证据不持异议，其辩护人对上述证据未提出实质性异议。法庭认为，上述控方证据均由公安机关在侦查过程中依法调取，形式、来源合法，均可作为定案依据使用。对被告人倪×的辩护人的其他质证意见，本院将结合其辩护意见一并评述。 本院认为，被告人周×、倪×以营利为目的，未经著作权人许可，发行计算机软件，情节特别严重，其行为均已构成侵犯著作权罪，应予惩处。北京市海淀区人民检察院指控被告人周×、倪×犯有侵犯著作权罪的事实清楚，证据确实充分，指控罪名成立。 关于被告人倪×的辩护人认为公安机关起获的光盘可能存在空盘情况、光盘内容可能不侵权，经查，北京市公安局海淀分局上地派出所出具的工作说明证实本案起获的涉案物品不存在空盘情况，与微软（中国）有限公司出具的情况说明所能证实的本案起获的涉案物品均为侵犯微软公司著作权的盗版产品的事实能够互相印证，证明本案起获的涉案物品均含有侵权内容。故对其该项辩护意见，法庭不予采信。 对于被告人倪×的辩护人关于应以销售侵权复制品罪追究被告人倪×的刑事责任的辩护意见，本院认为，根据相关司法解释的规定，“发行”包括总发行、批发、零售、通过信息网络传播以及出租、展销等活动，非法出版、复制、发行他人作品，侵犯著作权构成犯罪的，按照侵犯著作权罪定罪处罚。在案证据显示，被告人周×、倪×销售盗版光盘，系以营利为目的，未经软件著作权人许可发行他人作品，其行为完全符合侵犯著作权罪的犯罪构成。对被告人倪×的辩护人的该项辩护意见，本院不予采纳。 鉴于被告人周×、倪×在共同犯罪中起次要作用，系从犯，且到案后均能如实供述自己的罪行，认罪态度较好，本院对其二人均依法减轻处罚。综上，本院依照《中华人民共和国刑法》第二百一十七条第（一）项，第二十五条第一款，第二十七条，第六十七条第三款，第五十三条之规定，判决如下： 一、被告人周×犯侵犯著作权罪，判处有期徒刑二年，罚金人民币二万元。 （刑期从本判决执行之日起计算；判决执行以前先行羁押的，羁押一日折抵刑期一日，即自2014年1月16日起至2016年1月15日止。罚金限自本判决生效之次日起三个月内缴纳。） 二、被告人倪×犯侵犯著作权罪，判处有期徒刑二年，罚金人民币二万元。 （刑期从本判决执行之日起计算；判决执行以前先行羁押的，羁押一日折抵刑期一日，即自2014年1月16日起至2016年1月15日止。罚金限自本判决生效之次日起三个月内缴纳。） 如不服本判决，可在接到判决书的第二日起十日内，通过本院或者直接向北京市第一中级人民法院提出上诉。书面上诉的，应提交上诉状正本一份，副本二份。 审判长闫肃 代理审判员李囡 代理审判员王昕炜 二〇一四年十二月九日 书记员陈鑫瑶","writId":"066c95627be6d246298f4f8d94e790dc8ae","writName":"周×等侵犯著作权罪一审刑事判决书"}
