{"ajId":"ac683055-4a13-4215-8d88-80419e509414","ajName":"庚金男、门殿宇抢劫罪一案","ajjbqk":" 黑龙江省五常市人民检察院指控： 1、2015年5月27日23时许，被告人庚某某伙同伊健博、高寰宇、姜海涛等人在五常市鸿福酒楼附近看见被害人邵某某独自行走，上前将邵某某拦住，对其进行殴打并抢走人民币200元。 2、2015年11月6日15时许，被告人门殿宇、庚某某在门殿宇租住的五常市县社小区2单元102室闲聊时，询问纪某某得知张某某身上可能有钱，在张某某来找纪某某时对张进行殴打并抢走张某某人民币1290元。 公诉机关对指控的犯罪事实提供了相应的证据，认为被告人门殿宇、庚某某的行为已构成抢劫罪，应依据《中华人民共和国刑法》第二百六十三条、第二十五条、第二十六条、第十七条一、三款的规定定罪处罚。 被告人门殿宇、庚某某对公诉机关指控的犯罪事实供认，庚某某的法定代理人暨辩护人亦无异议。 经审理查明： 1、2015年5月27日23时许，被告人庚某某伙同高寰宇、姜海涛、伊健博、刘希国、马某某、于鑫淼、刘文雨、胡亚楠在五常市蓝海网咖上网时，庚某某提出去抢劫，而后伊健博、高寰宇、姜海涛同马某某、于鑫淼、刘文雨到外面寻找目标，几人走到五常市鸿福酒楼附近看见被害人邵某某独自行走，庚某某、伊健博、高寰宇、姜海涛等人上前将邵某某拦住，对其进行殴打并抢走人民币200元。 2、2015年11月6日15时许，被告人庚某某、门殿宇在门殿宇租住的五常市县社小区2单元102室闲聊时，听到朋友纪某某与被害人张某某通电话约张来见面，庚某某、门殿宇经询问纪某某得知张某某身上可能有钱，二人经密谋后在张某某来找纪某某时对张进行殴打并抢走张某某人民币1290元。 上述事实，有经法庭举证、质证的下列证据予以证实： 1、被害人张某某、邵某某报案及陈述，分别叙述了其被抢劫的时间、地点及经过； 2、证人纪某某、马某某证言，证实案件的相关情况； 3、同案犯高寰宇、姜海涛、伊健博、于鑫淼、刘希国的供述，佐证庚某某参与抢劫的过程； 4、起赃及返赃笔录； 5、辨认笔录； 6、公安机关出具的户籍证明、现实表现证明等相关的证明材料； 7、被告人门殿宇、庚某某供认犯罪。 根据最高人民法院《关于审理未成年人刑事案件的若干规定》的规定，在法庭审理过程中，本院了解到被告人庚某某法律观念淡薄，缺乏法律教育，庭审中庚某某认罪、悔罪。 ","cpfxgc":"本院认为，被告人门殿宇、庚某某以暴力手段抢劫他人财物之行为已构成抢劫罪。公诉机关指控罪名成立。门殿宇、庚某某在第二起抢劫时系共同犯罪，均系主犯。庚某某犯罪时未满18周岁系未成年犯罪，应从轻处罚。本院为维护社会秩序，保护公民的人身权利、财产权利不受侵犯，打击犯罪，故依照《中华人民共和国刑法》第二百六十三条、第五十二条、第五十三条、第二十五条、第二十六条、第十七条一、三款的规定，判决如下：","pjjg":" 一、被告人门殿宇犯抢劫罪，判处有期徒刑四年五个月并处罚金3000元。此款于判决生效后一个月内缴纳。 （刑期从判决执行之日起计算。判决执行前先行羁押的羁押一日折抵刑期一日是，即自2015年11月7日起至2020年4月6日止） 二、被告人庚某某犯抢劫罪，判处有期徒刑三年六个月并处罚金3000元。此款于判决生效后一个月内缴纳。 （刑期从判决执行之日起计算。判决执行前先行羁押的羁押一日折抵刑期一日是，即自2015年11月7日起至2019年5月6日止） 如不服本判决，可在接到本判决书第二日起十日内通达本院或直接向黑龙江省哈尔滨市中级人民法院提出上诉，书","qw":"庚金男、门殿宇抢劫罪一审刑事判决书 黑龙江省五常市人民法院 刑事判决书 （2016）黑0184刑初107号 公诉机关黑龙江省五常市人民检察院。 被告人门殿宇（绰号小二），出生于黑龙江省五常市，住黑龙江省五常市。因涉嫌犯抢劫罪于2015年11月7日被刑事拘留，2015年12月3日被批准逮捕，现羁押于黑龙江省五常市看守所。曾因犯招摇撞骗罪于2014年5月9日被判处有期徒刑六个月，宣告缓刑一年。 被告人庚某某，出生于黑龙江省五常市，住黑龙江省五常市。因涉嫌犯抢劫罪于2015年11月7日被刑事拘留，2015年12月3日被批准逮捕，现羁押于黑龙江省哈尔滨市看守所。 法定代理人暨某某，住黑龙江省五常市。 黑龙江省五常市人民检察院以黑哈五检未检刑诉（2016）3号起诉书指控被告人门殿宇、庚某某犯抢劫罪于2016年3月2日向本院提起公诉，本院审查后于同日立案并依法组成合议庭。因庚某某犯罪时未成年，于2016年4月22日不公开开庭审理了本案。五常市人民检察院指派检察员张阿曼出庭支持公诉，被告人门殿宇，被告人庚某某及法定代理人暨某某到庭参加诉讼，现已审理终结。 黑龙江省五常市人民检察院指控： 1、2015年5月27日23时许，被告人庚某某伙同伊健博、高寰宇、姜海涛等人在五常市鸿福酒楼附近看见被害人邵某某独自行走，上前将邵某某拦住，对其进行殴打并抢走人民币200元。 2、2015年11月6日15时许，被告人门殿宇、庚某某在门殿宇租住的五常市县社小区2单元102室闲聊时，询问纪某某得知张某某身上可能有钱，在张某某来找纪某某时对张进行殴打并抢走张某某人民币1290元。 公诉机关对指控的犯罪事实提供了相应的证据，认为被告人门殿宇、庚某某的行为已构成抢劫罪，应依据《中华人民共和国刑法》第二百六十三条、第二十五条、第二十六条、第十七条一、三款的规定定罪处罚。 被告人门殿宇、庚某某对公诉机关指控的犯罪事实供认，庚某某的法定代理人暨辩护人亦无异议。 经审理查明： 1、2015年5月27日23时许，被告人庚某某伙同高寰宇、姜海涛、伊健博、刘希国、马某某、于鑫淼、刘文雨、胡亚楠在五常市蓝海网咖上网时，庚某某提出去抢劫，而后伊健博、高寰宇、姜海涛同马某某、于鑫淼、刘文雨到外面寻找目标，几人走到五常市鸿福酒楼附近看见被害人邵某某独自行走，庚某某、伊健博、高寰宇、姜海涛等人上前将邵某某拦住，对其进行殴打并抢走人民币200元。 2、2015年11月6日15时许，被告人庚某某、门殿宇在门殿宇租住的五常市县社小区2单元102室闲聊时，听到朋友纪某某与被害人张某某通电话约张来见面，庚某某、门殿宇经询问纪某某得知张某某身上可能有钱，二人经密谋后在张某某来找纪某某时对张进行殴打并抢走张某某人民币1290元。 上述事实，有经法庭举证、质证的下列证据予以证实： 1、被害人张某某、邵某某报案及陈述，分别叙述了其被抢劫的时间、地点及经过； 2、证人纪某某、马某某证言，证实案件的相关情况； 3、同案犯高寰宇、姜海涛、伊健博、于鑫淼、刘希国的供述，佐证庚某某参与抢劫的过程； 4、起赃及返赃笔录； 5、辨认笔录； 6、公安机关出具的户籍证明、现实表现证明等相关的证明材料； 7、被告人门殿宇、庚某某供认犯罪。 根据最高人民法院《关于审理未成年人刑事案件的若干规定》的规定，在法庭审理过程中，本院了解到被告人庚某某法律观念淡薄，缺乏法律教育，庭审中庚某某认罪、悔罪。 本院认为，被告人门殿宇、庚某某以暴力手段抢劫他人财物之行为已构成抢劫罪。公诉机关指控罪名成立。门殿宇、庚某某在第二起抢劫时系共同犯罪，均系主犯。庚某某犯罪时未满18周岁系未成年犯罪，应从轻处罚。本院为维护社会秩序，保护公民的人身权利、财产权利不受侵犯，打击犯罪，故依照《中华人民共和国刑法》第二百六十三条、第五十二条、第五十三条、第二十五条、第二十六条、第十七条一、三款的规定，判决如下： 一、被告人门殿宇犯抢劫罪，判处有期徒刑四年五个月并处罚金3000元。此款于判决生效后一个月内缴纳。 （刑期从判决执行之日起计算。判决执行前先行羁押的羁押一日折抵刑期一日是，即自2015年11月7日起至2020年4月6日止） 二、被告人庚某某犯抢劫罪，判处有期徒刑三年六个月并处罚金3000元。此款于判决生效后一个月内缴纳。 （刑期从判决执行之日起计算。判决执行前先行羁押的羁押一日折抵刑期一日是，即自2015年11月7日起至2019年5月6日止） 如不服本判决，可在接到本判决书第二日起十日内通达本院或直接向黑龙江省哈尔滨市中级人民法院提出上诉，书 面上诉的应交上诉状正本一份，副本两份。 审判长王立新 审判员曹旭 审判员林世萍 二〇一六年五月五日 书记员那连成","writId":"0257f4297ff8e48abea38eee0ff6a629ca5","writName":"庚金男、门殿宇抢劫罪一审刑事判决书"}
