{"ajId":"1cd559eb-9967-4b6c-9b8e-9c59959b1986","ajName":"罗明标、张文非法制造、买卖、运输、邮寄、储存枪支、弹药、爆炸物一案","ajjbqk":" 岑巩县人民检察院指控，1、2018年5月份以来，被告人罗明标以营利为目的，先后购买气枪零件在其位于岑巩县思旸镇思州高地第二单元1505室及岑巩县天马镇的家中组装成气枪后，通过微信朋友圈宣传的方式出售气枪。2018年6月，被告人张文通过微信搜索发现被告人罗明标在微信朋友圈上出售气枪，遂以900.00元的价格给罗明标购买了一支气枪（俗称“快排”）。2018年9月，被告人张文将气枪用坏，只剩下瞄准镜和气瓶，用微信联系罗明标，要罗明标重新组装一支气枪（俗称“秃”）。几天后，被告人罗明标将一支组装好的气枪以2800.00元的价格卖给张文。被告人张文将气枪带回家中装上气瓶和瞄准镜后，该气枪便能正常击发。被告人张文非法持有的气枪被岑巩县公安局民警从其家中搜查出来后，依法予以扣押。经贵州省公安局司法鉴定中心鉴定，是以气体为动力的枪支。 2、2018年7月，被告人张文以4000.00元的价格给被告人罗明标购买了一支气枪。随后，被告人张文将气枪卖给岑巩县思旸镇新兴村大园组村民姚某，姚某又将气枪卖给岑巩县天马镇岩湾村河沟脚组村民廖某。廖某非法持有的气枪被岑巩县公安局民警从其家中搜查出来后，依法予以扣押。经贵州省公安司法鉴定中心鉴定，是以气体为动力的枪支。 被告人罗明标、张文到案后，均如实供述犯罪事实。针对起诉书所指控的事实，公诉机关向法庭提供了相应的证据予以证实。公诉机关认为，被告人罗明标、张文的行为触犯了《中华人民共和国刑法》第一百二十五条第一款之规定，已构成非法制造、买卖枪支罪，提请本院依法惩处。 被告人罗明标、张文对公诉机关指控的犯罪事实和罪名均无异议，但罗明标提出廖某持有的枪支不是自己制造的。 经审理查明，2018年5月份左右，被告人罗明标先后在网络上购买气枪零件，并在其位于岑巩县思旸镇思州高地第二单元1505室及岑巩县天马镇的家中组装成气枪。随后通过发微信朋友圈出售气枪。2018年6月至9月期间，被告人张文通过微信分别以2800.00元、4000.00元的价格向被告人罗明标购买了二支气枪。不久，被告人张文将其中一只气枪卖给姚某，姚某又将气枪卖给廖某。经贵州省公安司法鉴定中心鉴定，张文、廖某非法持有的气枪是以气体为动力的枪支。 另查明，被告人张文、廖秀彬非法持有的气枪被岑巩县公安局民警从其家中搜查出来后，依法予以扣押。被告人罗明标、张文到案后，均如实供述自己的犯罪事实。 上述事实有公诉机关当庭出示的下列证据予以证实： 一、书证 1、受案登记表、立案决定书、传唤证、拘留证、拘留通知书、变更羁押期限通知书、逮捕证、释放通知书、取保候审决定书证实：案件来源、立案时间以及被告人罗明标、张文被采取强制措施的情况。 2、户籍证明证实：被告人罗明标、张文已达应负刑事责任年龄。 3、张文持有气枪扣押清单（附照片）证实：2018年10月19日岑巩县公安局公共信息网络安全监察大队扣押了张文持有的气枪一支，该气枪用一军绿色背包包裹，黑色木质枪身，枪管黑色漆脱落为银白色的事实。 4、罗明标手机扣押清单证实：2018年10月18日岑巩县公安局公共信息网络安全监察大队扣押了罗明标的金色iphone牌A1700型手机一部。 5、接受证据材料清单证实：2018年10月22日岑巩县公安局天马派出所接受廖某提交来的一支气枪，该气枪为黑色铁质，气枪上装有一黑色瞄准。同月25日岑巩县公安局天马派出所将廖某提交来的一支气枪移交给岑巩县公安局刑侦大队的事实。 二、证人证言 1、姚某证言证实：张文以4000.00元的价格将一支气枪卖给其，其将这支气枪又卖给廖某的事实。 2、廖某证言证实：姚某卖了一支气枪给其的事实。 三、被告人供述与辩解 1、被告人罗明标的供述与辩解。证实：2018年5月份，其先后在网上购买枪管、消声器、过桥、击锤等气枪配件组装枪支，并在朋友圈出售。罗明标通过微信先后卖了四支气枪给张文的事实。 2、被告人张文的供述与辩解证实：2018年其通过手机微信搜索附近的人，看到罗明标在出售气枪，其2018年6月至9月期间先后给罗明标购买了四支气枪。 四、鉴定意见证 贵州省公安司法鉴定中心鉴定书证实：张文持有的送检编号为HJ-2018-0021-J002的枪支、廖某持有的送检编号为HJ-2018-0021-J004的枪支均是以气体为动力的枪支。 五、勘验、检查笔录 1、搜查笔录证实：2018年10月18日10时58分至11时48分，岑巩县公安局对当事人罗明标现住址岑巩县思州高地二单元1505室及贵H×××＊＊白色BISU牌T5型SUV越野车进行搜查。搜查出一把制造铅弹的夹钳、一台台式剪钳、一包用塑料袋包装的铅弹、黑色的消音器、一台式电动打磨机、一卷铅丝、一支未组装完成的气枪、一根钢管、一包钢珠，并当场予以扣押的事实。 2、搜查笔录证实：2018年10月18日14时23分至14时52分，岑巩县公安局对当事人罗明标位于岑巩县天马镇天马村罗下寨组家中进行搜查。搜查出红剪牌磨光机一台、筒状千斤顶一个，并当场予以扣押的事实。 3、搜查笔录证实：2018年10月24日18时24分至18时46分，岑巩县公安局对廖某位于岑巩县天马镇岩湾村河沟脚组家中进行搜查。搜查出一支拆散的气枪，并当场予以扣押的事实。 4、罗明标手机检查笔录证实：2018年11月21日，检查罗明标持有的手机，打开微信聊天软件，进入“我”的页面，发现头像的图片上有一支“枪”，后有“小林1376”字样，微信号为“xiaolin1376”。上传在微信朋友圈内的图片或小视频都是与枪有关的，目的是为了打广告销售枪支。其称还使用一个微信名为“CC”的微信号，因忘记登录密码无法登录，该微信昵称是“国际私法会会长”的事实。 5、张文手机检查笔录证实：2018年11月22日，检查张文持有的手机，打开微信聊天软件，进入微信“我”的界面，微信昵称为“森太之家装饰装潢”，微信通讯录中发现标注有“枪友”和“小林1376”，点击“枪友”微信进入，发现该呢称为“国际私法联合会会长”，点击“小林1376”微信进入，昵称为“小林1376”，微信号为“xiaolin1376”的事实。 6、张文辨认笔录二份证实：2018年11月14日17时26分至17时38分，张文辨认出7号姚某就是花4000元钱购买自己在网上购买的气枪的人。2018年11月22日，张文辨认出4号罗明标就是与其交易枪支，微信名为“CC”的人。 7、罗明标辨认笔录证实：2019年2月15日，罗明标辨认出第一组1-5号编排的气枪中从左侧起第2支使用迷彩布缠住枪身的气枪系其制造并出卖的气枪；辨认出第二组1-5号编排的气枪中从左侧起第4支黑色枪身、木质枪柄的气枪系其制造并出卖的气枪。 上述证据均经当庭举证、质证，来源合法，内容客观真实，能够作为定案的事实依据，本院予以确认。 ","cpfxgc":"本院认为，被告人罗明标违反法律规定，私自制造、买卖枪支，其行为已触犯《中华人民共和国刑法》第一百二十五条第一款的规定，构成非法制造、买卖枪支罪。被告人张文违法法律规定，私自买卖枪支，其行为已触犯《中华人民共和国刑法》第一百二十五条第一款的规定，构成非法买卖枪支罪。公诉机关指控被告人罗明标犯非法制造、买卖枪支罪，被告人张文非法买卖枪支罪的事实清楚、证据确实充分，罪名成立。罗明标提出廖某持有的枪支不是其制造的辩解理由，经查，在庭审中经张文辨认廖某持有的气枪系罗明标出售给自己，其又转卖给姚某，姚某再转卖给廖某的气枪。且有姚某的证人证言以及罗明标、廖某的辨认笔录在卷佐证，能够相互印证，形成证据锁链，故罗明标的辩解本院不予采信。被告人罗明标、张文到案后，能如实供述自己的罪行，按照《中华人民共和国刑法》第六十七条第三款的规定，是坦白，依法可以从轻处罚。综合罗明标、张文的犯罪情节、社会危害性以及其认罪、悔罪态度，根据《中华人民共和国刑法》第一百二十五条第一款、第四十五条、第七十二条、第七十三条、第六十七条第三款、第六十四条的规定，判决如下：","pjjg":" 一、被告人罗明标犯非法制造、买卖枪支罪，判处有期徒刑三年； （刑期从判决执行之日起计算。判决执行以前先行羁押的，羁押一日折抵刑期一日，即自2018年10月18日起至2021年10月17日止） 二、被告人张文犯非法买卖枪支罪，判处有期徒刑三年，缓刑三年； （缓刑考验期限，从判决确定之日起计算。） 三、罗明标违法所得6800.00元，继续予以追缴，上缴国库； 四、扣押在案的气枪两支、智能手机两部、夹钳一把、剪钳一把、铅弹441颗、消声器一个、打磨机一台、铅丝一卷、台钻一台、磨光机一台、千斤顶一个、钢珠一包依法予以没收，由扣押机关依法处理。 如不服本判决，可在接到判决书的第二天起十日内，通过本院或者直接向贵州省黔东南苗族侗族自治州中级人民法院提出上诉。书面上诉的，应当提交上诉状正本一份，副本二份。","qw":"贵州省岑巩县人民法院 刑事判决书 （2019）黔2626刑初27号 公诉机关岑巩县人民检察院。 被告人罗明标，男，1996年5月5日出生，汉族，初中文化，无业，贵州省岑巩县人，住岑巩县。2018年10月18日因涉嫌非法制造、买卖枪支罪被岑巩县公安局刑事拘留，同年11月24日被岑巩县公安局执行逮捕。现羁押在岑巩县看守所。 被告人张文，男，1982年10月6日出生，汉族，初中文化，务工，贵州省铜仁市玉屏县人，住玉屏县。2018年10月19日因涉嫌非法买卖枪支罪被岑巩县公安局刑事拘留，同年11月6日被岑巩县公安局取保候审。现在其家中。 岑巩县人民检察院以岑检公诉刑诉﹝2019﹞20号起诉书指控被告人罗明标犯非法制造、买卖枪支罪，被告人张文非法买卖枪支罪，于2019年2月21日向本院提起公诉。本院受理后，依法组成合议庭适用普通程序，公开开庭进行了审理。岑巩县人民检察院指派检察员杨军出庭支持公诉，被告人罗明标、张文均到庭参加诉讼。现已审理终结。 岑巩县人民检察院指控，1、2018年5月份以来，被告人罗明标以营利为目的，先后购买气枪零件在其位于岑巩县思旸镇思州高地第二单元1505室及岑巩县天马镇的家中组装成气枪后，通过微信朋友圈宣传的方式出售气枪。2018年6月，被告人张文通过微信搜索发现被告人罗明标在微信朋友圈上出售气枪，遂以900.00元的价格给罗明标购买了一支气枪（俗称“快排”）。2018年9月，被告人张文将气枪用坏，只剩下瞄准镜和气瓶，用微信联系罗明标，要罗明标重新组装一支气枪（俗称“秃”）。几天后，被告人罗明标将一支组装好的气枪以2800.00元的价格卖给张文。被告人张文将气枪带回家中装上气瓶和瞄准镜后，该气枪便能正常击发。被告人张文非法持有的气枪被岑巩县公安局民警从其家中搜查出来后，依法予以扣押。经贵州省公安局司法鉴定中心鉴定，是以气体为动力的枪支。 2、2018年7月，被告人张文以4000.00元的价格给被告人罗明标购买了一支气枪。随后，被告人张文将气枪卖给岑巩县思旸镇新兴村大园组村民姚某，姚某又将气枪卖给岑巩县天马镇岩湾村河沟脚组村民廖某。廖某非法持有的气枪被岑巩县公安局民警从其家中搜查出来后，依法予以扣押。经贵州省公安司法鉴定中心鉴定，是以气体为动力的枪支。 被告人罗明标、张文到案后，均如实供述犯罪事实。针对起诉书所指控的事实，公诉机关向法庭提供了相应的证据予以证实。公诉机关认为，被告人罗明标、张文的行为触犯了《中华人民共和国刑法》第一百二十五条第一款之规定，已构成非法制造、买卖枪支罪，提请本院依法惩处。 被告人罗明标、张文对公诉机关指控的犯罪事实和罪名均无异议，但罗明标提出廖某持有的枪支不是自己制造的。 经审理查明，2018年5月份左右，被告人罗明标先后在网络上购买气枪零件，并在其位于岑巩县思旸镇思州高地第二单元1505室及岑巩县天马镇的家中组装成气枪。随后通过发微信朋友圈出售气枪。2018年6月至9月期间，被告人张文通过微信分别以2800.00元、4000.00元的价格向被告人罗明标购买了二支气枪。不久，被告人张文将其中一只气枪卖给姚某，姚某又将气枪卖给廖某。经贵州省公安司法鉴定中心鉴定，张文、廖某非法持有的气枪是以气体为动力的枪支。 另查明，被告人张文、廖秀彬非法持有的气枪被岑巩县公安局民警从其家中搜查出来后，依法予以扣押。被告人罗明标、张文到案后，均如实供述自己的犯罪事实。 上述事实有公诉机关当庭出示的下列证据予以证实： 一、书证 1、受案登记表、立案决定书、传唤证、拘留证、拘留通知书、变更羁押期限通知书、逮捕证、释放通知书、取保候审决定书证实：案件来源、立案时间以及被告人罗明标、张文被采取强制措施的情况。 2、户籍证明证实：被告人罗明标、张文已达应负刑事责任年龄。 3、张文持有气枪扣押清单（附照片）证实：2018年10月19日岑巩县公安局公共信息网络安全监察大队扣押了张文持有的气枪一支，该气枪用一军绿色背包包裹，黑色木质枪身，枪管黑色漆脱落为银白色的事实。 4、罗明标手机扣押清单证实：2018年10月18日岑巩县公安局公共信息网络安全监察大队扣押了罗明标的金色iphone牌A1700型手机一部。 5、接受证据材料清单证实：2018年10月22日岑巩县公安局天马派出所接受廖某提交来的一支气枪，该气枪为黑色铁质，气枪上装有一黑色瞄准。同月25日岑巩县公安局天马派出所将廖某提交来的一支气枪移交给岑巩县公安局刑侦大队的事实。 二、证人证言 1、姚某证言证实：张文以4000.00元的价格将一支气枪卖给其，其将这支气枪又卖给廖某的事实。 2、廖某证言证实：姚某卖了一支气枪给其的事实。 三、被告人供述与辩解 1、被告人罗明标的供述与辩解。证实：2018年5月份，其先后在网上购买枪管、消声器、过桥、击锤等气枪配件组装枪支，并在朋友圈出售。罗明标通过微信先后卖了四支气枪给张文的事实。 2、被告人张文的供述与辩解证实：2018年其通过手机微信搜索附近的人，看到罗明标在出售气枪，其2018年6月至9月期间先后给罗明标购买了四支气枪。 四、鉴定意见证 贵州省公安司法鉴定中心鉴定书证实：张文持有的送检编号为HJ-2018-0021-J002的枪支、廖某持有的送检编号为HJ-2018-0021-J004的枪支均是以气体为动力的枪支。 五、勘验、检查笔录 1、搜查笔录证实：2018年10月18日10时58分至11时48分，岑巩县公安局对当事人罗明标现住址岑巩县思州高地二单元1505室及贵H×××＊＊白色BISU牌T5型SUV越野车进行搜查。搜查出一把制造铅弹的夹钳、一台台式剪钳、一包用塑料袋包装的铅弹、黑色的消音器、一台式电动打磨机、一卷铅丝、一支未组装完成的气枪、一根钢管、一包钢珠，并当场予以扣押的事实。 2、搜查笔录证实：2018年10月18日14时23分至14时52分，岑巩县公安局对当事人罗明标位于岑巩县天马镇天马村罗下寨组家中进行搜查。搜查出红剪牌磨光机一台、筒状千斤顶一个，并当场予以扣押的事实。 3、搜查笔录证实：2018年10月24日18时24分至18时46分，岑巩县公安局对廖某位于岑巩县天马镇岩湾村河沟脚组家中进行搜查。搜查出一支拆散的气枪，并当场予以扣押的事实。 4、罗明标手机检查笔录证实：2018年11月21日，检查罗明标持有的手机，打开微信聊天软件，进入“我”的页面，发现头像的图片上有一支“枪”，后有“小林1376”字样，微信号为“xiaolin1376”。上传在微信朋友圈内的图片或小视频都是与枪有关的，目的是为了打广告销售枪支。其称还使用一个微信名为“CC”的微信号，因忘记登录密码无法登录，该微信昵称是“国际私法会会长”的事实。 5、张文手机检查笔录证实：2018年11月22日，检查张文持有的手机，打开微信聊天软件，进入微信“我”的界面，微信昵称为“森太之家装饰装潢”，微信通讯录中发现标注有“枪友”和“小林1376”，点击“枪友”微信进入，发现该呢称为“国际私法联合会会长”，点击“小林1376”微信进入，昵称为“小林1376”，微信号为“xiaolin1376”的事实。 6、张文辨认笔录二份证实：2018年11月14日17时26分至17时38分，张文辨认出7号姚某就是花4000元钱购买自己在网上购买的气枪的人。2018年11月22日，张文辨认出4号罗明标就是与其交易枪支，微信名为“CC”的人。 7、罗明标辨认笔录证实：2019年2月15日，罗明标辨认出第一组1-5号编排的气枪中从左侧起第2支使用迷彩布缠住枪身的气枪系其制造并出卖的气枪；辨认出第二组1-5号编排的气枪中从左侧起第4支黑色枪身、木质枪柄的气枪系其制造并出卖的气枪。 上述证据均经当庭举证、质证，来源合法，内容客观真实，能够作为定案的事实依据，本院予以确认。 本院认为，被告人罗明标违反法律规定，私自制造、买卖枪支，其行为已触犯《中华人民共和国刑法》第一百二十五条第一款的规定，构成非法制造、买卖枪支罪。被告人张文违法法律规定，私自买卖枪支，其行为已触犯《中华人民共和国刑法》第一百二十五条第一款的规定，构成非法买卖枪支罪。公诉机关指控被告人罗明标犯非法制造、买卖枪支罪，被告人张文非法买卖枪支罪的事实清楚、证据确实充分，罪名成立。罗明标提出廖某持有的枪支不是其制造的辩解理由，经查，在庭审中经张文辨认廖某持有的气枪系罗明标出售给自己，其又转卖给姚某，姚某再转卖给廖某的气枪。且有姚某的证人证言以及罗明标、廖某的辨认笔录在卷佐证，能够相互印证，形成证据锁链，故罗明标的辩解本院不予采信。被告人罗明标、张文到案后，能如实供述自己的罪行，按照《中华人民共和国刑法》第六十七条第三款的规定，是坦白，依法可以从轻处罚。综合罗明标、张文的犯罪情节、社会危害性以及其认罪、悔罪态度，根据《中华人民共和国刑法》第一百二十五条第一款、第四十五条、第七十二条、第七十三条、第六十七条第三款、第六十四条的规定，判决如下： 一、被告人罗明标犯非法制造、买卖枪支罪，判处有期徒刑三年； （刑期从判决执行之日起计算。判决执行以前先行羁押的，羁押一日折抵刑期一日，即自2018年10月18日起至2021年10月17日止） 二、被告人张文犯非法买卖枪支罪，判处有期徒刑三年，缓刑三年； （缓刑考验期限，从判决确定之日起计算。） 三、罗明标违法所得6800.00元，继续予以追缴，上缴国库； 四、扣押在案的气枪两支、智能手机两部、夹钳一把、剪钳一把、铅弹441颗、消声器一个、打磨机一台、铅丝一卷、台钻一台、磨光机一台、千斤顶一个、钢珠一包依法予以没收，由扣押机关依法处理。 如不服本判决，可在接到判决书的第二天起十日内，通过本院或者直接向贵州省黔东南苗族侗族自治州中级人民法院提出上诉。书面上诉的，应当提交上诉状正本一份，副本二份。 审判长刘萍 审判员徐鹏飞 人民陪审员柳仁敦 二〇一九年五月二十八日 书记员欧雪梅","writId":"0257c1d17d91f8a4b3b3c34595d0e167cf3","writName":"罗明标、张文非法制造、买卖、运输、邮寄、储存枪支、弹药、爆炸物一审刑事判决书"}
