{"ajId":"1a7a2ead-5327-41f7-ab6f-56f79b6dfd41","ajName":"潘某军走私、贩卖、运输、制造毒品一案","ajjbqk":" 广东省广州市增城区人民检察院指控：2018年6月5日13时许，被告人潘某军携带一小包毒品去到广州市增城区荔城街荔城大道林场一公交站附近，以人民币300元的价格贩卖给邱某2某，交易完后被当场抓获，缴获毒品净重0.3克和毒资人民币300元（缴获毒品中检出甲基苯丙胺成分）。 公诉机关认为，被告人潘某军的行为已构成贩卖毒品罪。鉴于被告人潘某军归案后能如实供述其罪行，依法可从轻处罚。提请本院依照《中华人民共和国刑法》第三百四十七条、第六十七条第三款的规定判处刑罚，并建议对被告人潘某军在有期徒刑九个月至十一个月的幅度内量刑，并处罚金。 上述事实，被告人潘某军在开庭审理过程中无异议，并有受案登记表、立案决定书；抓获经过；户籍资料；现场勘验笔录、现场图及现场照片；搜查笔录、扣押笔录、扣押清单、接受证据清单；提取笔录、称量取样笔录、广东省广州市增城区公安司法鉴定中心出具的穗增公（司）鉴（理化）字［2018］00259号检验报告；证人邱某1的证言及其对被告人潘某军的辨认材料，并指认了缴获毒品、毒资、作案现场的照片；被告人潘某军的供述及其指认了缴获毒品、毒资、作案工具照片等证据证实，足以认定。 ","cpfxgc":"本院认为，被告人潘某军无视国家法律，违反国家毒品管理法规，明知是毒品甲基苯丙胺而向他人贩卖，其行为已构成贩卖毒品罪。公诉机关指控被告人潘某军犯贩卖毒品罪的事实清楚，证据确实、充分，罪名成立，本院予以支持。被告人潘某军归案后能如实供述其罪行，依法可从轻处罚。公诉机关提出的量刑建议与被告人潘某军的罪责刑相适应，本院予以采纳。依照《中华人民共和国刑法》第三百四十七条第一款、第四款、第六十七条第三款、第五十二条、第五十三条、第六十四条和《最高人民法院关于适用财产刑若干问题的规定》第二条、第五条之规定，判决如下：","pjjg":" 一、被告人潘某军犯贩卖毒品罪，判处有期徒刑九个月，并处罚金人民币二千元。 （刑期从判决执行之日起计算。判决执行以前先行羁押的，羁押一日折抵刑期一日，即自2018年6月5日至2019年3月4日止；罚金自本判决发生法律效力次日起十日内向本院一次缴纳，上缴国库。） 二、缴获的毒品甲基苯丙胺0.3克，予以没收、销毁（由广州市公安局增城区分局执行）。 如不服本判决，可在接到判决书的第二日起十日内，通过本院或者直接向广东省广州市中级人民法院提出上诉，书面上诉的，应当提交上诉状正本一份，副本二份。","qw":"广东省广州市增城区人民法院 刑事判决书 （2018）粤0118刑初1270号 公诉机关广东省广州市增城区人民检察院。 被告人潘某军，男，1988年12月12日出生，汉族，广东省广州市人，文化程度中专，户籍地址广东省广州市增城区。因本案于2018年6月5日被羁押，同日被刑事拘留，同年7月6日被逮捕。现被押于广东省广州市增城区看守所。 广东省广州市增城区人民检察院以穗增检诉刑诉［2018］1387号起诉书指控被告人潘某军犯贩卖毒品罪，于2018年9月28日向本院提起公诉。本院依法适用简易程序，实行独任审理，公开开庭审理了本案。广东省广州市增城区人民检察院指派检察员龚冠丞出庭支持公诉，被告人潘某军到庭参加诉讼。现已审理终结。 广东省广州市增城区人民检察院指控：2018年6月5日13时许，被告人潘某军携带一小包毒品去到广州市增城区荔城街荔城大道林场一公交站附近，以人民币300元的价格贩卖给邱某2某，交易完后被当场抓获，缴获毒品净重0.3克和毒资人民币300元（缴获毒品中检出甲基苯丙胺成分）。 公诉机关认为，被告人潘某军的行为已构成贩卖毒品罪。鉴于被告人潘某军归案后能如实供述其罪行，依法可从轻处罚。提请本院依照《中华人民共和国刑法》第三百四十七条、第六十七条第三款的规定判处刑罚，并建议对被告人潘某军在有期徒刑九个月至十一个月的幅度内量刑，并处罚金。 上述事实，被告人潘某军在开庭审理过程中无异议，并有受案登记表、立案决定书；抓获经过；户籍资料；现场勘验笔录、现场图及现场照片；搜查笔录、扣押笔录、扣押清单、接受证据清单；提取笔录、称量取样笔录、广东省广州市增城区公安司法鉴定中心出具的穗增公（司）鉴（理化）字［2018］00259号检验报告；证人邱某1的证言及其对被告人潘某军的辨认材料，并指认了缴获毒品、毒资、作案现场的照片；被告人潘某军的供述及其指认了缴获毒品、毒资、作案工具照片等证据证实，足以认定。 本院认为，被告人潘某军无视国家法律，违反国家毒品管理法规，明知是毒品甲基苯丙胺而向他人贩卖，其行为已构成贩卖毒品罪。公诉机关指控被告人潘某军犯贩卖毒品罪的事实清楚，证据确实、充分，罪名成立，本院予以支持。被告人潘某军归案后能如实供述其罪行，依法可从轻处罚。公诉机关提出的量刑建议与被告人潘某军的罪责刑相适应，本院予以采纳。依照《中华人民共和国刑法》第三百四十七条第一款、第四款、第六十七条第三款、第五十二条、第五十三条、第六十四条和《最高人民法院关于适用财产刑若干问题的规定》第二条、第五条之规定，判决如下： 一、被告人潘某军犯贩卖毒品罪，判处有期徒刑九个月，并处罚金人民币二千元。 （刑期从判决执行之日起计算。判决执行以前先行羁押的，羁押一日折抵刑期一日，即自2018年6月5日至2019年3月4日止；罚金自本判决发生法律效力次日起十日内向本院一次缴纳，上缴国库。） 二、缴获的毒品甲基苯丙胺0.3克，予以没收、销毁（由广州市公安局增城区分局执行）。 如不服本判决，可在接到判决书的第二日起十日内，通过本院或者直接向广东省广州市中级人民法院提出上诉，书面上诉的，应当提交上诉状正本一份，副本二份。 审判员陈艾菁 二〇一八年十月十八日 书记员王嘉雯 附相关法条： 《中华人民共和国刑法》 第三百四十七条走私、贩卖、运输、制造毒品，无论数量多少，都应当追究刑事责任，予以刑事处罚。 走私、贩卖、运输、制造毒品，有下列情形之一的，处十五年有期徒刑、无期徒刑或者死刑，并处没收财产： （一）走私、贩卖、运输、制造鸦片一千克以上、海洛因或者甲基苯丙胺五十克以上或者其他毒品数量大的； （二）走私、贩卖、运输、制造毒品集团的首要分子； （三）武装掩护走私、贩卖、运输、制造毒品的； （四）以暴力抗拒检查、拘留、逮捕，情节严重的； （五）参与有组织的国际贩毒活动的。 走私、贩卖、运输、制造鸦片二百克以上不满一千克、海洛因或者甲基苯丙胺十克以上不满五十克或者其他毒品数量较大的，处七年以上有期徒刑，并处罚金。 走私、贩卖、运输、制造鸦片不满二百克、海洛因或者甲基苯丙胺不满十克或者其他少量毒品的，处三年以下有期徒刑、拘役或者管制，并处罚金；情节严重的，处三年以上七年以下有期徒刑，并处罚金。 单位犯第二款、第三款、第四款罪的，对单位判处罚金，并对其直接负责的主管人员和其他直接责任人员，依照各该款的规定处罚。 利用、教唆未成年人走私、贩卖、运输、制造毒品，或者向未成年人出售毒品的，从重处罚。 对多次走私、贩卖、运输、制造毒品，未经处理的，毒品数量累计计算。","writId":"01587d184f1772bf0222f55e70c84e8dca6","writName":"潘某军走私、贩卖、运输、制造毒品一审刑事判决书"}
