{"ajId":"21f88bb3-cf95-431a-a499-5ecd2311d8e5","ajName":"高桃美诈骗一案","ajjbqk":" 陆良县人民检察院指控：被告人高桃美多次使用他人信用卡，以付费借款偿还信用卡透支，虚假消费刷卡套现还款的方式，诱骗被害人为其还款后更改信用卡信息并失联，致使被害人未能刷卡套回借款；1、2014年10月13日，被告人高桃美窜至陆良县正和商贸店，诱骗店主李某143040元钱；2、2014年10月20日，被告人高桃美窜至陆良县凤缘服装店，诱骗店主罗某59600元钱；3、2014年10月26日，被告人高桃美窜至陆良县货店，诱骗店主王某144000元钱。上述事实，公诉机关列举了相关书证、证人证言、被害人陈述、被告人供述等证据。公诉机关认为，本案犯罪事实清楚，证据确实、充分，被告人高桃美无视国家法律，以非法占有为目的，骗取财物，数额巨大，其行为已触犯《中华人民共和国刑法》第二百六十六条之规定，应以诈骗罪追究其刑事责任。建议对其在三年以上十年以下有期徒刑量刑，并处罚金。 被告人高桃美对起诉书指控的罪名及事实无异议。 辩护人胡昌林认为本案属民间借贷纠纷，应当宣告被告人无罪。 经审理查明：1、2014年10月13日，被告人高桃美在陆良县正和商贸店，持其姐姐高某2的中国光大银行时尚信用卡（卡号35×××59），以支付一定手续费，请店主李某1代还信用卡欠款，第二日再从信用卡中将垫付款项扣回，诱骗店主李某1当日为高某2的信用卡还款20000元，第二日（10月14日）李某1从该卡套回现金19960元后，再次为该卡还款43000元。扣除已套回的现金，李某1实际为高某2的信用卡还款共计43040元，还款到账后信用卡密码即被更改，高桃美失踪。现已追退人民币10000元。 2、2014年10月20日，被告人高桃美在陆良县凤缘服装店，持其姐姐高某1的中国民生银行信用卡（卡号62×××72）、高某2的中国光大银行时尚信用卡（卡号35×××59），以相同方法诱骗店主罗某为高某1的信用卡还款18600元，为高某2的信用卡还款41000元，共计人民币59600元钱，还款到账后信用卡密码即被更改，高桃美失踪。现已追退人民币20000元。 3、2014年10月26日，被告人高桃美在陆良县货店，用相同方法诱骗店主王某1为其姐姐高某2的中国光大银行信用卡（卡号48×××88）还款人民币44000元，后更改密码失踪。 上述事实，有公诉机关列举并经法庭质证、认证的下列证据证实： 1、收案登记表，证实被害人罗某于2014年11月10日到陆良县中枢派出所、被害人王某1于2014年10月30日到陆良县同乐派出所报案称被高桃美骗还信用卡欠款后无法套回本金的事实。同时证实中枢派出所民警于2015年6月25日在工作中发现被告人高桃美用相同方法诈骗李某1的事实。 2、被告人高桃美的供述，证实其在2014年10月份的一天，在陆良县凤缘服装店，其大姐高某1的民生银行信用卡欠款18600元，小姐姐高某2的光大银行信用卡欠款41000元，协商后由女店主罗某帮助还款，其将两张信用卡及其本人的临时身份证放在店里，其告诉罗某的信用卡密码是错误的（后交代是其将密码改掉），罗某还款后，垫付款项没有能扣回，其补卡后将钱用于还其他欠款。同年10月底的一天，陆良县货店的女店主王某1帮其归还其持有的高某2的光大银行信用卡欠款44000元，由于高某2的另一张光大银行信用卡被罗某扣着（后交代是其将密码改掉），导致王某1代还的这张信用卡不能使用，垫付款项没能扣回。2014年10月的一天，其还在陆良县城同乐安置房小区山某家店里，由山某的媳妇代其归还高某2的信用卡欠款63000元，其本人写了一个欠条，并将高某2的信用卡、其本人的身份证押在店里，还款后，山某家扣回了大约20000元的垫付款，其就将密码改掉，补卡后透支使用。同时，其交待高某1、高某2对其借出信用卡后使用情况不知情。 3、被害人罗某的陈述，证实其在2014年10月20日下午3点左右，高桃美拿着两张信用卡到其店里办理还款，其通过“拉卡拉”机子为高桃美持有的高某1的信用卡还款18600元，通过陆良县商业银行为高某2的信用卡还款41000元，当天下午5点左右，其用高桃美押在店里的信用卡查询时，发现两张信用卡的密码都被改了，高桃美下落不明，只好报案。另证实，案发后，高桃美及家人共还款20000元。 4、被害人王某1的陈述，证实其在2014年10月26日上午12时许，高桃美拿着信用卡到其店里办理还款，其通过网银转账在高某2的信用卡还款44000元，当天下午5点，其用高桃美押在店里的信用卡查询时，发现信用卡的密码被改了，高桃美下落不明，只好报案。垫付款项至今未还。 5、被害人李某1的陈述，证实2014年10月13日下午6点左右，高桃美与高某1到其店里，高桃美拿出一张信用卡（卡主高某2）要求代其还款，其代还款63000元，高桃美写了一张借条，并将信用卡及临时身份证押在店里，第二天，其从卡里套回19600元，高桃美知道后（有短信），打电话给其要求到晚上再套取使用，没有想到到晚上卡就不能使用，打电话不回。经催要，高某1赔偿了10000元，现在还差着33400元。 6、证人高某1的证言，证实其在2013年办理了一张民生银行的信用卡（尾号为4172）。2014年七八月份的一天，其妹妹高桃美到其店里说家里盖房子，钱不够要借信用卡，其将信用卡拿给高桃美，并告诉了密码。2014年11月的一天，一个姓罗的女人找到其店里，说高桃美用其信用卡还款后，将密码改掉，要其赔偿20000元。2014年10月底的一天晚上，高桃美借其的电话，到第二天才还，应该是她用电话改的密码，并将卡主的电话改为她的电话号码。 7、证人高某2的证言，证实其有三张信用卡，在光大银行办理了二张信用卡，一张主卡、一张副卡，其妹妹高桃美在2014年9月底的时候，借的就是这张信用卡，2014年10月初，短信提示卡上入了一笔款，第二天又提示那笔款转出去掉，接着高桃美打电话让其把密码改掉，卡她不用了，但卡在她朋友那里，其就将密码改掉，后一直催她还卡，但没有还。其在高桃美手中的信用卡有三张，光大银行的信用卡其已经申请补卡补回来了。高桃美在外面做的事情其不清楚，其知道的有三伙人，高桃美用高某1的信用卡给别人借过20000元，用其的信用卡借过80000元左右，借款的目的其不清楚。 8、相关书证：（1）罗某提交的高桃美要求其代还款的二张信用卡复印件、高桃美的临时身份证复印件、“拉卡拉”支付凭证复印件二张、曲靖市商业银行转账凭证复印件二张。（2）王某1提交的工商银行电子银行回单复印件一份、被告人高桃美的电话号码、密码、需要还款金额的纸条复印件一张。（3）李某1提交的高桃美的临时身份证复印件一份、借条一张、“拉卡拉”支付及套现凭证复印件二张、转账凭证复印件一份。上述书证，证实被告人高桃美诈骗金额入账情况，其中诈骗罗某59600元；诈骗王某144000元；李某1家垫付信用卡还款63000元，第二天套回垫付款为19960元，实际损失金额为43040元。（4）高某2的光大银行信用卡（卡号35×××59）2015年2月28日至7月27日的借贷信息，与本案指控事实无关。高某2的光大银行信用卡（卡号48×××88）2014年9月28日至10月28的借贷情况，能够证实2014年10月26日该卡转账还款44000元，与王某1的证言能够相互印证。光大银行证明一份，证实高某2的光大银行信用卡（卡号48×××88）于2012年6月8日核发，截至2015年8月19日已还清用卡账户全部欠款，账户状态为正常。（5）高某1的民生银行信用卡（卡号62×××72）2013年11月27日至2015年9月12日的借贷情况，能够证实2014年10月20日该卡分二笔转账还款18600元，与罗某的证言能够相互印证。 9、说明材料，证实高某2的光大银行信用卡及高某1的民生银行信用卡的查询情况。 被告人高桃美没有提交证据进行质证。 辩护人胡昌林提交了下列证据： 1、被告人高桃美及其子王某2燃的常住人口登记卡复印件各一份、王某2燃的出生医学证明一份（2014年8月5人出生），欲证实被告人及子女的基本情况，被告人在被采取强制措施时属在哺乳期的妇女。 2、光大银行账户交易明细复印件二张，高某2尾号为4688的信用卡2014年10月26日存入44000元，尾号为0218的信用卡2014年10月31日昆明市官渡区良晟建材支出28598元，欲证实王某1为高某2的信用卡还款44000元，高某2赔偿王某128598元。该账单同时证实高某2尾号为2859的光大银行信用卡在2014年10月13日存入20000元，10月14日存入43000元，当日套现19960元，在2014年10月20日存入41000元，10月24日申请挂失。与被害人李某1陈述的转款及套现时间、金额相吻合，与罗某陈述的转款时间、金额相吻合。 3、借条复印件一张、本院生效的（2015）陆民初字第54号民事判决书，欲证实起诉书指控的第一起事实中的欠款已按民间借贷纠纷在2015年2月11日判处。 4、收条二张、还款计划一张、谅解书一份，欲证实被告人家已赔偿罗某20000元，被告人高桃美的父亲高某3代高桃美赔偿罗某的还款计划，被害人罗某对被告人高桃美的谅解。 上述证据，经质证，公诉机关对证据1没有意见，其他证据认为无法核实。 本院认为，辩护人列举的证据1证实的情况属实，但现在本院审理阶段被告人已过哺乳期，侦查阶段未对哺乳期的嫌疑人采取非监禁的措施，不在本院审理范围；证据2中，高某2尾号为0218的信用卡2014年10月31日昆明市官渡区良晟建材支出的28598元，没有其他证据佐证是赔偿被害人王某1的款项，王某1亦否认收到该款，不予采纳。对其他与本案关联的记载信息，予以采纳；证据3，经本院核实原告山某起诉被告高某1民间借贷纠纷案中涉及的案件事实、金额与起诉书指控的被告人高桃美诈骗李某1（山某之妻）43040元的事实属同一起事实，予以采纳。证据4，经本院核实收条中的还款金额与罗某在侦查阶段的陈述一致，谅解书经询问罗某是其本人签名同意的，还款计划是被告人家属对涉案款物的退赃态度，予以采纳。 ","cpfxgc":"本院认为，被告人高桃美借其姐姐高某1、高某2的信用卡，以归还信用卡欠款，骗取被害人李某1、罗某、王某1的垫付款共计146640元，数额巨大，款项到帐后修改密码被告人失踪，致被害人垫付款无法归还，其行为已构成诈骗罪。公诉机关指控的罪名成立。公诉机关指控的第一起事实，被害人李某1虽然没有报案，并按民间借贷纠纷诉至本院作出判决，但被告人高桃美以非法占有为目的的主观故意明显，截至一审判决前未归还，公诉机关指控的事实成立。被告人高桃美归案后如实供述自己的犯罪事实，其中第一起属被告人归案后交待的侦查机关未掌握的同种犯罪事实，系坦白，取得被害人罗某的谅解，可从轻处罚。辩护人认为本案属民间借贷纠纷的观点，不予采纳。据此，根据《中华人民共和国刑法》第二百六十六条，第六十七条第三款，第六十四条之规定，判决如下：","pjjg":" 一、被告人高桃美犯诈骗罪，判处有期徒刑四年，并处罚金人民币五万元。 （刑期自判决执行之日起计算。判决执行以前先行羁押的，羁押一日折抵刑期一日，即自2015年6月23日起至2019年6月22日止，罚金限判决生效后三个月内缴纳）。 二、责令被告人高桃美退赔李某1、罗某、王某1的被骗款项。 如不服本判决，可在接到判决书的第二日起十日内，通过本院或者直接向云南省曲靖市中级人民法院提出上诉。书面上诉的，应当提交上诉状正本一份，副本二份。","qw":"云南省陆良县人民法院 刑事判决书 （2015）陆刑初字第312号 公诉机关陆良县人民检察院。 被告人高桃美，女，1990年7月14日出生于云南省陆良县，汉族，初中文化，农民，户籍所在地陆良县。因涉嫌犯诈骗罪于2015年6月23日被陆良县公安局刑事拘留，同年7月30日被执行逮捕。现羁押于陆良县看守所。 辩护人胡昌林，云南友元律师事务所律师。 陆良县人民检察院以陆检公诉刑诉（2015）252号起诉书指控被告人高桃美犯诈骗罪，于2015年11月6日向本院提起公诉。本院依法组成合议庭，公开开庭审理了本案。陆良县人民检察院代理检察员徐万兵出庭支持公诉，被告人高桃美、辩护人胡昌林到庭参加诉讼。现已审理终结。 陆良县人民检察院指控：被告人高桃美多次使用他人信用卡，以付费借款偿还信用卡透支，虚假消费刷卡套现还款的方式，诱骗被害人为其还款后更改信用卡信息并失联，致使被害人未能刷卡套回借款；1、2014年10月13日，被告人高桃美窜至陆良县正和商贸店，诱骗店主李某143040元钱；2、2014年10月20日，被告人高桃美窜至陆良县凤缘服装店，诱骗店主罗某59600元钱；3、2014年10月26日，被告人高桃美窜至陆良县货店，诱骗店主王某144000元钱。上述事实，公诉机关列举了相关书证、证人证言、被害人陈述、被告人供述等证据。公诉机关认为，本案犯罪事实清楚，证据确实、充分，被告人高桃美无视国家法律，以非法占有为目的，骗取财物，数额巨大，其行为已触犯《中华人民共和国刑法》第二百六十六条之规定，应以诈骗罪追究其刑事责任。建议对其在三年以上十年以下有期徒刑量刑，并处罚金。 被告人高桃美对起诉书指控的罪名及事实无异议。 辩护人胡昌林认为本案属民间借贷纠纷，应当宣告被告人无罪。 经审理查明：1、2014年10月13日，被告人高桃美在陆良县正和商贸店，持其姐姐高某2的中国光大银行时尚信用卡（卡号35×××59），以支付一定手续费，请店主李某1代还信用卡欠款，第二日再从信用卡中将垫付款项扣回，诱骗店主李某1当日为高某2的信用卡还款20000元，第二日（10月14日）李某1从该卡套回现金19960元后，再次为该卡还款43000元。扣除已套回的现金，李某1实际为高某2的信用卡还款共计43040元，还款到账后信用卡密码即被更改，高桃美失踪。现已追退人民币10000元。 2、2014年10月20日，被告人高桃美在陆良县凤缘服装店，持其姐姐高某1的中国民生银行信用卡（卡号62×××72）、高某2的中国光大银行时尚信用卡（卡号35×××59），以相同方法诱骗店主罗某为高某1的信用卡还款18600元，为高某2的信用卡还款41000元，共计人民币59600元钱，还款到账后信用卡密码即被更改，高桃美失踪。现已追退人民币20000元。 3、2014年10月26日，被告人高桃美在陆良县货店，用相同方法诱骗店主王某1为其姐姐高某2的中国光大银行信用卡（卡号48×××88）还款人民币44000元，后更改密码失踪。 上述事实，有公诉机关列举并经法庭质证、认证的下列证据证实： 1、收案登记表，证实被害人罗某于2014年11月10日到陆良县中枢派出所、被害人王某1于2014年10月30日到陆良县同乐派出所报案称被高桃美骗还信用卡欠款后无法套回本金的事实。同时证实中枢派出所民警于2015年6月25日在工作中发现被告人高桃美用相同方法诈骗李某1的事实。 2、被告人高桃美的供述，证实其在2014年10月份的一天，在陆良县凤缘服装店，其大姐高某1的民生银行信用卡欠款18600元，小姐姐高某2的光大银行信用卡欠款41000元，协商后由女店主罗某帮助还款，其将两张信用卡及其本人的临时身份证放在店里，其告诉罗某的信用卡密码是错误的（后交代是其将密码改掉），罗某还款后，垫付款项没有能扣回，其补卡后将钱用于还其他欠款。同年10月底的一天，陆良县货店的女店主王某1帮其归还其持有的高某2的光大银行信用卡欠款44000元，由于高某2的另一张光大银行信用卡被罗某扣着（后交代是其将密码改掉），导致王某1代还的这张信用卡不能使用，垫付款项没能扣回。2014年10月的一天，其还在陆良县城同乐安置房小区山某家店里，由山某的媳妇代其归还高某2的信用卡欠款63000元，其本人写了一个欠条，并将高某2的信用卡、其本人的身份证押在店里，还款后，山某家扣回了大约20000元的垫付款，其就将密码改掉，补卡后透支使用。同时，其交待高某1、高某2对其借出信用卡后使用情况不知情。 3、被害人罗某的陈述，证实其在2014年10月20日下午3点左右，高桃美拿着两张信用卡到其店里办理还款，其通过“拉卡拉”机子为高桃美持有的高某1的信用卡还款18600元，通过陆良县商业银行为高某2的信用卡还款41000元，当天下午5点左右，其用高桃美押在店里的信用卡查询时，发现两张信用卡的密码都被改了，高桃美下落不明，只好报案。另证实，案发后，高桃美及家人共还款20000元。 4、被害人王某1的陈述，证实其在2014年10月26日上午12时许，高桃美拿着信用卡到其店里办理还款，其通过网银转账在高某2的信用卡还款44000元，当天下午5点，其用高桃美押在店里的信用卡查询时，发现信用卡的密码被改了，高桃美下落不明，只好报案。垫付款项至今未还。 5、被害人李某1的陈述，证实2014年10月13日下午6点左右，高桃美与高某1到其店里，高桃美拿出一张信用卡（卡主高某2）要求代其还款，其代还款63000元，高桃美写了一张借条，并将信用卡及临时身份证押在店里，第二天，其从卡里套回19600元，高桃美知道后（有短信），打电话给其要求到晚上再套取使用，没有想到到晚上卡就不能使用，打电话不回。经催要，高某1赔偿了10000元，现在还差着33400元。 6、证人高某1的证言，证实其在2013年办理了一张民生银行的信用卡（尾号为4172）。2014年七八月份的一天，其妹妹高桃美到其店里说家里盖房子，钱不够要借信用卡，其将信用卡拿给高桃美，并告诉了密码。2014年11月的一天，一个姓罗的女人找到其店里，说高桃美用其信用卡还款后，将密码改掉，要其赔偿20000元。2014年10月底的一天晚上，高桃美借其的电话，到第二天才还，应该是她用电话改的密码，并将卡主的电话改为她的电话号码。 7、证人高某2的证言，证实其有三张信用卡，在光大银行办理了二张信用卡，一张主卡、一张副卡，其妹妹高桃美在2014年9月底的时候，借的就是这张信用卡，2014年10月初，短信提示卡上入了一笔款，第二天又提示那笔款转出去掉，接着高桃美打电话让其把密码改掉，卡她不用了，但卡在她朋友那里，其就将密码改掉，后一直催她还卡，但没有还。其在高桃美手中的信用卡有三张，光大银行的信用卡其已经申请补卡补回来了。高桃美在外面做的事情其不清楚，其知道的有三伙人，高桃美用高某1的信用卡给别人借过20000元，用其的信用卡借过80000元左右，借款的目的其不清楚。 8、相关书证：（1）罗某提交的高桃美要求其代还款的二张信用卡复印件、高桃美的临时身份证复印件、“拉卡拉”支付凭证复印件二张、曲靖市商业银行转账凭证复印件二张。（2）王某1提交的工商银行电子银行回单复印件一份、被告人高桃美的电话号码、密码、需要还款金额的纸条复印件一张。（3）李某1提交的高桃美的临时身份证复印件一份、借条一张、“拉卡拉”支付及套现凭证复印件二张、转账凭证复印件一份。上述书证，证实被告人高桃美诈骗金额入账情况，其中诈骗罗某59600元；诈骗王某144000元；李某1家垫付信用卡还款63000元，第二天套回垫付款为19960元，实际损失金额为43040元。（4）高某2的光大银行信用卡（卡号35×××59）2015年2月28日至7月27日的借贷信息，与本案指控事实无关。高某2的光大银行信用卡（卡号48×××88）2014年9月28日至10月28的借贷情况，能够证实2014年10月26日该卡转账还款44000元，与王某1的证言能够相互印证。光大银行证明一份，证实高某2的光大银行信用卡（卡号48×××88）于2012年6月8日核发，截至2015年8月19日已还清用卡账户全部欠款，账户状态为正常。（5）高某1的民生银行信用卡（卡号62×××72）2013年11月27日至2015年9月12日的借贷情况，能够证实2014年10月20日该卡分二笔转账还款18600元，与罗某的证言能够相互印证。 9、说明材料，证实高某2的光大银行信用卡及高某1的民生银行信用卡的查询情况。 被告人高桃美没有提交证据进行质证。 辩护人胡昌林提交了下列证据： 1、被告人高桃美及其子王某2燃的常住人口登记卡复印件各一份、王某2燃的出生医学证明一份（2014年8月5人出生），欲证实被告人及子女的基本情况，被告人在被采取强制措施时属在哺乳期的妇女。 2、光大银行账户交易明细复印件二张，高某2尾号为4688的信用卡2014年10月26日存入44000元，尾号为0218的信用卡2014年10月31日昆明市官渡区良晟建材支出28598元，欲证实王某1为高某2的信用卡还款44000元，高某2赔偿王某128598元。该账单同时证实高某2尾号为2859的光大银行信用卡在2014年10月13日存入20000元，10月14日存入43000元，当日套现19960元，在2014年10月20日存入41000元，10月24日申请挂失。与被害人李某1陈述的转款及套现时间、金额相吻合，与罗某陈述的转款时间、金额相吻合。 3、借条复印件一张、本院生效的（2015）陆民初字第54号民事判决书，欲证实起诉书指控的第一起事实中的欠款已按民间借贷纠纷在2015年2月11日判处。 4、收条二张、还款计划一张、谅解书一份，欲证实被告人家已赔偿罗某20000元，被告人高桃美的父亲高某3代高桃美赔偿罗某的还款计划，被害人罗某对被告人高桃美的谅解。 上述证据，经质证，公诉机关对证据1没有意见，其他证据认为无法核实。 本院认为，辩护人列举的证据1证实的情况属实，但现在本院审理阶段被告人已过哺乳期，侦查阶段未对哺乳期的嫌疑人采取非监禁的措施，不在本院审理范围；证据2中，高某2尾号为0218的信用卡2014年10月31日昆明市官渡区良晟建材支出的28598元，没有其他证据佐证是赔偿被害人王某1的款项，王某1亦否认收到该款，不予采纳。对其他与本案关联的记载信息，予以采纳；证据3，经本院核实原告山某起诉被告高某1民间借贷纠纷案中涉及的案件事实、金额与起诉书指控的被告人高桃美诈骗李某1（山某之妻）43040元的事实属同一起事实，予以采纳。证据4，经本院核实收条中的还款金额与罗某在侦查阶段的陈述一致，谅解书经询问罗某是其本人签名同意的，还款计划是被告人家属对涉案款物的退赃态度，予以采纳。 本院认为，被告人高桃美借其姐姐高某1、高某2的信用卡，以归还信用卡欠款，骗取被害人李某1、罗某、王某1的垫付款共计146640元，数额巨大，款项到帐后修改密码被告人失踪，致被害人垫付款无法归还，其行为已构成诈骗罪。公诉机关指控的罪名成立。公诉机关指控的第一起事实，被害人李某1虽然没有报案，并按民间借贷纠纷诉至本院作出判决，但被告人高桃美以非法占有为目的的主观故意明显，截至一审判决前未归还，公诉机关指控的事实成立。被告人高桃美归案后如实供述自己的犯罪事实，其中第一起属被告人归案后交待的侦查机关未掌握的同种犯罪事实，系坦白，取得被害人罗某的谅解，可从轻处罚。辩护人认为本案属民间借贷纠纷的观点，不予采纳。据此，根据《中华人民共和国刑法》第二百六十六条，第六十七条第三款，第六十四条之规定，判决如下： 一、被告人高桃美犯诈骗罪，判处有期徒刑四年，并处罚金人民币五万元。 （刑期自判决执行之日起计算。判决执行以前先行羁押的，羁押一日折抵刑期一日，即自2015年6月23日起至2019年6月22日止，罚金限判决生效后三个月内缴纳）。 二、责令被告人高桃美退赔李某1、罗某、王某1的被骗款项。 如不服本判决，可在接到判决书的第二日起十日内，通过本院或者直接向云南省曲靖市中级人民法院提出上诉。书面上诉的，应当提交上诉状正本一份，副本二份。 审判长杨润红 人民陪审员张绍桥 人民陪审员俞伟琦 二〇一五年十二月一日 书记员寸世凤","writId":"047cdbd6eee18bcb3ac0baf07ffec0190a4","writName":"高桃美诈骗一审刑事判决书"}
