{"ajId":"59c04449-b51a-44fa-9785-1a36ebefcef8","ajName":"李亚新等一案","ajjbqk":" 北京市丰台区人民检察院起诉书指控：2018年5月11日14时许，举报人王某在北京市公安局丰台分局东铁匠营派出所民警的监督下，通过电话向李亚新约购毒品，并向其微信转帐支付购毒款人民币1000元。当日19时许，被告人夏桂琴伙同李亚新商议由李亚新先到地铁4号线新宫地铁站西侧马路边接王某，然后将其带至在本市丰台区南庭新苑交付毒品，李亚新前往约定地点与王某见面时被民警当场抓获，后民警在北京市丰台区南四环外南庭新苑北区7号楼2单元608号将被告人夏桂琴抓获，并从其随身携带的挎包内起获白色可疑晶体三包。经鉴定，起获的三包白色可疑晶体均检出甲基苯丙胺，净重1.22克。 被告人夏桂琴、李亚新于2018年5月11日被北京市公安局丰台分局东铁匠营派出所传唤到案。被告人李亚新到案以后如实供述上述犯罪事实。 上述事实，被告人夏桂琴、李亚新在开庭审理过程中亦无异议，并有证人王某、马某、张某的证言，辨认笔录，北京市公安局丰台分局扣押决定书、扣押清单、扣押笔录、现场检测报告书、强制隔离戒毒决定书、吸毒成瘾认定意见书，北京市公安局海淀分局社区戒毒决定书，北京市公安局丰台分局东铁匠营派出所称量笔录、现场提取笔录、取样笔录，微信转账记录及微信聊天记录照片，通话记录，涉案照片，北京通达法正司法鉴定中心司法鉴定意见书，北京市公安司法鉴定中心检验报告，北京市公安局收缴毒品清单，北京市海淀区人民法院刑事判决书，北京市第三看守所刑满释放证明书，人员信息，视听资料，北京市公安局丰台分局东铁匠营派出所出具的工作说明、到案经过、破案报告，被告人夏桂琴的供述，被告人李亚新在公安机关的供述为证，足以认定。 ","cpfxgc":"本院认为，被告人夏桂琴、李亚新无视国家法律，结伙向他人贩卖甲基苯丙胺（冰毒）1.22克，其行为妨害了正常的社会管理秩序，已构成贩卖毒品罪，应予处罚。北京市丰台区人民检察院指控被告人夏桂琴、李亚新犯贩卖毒品罪的事实清楚、证据充分，罪名成立。被告人夏桂琴曾因故意犯罪被判处有期徒刑以上刑罚，在刑罚执行完毕之后五年内再犯应当判处有期徒刑以上刑罚之罪，系累犯，应当从重处罚，且被告人夏桂琴因犯贩卖毒品罪被判过刑，此次又犯贩卖毒品罪，系毒品再犯，应当从重处罚。鉴于被告人夏桂琴当庭自愿认罪，故本院对其酌予从轻处罚。鉴于被告人李亚新到案后如实供述自己的罪行，有悔罪表现，并协助司法机关抓捕其他犯罪嫌疑人，属立功表现，故本院对其予以减轻处罚，并适用缓刑。根据被告人夏桂琴、李亚新犯罪的事实、性质、情节和对社会的危害程度，依照《中华人民共和国刑法》第三百四十七条第一、四款，第二十五条第一款，第六十五条，第三百五十六条，第六十七条第三款，第六十八条，第五十二条，第五十三条，第七十二条第一款，第七十三条第一、三款，第六十四条，第六十一条的规定，判决如下：","pjjg":" 一、被告人夏桂琴犯贩卖毒品罪，判处有期徒刑一年，并处罚金人民币二千元。 （刑期自判决执行之日起计算。判决执行以前先行羁押的，羁押一日折抵刑期一日，即自2018年5月11日起至2019年5月10日止。罚金于判决生效后十五日内缴纳。） 二、随案移送的扣押被告人夏桂琴的华为牌荣耀金色智能手机一部、Vivo牌白色智能手机一部，均予以没收。 三、被告人李亚新犯贩卖毒品罪，判处拘役六个月，缓刑一年，并处罚金人民币二千元。 （缓刑考验期限，从判决确定之日起计算。罚金于判决生效后十五日内缴纳。） 四、随案移送的扣押被告人李亚新的三星牌金色智能手机一部予以没收。 如不服本判决，可于接到判决书的第二日起十日内，通过本院或者直接向北京市第二中级人民法院提出上诉。书面上诉的，应提交上诉状正本一份、副本一份。","qw":"北京市丰台区人民法院 刑事判决书 （2018）京0106刑初1092号 公诉机关北京市丰台区人民检察院。 被告人夏桂琴，女，1963年1月5日出生于内蒙古自治区，汉族，初中文化，无业，户籍地内蒙古自治区根河市；因犯贩卖毒品罪，于2017年5月19日被北京市海淀区人民法院判处有期徒刑八个月，罚金人民币一千元，2017年9月4日刑满释放；因涉嫌犯贩卖毒品罪，于2018年5月11日被羁押，同年6月15日被逮捕；现羁押于北京市丰台区看守所。 被告人李亚新，女，1973年2月7日出生于辽宁省西丰县，满族，小学文化，农民，户籍所在地辽宁省西丰县；因涉嫌犯贩卖毒品罪，于2018年5月11日被羁押，同年6月15日被取保候审。 北京市丰台区人民检察院以京丰检刑诉（2018）1058号起诉书指控被告人夏桂琴、李亚新犯贩卖毒品罪，于2018年9月27日向本院提起公诉。本院依法适用简易程序，实行独任审判，公开开庭进行了审理。北京市丰台区人民检察院指派检察员张莉出庭支持公诉，被告人夏桂琴、李亚新到庭参加诉讼。本案现已审理终结。 北京市丰台区人民检察院起诉书指控：2018年5月11日14时许，举报人王某在北京市公安局丰台分局东铁匠营派出所民警的监督下，通过电话向李亚新约购毒品，并向其微信转帐支付购毒款人民币1000元。当日19时许，被告人夏桂琴伙同李亚新商议由李亚新先到地铁4号线新宫地铁站西侧马路边接王某，然后将其带至在本市丰台区南庭新苑交付毒品，李亚新前往约定地点与王某见面时被民警当场抓获，后民警在北京市丰台区南四环外南庭新苑北区7号楼2单元608号将被告人夏桂琴抓获，并从其随身携带的挎包内起获白色可疑晶体三包。经鉴定，起获的三包白色可疑晶体均检出甲基苯丙胺，净重1.22克。 被告人夏桂琴、李亚新于2018年5月11日被北京市公安局丰台分局东铁匠营派出所传唤到案。被告人李亚新到案以后如实供述上述犯罪事实。 上述事实，被告人夏桂琴、李亚新在开庭审理过程中亦无异议，并有证人王某、马某、张某的证言，辨认笔录，北京市公安局丰台分局扣押决定书、扣押清单、扣押笔录、现场检测报告书、强制隔离戒毒决定书、吸毒成瘾认定意见书，北京市公安局海淀分局社区戒毒决定书，北京市公安局丰台分局东铁匠营派出所称量笔录、现场提取笔录、取样笔录，微信转账记录及微信聊天记录照片，通话记录，涉案照片，北京通达法正司法鉴定中心司法鉴定意见书，北京市公安司法鉴定中心检验报告，北京市公安局收缴毒品清单，北京市海淀区人民法院刑事判决书，北京市第三看守所刑满释放证明书，人员信息，视听资料，北京市公安局丰台分局东铁匠营派出所出具的工作说明、到案经过、破案报告，被告人夏桂琴的供述，被告人李亚新在公安机关的供述为证，足以认定。 本院认为，被告人夏桂琴、李亚新无视国家法律，结伙向他人贩卖甲基苯丙胺（冰毒）1.22克，其行为妨害了正常的社会管理秩序，已构成贩卖毒品罪，应予处罚。北京市丰台区人民检察院指控被告人夏桂琴、李亚新犯贩卖毒品罪的事实清楚、证据充分，罪名成立。被告人夏桂琴曾因故意犯罪被判处有期徒刑以上刑罚，在刑罚执行完毕之后五年内再犯应当判处有期徒刑以上刑罚之罪，系累犯，应当从重处罚，且被告人夏桂琴因犯贩卖毒品罪被判过刑，此次又犯贩卖毒品罪，系毒品再犯，应当从重处罚。鉴于被告人夏桂琴当庭自愿认罪，故本院对其酌予从轻处罚。鉴于被告人李亚新到案后如实供述自己的罪行，有悔罪表现，并协助司法机关抓捕其他犯罪嫌疑人，属立功表现，故本院对其予以减轻处罚，并适用缓刑。根据被告人夏桂琴、李亚新犯罪的事实、性质、情节和对社会的危害程度，依照《中华人民共和国刑法》第三百四十七条第一、四款，第二十五条第一款，第六十五条，第三百五十六条，第六十七条第三款，第六十八条，第五十二条，第五十三条，第七十二条第一款，第七十三条第一、三款，第六十四条，第六十一条的规定，判决如下： 一、被告人夏桂琴犯贩卖毒品罪，判处有期徒刑一年，并处罚金人民币二千元。 （刑期自判决执行之日起计算。判决执行以前先行羁押的，羁押一日折抵刑期一日，即自2018年5月11日起至2019年5月10日止。罚金于判决生效后十五日内缴纳。） 二、随案移送的扣押被告人夏桂琴的华为牌荣耀金色智能手机一部、Vivo牌白色智能手机一部，均予以没收。 三、被告人李亚新犯贩卖毒品罪，判处拘役六个月，缓刑一年，并处罚金人民币二千元。 （缓刑考验期限，从判决确定之日起计算。罚金于判决生效后十五日内缴纳。） 四、随案移送的扣押被告人李亚新的三星牌金色智能手机一部予以没收。 如不服本判决，可于接到判决书的第二日起十日内，通过本院或者直接向北京市第二中级人民法院提出上诉。书面上诉的，应提交上诉状正本一份、副本一份。 审判员魏文龙 二〇一八年十月十二日 书记员吕晨","writId":"041a9cd2fadf4f7e35f17e306ad8e1e840a","writName":"李亚新等一审刑事判决书"}
