{"ajId":"1280838f-d1f7-4c06-97a3-77dc87aae176","ajName":"熊亮生产、销售假药罪一案","ajjbqk":" 溧阳市人民检察院指控，2016年年底，被告人熊亮在无药品销售资质的情况下，通过网购从广东深圳购进一批龙角散，并将该批龙角散摆放于其所经营的无锡皮特熊进口食品店内进行销售。2017年4月，被告人熊亮向钟某、余某（均另案处理）销售了20盒龙角散，并收取人民币800元。经常州市食品药品监督管理局鉴定，上述产品按假药论处。被告人熊亮归案后，如实供述自己的罪行。溧阳市人民检察院为指证上述事实，提供了相关的证据。并据此认为，被告人熊亮的行为已触犯《中华人民共和国刑法》第一百四十一条之规定，应当以销售假药罪追究其刑事责任。同时认为，被告人熊亮归案后，如实供述自己的罪行，可以从轻处罚。并书面建议判处被告人熊亮拘役二个月至五个月，并处罚金。 被告人熊亮对溧阳市人民检察院指控的事实及量刑建议均无异议。 经审理查明，2016年年底，被告人熊亮在无药品销售资质的情况下，通过网购从广东深圳购进一批龙角散，并将该批龙角散摆放于其所经营的无锡皮特熊进口食品店内进行销售。2017年4月，被告人熊亮向钟某、余某（均另案处理）销售了20盒龙角散（10盒黄色包装龙角散含片和10盒粉色包装龙角散粉未），并收取人民币800元。后钟某、余某将该龙角散摆放于其共同经营的“万货屋”食品店内进行销售。经常州市食品药品监督管理局鉴定，上述产品按假药论处。被告人熊亮归案后，如实供述自己的罪行。 上述犯罪事实，有公诉机关提供，并经当庭举证、质证后予以确认的下列证据予以证实： 1、被告人熊亮的供述，证实自己在无锡金桥商贸城经营无锡皮特熊进口食品店，没有药品经营许口证，2016年年底听说龙角散比较好卖，就通过网上从广东深圳进了一批龙角散，放在自己店内销售，期间卖出去20盒龙角散，后来因利润不高就不再销售的事实。 2、证人钟某、余某的证言，证实二人合伙经营“万货屋”食品店，二人从无锡金桥市场购买了龙角散及眼药水等，而后进行出售的事实。 3、证人朱某的证言，证实自己曾让侄女黄某从“万货屋”购买龙角散的事实。 4、证人黄某的证言，证实自己在“万货屋”帮忙收银，曾出售过三次龙角散，其中有一次是带给姨夫朱某的事实。 5、进货单，证实“万货屋”食品店销售的龙角散是从被告人熊亮处购买。 6、常州市食品药品监督管理局常食药监稽［2018］43号文件，证实涉案龙角散产品按假药论处。 7、案发经过及抓获经过，证实被告人的归案情况。 ","cpfxgc":"本院认为，被告人熊亮以营利为目的，明知是假药而予以销售，其行为已构成销售假药罪。公诉机关指控被告人熊亮犯销售假药罪，事实清楚，证据确实充分，罪名成立，应予支持。被告人熊亮归案后，如实供述自己的罪行，可以从轻处罚。公诉机关的量刑建议恰当，予以采纳。据此，依照《中华人民共和国刑法》第一百四十一条，第六十七条第三款，第七十二条第一款、第三款，第七十三条第一款、第三款，第五十二条，第五十三条之规定，判决如下：","pjjg":" 被告人熊亮犯销售假药罪，判处拘役四个月，缓刑八个月，并处罚金人民币五千元。 （缓刑考验期限自判决确定之日起计算。所处罚金已缴纳。） 如不服本判决，可在接到判决书的第二日起十日内，通过本院或者直接向江苏省常州市中级人民法院提出上诉。书面上诉的，应当提交上诉状正本一份，副本二份。","qw":"江苏省溧阳市人民法院 刑事判决书 （2018）苏0481刑初425号 公诉机关江苏省溧阳市人民检察院。 被告人熊亮，男，1993年12月9日生，汉族，江苏省无锡市人，大学文化，个体，住无锡市滨湖区。因涉嫌犯生产、销售假药罪，于2018年3月30日被取保候审。 溧阳市人民检察院以溧检诉刑诉［2018］447号起诉书指控被告人熊亮犯销售假药罪，于2018年7月12日以刑事速裁程序向本院提起公诉。本院于当日立案，并依法转为普通程序，组成合议庭，公开开庭审理了本案。溧阳市人民检察院指派检察员刘莎出庭支持公诉。被告人熊亮到庭参加了诉讼。现已审理终结。 溧阳市人民检察院指控，2016年年底，被告人熊亮在无药品销售资质的情况下，通过网购从广东深圳购进一批龙角散，并将该批龙角散摆放于其所经营的无锡皮特熊进口食品店内进行销售。2017年4月，被告人熊亮向钟某、余某（均另案处理）销售了20盒龙角散，并收取人民币800元。经常州市食品药品监督管理局鉴定，上述产品按假药论处。被告人熊亮归案后，如实供述自己的罪行。溧阳市人民检察院为指证上述事实，提供了相关的证据。并据此认为，被告人熊亮的行为已触犯《中华人民共和国刑法》第一百四十一条之规定，应当以销售假药罪追究其刑事责任。同时认为，被告人熊亮归案后，如实供述自己的罪行，可以从轻处罚。并书面建议判处被告人熊亮拘役二个月至五个月，并处罚金。 被告人熊亮对溧阳市人民检察院指控的事实及量刑建议均无异议。 经审理查明，2016年年底，被告人熊亮在无药品销售资质的情况下，通过网购从广东深圳购进一批龙角散，并将该批龙角散摆放于其所经营的无锡皮特熊进口食品店内进行销售。2017年4月，被告人熊亮向钟某、余某（均另案处理）销售了20盒龙角散（10盒黄色包装龙角散含片和10盒粉色包装龙角散粉未），并收取人民币800元。后钟某、余某将该龙角散摆放于其共同经营的“万货屋”食品店内进行销售。经常州市食品药品监督管理局鉴定，上述产品按假药论处。被告人熊亮归案后，如实供述自己的罪行。 上述犯罪事实，有公诉机关提供，并经当庭举证、质证后予以确认的下列证据予以证实： 1、被告人熊亮的供述，证实自己在无锡金桥商贸城经营无锡皮特熊进口食品店，没有药品经营许口证，2016年年底听说龙角散比较好卖，就通过网上从广东深圳进了一批龙角散，放在自己店内销售，期间卖出去20盒龙角散，后来因利润不高就不再销售的事实。 2、证人钟某、余某的证言，证实二人合伙经营“万货屋”食品店，二人从无锡金桥市场购买了龙角散及眼药水等，而后进行出售的事实。 3、证人朱某的证言，证实自己曾让侄女黄某从“万货屋”购买龙角散的事实。 4、证人黄某的证言，证实自己在“万货屋”帮忙收银，曾出售过三次龙角散，其中有一次是带给姨夫朱某的事实。 5、进货单，证实“万货屋”食品店销售的龙角散是从被告人熊亮处购买。 6、常州市食品药品监督管理局常食药监稽［2018］43号文件，证实涉案龙角散产品按假药论处。 7、案发经过及抓获经过，证实被告人的归案情况。 本院认为，被告人熊亮以营利为目的，明知是假药而予以销售，其行为已构成销售假药罪。公诉机关指控被告人熊亮犯销售假药罪，事实清楚，证据确实充分，罪名成立，应予支持。被告人熊亮归案后，如实供述自己的罪行，可以从轻处罚。公诉机关的量刑建议恰当，予以采纳。据此，依照《中华人民共和国刑法》第一百四十一条，第六十七条第三款，第七十二条第一款、第三款，第七十三条第一款、第三款，第五十二条，第五十三条之规定，判决如下： 被告人熊亮犯销售假药罪，判处拘役四个月，缓刑八个月，并处罚金人民币五千元。 （缓刑考验期限自判决确定之日起计算。所处罚金已缴纳。） 如不服本判决，可在接到判决书的第二日起十日内，通过本院或者直接向江苏省常州市中级人民法院提出上诉。书面上诉的，应当提交上诉状正本一份，副本二份。 审判长周兰 人民陪审员蒋荫平 人民陪审员周建敏 二〇一八年八月十七日 书记员谢萍 附：《中华人民共和国刑法》 第一百四十一条生产、销售假药的，处三年以下有期徒刑或者拘役，并处罚金；对人体健康造成严重危害或者有其他严重情节的，处三年以上十年以下有期徒刑，并处罚金；致人死亡或者有其他特别严重情节的，处十年以上有期徒刑、无期徒刑或者死刑，并处罚金或者没收财产。 本条所称假药，是指依照《中华人民共和国药品管理法》的规定属于假药和按假药处理的药品、非药品。 第五十二条判处罚金，应当根据犯罪情节决定罚金数额。 第五十三条罚金在判决指定的期限内一次或者分期缴纳。期满不缴纳的，强制缴纳。对于不能全部缴纳罚金的，人民法院在任何时候发现被执行人有可以执行的财产，应当随时追缴。 由于遭遇不能抗拒的灾祸等原因缴纳确实有困难的，经人民法院裁定，可以延期缴纳、酌情减少或者免除。 第六十七条犯罪以后自动投案，如实供述自己的罪行的，是自首。对于自首的犯罪分子，可以从轻或者减轻处罚。其中，犯罪较轻的，可以免除处罚。 被采取强制措施的犯罪嫌疑人、被告人和正在服刑的罪犯，如实供述司法机关还未掌握的本人其他罪行的，以自首论。 犯罪嫌疑人虽不具有前两款规定的自首情节，但是如实供述自己罪行的，可以从轻处罚；因其如实供述自己罪行，避免特别严重后果发生的，可以减轻处罚。 第七十二条对于被判处拘役、三年以下有期徒刑的犯罪分子，同时符合下列条件的，可以宣告缓刑， 对其中不满十八周岁的人、怀孕的妇女和已满七十五周岁的人，应当宣告缓刑： （一）犯罪情节较轻； （二）有悔罪表现； （三）没有再犯罪的危险； （四）宣告缓刑对所居住社区没有重大不良影响。 宣告缓刑，可以根据犯罪情况，同时禁止犯罪分子在缓刑考验期限内从事特定活动，进入特定区域、场所，接触特定的人。 被宣告缓刑的犯罪分子，如果被判处附加刑，附加刑仍须执行。 第七十三条拘役的缓刑考验期限为原判刑期以上一年以下，但是不能少于二个月。 有期徒刑的缓刑考验期限为原判刑期以上五年以下，但是不能少于一年。 缓刑考验期限，从判决确定之日起计算。","writId":"061a8aa72993b9623a6ddf5b3eb765c3f12","writName":"熊亮生产、销售假药罪一审刑事判决书"}
