{"ajId":"f078bc0f-ba67-4bdc-a2d4-a99e252fa689","ajName":"吕某某走私、贩卖、运输、制造毒品一案","ajjbqk":" 上海市徐汇区人民检察院指控：2015年5月7日18时许，被告人吕某某经事先联系，至本市闵行区环镇南路XXX号门口王某驾驶的轿车内，以人民币1，300元的价格向王某出售一小包塑料袋包装的甲基苯丙胺（冰毒，净重2.97克），随即被民警抓获。被告人吕某某到案后对基本事实予以供认，并协助司法机关抓获其他犯罪嫌疑人。公诉机关认定被告人吕某某的行为触犯《中华人民共和国刑法》第三百四十七条第一款、第四款、第六十八条之规定，应当以贩卖毒品罪追究被告人吕某某的刑事责任。同时认定被告人吕某某系立功。建议对其判处八个月以上有期徒刑并处罚金的刑事处罚。提请依法审判。 被告人吕某某对起诉书指控的犯罪事实和罪名均没有异议。辩护人认为被告人到案后如实供述自己的罪行，且系立功，建议法院对其从轻处罚。 经本院审理查明的事实与公诉机关指控的上述事实一致，并有证人王某、张甲等人的证言及辨认笔录，扣押笔录、扣押清单、物证照片、受案登记表、工作情况，上海市毒品检验中心检验报告及被告人吕某某的供述等证据予以证实，足以认定。 ","cpfxgc":"本院认为，被告人吕某某明知是毒品，仍予以贩卖甲基苯丙胺2.97克，其行为已构成贩卖毒品罪，应予处罚。公诉机关的指控成立。鉴于被告人吕某某到案后如实供述自己的罪行，且系立功，依法均予以从轻处罚。公诉机关的量刑建议符合刑法罪刑相当原则，本院予以支持。根据被告人犯罪的事实、性质、情节和对于社会的危害程度，依照《中华人民共和国刑法》第三百四十七条第一款、第四款、第六十七条第三款、第六十八条、第五十三条、第六十四条之规定，判决如下：","pjjg":" 一、被告人吕某某犯贩卖毒品罪，判处有期徒刑八个月，并处罚金人民币二千元。 （刑期从判决执行之日起计算。判决执行以前先行羁押的，羁押一日折抵刑期一日，即自2015年5月7日起至2016年1月6日止。罚金自本判决生效之日起一个月内向本院缴纳。） 二、缴获的毒品、毒资以及犯罪工具予以没收。 如不服本判决，可在接到判决书的第二日起十日内，通过本院或直接向上海市第一中级人民法院提出上诉。书面上诉的，应当提交上诉状正本一份，副本一份。","qw":"上海市徐汇区人民法院 刑事判决书 （2015）徐刑初字第644号 公诉机关上海市徐汇区人民检察院。 被告人吕某某。 辩护人许德学，上海市华夏律师事务所律师，系上海市徐汇区法律援助中心指派。 上海市徐汇区人民检察院以沪徐检诉刑诉（2015）594号起诉书指控被告人吕某某犯贩卖毒品罪，于2015年8月18日向本院提起公诉。本院于2015年8月20日立案，依法适用简易程序，实行独任审判，公开开庭审理了本案。上海市徐汇区人民检察院指派代理检察员张乙出庭支持公诉。被告人吕某某及其辩护人许德学到庭参加诉讼。现已审理终结。 上海市徐汇区人民检察院指控：2015年5月7日18时许，被告人吕某某经事先联系，至本市闵行区环镇南路XXX号门口王某驾驶的轿车内，以人民币1，300元的价格向王某出售一小包塑料袋包装的甲基苯丙胺（冰毒，净重2.97克），随即被民警抓获。被告人吕某某到案后对基本事实予以供认，并协助司法机关抓获其他犯罪嫌疑人。公诉机关认定被告人吕某某的行为触犯《中华人民共和国刑法》第三百四十七条第一款、第四款、第六十八条之规定，应当以贩卖毒品罪追究被告人吕某某的刑事责任。同时认定被告人吕某某系立功。建议对其判处八个月以上有期徒刑并处罚金的刑事处罚。提请依法审判。 被告人吕某某对起诉书指控的犯罪事实和罪名均没有异议。辩护人认为被告人到案后如实供述自己的罪行，且系立功，建议法院对其从轻处罚。 经本院审理查明的事实与公诉机关指控的上述事实一致，并有证人王某、张甲等人的证言及辨认笔录，扣押笔录、扣押清单、物证照片、受案登记表、工作情况，上海市毒品检验中心检验报告及被告人吕某某的供述等证据予以证实，足以认定。 本院认为，被告人吕某某明知是毒品，仍予以贩卖甲基苯丙胺2.97克，其行为已构成贩卖毒品罪，应予处罚。公诉机关的指控成立。鉴于被告人吕某某到案后如实供述自己的罪行，且系立功，依法均予以从轻处罚。公诉机关的量刑建议符合刑法罪刑相当原则，本院予以支持。根据被告人犯罪的事实、性质、情节和对于社会的危害程度，依照《中华人民共和国刑法》第三百四十七条第一款、第四款、第六十七条第三款、第六十八条、第五十三条、第六十四条之规定，判决如下： 一、被告人吕某某犯贩卖毒品罪，判处有期徒刑八个月，并处罚金人民币二千元。 （刑期从判决执行之日起计算。判决执行以前先行羁押的，羁押一日折抵刑期一日，即自2015年5月7日起至2016年1月6日止。罚金自本判决生效之日起一个月内向本院缴纳。） 二、缴获的毒品、毒资以及犯罪工具予以没收。 如不服本判决，可在接到判决书的第二日起十日内，通过本院或直接向上海市第一中级人民法院提出上诉。书面上诉的，应当提交上诉状正本一份，副本一份。 审判员朱锡伟 二〇一五年八月二十五日 书记员杨莉莉 附：相关法律条文 《中华人民共和国刑法》 第三百四十七条走私、贩卖、运输、制造毒品，无论数量多少，都应当追究刑事责任，予以刑事处罚。 …… 走私、贩卖、运输、制造鸦片不满二百克、海洛因或者甲基苯丙胺不满十克或者其他少量毒品的，处三年以下有期徒刑、拘役或者管制，并处罚金；情节严重的，处三年以上七年以下有期徒刑，并处罚金。 第六十七条…… 犯罪嫌疑人虽不具有前两款规定的自首情节，但是如实供述自己罪行的，可以从轻处罚；因其如实供述自己罪行，避免特别严重后果发生的，可以减轻处罚。 第六十八条犯罪分子有揭发他人犯罪行为，查证属实的，或者提供重要线索，从而得以侦破其他案件等立功表现的，可以从轻或者减轻处罚；有重大立功表现的，可以减轻或者免除处罚。 第五十三条罚金在判决指定的期限内一次或者分期缴纳。期满不缴纳的，强制缴纳。对于不能全部缴纳罚金的，人民法院在任何时候发现被执行人有可以执行的财产，应当随时追缴。如果由于遭遇不能抗拒的灾祸缴纳确实有困难的，可以酌情减少或者免除。 第六十四条犯罪分子违法所得的一切财物，应当予以追缴或者责令退赔；对被害人的合法财产，应当及时返还；违禁品和供犯罪所用的本人财物，应当予以没收。没收的财物和罚金，一律上缴国库，不得挪用和自行处理。","writId":"0012939733c0ac44311706815a85b521ada","writName":"吕某某走私、贩卖、运输、制造毒品一审刑事判决书"}
