{"ajId":"e8c654ac-a075-4622-9980-cdc7a67a4528","ajName":"吴庭辉非法经营一案","ajjbqk":" 公诉机关指控：“恒帝”为通化百信药业有限公司2002年9月28日申请注册的商标（续展有效期为2012年9月29日至2022年9月27日），通化百信药业有限公司仅授权通化振霖药业有限公司将“恒帝”作为商标标识使用，许可使用期为2012年9月8日至2022年9月7日。 被告人吴庭辉系武汉卓月益佳商贸有限公司法人代表、被告人丁大辉系武汉卓月益康信息咨询有限公司法人代表，但二人实为彭朝国（在逃）手下员工，彭朝国为两家公司的实际控制人。2014年7月，彭朝国开始在武汉市销售通化振霖药业有限公司生产的“腰息痛胶囊”，由吴庭辉负责财务、进货等工作，丁大辉负责对销售人员的培训及管理工作。 2015年4月至2015年10月间，彭朝国（在逃）伙同被告人吴庭辉、丁大辉在未经通化百信药业有限公司和通化振霖药业有限公司许可的情况下，擅自改变通化振霖药业有限公司生产的“腰息痛胶囊”的外包装，并在外包装上非法制造“恒帝”商标，公开对外销售。 彭朝国、吴庭辉、丁大辉非法制作“恒帝”注册商标共计11万件（其中大盒2＊1万件，小盒2＊3万件，说明书1＊3万件）。 通化市公安局二道江区分局网络安全保卫大队根据公安机关在三人的办公地点扣押的电脑硬盘、笔记本电脑、优盘等电子设备的数据进行检验，彭朝国、吴庭辉、丁大辉三人共计销售“腰息痛胶囊”7000余盒（大盒），其中更换其制作的新包装后，销售数量为5000余盒（大盒），非法经营数额300余万元。 公安机关对该公司搜查时，扣押部分非法制造的“腰息痛胶囊”包装盒。 公诉机关认为，被告人吴庭辉、丁大辉无视国家法律，违反商标管理法规，伪造他人的注册商标标识，情节特别严重，其行为触犯了《中华人民共和国刑法》第二百一十五条之规定，犯罪事实清楚，证据确实、充分，应当以非法制造注册商标标识罪追究其刑事责任。故对被告人吴庭辉、丁大辉提起公诉，请本院依法判处。 被告人吴庭辉、丁大辉对公诉机关指控其犯非法制造注册商标标识罪的犯罪事实供认不讳。 被告人吴庭辉的辩护人提出：一、吴庭辉未达到《刑法》第215条规定的情节特别严重程度，其标识数量应为7万件，未达到10万件标准；二、被告是为了销售“腰息痛胶囊”产品而非法制作了该商标标识，其没有销售该标识的主观故意；三、犯罪动机恶性较小，利于改造；四、吴庭辉是本案从犯，具有法定从轻减轻的处罚情节；五、被告人到案后主动坦白罪行，无前科劣迹，具有酌情从轻情节。希望法庭给予从轻处罚。 被告人丁大辉的辩护人提出，一、被告人丁大辉非法制造注册商标标识罪的行为，是事后参与销售更换包装的产品犯罪行为，与主观上就已经明知是犯罪而故意为之的情况是有本质区别的。二、公诉机关以快递公司提供的发送记录和更换包装的时间节点来认定为被告人情节特别严重是错误的，达不到起诉书中11万件的标准。三、被告人丁大辉属于从犯，认罪态度和悔罪表现较好且系偶犯、初犯、无前科劣迹。建议法院对其免于处罚或适用缓刑。 经审理查明，被告人吴庭辉、丁大辉系彭朝国（在逃）手下员工，彭朝国用二人身份证分别注册了武汉卓月益佳商贸有限公司、武汉卓月益信息咨询有限公司和武汉卓月益康信息咨询有限公司，彭朝国为公司的实际控制人，公司的业务范围为商务信息咨询、投资咨询、健康咨询（不含诊疗），日用品销售、房地产买卖、租赁、调换等流通领域中的经纪及代理活动及食品销售等。2014年7月公司用湖北天奇医药有限公司的资质材料，通过吉林恒帝药业有限公司的审核。在未取得药品经营许可证的情况下，自2014年10月份起开始在武汉市销售“腰息痛胶囊”。由被告人吴庭辉负责财务、进货等工作，丁大辉负责对销售人员的培训及管理工作。为方便销售和获取更大利益，彭朝国与吴庭辉、丁大辉研究，丁大辉提议以“中华腰椎病康复中心”名义进行销售，吴庭辉提议更换药品外包装，彭朝国联系广告营销。自2015年4月至2015年10月间，在未经许可的情况下，擅自改变振霖药业生产的“腰息痛胶囊”的外包装，并在外包装上非法制造“恒帝”商标，公开对外销售。每盒“腰息痛胶囊”供货价为5.5元，三人通过上述手段，抬高药品价格为每小盒198元，三小盒为一个疗程，可议价，通过物流送货上门，货到付款（由物流公司代收）的方式，非法经营数额高达300余万元。被告人吴庭辉、丁大辉的违法所得10万余元。 认定上述事实的证据如下： 一、被告人供述与辩解。 1、被告人吴庭辉的供述与辩解，供述武汉卓月益佳商贸有限公司是2014年4月14日彭朝国用吴庭辉的身份证注册，彭朝国又用丁大辉的身份证注册了“武汉卓月益康信息咨询有限公司”，彭朝国为公司实际控制人，公司没有销售药品的权限，2014年用挂靠湖北天奇医药有限公司的资质材料通过振霖药业公司的资质鉴定，从厂家进货后，自己将药品的包装盒更换，然后通过公司的广告宣传进行销售，共销售约300多万元。吴庭辉是行政经理，丁大辉是业务经理，每人每月工资满勤为2750元，有500元房补，2014年底彭朝国以年底分红的方式给了两人各9万元现金。 2、被告人丁大辉的供述与辩解，供述武汉市卓月益康信息咨询有限公司的法人是丁大辉，武汉卓月益佳信息咨询有限公司法人是吴庭辉，两个公司的实际经营者是彭朝国，药品不在公司的经营范围内。丁大辉负责所有员工的培训和日常管理工作。2014年10月份，彭朝国决定购进通化振霖药业生产的“腰息痛胶囊”，最初两个月直接销售，后来怕消费者打电话咨询，2015年初公司自己印制了药品盒，以“中华腰椎病康复中心”名义进行销售。公司财务由彭朝国决定，吴庭辉具体操作。丁大辉及客服销售均没有医生资格。丁大辉每月基本工资2500元，有500元房补，年底有奖金。 二、证人证言。 1、证人雷焱证言证实，雷焱在公司负责接货、出货及给腰息痛胶囊换包装。卓月益佳公司制造新包装商标标识仍为原厂“恒帝”牌商标标识，盒子是仿制的。 2、证人高飞（振霖药业副经理）证言证实，自称“中华腰椎病康复中心”的一家武汉单位仿制并销售了通化振霖药业有限责任公司生产的“腰息痛胶囊”，该销售药品包装盒上的生产批号与盒内药品内包装的生产批号不一致，外包装与振霖药业的外包装基本相同，不同之处其外包装把包装盒左下方的红色龙图案换成了人的脊椎图案，联系电话换为了400-6263-009。由于外地患者反映药品太贵，公司遂以患者名义打电话买药，对方通过“宅急送”货到付款的方式，共计9小盒，价格1788元，发现是冒充振霖公司的药，遂报案经过。 3、证人杨海霞证言证实，杨海霞负责湖北省药品的销售工作，武汉市负责销售“恒帝”牌腰息痛胶囊的代理人，是自称湖北天奇医药有限公司业务员的彭朝国，自2014年10月份开始共给他供货六次，计85件，每件300盒，出厂价每盒5.5元，接货人均为吴庭辉。 4、证人郑亮证言证实，“恒帝”牌药用商标是吉林恒帝药业有限公司专用商标，该公司将“恒帝”牌腰息痛胶囊这种药全权委托给通化振霖药业公司生产，吉林恒帝药业负责全权销售，武汉地区销售业务员叫彭朝国，每次给彭朝国发货都是吴庭辉负责联系的，给彭朝国的销售底价是每小盒5.5元。 5、证人顾某卿证言证实，其花销1788元购买了“中华腰椎病康复中心”武汉卓月公司的3大盒9小盒腰息痛胶囊，药盒的包装盒上生产单位是通化振霖药业有限责任公司，商标为“恒帝”牌。 6、证人龚某玲、王某丹、王某建等人证言证实，武汉卓月益康信息咨询有限公司销售腰息痛胶囊、百岁茶等，丁大辉是公司的法人，负责招人、培训。丁大辉、吴庭辉负责公司管理工作。 7、证人马某英（惠达广告公司法人）证言证实，彭朝国联系惠达广告有限公司做免费送书、治疗腰椎的广告，广告费都由吴庭辉的名字转账付款。 三、勘验、检查、辨认、侦查实验等笔录。 搜查笔录及扣押清单、现场照片，2015年10月21日14时10分，对吴庭辉租用的两处办公室及一处仓库进行搜查。两处办公室内分别有十多名工作人员在接打电话，联系客户。仓库内存放有腰息痛胶囊原厂药品及吴庭辉印刷改装的药品包装盒等，并对涉案物品进行了扣押。扣押物品包括电脑、U盘、电话机、手机、银行卡、腰息痛胶囊及改装后的包装盒等。 二道江区公安分局网络安全保卫大队电子证物记录，对涉案的电脑、U盘等进行检查并提取的与腰息痛销售有关情况，将其存放在卷内光盘中。 四、鉴定意见：通化市公安司法鉴定中心电子物证检验鉴定报告。 五、其它书证。 1、甘肃省食品药品稽查局对吉林省药品稽查协查腰息痛胶囊函。 2、吉林恒帝药业有限公司销售出库单及银行帐单，证实吉林恒帝药业有限公司给吴庭辉发货共计6次，共计85箱，每箱300盒，共25500盒，共计金额140250元，吴庭辉向吉林恒帝药业有限公司打款共6次，共计金额124800元。 3、江苏常州居民顾祥卿拨打武汉卓月公司的客服电话，购买九小盒腰息痛胶囊的快递单及改装后的大、小包装照片。 4、恒帝商标注册情况及腰息痛胶囊药品注册情况，证实通化百信药业于2002年9月28日注册“恒帝”商标，于2012年9月8日许可通化振霖药业使用该商标至2022年9月7日。未授权其他企业与个人从事生产经营宣传活动。腰息痛胶囊的原厂包装、说明书及药品注册批件。 5、振霖药业2015年4月以孙晓媚的名义从自称“中华腰椎病康复中心”武汉卓月公司购买的9小盒假冒腰息痛胶囊及宣传品资料照片和振霖药业生产的真正的腰息痛胶囊药品及包装照片。 6、湖北天奇医药有限公司证明，证实该公司与通化振霖药业无任何业务往来，没有腰息痛胶囊的产品，其资质是公开性的，也没有委托吴庭辉办理任何业务往来。 7、吉林恒帝药业提供，吴庭辉假冒湖北天奇公司的资质销售腰息痛胶囊资料。 8、湖北省卫生计生委行政服务中心证明，2014年3月以来，省级未审批过“中华腰椎病康复中心”医疗机构。 9、重庆市药监局收取的经过吴庭辉等人改制过的腰息痛胶囊的宣传资料，要求振霖药业说明价格虚高的理由以及通化振霖药业关于腰息痛胶囊销售价格的通知。 10、武汉卓月益佳信息咨询有限公司、武汉卓月益佳商贸有限公司和武汉卓月益康信息咨询有限公司企业登记信息表，证实公司均为自然人股东占100％，公司的业务范围为商务信息咨询、投资咨询、健康咨询（不含诊疗），日用品销售、房地产买卖、租赁、调换等流通领域中的经纪及代理活动及食品销售等。业务范围内注明依法须经批准的项目，经相关部门批准后方可开展经营。 11、2014年12月到2015年7月，由吴庭辉通过武汉“宅急送”快递代收的腰息痛胶囊的货款1781112元的记录。 丁大辉编制的接听电话人员向客户宣传腰息痛胶囊的语言。 吴庭辉与武汉宅急送快递有限公司签记的合同、宅急送送货单据。 彭朝国和吴庭辉在武汉市洪山区未来公馆租用A座2806室的租房合同，2015年9月，搬到未来公馆B座2606室及交租金收条。 银行调取吴庭辉存取款记录。 二道江区公安分局经侦大队在武汉市洪山区未来公馆B座2606室，搜到吴庭辉改制的腰息痛胶囊说明书5000余份的说明。 马红英提供给腰息痛胶囊做广告及清单，广告费447200元。 办案说明从2015年1月23日开始，销售药品为5404大盒，货款3370484元。 U盘数据统计吴庭辉通过宅急送给客户发送腰息痛胶囊共计1668人，5400大盒，货款3352786元。 U盘数据统计吴庭辉通过邮政公司给客户发送腰息痛胶囊194人，592大盒腰息痛胶囊，货款356576元。 U盘数据统计吴庭辉通过圆通物流公司给客户发送腰息痛胶囊96人，351大盒腰息痛胶囊，货款215142元。 U盘数据统计吴庭辉通过顺风公司给客户发送腰息痛胶囊23人，83大盒腰息痛胶囊，货款44416元。 U盘数据统计吴庭辉送给客户腰息痛胶囊687人，743大盒腰息痛胶囊，赠送人员包含在购货人员中。 吉林恒帝药业有限公司情况说明、百信药业与振霖药业签订的商标使用许可合同、恒帝牌腰息痛胶囊的注册备案材料及相关申请转让手续。 吉林恒帝药业声明，证实恒帝商标为企业自行设计申报，并由振霖药业通化春天彩印厂专门印刷，未委托别人。 吴庭辉、丁大辉银行卡明细。 六、物证。改装后的腰息痛胶囊外包装大盒一个，小盒一个，原包装盒一个。 上述证据，经过庭审举证、质证及认证，被告人吴庭辉及其辩护人，被告人丁大辉及其辩护人均无异议，本院予以确认。 ","cpfxgc":"本院认为，本案系被告人在未取得药品经营许可证的情况下，为达到高价销售“腰息痛胶囊”，获取高额利润的目的，采用更改产品外包装的形式，对外进行销售药品的非法经营行为。其更改产品外包装时，虽然擅自制造了“恒帝”商标，但系其犯罪行为的一种手段。依据《最高人民法院、最高人民检察院关于办理危害药品安全刑事案件适用法律若干问题的解释》第七条，《中华人民共和国刑法》第二百二十五条的规定，应定性为非法经营罪。虽然本案非法经营数额达300余万元，但两名被告人系彭朝国手下员工，对经营范围及经营所得款项无决策权，综合考虑两名被告人在案件中的地位、作用，宜对两名被告人按违法所得数额进行处罚。两名被告人在案件中作用相当，不分主从，为简单共犯。两名辩护人的辩护意见，与庭审查明的案件性质不符，不予采纳。鉴于被告人吴庭辉、丁大辉归案后如实供述犯罪，可酌情给予从轻处罚。故依据《中华人民共和国刑法》第二百二十五条、第二十五条第一款、第五十二条、第五十三条之规定，判决如下：","pjjg":" 一、被告人吴庭辉犯非法经营罪，判处有期徒刑二年，并处罚金人民币10万元； （刑期自判决执行之日起计算，判决执行前先行羁押的，羁押一日折抵刑期一日，即自2015年10月21日起至2017年10月20日止。所处罚金于本判决生效之日起三个月内通过本院缴纳。） 二、被告人丁大辉犯非法经营罪，判处有期徒刑二年，并处罚金人民币10万元。 （刑期自判决执行之日起计算，判决执行前先行羁押的，羁押一日折抵刑期一日，即自2015年10月21日起至2017年10月20日止。所处罚金于本判决生效之日起三个月内通过本院缴纳。） 如不服本判决，可在接到判决书的第二日起十日内，通过本院或直接向吉林省通化市中级人民法院提出上诉，书面上诉的，应当提交上诉状正本一份，副本三份。","qw":"吴庭辉非法经营一审刑事判决书 通化市二道江区人民法院 刑事判决书 （2016）吉0503刑初49号 公诉机关通化市二道江区人民检察院。 被告人吴庭辉，男，汉族，大学文化，湖北省武汉人，武汉卓月益佳商贸有限公司员工，住武汉市洪山区。被告人吴庭辉因涉嫌假冒注册商标罪，于2015年10月21日被通化市公安局二道江区分局刑事拘留；因涉嫌非法制造注册商标标识犯罪，于2015年11月27日被通化市公安局二道江区分局执行逮捕。现羁押于通化市看守所。 辩护人许国庆，系湖北广众律师事务所律师。 被告人丁大辉，男，汉族，高中文化，湖北省孝感市人，武汉卓月益康信息咨询有限公司员工，住武汉市武昌区。被告人丁大辉因涉嫌假冒注册商标罪，于2015年10月21日被通化市公安局二道江区分局刑事拘留；因涉嫌非法制造注册商标标识犯罪，于2015年11月27日被通化市公安局二道江区分局执行逮捕。现羁押于通化市看守所。 辩护人姜俊伟，系吉林通兴律师事务所律师。 通化市二道江区人民检察院以通二检刑检刑诉［2016］32号起诉书指控被告人吴庭辉、丁大辉犯非法制造注册商标标识罪，向本院提起公诉。本院依法组成合议庭，公开开庭审理了本案。通化市二道江区人民检察院指派检察员刘鑫出庭支持公诉，被告人吴庭辉及其辩护人许国庆，被告人丁大辉及其辩护人姜俊伟到庭参加诉讼。本案现已审理终结。 公诉机关指控：“恒帝”为通化百信药业有限公司2002年9月28日申请注册的商标（续展有效期为2012年9月29日至2022年9月27日），通化百信药业有限公司仅授权通化振霖药业有限公司将“恒帝”作为商标标识使用，许可使用期为2012年9月8日至2022年9月7日。 被告人吴庭辉系武汉卓月益佳商贸有限公司法人代表、被告人丁大辉系武汉卓月益康信息咨询有限公司法人代表，但二人实为彭朝国（在逃）手下员工，彭朝国为两家公司的实际控制人。2014年7月，彭朝国开始在武汉市销售通化振霖药业有限公司生产的“腰息痛胶囊”，由吴庭辉负责财务、进货等工作，丁大辉负责对销售人员的培训及管理工作。 2015年4月至2015年10月间，彭朝国（在逃）伙同被告人吴庭辉、丁大辉在未经通化百信药业有限公司和通化振霖药业有限公司许可的情况下，擅自改变通化振霖药业有限公司生产的“腰息痛胶囊”的外包装，并在外包装上非法制造“恒帝”商标，公开对外销售。 彭朝国、吴庭辉、丁大辉非法制作“恒帝”注册商标共计11万件（其中大盒2＊1万件，小盒2＊3万件，说明书1＊3万件）。 通化市公安局二道江区分局网络安全保卫大队根据公安机关在三人的办公地点扣押的电脑硬盘、笔记本电脑、优盘等电子设备的数据进行检验，彭朝国、吴庭辉、丁大辉三人共计销售“腰息痛胶囊”7000余盒（大盒），其中更换其制作的新包装后，销售数量为5000余盒（大盒），非法经营数额300余万元。 公安机关对该公司搜查时，扣押部分非法制造的“腰息痛胶囊”包装盒。 公诉机关认为，被告人吴庭辉、丁大辉无视国家法律，违反商标管理法规，伪造他人的注册商标标识，情节特别严重，其行为触犯了《中华人民共和国刑法》第二百一十五条之规定，犯罪事实清楚，证据确实、充分，应当以非法制造注册商标标识罪追究其刑事责任。故对被告人吴庭辉、丁大辉提起公诉，请本院依法判处。 被告人吴庭辉、丁大辉对公诉机关指控其犯非法制造注册商标标识罪的犯罪事实供认不讳。 被告人吴庭辉的辩护人提出：一、吴庭辉未达到《刑法》第215条规定的情节特别严重程度，其标识数量应为7万件，未达到10万件标准；二、被告是为了销售“腰息痛胶囊”产品而非法制作了该商标标识，其没有销售该标识的主观故意；三、犯罪动机恶性较小，利于改造；四、吴庭辉是本案从犯，具有法定从轻减轻的处罚情节；五、被告人到案后主动坦白罪行，无前科劣迹，具有酌情从轻情节。希望法庭给予从轻处罚。 被告人丁大辉的辩护人提出，一、被告人丁大辉非法制造注册商标标识罪的行为，是事后参与销售更换包装的产品犯罪行为，与主观上就已经明知是犯罪而故意为之的情况是有本质区别的。二、公诉机关以快递公司提供的发送记录和更换包装的时间节点来认定为被告人情节特别严重是错误的，达不到起诉书中11万件的标准。三、被告人丁大辉属于从犯，认罪态度和悔罪表现较好且系偶犯、初犯、无前科劣迹。建议法院对其免于处罚或适用缓刑。 经审理查明，被告人吴庭辉、丁大辉系彭朝国（在逃）手下员工，彭朝国用二人身份证分别注册了武汉卓月益佳商贸有限公司、武汉卓月益信息咨询有限公司和武汉卓月益康信息咨询有限公司，彭朝国为公司的实际控制人，公司的业务范围为商务信息咨询、投资咨询、健康咨询（不含诊疗），日用品销售、房地产买卖、租赁、调换等流通领域中的经纪及代理活动及食品销售等。2014年7月公司用湖北天奇医药有限公司的资质材料，通过吉林恒帝药业有限公司的审核。在未取得药品经营许可证的情况下，自2014年10月份起开始在武汉市销售“腰息痛胶囊”。由被告人吴庭辉负责财务、进货等工作，丁大辉负责对销售人员的培训及管理工作。为方便销售和获取更大利益，彭朝国与吴庭辉、丁大辉研究，丁大辉提议以“中华腰椎病康复中心”名义进行销售，吴庭辉提议更换药品外包装，彭朝国联系广告营销。自2015年4月至2015年10月间，在未经许可的情况下，擅自改变振霖药业生产的“腰息痛胶囊”的外包装，并在外包装上非法制造“恒帝”商标，公开对外销售。每盒“腰息痛胶囊”供货价为5.5元，三人通过上述手段，抬高药品价格为每小盒198元，三小盒为一个疗程，可议价，通过物流送货上门，货到付款（由物流公司代收）的方式，非法经营数额高达300余万元。被告人吴庭辉、丁大辉的违法所得10万余元。 认定上述事实的证据如下： 一、被告人供述与辩解。 1、被告人吴庭辉的供述与辩解，供述武汉卓月益佳商贸有限公司是2014年4月14日彭朝国用吴庭辉的身份证注册，彭朝国又用丁大辉的身份证注册了“武汉卓月益康信息咨询有限公司”，彭朝国为公司实际控制人，公司没有销售药品的权限，2014年用挂靠湖北天奇医药有限公司的资质材料通过振霖药业公司的资质鉴定，从厂家进货后，自己将药品的包装盒更换，然后通过公司的广告宣传进行销售，共销售约300多万元。吴庭辉是行政经理，丁大辉是业务经理，每人每月工资满勤为2750元，有500元房补，2014年底彭朝国以年底分红的方式给了两人各9万元现金。 2、被告人丁大辉的供述与辩解，供述武汉市卓月益康信息咨询有限公司的法人是丁大辉，武汉卓月益佳信息咨询有限公司法人是吴庭辉，两个公司的实际经营者是彭朝国，药品不在公司的经营范围内。丁大辉负责所有员工的培训和日常管理工作。2014年10月份，彭朝国决定购进通化振霖药业生产的“腰息痛胶囊”，最初两个月直接销售，后来怕消费者打电话咨询，2015年初公司自己印制了药品盒，以“中华腰椎病康复中心”名义进行销售。公司财务由彭朝国决定，吴庭辉具体操作。丁大辉及客服销售均没有医生资格。丁大辉每月基本工资2500元，有500元房补，年底有奖金。 二、证人证言。 1、证人雷焱证言证实，雷焱在公司负责接货、出货及给腰息痛胶囊换包装。卓月益佳公司制造新包装商标标识仍为原厂“恒帝”牌商标标识，盒子是仿制的。 2、证人高飞（振霖药业副经理）证言证实，自称“中华腰椎病康复中心”的一家武汉单位仿制并销售了通化振霖药业有限责任公司生产的“腰息痛胶囊”，该销售药品包装盒上的生产批号与盒内药品内包装的生产批号不一致，外包装与振霖药业的外包装基本相同，不同之处其外包装把包装盒左下方的红色龙图案换成了人的脊椎图案，联系电话换为了400-6263-009。由于外地患者反映药品太贵，公司遂以患者名义打电话买药，对方通过“宅急送”货到付款的方式，共计9小盒，价格1788元，发现是冒充振霖公司的药，遂报案经过。 3、证人杨海霞证言证实，杨海霞负责湖北省药品的销售工作，武汉市负责销售“恒帝”牌腰息痛胶囊的代理人，是自称湖北天奇医药有限公司业务员的彭朝国，自2014年10月份开始共给他供货六次，计85件，每件300盒，出厂价每盒5.5元，接货人均为吴庭辉。 4、证人郑亮证言证实，“恒帝”牌药用商标是吉林恒帝药业有限公司专用商标，该公司将“恒帝”牌腰息痛胶囊这种药全权委托给通化振霖药业公司生产，吉林恒帝药业负责全权销售，武汉地区销售业务员叫彭朝国，每次给彭朝国发货都是吴庭辉负责联系的，给彭朝国的销售底价是每小盒5.5元。 5、证人顾某卿证言证实，其花销1788元购买了“中华腰椎病康复中心”武汉卓月公司的3大盒9小盒腰息痛胶囊，药盒的包装盒上生产单位是通化振霖药业有限责任公司，商标为“恒帝”牌。 6、证人龚某玲、王某丹、王某建等人证言证实，武汉卓月益康信息咨询有限公司销售腰息痛胶囊、百岁茶等，丁大辉是公司的法人，负责招人、培训。丁大辉、吴庭辉负责公司管理工作。 7、证人马某英（惠达广告公司法人）证言证实，彭朝国联系惠达广告有限公司做免费送书、治疗腰椎的广告，广告费都由吴庭辉的名字转账付款。 三、勘验、检查、辨认、侦查实验等笔录。 搜查笔录及扣押清单、现场照片，2015年10月21日14时10分，对吴庭辉租用的两处办公室及一处仓库进行搜查。两处办公室内分别有十多名工作人员在接打电话，联系客户。仓库内存放有腰息痛胶囊原厂药品及吴庭辉印刷改装的药品包装盒等，并对涉案物品进行了扣押。扣押物品包括电脑、U盘、电话机、手机、银行卡、腰息痛胶囊及改装后的包装盒等。 二道江区公安分局网络安全保卫大队电子证物记录，对涉案的电脑、U盘等进行检查并提取的与腰息痛销售有关情况，将其存放在卷内光盘中。 四、鉴定意见：通化市公安司法鉴定中心电子物证检验鉴定报告。 五、其它书证。 1、甘肃省食品药品稽查局对吉林省药品稽查协查腰息痛胶囊函。 2、吉林恒帝药业有限公司销售出库单及银行帐单，证实吉林恒帝药业有限公司给吴庭辉发货共计6次，共计85箱，每箱300盒，共25500盒，共计金额140250元，吴庭辉向吉林恒帝药业有限公司打款共6次，共计金额124800元。 3、江苏常州居民顾祥卿拨打武汉卓月公司的客服电话，购买九小盒腰息痛胶囊的快递单及改装后的大、小包装照片。 4、恒帝商标注册情况及腰息痛胶囊药品注册情况，证实通化百信药业于2002年9月28日注册“恒帝”商标，于2012年9月8日许可通化振霖药业使用该商标至2022年9月7日。未授权其他企业与个人从事生产经营宣传活动。腰息痛胶囊的原厂包装、说明书及药品注册批件。 5、振霖药业2015年4月以孙晓媚的名义从自称“中华腰椎病康复中心”武汉卓月公司购买的9小盒假冒腰息痛胶囊及宣传品资料照片和振霖药业生产的真正的腰息痛胶囊药品及包装照片。 6、湖北天奇医药有限公司证明，证实该公司与通化振霖药业无任何业务往来，没有腰息痛胶囊的产品，其资质是公开性的，也没有委托吴庭辉办理任何业务往来。 7、吉林恒帝药业提供，吴庭辉假冒湖北天奇公司的资质销售腰息痛胶囊资料。 8、湖北省卫生计生委行政服务中心证明，2014年3月以来，省级未审批过“中华腰椎病康复中心”医疗机构。 9、重庆市药监局收取的经过吴庭辉等人改制过的腰息痛胶囊的宣传资料，要求振霖药业说明价格虚高的理由以及通化振霖药业关于腰息痛胶囊销售价格的通知。 10、武汉卓月益佳信息咨询有限公司、武汉卓月益佳商贸有限公司和武汉卓月益康信息咨询有限公司企业登记信息表，证实公司均为自然人股东占100％，公司的业务范围为商务信息咨询、投资咨询、健康咨询（不含诊疗），日用品销售、房地产买卖、租赁、调换等流通领域中的经纪及代理活动及食品销售等。业务范围内注明依法须经批准的项目，经相关部门批准后方可开展经营。 11、2014年12月到2015年7月，由吴庭辉通过武汉“宅急送”快递代收的腰息痛胶囊的货款1781112元的记录。 丁大辉编制的接听电话人员向客户宣传腰息痛胶囊的语言。 吴庭辉与武汉宅急送快递有限公司签记的合同、宅急送送货单据。 彭朝国和吴庭辉在武汉市洪山区未来公馆租用A座2806室的租房合同，2015年9月，搬到未来公馆B座2606室及交租金收条。 银行调取吴庭辉存取款记录。 二道江区公安分局经侦大队在武汉市洪山区未来公馆B座2606室，搜到吴庭辉改制的腰息痛胶囊说明书5000余份的说明。 马红英提供给腰息痛胶囊做广告及清单，广告费447200元。 办案说明从2015年1月23日开始，销售药品为5404大盒，货款3370484元。 U盘数据统计吴庭辉通过宅急送给客户发送腰息痛胶囊共计1668人，5400大盒，货款3352786元。 U盘数据统计吴庭辉通过邮政公司给客户发送腰息痛胶囊194人，592大盒腰息痛胶囊，货款356576元。 U盘数据统计吴庭辉通过圆通物流公司给客户发送腰息痛胶囊96人，351大盒腰息痛胶囊，货款215142元。 U盘数据统计吴庭辉通过顺风公司给客户发送腰息痛胶囊23人，83大盒腰息痛胶囊，货款44416元。 U盘数据统计吴庭辉送给客户腰息痛胶囊687人，743大盒腰息痛胶囊，赠送人员包含在购货人员中。 吉林恒帝药业有限公司情况说明、百信药业与振霖药业签订的商标使用许可合同、恒帝牌腰息痛胶囊的注册备案材料及相关申请转让手续。 吉林恒帝药业声明，证实恒帝商标为企业自行设计申报，并由振霖药业通化春天彩印厂专门印刷，未委托别人。 吴庭辉、丁大辉银行卡明细。 六、物证。改装后的腰息痛胶囊外包装大盒一个，小盒一个，原包装盒一个。 上述证据，经过庭审举证、质证及认证，被告人吴庭辉及其辩护人，被告人丁大辉及其辩护人均无异议，本院予以确认。 本院认为，本案系被告人在未取得药品经营许可证的情况下，为达到高价销售“腰息痛胶囊”，获取高额利润的目的，采用更改产品外包装的形式，对外进行销售药品的非法经营行为。其更改产品外包装时，虽然擅自制造了“恒帝”商标，但系其犯罪行为的一种手段。依据《最高人民法院、最高人民检察院关于办理危害药品安全刑事案件适用法律若干问题的解释》第七条，《中华人民共和国刑法》第二百二十五条的规定，应定性为非法经营罪。虽然本案非法经营数额达300余万元，但两名被告人系彭朝国手下员工，对经营范围及经营所得款项无决策权，综合考虑两名被告人在案件中的地位、作用，宜对两名被告人按违法所得数额进行处罚。两名被告人在案件中作用相当，不分主从，为简单共犯。两名辩护人的辩护意见，与庭审查明的案件性质不符，不予采纳。鉴于被告人吴庭辉、丁大辉归案后如实供述犯罪，可酌情给予从轻处罚。故依据《中华人民共和国刑法》第二百二十五条、第二十五条第一款、第五十二条、第五十三条之规定，判决如下： 一、被告人吴庭辉犯非法经营罪，判处有期徒刑二年，并处罚金人民币10万元； （刑期自判决执行之日起计算，判决执行前先行羁押的，羁押一日折抵刑期一日，即自2015年10月21日起至2017年10月20日止。所处罚金于本判决生效之日起三个月内通过本院缴纳。） 二、被告人丁大辉犯非法经营罪，判处有期徒刑二年，并处罚金人民币10万元。 （刑期自判决执行之日起计算，判决执行前先行羁押的，羁押一日折抵刑期一日，即自2015年10月21日起至2017年10月20日止。所处罚金于本判决生效之日起三个月内通过本院缴纳。） 如不服本判决，可在接到判决书的第二日起十日内，通过本院或直接向吉林省通化市中级人民法院提出上诉，书面上诉的，应当提交上诉状正本一份，副本三份。 审判长张小俐 人民陪审员马晓君 人民陪审员范新宇 二〇一六年九月一日 书记员安淑玲","writId":"03628df8f3a603e7834e049da07c95e9ccd","writName":"吴庭辉非法经营一审刑事判决书"}
