{"ajId":"4bad3455-c06c-4f4d-9f0d-b358d0b0a14d","ajName":"林景光一案","ajjbqk":" 广州市荔湾区人民检察院指控：2017年5月16日20时30分许，被告人林景光在广州市荔湾区海松街15号2栋2号门以人民币100元的价格向吴孝文贩卖毒品1小包后被当场抓获，民警从吴孝文身上缴获白色块状1小包（经称重，净重0.1克，经鉴定，检出海洛因成分），从被告人林景光身上缴获毒资人民币100元，作案工具三星手机1部。后民警从被告人林景光家中缴获白色颗粒状1小包（经称重，净重0.05克，经鉴定，检出海洛因成分）、白色粉状物1小包（经鉴定，检查海洛因成分）、晶体1小包（经称重，净重0.38克，经鉴定，检出甲基苯丙胺成分）、晶体1小包（经称重，净重0.45克，经鉴定，检出甲基苯丙胺成分）。 公诉机关认为，被告人林景光无视国家法律，贩卖毒品，其行为触犯了《中华人民共和国刑法》第三百四十七条第一款、第四款之规定，应当以贩卖毒品罪追究其刑事责任。被告人林景光归案后如实供述自己的罪行，根据《中华人民共和国刑法》第六十七条第三款之规定，可以从轻处罚。建议法院在有期徒刑一年以下的幅度内确定被告人林景光的刑罚。 被告人林景光对公诉机关指控的犯罪事实、证据、定性没有意见，请求对其从轻处罚。 本院查明的事实与指控的事实相一致。上述事实，有缴获的毒品、毒资、手机（已拍照存档），受案登记表、立案决定书、情况说明、抓获经过、破案经过，接受证据材料清单、搜查笔录、称量取样笔录、提取笔录、扣押决定书、扣押清单、发还清单，现场勘验检查工作记录及现场照片，证人农某、吴某1的证言及辨认笔录，检验报告，现场检测报告书，被告人林景光的供述，常住人口信息登记等证据证实，足以认定。 ","cpfxgc":"本院认为，被告人林景光贩卖毒品海洛因、甲基苯丙胺，其行为已触犯刑律，构成贩卖毒品罪，应依法予以惩处。公诉机关指控被告人林景光犯贩卖毒品罪的事实清楚，证据确实、充分，指控的罪名成立，本院予以支持。被告人林景光归案后如实供述其犯罪事实，认罪态度较好，依法予以从轻处罚。公诉机关的量刑建议适当，本院予以采纳。依照《中华人民共和国刑法》第三百四十七条第一款及第四款、第六十七条第三款、第五十二条、第五十三条、第六十四条之规定，判决如下：","pjjg":" 一、被告人林景光犯贩卖毒品罪，判处有期徒刑八个月，并处罚金一千元。 （刑期从判决执行之日起计算。判决执行以前先行羁押的，羁押一日折抵刑期一日，即从2017年5月16日起至2018年1月15日止。罚金自本判决发生法律效力的第二日起十日内，一次性向本院缴纳，上缴国库。） 依法扣押的毒品海洛因及甲基苯丙胺、作案工具手机一台（详见扣押清单），予以没收（由广州市公安局荔湾区分局执行）。 如不服本判决，可在接到判决书的第二日起十日内，通过本院或者直接向广东省广州市中级人民法院提出上诉，书面上诉的，应当提交上诉状正本一份，副本二份。","qw":"林景光一审刑事判决书 广东省广州市荔湾区人民法院 刑事判决书 （2017）粤0103刑初909号 公诉机关广州市荔湾区人民检察院。 被告人林景光，男，1967年11月10日出生，汉族，文化程度小学，住广州市海珠区。因本案于2017年5月16日被羁押，次日被刑事拘留，同年6月22日被逮捕，现押于广州市荔湾区看守所。 公诉机关以穗荔检诉刑诉（2017）989号起诉书指控被告人林景光犯贩卖毒品罪，于2017年8月24日向本院提起公诉。本院受理后，依法适用简易程序，实行独任审判，公开开庭审理本案。广州市荔湾区人民检察院指派检察员任文佳出庭支持公诉，被告人林景光到庭参加诉讼。现已审理终结。 广州市荔湾区人民检察院指控：2017年5月16日20时30分许，被告人林景光在广州市荔湾区海松街15号2栋2号门以人民币100元的价格向吴孝文贩卖毒品1小包后被当场抓获，民警从吴孝文身上缴获白色块状1小包（经称重，净重0.1克，经鉴定，检出海洛因成分），从被告人林景光身上缴获毒资人民币100元，作案工具三星手机1部。后民警从被告人林景光家中缴获白色颗粒状1小包（经称重，净重0.05克，经鉴定，检出海洛因成分）、白色粉状物1小包（经鉴定，检查海洛因成分）、晶体1小包（经称重，净重0.38克，经鉴定，检出甲基苯丙胺成分）、晶体1小包（经称重，净重0.45克，经鉴定，检出甲基苯丙胺成分）。 公诉机关认为，被告人林景光无视国家法律，贩卖毒品，其行为触犯了《中华人民共和国刑法》第三百四十七条第一款、第四款之规定，应当以贩卖毒品罪追究其刑事责任。被告人林景光归案后如实供述自己的罪行，根据《中华人民共和国刑法》第六十七条第三款之规定，可以从轻处罚。建议法院在有期徒刑一年以下的幅度内确定被告人林景光的刑罚。 被告人林景光对公诉机关指控的犯罪事实、证据、定性没有意见，请求对其从轻处罚。 本院查明的事实与指控的事实相一致。上述事实，有缴获的毒品、毒资、手机（已拍照存档），受案登记表、立案决定书、情况说明、抓获经过、破案经过，接受证据材料清单、搜查笔录、称量取样笔录、提取笔录、扣押决定书、扣押清单、发还清单，现场勘验检查工作记录及现场照片，证人农某、吴某1的证言及辨认笔录，检验报告，现场检测报告书，被告人林景光的供述，常住人口信息登记等证据证实，足以认定。 本院认为，被告人林景光贩卖毒品海洛因、甲基苯丙胺，其行为已触犯刑律，构成贩卖毒品罪，应依法予以惩处。公诉机关指控被告人林景光犯贩卖毒品罪的事实清楚，证据确实、充分，指控的罪名成立，本院予以支持。被告人林景光归案后如实供述其犯罪事实，认罪态度较好，依法予以从轻处罚。公诉机关的量刑建议适当，本院予以采纳。依照《中华人民共和国刑法》第三百四十七条第一款及第四款、第六十七条第三款、第五十二条、第五十三条、第六十四条之规定，判决如下： 一、被告人林景光犯贩卖毒品罪，判处有期徒刑八个月，并处罚金一千元。 （刑期从判决执行之日起计算。判决执行以前先行羁押的，羁押一日折抵刑期一日，即从2017年5月16日起至2018年1月15日止。罚金自本判决发生法律效力的第二日起十日内，一次性向本院缴纳，上缴国库。） 依法扣押的毒品海洛因及甲基苯丙胺、作案工具手机一台（详见扣押清单），予以没收（由广州市公安局荔湾区分局执行）。 如不服本判决，可在接到判决书的第二日起十日内，通过本院或者直接向广东省广州市中级人民法院提出上诉，书面上诉的，应当提交上诉状正本一份，副本二份。 审判员黄慧珊 二〇一七年九月四日 书记员林泳填 云欣欣","writId":"00938d22c9ed86dbc24e885477b641a9759","writName":"林景光一审刑事判决书"}
