{"ajId":"5a18e376-4178-462c-a512-ed468ea733ea","ajName":"戴某某非法运输制毒物品一案","ajjbqk":" 公诉机关指控：2016年12月20日上午，被告人戴某某受同案人张某（刑拘在逃）的雇请，帮张某开车运货。两人轮流驾驶闽C×××××解放牌厢式货车从长汀出发，于12月21日凌晨5时到达广西南宁，上午10时许，张某驾驶货车在南宁某地装运到麻黄碱，就和戴某某从南宁市上高速原路返回。在返回途中，张某告诉戴某某运输的物品是麻黄碱，承诺给予戴某某人民币1万元好处费，戴某某就答应继续帮张某将麻黄碱运回长汀。12月22日凌晨4时许，戴某某、张某从瑞金北下高速抵达瑞金市京里大酒店，将装有麻黄碱的货车停放在酒店停车场。张某安排戴某某住在8A28（428）房间，并给戴某某一部手机和1500元现金，要求戴某某听其电话安排，随后张某带着货车钥匙离开酒店。12月24日22时许，民警根据群众举报，在京里大酒店将戴某某抓获归案，并在货车上查获麻黄碱1507.93千克。经抽样进行成分和含量鉴定，所送10个检材均检出麻黄碱成分。 公诉机关认为，被告人戴某某违反国家规定，运输麻黄碱达1507.93千克，情节特别严重，其行为触犯了《中华人民共和国刑法》第三百五十条的规定，犯罪事实清楚，证据确实、充分，构成非法运输制毒物品罪。 被告人戴某某对公诉机关指控的罪名没有意见，当庭自愿认罪，但辩称：其在接受公安机关的讯问时没有说过车上运输的是麻黄碱和10000元好处费的事情；其根本不知道车上拉的是麻黄碱，在被公安机关抓获讯问后才知道是麻黄碱。 辩护人对公诉机关指控的罪名没有异议，提出被告人戴某某系从犯应当从轻、减轻处罚或者免除处罚；具有坦白情节，依法可以从轻处罚；当庭自愿认罪，依法可以从轻处罚；主观恶性不深，麻黄碱未流入社会，造成后果不是特别严重，依法可以从轻处罚，综上建议对被告人戴某某减轻处罚。 经审理查明：2016年12月20日上午，被告人戴某某受同案人张某（刑拘在逃）的雇请开车运货。两人轮流驾驶闽C×××××解放牌厢式货车从长汀出发，出发前张某叫戴某某不要带手机，12月21日凌晨5时到达广西南宁，到达南宁后将车牌换成桂A车牌，上午10时许，张某驾驶货车在南宁某地装运到麻黄碱后就和戴某某从南宁市上高速原路返回。在返回途中，张某告诉戴某某运输的物品是麻黄碱，承诺给予戴某某人民币1万元好处费，戴某某就答应继续帮张某将麻黄碱运回长汀。12月22日凌晨4时许，戴某某、张某从瑞金北下高速抵达瑞金市京里大酒店，将装有麻黄碱的货车停放在酒店停车场。张某安排戴某某住在8A28（428）房间，并给戴某某一部手机和1500元现金，要求戴某某听其电话安排，随后张某带着货车钥匙离开酒店。 12月24日22时许，民警根据群众举报，在京里大酒店将戴某某抓获归案，并在货车上查获麻黄碱1507.93千克。经抽样进行成分和含量鉴定，所送10个检材均检出麻黄碱成分。闽C×××××解放牌厢式货车登记车主为马明军，但未找到马明军，无法查明该车详细的使用情况。 上述事实，有以下证据经庭审举证、质证，足以认定。 一、书证 1、被告人基本情况表、户籍证明。证明：被告人戴某某的身份信息，已满刑事责任年龄。 2、受案登记表。证明：本案的受理情况。 3、归案情况说明。证明：被告人戴某某于2016年12月24日被瑞金市公安局抓获归案。 4、江西高速集团赣州管理中心瑞金南管理所收费站出具的蓝某C6B078高速出入口通行记录、出口图片数据照片。证明：2016年12月22日0时54分，蓝某C6B078货车进入吉莲路永新西路收费站，12月22日凌晨3点56分，从瑞金北下高速进入瑞金。 5、瑞金市京里大酒店宾客登记表及京里大酒店出具的房间座机号码的证明。证明：2016年12月22日登记入住京里大酒店8A28房间的是彭海军的身份信息。京里大酒店8A28（428）房间的座机电话号码为0797-2355905。 6、155××××2296、132××××2996、0797-2388905、136××××9333、138××××0000、136××××1514手机或座机通话记录。证明：被告人戴某某与张某、戴某等通话记录情况。 7、扣押物品清单、扣押物品照片。证明：公安机关依法扣押闽C×××××货车、麻黄碱60袋，围裙、袖套、手套、行驶证、F-FOOK手机一部，驾驶证，人民币950元。 8、在逃人员信息登记表。证明：张某刑拘在逃。 9、闽C×××××货车的活动轨迹、导航轨迹图照片及里程数照片。证明：闽C×××××货车于2016年11月10日-12月6的活动轨迹，2016年12月21日-22日行车里程数。 10、瑞金市公安局禁毒大队出具的说明一份。证明：闽C×××××解放牌厢式货车登记车主为马明军，但未找到马明军，无法查明该车详细的使用情况。 二、被告人戴某某的供述。证明：2016年12月17、18日，张某通过微信联系戴某某帮张某跑一趟车，给戴某某一万元钱，12月20日上午9点多，张某开了一辆商务车来到戴某某家，叫戴某某帮张某开车并叫戴某某不要带手机，之后张某驾驶一辆红色解放牌厢式货车带着戴某某从长汀上高速前往南宁，途中戴某某和张某换着开。到南宁后张某开车带戴某某到张某在南宁的一个朋友开的洗车店那里，吃完中午饭后，戴某某在张某的朋友店里休息，张某驾驶货车离开了，下午4、5点钟才回来，之后戴某某开着货车往来的路线返回，途中还是戴某某和张某换着开，12月22日凌晨，戴某某和张某开车从瑞金北下高速来到瑞金市京里大酒店，张某开好房后叫戴某某把货车停在酒店停车场，上电梯的时候张某给了戴某某一张428的房某、一个老人机和1500元现金，让戴某某有事用这个手机跟张某联系，张某就离开了，戴某某就去房间休息了。 货车从南宁出发在高速路口过磅的时候，戴某某看到过磅时的重量是4吨多，而货车自重就有3吨多，才拉1吨多的货，戴某某就问装的是什么东西，张某告诉戴某某装的是麻黄碱，戴某某就说张某不应该叫戴某某弄这样的东西，张某说没事戴某某只是帮忙开车，送到长汀后会给戴某某1万元好处费，戴某某还是一起把装麻黄碱的货车开到瑞金。戴某某知道麻黄碱是用来制造冰毒的原材料。在南宁的时候，洗车店朋友叫张某换成桂A车牌，准备回的时候又换成了闽C×××××车牌。在京里大酒店的时候，因联系不上张某，叫戴某去长汀“友铭针织店问到了张某的电话号码。1万元的好处费张某答应戴某某到长汀给戴某某，现在没得到好处费。 三、证人戴某的证言。证明：2016年12月24日21时47分，戴某某打电话给戴某去长汀县城腾飞一路找一家“友铭针织”的店，店面上招牌的手机号码告诉戴某，说在龙岩打了架要人帮忙开车，之后找到了这家店把号码告诉了戴某某。 四、现场勘查、辨认、搜查、称重、提取等笔录 1、辨认笔录。证明：戴某某辨认出同案人张某，并辨认出戴某。 2、搜查笔录。证明：瑞金市公安局依法对戴某某的人身、入住的京里大酒店428房间及闽C×××××货车进行了搜查，从戴某某的身上查获老人机1部、驾驶证1本、现金950元；从闽C×××××货车内发现有编织袋包装的疑似麻黄碱60袋、黑色皮质围裙3副、棕色皮质袖套3副、白色棉质手套10副及行驶证1本。 3、现场勘验检查工作记录、提取痕迹、物证登记表、现场方位图、现场照片。证明：对停放在瑞金京里大酒店停车场内的厢式货车进行勘查，记录勘查情况。提取围裙、车牌等物品。 4、称重笔录、称重照片、取样笔录。证明：依法对车辆内装运的白色包装物品进行编号称重，经称重计算，60袋疑似麻黄碱物品总重1507.93KG。从60袋疑似麻黄碱的袋子抽取10袋白色晶体作为物证送检。 5、尿液提取笔录。证明：依法提取戴某某尿液用于尿液检测。 五、鉴定意见 1、现场检测报告书。证明：经依法对戴某某的尿液进行检测，其体内不含有冰毒、海洛因、K粉成分。 2、赣州市公安司法鉴定中心（赣市）公（司）鉴（化）字（2016）465号理化检验报告。证明：送检的10袋检材中均检测出麻黄碱成分。 3、福建中正司法鉴定所毒品鉴定司法鉴定检验报告书。证明：送检的10袋麻黄碱的含量均在75.6％以上。 六、同步录音录像光盘6张。证明：侦查机关讯问被告人戴某某的过程合法，被告人戴某某在接受公安机关讯问时的供述，交代了其问过车上装的是什么东西，张某回答是麻黄碱，张某还承诺到长汀后会给一万元好处费。 ","cpfxgc":"本院认为：被告人戴某某违反国家规定伙同他人非法运输麻黄碱，数量达1507.93千克，情节特别严重，其行为已经构成非法运输制毒物品罪。公诉机关指控的罪名成立。被告人戴某某在庭前共有九次供述及三次同步录音录像，虽然存在反复，庭审中也不供认犯罪事实，但不能合理说明翻供的理由，结合被告人戴某某的前六次有罪供述、同步录音录像资料及张某交代戴某某不要带手机、在南宁时换车牌等事实，能够相互印证证实被告人戴某某在运输麻黄碱返回的路途中已经知晓运输的是麻黄碱，且张某答应给被告人戴某某10000元好处费的事实。被告人戴某某在庭审中辩称其在公安机关供述时没有说过知道车上运输的是麻黄碱，也没有供述过10000元好处费的事情，根本不知道车上装运的是麻黄碱，在被公安机关抓获讯问后才知道是麻黄碱的意见与同步录音录像资料不符，本院不予采纳。被告人戴某某伙同他人非法运输制毒物品，系共同犯罪，根据现有证据其在本案中起次要、辅助作用，可以认定为从犯，依法应当从轻处罚，辩护人提出被告人戴某某具有从犯情节的意见，本院予以采纳，另建议对被告人戴某某减轻处罚的意见，本院不予采纳。被告人戴某某当庭自愿认罪，依法可以酌情从轻处罚。辩护人提出被告人戴某某具有当庭自愿认罪的意见，本院予以采纳。被告人戴某某未如实供述自己的犯罪事实，不能认定为坦白，辩护人提出被告人戴某某具有坦白情节的意见，本院不予采纳。辩护人提出被告人戴某某主观恶性不深，麻黄碱未流入社会，造成后果不是特别严重，可以从轻处罚的意见与审理查明的事实和法律规定不符，本院不予采纳。综合被告人戴某某的犯罪性质、情节、作用等，依照《中华人民共和国刑法》第三百五十条第一款、第二十五条、第二十七条、第六十四条之规定，判决如下：","pjjg":" 一、被告人戴某某犯非法运输制毒物品罪，判处有期徒刑七年六个月，并处罚金人民币100000元。 （刑期自判决执行之日起计算。判决执行以前先行羁押的，羁押一日折抵刑期一日。即被告人戴某某的刑期自2016年12月24日起至2024年6月23日止。罚金限本判决生效后十日内缴纳。） 二、扣押在案的六十袋麻黄碱予以没收由瑞金市公安局依法处理，扣押的作案工具F-FOOK手机一部和赃款人民币950元予以没收，上缴国库。 如不服本判决，可在接到判决书的第二日起十日内，通过本院或者直接向江西省赣州市中级人民法院提出上诉。书面上诉的，应提交上诉状正本一份，副本二份。","qw":"戴某某非法运输制毒物品一审刑事判决书 江西省瑞金市人民法院 刑事判决书 （2017）赣0781刑初91号 公诉机关瑞金市人民检察院。 被告人戴某某，男，1975年2月19日出生，汉族，初中文化，福建省长汀县人，货车司机，因涉嫌犯非法运输制毒物品罪于2016年12月24日被抓获，同年12月25日被瑞金市公安局刑事拘留，2017年1月25日被瑞金市公安局逮捕，现羁押在瑞金市看守所。 辩护人刘善明、李志宇，江西洪都律师事务所律师。 瑞金市人民检察院以瑞检公诉刑诉［2017］75号起诉书指控被告人戴某某犯非法运输制毒物品罪于2017年7月3日向本院提起公诉。本院受理后，依法组成合议庭，公开开庭审理了本案。瑞金市人民检察院指派检察员刘慧出庭支持公诉，被告人戴某某及辩护人李志宇到庭参加诉讼。现已审理终结。 公诉机关指控：2016年12月20日上午，被告人戴某某受同案人张某（刑拘在逃）的雇请，帮张某开车运货。两人轮流驾驶闽C×××××解放牌厢式货车从长汀出发，于12月21日凌晨5时到达广西南宁，上午10时许，张某驾驶货车在南宁某地装运到麻黄碱，就和戴某某从南宁市上高速原路返回。在返回途中，张某告诉戴某某运输的物品是麻黄碱，承诺给予戴某某人民币1万元好处费，戴某某就答应继续帮张某将麻黄碱运回长汀。12月22日凌晨4时许，戴某某、张某从瑞金北下高速抵达瑞金市京里大酒店，将装有麻黄碱的货车停放在酒店停车场。张某安排戴某某住在8A28（428）房间，并给戴某某一部手机和1500元现金，要求戴某某听其电话安排，随后张某带着货车钥匙离开酒店。12月24日22时许，民警根据群众举报，在京里大酒店将戴某某抓获归案，并在货车上查获麻黄碱1507.93千克。经抽样进行成分和含量鉴定，所送10个检材均检出麻黄碱成分。 公诉机关认为，被告人戴某某违反国家规定，运输麻黄碱达1507.93千克，情节特别严重，其行为触犯了《中华人民共和国刑法》第三百五十条的规定，犯罪事实清楚，证据确实、充分，构成非法运输制毒物品罪。 被告人戴某某对公诉机关指控的罪名没有意见，当庭自愿认罪，但辩称：其在接受公安机关的讯问时没有说过车上运输的是麻黄碱和10000元好处费的事情；其根本不知道车上拉的是麻黄碱，在被公安机关抓获讯问后才知道是麻黄碱。 辩护人对公诉机关指控的罪名没有异议，提出被告人戴某某系从犯应当从轻、减轻处罚或者免除处罚；具有坦白情节，依法可以从轻处罚；当庭自愿认罪，依法可以从轻处罚；主观恶性不深，麻黄碱未流入社会，造成后果不是特别严重，依法可以从轻处罚，综上建议对被告人戴某某减轻处罚。 经审理查明：2016年12月20日上午，被告人戴某某受同案人张某（刑拘在逃）的雇请开车运货。两人轮流驾驶闽C×××××解放牌厢式货车从长汀出发，出发前张某叫戴某某不要带手机，12月21日凌晨5时到达广西南宁，到达南宁后将车牌换成桂A车牌，上午10时许，张某驾驶货车在南宁某地装运到麻黄碱后就和戴某某从南宁市上高速原路返回。在返回途中，张某告诉戴某某运输的物品是麻黄碱，承诺给予戴某某人民币1万元好处费，戴某某就答应继续帮张某将麻黄碱运回长汀。12月22日凌晨4时许，戴某某、张某从瑞金北下高速抵达瑞金市京里大酒店，将装有麻黄碱的货车停放在酒店停车场。张某安排戴某某住在8A28（428）房间，并给戴某某一部手机和1500元现金，要求戴某某听其电话安排，随后张某带着货车钥匙离开酒店。 12月24日22时许，民警根据群众举报，在京里大酒店将戴某某抓获归案，并在货车上查获麻黄碱1507.93千克。经抽样进行成分和含量鉴定，所送10个检材均检出麻黄碱成分。闽C×××××解放牌厢式货车登记车主为马明军，但未找到马明军，无法查明该车详细的使用情况。 上述事实，有以下证据经庭审举证、质证，足以认定。 一、书证 1、被告人基本情况表、户籍证明。证明：被告人戴某某的身份信息，已满刑事责任年龄。 2、受案登记表。证明：本案的受理情况。 3、归案情况说明。证明：被告人戴某某于2016年12月24日被瑞金市公安局抓获归案。 4、江西高速集团赣州管理中心瑞金南管理所收费站出具的蓝某C6B078高速出入口通行记录、出口图片数据照片。证明：2016年12月22日0时54分，蓝某C6B078货车进入吉莲路永新西路收费站，12月22日凌晨3点56分，从瑞金北下高速进入瑞金。 5、瑞金市京里大酒店宾客登记表及京里大酒店出具的房间座机号码的证明。证明：2016年12月22日登记入住京里大酒店8A28房间的是彭海军的身份信息。京里大酒店8A28（428）房间的座机电话号码为0797-2355905。 6、155××××2296、132××××2996、0797-2388905、136××××9333、138××××0000、136××××1514手机或座机通话记录。证明：被告人戴某某与张某、戴某等通话记录情况。 7、扣押物品清单、扣押物品照片。证明：公安机关依法扣押闽C×××××货车、麻黄碱60袋，围裙、袖套、手套、行驶证、F-FOOK手机一部，驾驶证，人民币950元。 8、在逃人员信息登记表。证明：张某刑拘在逃。 9、闽C×××××货车的活动轨迹、导航轨迹图照片及里程数照片。证明：闽C×××××货车于2016年11月10日-12月6的活动轨迹，2016年12月21日-22日行车里程数。 10、瑞金市公安局禁毒大队出具的说明一份。证明：闽C×××××解放牌厢式货车登记车主为马明军，但未找到马明军，无法查明该车详细的使用情况。 二、被告人戴某某的供述。证明：2016年12月17、18日，张某通过微信联系戴某某帮张某跑一趟车，给戴某某一万元钱，12月20日上午9点多，张某开了一辆商务车来到戴某某家，叫戴某某帮张某开车并叫戴某某不要带手机，之后张某驾驶一辆红色解放牌厢式货车带着戴某某从长汀上高速前往南宁，途中戴某某和张某换着开。到南宁后张某开车带戴某某到张某在南宁的一个朋友开的洗车店那里，吃完中午饭后，戴某某在张某的朋友店里休息，张某驾驶货车离开了，下午4、5点钟才回来，之后戴某某开着货车往来的路线返回，途中还是戴某某和张某换着开，12月22日凌晨，戴某某和张某开车从瑞金北下高速来到瑞金市京里大酒店，张某开好房后叫戴某某把货车停在酒店停车场，上电梯的时候张某给了戴某某一张428的房某、一个老人机和1500元现金，让戴某某有事用这个手机跟张某联系，张某就离开了，戴某某就去房间休息了。 货车从南宁出发在高速路口过磅的时候，戴某某看到过磅时的重量是4吨多，而货车自重就有3吨多，才拉1吨多的货，戴某某就问装的是什么东西，张某告诉戴某某装的是麻黄碱，戴某某就说张某不应该叫戴某某弄这样的东西，张某说没事戴某某只是帮忙开车，送到长汀后会给戴某某1万元好处费，戴某某还是一起把装麻黄碱的货车开到瑞金。戴某某知道麻黄碱是用来制造冰毒的原材料。在南宁的时候，洗车店朋友叫张某换成桂A车牌，准备回的时候又换成了闽C×××××车牌。在京里大酒店的时候，因联系不上张某，叫戴某去长汀“友铭针织店问到了张某的电话号码。1万元的好处费张某答应戴某某到长汀给戴某某，现在没得到好处费。 三、证人戴某的证言。证明：2016年12月24日21时47分，戴某某打电话给戴某去长汀县城腾飞一路找一家“友铭针织”的店，店面上招牌的手机号码告诉戴某，说在龙岩打了架要人帮忙开车，之后找到了这家店把号码告诉了戴某某。 四、现场勘查、辨认、搜查、称重、提取等笔录 1、辨认笔录。证明：戴某某辨认出同案人张某，并辨认出戴某。 2、搜查笔录。证明：瑞金市公安局依法对戴某某的人身、入住的京里大酒店428房间及闽C×××××货车进行了搜查，从戴某某的身上查获老人机1部、驾驶证1本、现金950元；从闽C×××××货车内发现有编织袋包装的疑似麻黄碱60袋、黑色皮质围裙3副、棕色皮质袖套3副、白色棉质手套10副及行驶证1本。 3、现场勘验检查工作记录、提取痕迹、物证登记表、现场方位图、现场照片。证明：对停放在瑞金京里大酒店停车场内的厢式货车进行勘查，记录勘查情况。提取围裙、车牌等物品。 4、称重笔录、称重照片、取样笔录。证明：依法对车辆内装运的白色包装物品进行编号称重，经称重计算，60袋疑似麻黄碱物品总重1507.93KG。从60袋疑似麻黄碱的袋子抽取10袋白色晶体作为物证送检。 5、尿液提取笔录。证明：依法提取戴某某尿液用于尿液检测。 五、鉴定意见 1、现场检测报告书。证明：经依法对戴某某的尿液进行检测，其体内不含有冰毒、海洛因、K粉成分。 2、赣州市公安司法鉴定中心（赣市）公（司）鉴（化）字（2016）465号理化检验报告。证明：送检的10袋检材中均检测出麻黄碱成分。 3、福建中正司法鉴定所毒品鉴定司法鉴定检验报告书。证明：送检的10袋麻黄碱的含量均在75.6％以上。 六、同步录音录像光盘6张。证明：侦查机关讯问被告人戴某某的过程合法，被告人戴某某在接受公安机关讯问时的供述，交代了其问过车上装的是什么东西，张某回答是麻黄碱，张某还承诺到长汀后会给一万元好处费。 本院认为：被告人戴某某违反国家规定伙同他人非法运输麻黄碱，数量达1507.93千克，情节特别严重，其行为已经构成非法运输制毒物品罪。公诉机关指控的罪名成立。被告人戴某某在庭前共有九次供述及三次同步录音录像，虽然存在反复，庭审中也不供认犯罪事实，但不能合理说明翻供的理由，结合被告人戴某某的前六次有罪供述、同步录音录像资料及张某交代戴某某不要带手机、在南宁时换车牌等事实，能够相互印证证实被告人戴某某在运输麻黄碱返回的路途中已经知晓运输的是麻黄碱，且张某答应给被告人戴某某10000元好处费的事实。被告人戴某某在庭审中辩称其在公安机关供述时没有说过知道车上运输的是麻黄碱，也没有供述过10000元好处费的事情，根本不知道车上装运的是麻黄碱，在被公安机关抓获讯问后才知道是麻黄碱的意见与同步录音录像资料不符，本院不予采纳。被告人戴某某伙同他人非法运输制毒物品，系共同犯罪，根据现有证据其在本案中起次要、辅助作用，可以认定为从犯，依法应当从轻处罚，辩护人提出被告人戴某某具有从犯情节的意见，本院予以采纳，另建议对被告人戴某某减轻处罚的意见，本院不予采纳。被告人戴某某当庭自愿认罪，依法可以酌情从轻处罚。辩护人提出被告人戴某某具有当庭自愿认罪的意见，本院予以采纳。被告人戴某某未如实供述自己的犯罪事实，不能认定为坦白，辩护人提出被告人戴某某具有坦白情节的意见，本院不予采纳。辩护人提出被告人戴某某主观恶性不深，麻黄碱未流入社会，造成后果不是特别严重，可以从轻处罚的意见与审理查明的事实和法律规定不符，本院不予采纳。综合被告人戴某某的犯罪性质、情节、作用等，依照《中华人民共和国刑法》第三百五十条第一款、第二十五条、第二十七条、第六十四条之规定，判决如下： 一、被告人戴某某犯非法运输制毒物品罪，判处有期徒刑七年六个月，并处罚金人民币100000元。 （刑期自判决执行之日起计算。判决执行以前先行羁押的，羁押一日折抵刑期一日。即被告人戴某某的刑期自2016年12月24日起至2024年6月23日止。罚金限本判决生效后十日内缴纳。） 二、扣押在案的六十袋麻黄碱予以没收由瑞金市公安局依法处理，扣押的作案工具F-FOOK手机一部和赃款人民币950元予以没收，上缴国库。 如不服本判决，可在接到判决书的第二日起十日内，通过本院或者直接向江西省赣州市中级人民法院提出上诉。书面上诉的，应提交上诉状正本一份，副本二份。 审判长钟跃春 审判员刘超 人民陪审员许俊平 二〇一七年七月二十日 书记员罗艳云","writId":"0368301caca021a728f66b3d0a8fbdafefc","writName":"戴某某非法运输制毒物品一审刑事判决书"}
