{"ajId":"2c4ac3f1-e29d-4768-a59c-d525129ff0d5","ajName":"黄初强奸一案","ajjbqk":" 公诉机关指控，2018年2月22日，被告人黄初通过“陌陌”交友软件和被害人陈某开始聊天，因双方见面后陈某离开，黄初便以找人查其家庭信息、告知其家人及男友其经常外出开房做爱威胁陈某与其见面，陈某遂同意见面。2018年2月24日晚，二人见面吃夜宵后，黄初便想与陈某发生性关系，遂以电动车没电需要充电才能送陈某回家为由，于2018年2月25日1时许在南宁市某酒店开房，并让陈某先到房间休息。在陈某进入房间之后，黄初便通过摁倒、强搂、被子蒙头、手指插入阴道等方式控制住陈某，强行脱下陈某衣裤后与其发生了性关系并射精。对上述指控事实，公诉机关提供了相关证据证实，并认为被告人黄初违背妇女意志，使用暴力手段，强行与被害人发生性关系，其行为触犯了《中华人民共和国刑法》第二百三十六条第一款，犯罪事实清楚，证据确实、充分，应当以强奸罪追究刑事责任。 被告人黄初及辩护人对起诉书指控的犯罪事实及罪名均无异议，辩护人提出被告人黄初有自首情节。 经审理查明，2018年2月22日，被告人黄初通过“陌陌”交友软件和被害人陈某聊天，双方见面后陈某离开，黄初便以查找其家庭信息、告知其家人及朋友其生活作风不良等威胁陈某见面。2018年2月24日晚，二人见面吃夜宵后，黄初想与陈某发生性关系，遂以电动车没电需要充电才能送陈某回家为由，于2018年2月25日1时许将陈某带到南宁市某酒店开房，让陈某在房间内休息，陈某进入房间之后，黄初便通过摁倒、强搂、被子蒙头、手指插入阴道等暴力方式，强行与陈某发生性关系。 另查明，2018年2月25日2时30分许，公安人员接到被害人陈某报案，在南宁市某酒店房间将被告人黄初抓获。 上述事实，被告人黄初及辩护人在庭审过程中亦无异议，并有受案登记表、抓获经过、户籍证明、提取清单、提取物证痕迹登记表、接受证据材料清单、调取证据清单、陌陌及微信聊天记录截图照片、海德堡风情酒店押金单、鉴定意见通知书、现场指认照片；被害人陈某的陈述；鉴定书；提取笔录、辨认笔录、现场勘验笔录、现场辨认笔录；酒店监控视频等证据证实，足以认定。 ","cpfxgc":"本院认为，被告人黄初违背妇女意志，以暴力、胁迫手段强奸妇女，其行为已构成强奸罪。公诉机关指控的罪名成立。被告人黄初归案后如实供述自己的罪行，可以从轻处罚。辩护提出被告人有自首情节的意见，与查明的事实不符，本院不予采纳。根据被告人的犯罪事实、犯罪性质、情节以及对社会的危害程度，依照《中华人民共和国刑法》第二百三十六条第一款、第六十七条第三款之规定，判决如下：","pjjg":" 被告人黄初犯强奸罪，判处有期徒刑四年。 （刑期从判决执行之日起计算。判决执行前先行羁押的，羁押一日折抵刑期一日，即自2018年2月25日起至2022年2月24日止。） 如不服本判决，可在接到判决书的第二日起十日内，通过本院或者直接向南宁市中级人民法院提出上诉。书面上诉的，应当提交上诉状正本一份，副本一份。","qw":"广西壮族自治区南宁市西乡塘区人民法院 刑事判决书 （2018）桂0107刑初502号 公诉机关广西壮族自治区南宁市西乡塘区人民检察院。 被告人黄初，男，1989年2月4日出生于广西壮族自治区宁明县，壮族，初中文化，无业，户籍所在地宁明县。因涉嫌犯强奸罪于2018年2月25日被抓获，同日被刑事拘留，同年3月10日被逮捕。现羁押于南宁市。 辩护人何军强，广西越桂律师事务所律师。 南宁市西乡塘区人民检察院以南市西检刑诉（2018）478号起诉书指控被告人黄初犯强奸罪，于2018年5月23日向本院提起公诉。本院依法组成合议庭，不公开开庭审理了本案。不公开审理的理由是案件涉及个人隐私。南宁市西乡塘区人民检察院指派检察员杨草出庭支持公诉，被告人黄初及辩护人何军强到庭参加诉讼。现已审理终结。 公诉机关指控，2018年2月22日，被告人黄初通过“陌陌”交友软件和被害人陈某开始聊天，因双方见面后陈某离开，黄初便以找人查其家庭信息、告知其家人及男友其经常外出开房做爱威胁陈某与其见面，陈某遂同意见面。2018年2月24日晚，二人见面吃夜宵后，黄初便想与陈某发生性关系，遂以电动车没电需要充电才能送陈某回家为由，于2018年2月25日1时许在南宁市某酒店开房，并让陈某先到房间休息。在陈某进入房间之后，黄初便通过摁倒、强搂、被子蒙头、手指插入阴道等方式控制住陈某，强行脱下陈某衣裤后与其发生了性关系并射精。对上述指控事实，公诉机关提供了相关证据证实，并认为被告人黄初违背妇女意志，使用暴力手段，强行与被害人发生性关系，其行为触犯了《中华人民共和国刑法》第二百三十六条第一款，犯罪事实清楚，证据确实、充分，应当以强奸罪追究刑事责任。 被告人黄初及辩护人对起诉书指控的犯罪事实及罪名均无异议，辩护人提出被告人黄初有自首情节。 经审理查明，2018年2月22日，被告人黄初通过“陌陌”交友软件和被害人陈某聊天，双方见面后陈某离开，黄初便以查找其家庭信息、告知其家人及朋友其生活作风不良等威胁陈某见面。2018年2月24日晚，二人见面吃夜宵后，黄初想与陈某发生性关系，遂以电动车没电需要充电才能送陈某回家为由，于2018年2月25日1时许将陈某带到南宁市某酒店开房，让陈某在房间内休息，陈某进入房间之后，黄初便通过摁倒、强搂、被子蒙头、手指插入阴道等暴力方式，强行与陈某发生性关系。 另查明，2018年2月25日2时30分许，公安人员接到被害人陈某报案，在南宁市某酒店房间将被告人黄初抓获。 上述事实，被告人黄初及辩护人在庭审过程中亦无异议，并有受案登记表、抓获经过、户籍证明、提取清单、提取物证痕迹登记表、接受证据材料清单、调取证据清单、陌陌及微信聊天记录截图照片、海德堡风情酒店押金单、鉴定意见通知书、现场指认照片；被害人陈某的陈述；鉴定书；提取笔录、辨认笔录、现场勘验笔录、现场辨认笔录；酒店监控视频等证据证实，足以认定。 本院认为，被告人黄初违背妇女意志，以暴力、胁迫手段强奸妇女，其行为已构成强奸罪。公诉机关指控的罪名成立。被告人黄初归案后如实供述自己的罪行，可以从轻处罚。辩护提出被告人有自首情节的意见，与查明的事实不符，本院不予采纳。根据被告人的犯罪事实、犯罪性质、情节以及对社会的危害程度，依照《中华人民共和国刑法》第二百三十六条第一款、第六十七条第三款之规定，判决如下： 被告人黄初犯强奸罪，判处有期徒刑四年。 （刑期从判决执行之日起计算。判决执行前先行羁押的，羁押一日折抵刑期一日，即自2018年2月25日起至2022年2月24日止。） 如不服本判决，可在接到判决书的第二日起十日内，通过本院或者直接向南宁市中级人民法院提出上诉。书面上诉的，应当提交上诉状正本一份，副本一份。 审判长陆小玲 人民陪审员张卫红 人民陪审员闭汉文 二〇一八年九月十三日 书记员何金莲 相关法律条文： 《中华人民共和国刑法》： 第二百三十六条以暴力、胁迫或者其他手段强奸妇女的，处三年以上十年以下有期徒刑。 奸淫不满十四周岁的幼女的，以强奸论，从重处罚。 强奸妇女、奸淫幼女，有下列情形之一的，处十年以上有期徒刑、无期徒刑或者死刑： （一）强奸妇女、奸淫幼女情节恶劣的； （二）强奸妇女、奸淫幼女多人的； （三）在公共场所当众强奸妇女的； （四）二人以上轮奸的； （五）致使被害人重伤、死亡或者造成其他严重后果的。 第六十七条犯罪以后自动投案，如实供述自己的罪行的，是自首。对于自首的犯罪分子，可以从轻或者减轻处罚。其中，犯罪较轻的，可以免除处罚。 被采取强制措施的犯罪嫌疑人、被告人和正在服刑的罪犯，如实供述司法机关还未掌握的本人其他罪行的，以自首论。 犯罪嫌疑人虽不具有前两款规定的自首情节，但是如实供述自己罪行的，可以从轻处罚；因其如实供述自己罪行，避免特别严重后果发生的，可以减轻处罚。","writId":"029f1e3c9b1ab68f6161f745b6902315852","writName":"黄初强奸一审刑事判决书"}
