{"ajId":"432ecf7d-6b62-4efe-8b04-658fe9af588d","ajName":"杨升万、唐杰寻衅滋事一案","ajjbqk":" 深圳市罗湖区人民检察院指控：2018年6月3日5时许，被告人杨升万、唐杰在深圳市罗湖区莲塘国威路赵某2排档吃夜宵时，见黄某2喝多躺在地上休息便斥责黄某2，双方发生言语冲突。黄某2与其同行朋友被害人黄某1等人见状便选择离开大排档。被告人杨升万见被害人黄某1离开时将腰带缠绕在手上，便跑进大排档厨房，强行拿走两把菜刀，将菜刀分给被告人唐杰一把后，再次跑进厨房又拿了一把刀。被告人唐杰手持一把菜刀，杨升万左右手各持一把菜刀追赶被害人黄某1、黄某2等。被害人黄某1在躲避追赶过程中，不慎摔倒在地，被告人唐杰便用菜刀砍伤其左大腿背外侧（经鉴定，被害人黄某1所受损伤属轻伤二级）。被告人杨升万、唐杰将刀扔在大排档门口后逃离现场。 2018年6月30日，被告人杨升万、唐杰到莲塘派出所投案。 证明上述事实，公诉机关提交了下列证据：1、物证：三把菜刀照片；2、书证：受案登记表、扣押决定书、扣押笔录、扣押清单、情况说明、人口基本信息、违法犯罪经历以及从轻从重情节核查登记表、刑事判决书、刑满释放证明书、吸毒样本现场检测结果照片说明、毒品尿液检测；3、证人证言：证人黄某2、史某1、刘某1、赵某1的证言及到案经过；4、被害人陈述：被害人黄某1的陈述；5、被告人的供述与辩解：被告人唐杰、杨升万的供述与辩解；6、鉴定意见：被害人黄某1伤情鉴定；7、勘验、检查、辨认、侦查实验等笔录：现场勘查笔录及现场照片、杨某万辨认笔录；8、视听资料：光盘4个。 公诉机关认为，被告人杨升万、唐杰无视国家法律，借故生非，持械追逐、随意殴打他人，致一人轻伤，其行为触犯了《中华人民共和国刑法》第二百九十三条第一款，犯罪事实清楚，证据确实、充分，应当以寻衅滋事罪追究其刑事责任。被告人杨升万被判处有期徒刑以上刑罚，刑罚执行完毕以后，在五年内再犯应当判处有期徒刑以上刑罚之罪的，根据《中华人民共和国刑法》第六十五条第一款规定，是累犯，应当从重处罚。被告人杨升万、唐杰犯罪后自动投案，如实供述自己的罪行，根据《中华人民共和国刑法》第六十七条第一款规定，是自首，可以从轻或者减轻处罚。被告人杨升万、唐杰在审查起诉阶段已签署《认罪认罚具结书》，自愿认罪认罚，可以从宽处罚。建议判处被告人杨升万、唐杰一年零六个月以下有期徒刑或拘役。 被告人杨升万在法庭上对指控的上述犯罪事实及上述证据无异议，承认控罪。 辩护人张惠提出的辩护意见是：1、被告人扬升万自动投案并如实供述自己的罪行，是自首，可以从轻或减轻处罚；2、被告人扬升万自愿认罪认罚，可以从宽处理；3、被告人扬升万案发时系醉酒状态，意识不清醒，对自己行为的法律后果辨认能力和控制能力大大降低；4、案件发生的原因是同案犯唐杰与被害人发生口角，导致被害人受伤害的原因是同案犯唐杰持刀追砍；5、被告人扬升万主观恶性小，认罪态度诚恳，决心悔改。综上，请求法庭对被告人扬升万从轻处罚。 被告人唐杰在法庭上对指控的上述犯罪事实及上述证据无异议，承认控罪。 辩护人张锦杨提出的辩护意见是：1、被告人唐杰案发时系处于醉酒状态，意识不清醒，对自己行为的法律后果辨认能力和控制能力大大降低。且本案被害人对纠纷的发生负有一定责任，应当对被告人唐杰酌情从轻处罚；2、被告人唐杰案发后存在自首情节并如实供述，可以从轻、减轻或免除处罚；3、被告人唐杰到案后能如实供述自己的罪行，真诚认罪、知罪、悔罪，且当庭表示愿意积极主动赔偿被害人的损失，可以从轻处罚；4、被告人唐杰是初犯、偶犯，没有任何犯罪前科。综上，请求法庭对被告人唐杰从轻或减轻处罚并适用缓刑。 经审理查明，公诉机关指控被告人杨升万、唐杰的上述犯罪事实客观、真实，上述证据来源合法，且经当庭质证，予以采信。 ","cpfxgc":"本院认为，被告人杨升万、唐杰借故生非，持械追逐、随意殴打他人，致一人轻伤，其行为均已构成寻衅滋事罪。公诉机关对被告人杨升万、唐杰犯寻衅滋事罪的指控，犯罪事实清楚，证据确实、充分，应予以支持。本案是一起共同犯罪，在共同犯罪中，被告人杨升万、唐杰均积极实施犯罪，均起主要作用，不宜区分主从犯。被告人杨升万曾因故意犯罪被判处有期徒刑以上刑罚，刑罚执行完毕以后五年内再犯应当判处有期徒刑以上刑罚之罪，是累犯，应当从重处罚。被告人杨升万、唐杰犯罪后自动投案，如实供述自己的罪行，是自首，可以从轻处罚。被告人杨升万、唐杰在审查起诉阶段已签署《认罪认罚具结书》，自愿认罪认罚，可以从宽处罚。被告人杨升万两次犯罪被判处刑罚，不思悔改，再次犯罪，酌情从重处罚。辩护人关于被告人扬升万具有自首情节，自愿认罪认罚，认罪态度较好，请求对其从轻处罚的辩护意见与事实相符，本院予以采纳；其他辩护意见，本院不予采纳。辩护人关于被告人唐杰是初犯、偶犯，没有任何犯罪前科，具有自首情节，真诚认罪、悔罪，请求对其从轻处罚的辩护意见与事实相符，本院予以采纳；其他辩护意见，本院不予采纳。公诉机关的量刑建议与事实相符，本院予以支持。依照《中华人民共和国刑法》第二百九十三条第一款、第二十五条第一款、第二十六条第一款、第六十五条、第六十七条第一款、第六十四条之规定，判决如下：","pjjg":" 一、被告人杨升万犯寻衅滋事罪，判处有期徒刑一年（刑期自判决执行之日起计算。判决执行以前先行羁押的，羁押一日折抵刑期一日。即自2018年6月30日起至2019年6月29日止）。 二、被告人唐杰犯寻衅滋事罪，判处有期徒刑十一个月（刑期自判决执行之日起计算。判决执行以前先行羁押的，羁押一日折抵刑期一日。即自2018年6月30日起至2019年5月29日止）。 三、公安机关依法扣押的作案工具菜刀三把，由扣押机关依法退还给菜刀所有人赵某杰。 如不服本判决，可在接到判决书的第二日起十日内，通过本院或者直接向广东省深圳市中级人民法院提起上诉。书面上诉的，应当提交上诉状正本一份，副本两份。","qw":"广东省深圳市罗湖区人民法院 刑事判决书 （2018）粤0303刑初1706号 公诉机关深圳市罗湖区人民检察院。 被告人杨升万，男，1995年9月10日出生，彝族，初中文化，无业，户籍所在地贵州省安顺市。因犯贩卖毒品罪，2013年7月15日被深圳市龙岗区人民法院判处有期徒刑一年九个月，2015年3月刑满释放。因犯贩卖毒品罪，2016年12月9日被本法院判处有期徒刑六个月，2017年1月21日刑满释放。因本案，2018年6月30日被刑事拘留，同年8月2日被逮捕。现羁押于深圳市罗湖区看守所。 辩护人张惠，广东微众律师事务所律师，由深圳市罗湖区法律援助处指派。 被告人唐杰，男，1998年10月30日出生，汉族，初中文化，无业，户籍所在地湖南省邵阳市邵阳县，暂住深圳市罗湖区。因本案，2018年6月30日被刑事拘留，同年8月2日被逮捕。现羁押于深圳市罗湖区看守所。 辩护人张锦杨，广东微众律师事务所律师，由深圳市罗湖区法律援助处指派。 深圳市罗湖区人民检察院以深罗检刑诉（2018）2045号起诉书指控被告人杨升万犯寻衅滋事罪，于2018年10月29日向本院提起公诉。本院依法组成合议庭，于2018年11月22日公开开庭审理了本案。深圳市罗湖区人民检察院指派检察员秦嵘出庭支持公诉，被告人杨升万、唐杰及辩护人张惠、张锦杨到庭参加诉讼。本案现已审理终结。 深圳市罗湖区人民检察院指控：2018年6月3日5时许，被告人杨升万、唐杰在深圳市罗湖区莲塘国威路赵某2排档吃夜宵时，见黄某2喝多躺在地上休息便斥责黄某2，双方发生言语冲突。黄某2与其同行朋友被害人黄某1等人见状便选择离开大排档。被告人杨升万见被害人黄某1离开时将腰带缠绕在手上，便跑进大排档厨房，强行拿走两把菜刀，将菜刀分给被告人唐杰一把后，再次跑进厨房又拿了一把刀。被告人唐杰手持一把菜刀，杨升万左右手各持一把菜刀追赶被害人黄某1、黄某2等。被害人黄某1在躲避追赶过程中，不慎摔倒在地，被告人唐杰便用菜刀砍伤其左大腿背外侧（经鉴定，被害人黄某1所受损伤属轻伤二级）。被告人杨升万、唐杰将刀扔在大排档门口后逃离现场。 2018年6月30日，被告人杨升万、唐杰到莲塘派出所投案。 证明上述事实，公诉机关提交了下列证据：1、物证：三把菜刀照片；2、书证：受案登记表、扣押决定书、扣押笔录、扣押清单、情况说明、人口基本信息、违法犯罪经历以及从轻从重情节核查登记表、刑事判决书、刑满释放证明书、吸毒样本现场检测结果照片说明、毒品尿液检测；3、证人证言：证人黄某2、史某1、刘某1、赵某1的证言及到案经过；4、被害人陈述：被害人黄某1的陈述；5、被告人的供述与辩解：被告人唐杰、杨升万的供述与辩解；6、鉴定意见：被害人黄某1伤情鉴定；7、勘验、检查、辨认、侦查实验等笔录：现场勘查笔录及现场照片、杨某万辨认笔录；8、视听资料：光盘4个。 公诉机关认为，被告人杨升万、唐杰无视国家法律，借故生非，持械追逐、随意殴打他人，致一人轻伤，其行为触犯了《中华人民共和国刑法》第二百九十三条第一款，犯罪事实清楚，证据确实、充分，应当以寻衅滋事罪追究其刑事责任。被告人杨升万被判处有期徒刑以上刑罚，刑罚执行完毕以后，在五年内再犯应当判处有期徒刑以上刑罚之罪的，根据《中华人民共和国刑法》第六十五条第一款规定，是累犯，应当从重处罚。被告人杨升万、唐杰犯罪后自动投案，如实供述自己的罪行，根据《中华人民共和国刑法》第六十七条第一款规定，是自首，可以从轻或者减轻处罚。被告人杨升万、唐杰在审查起诉阶段已签署《认罪认罚具结书》，自愿认罪认罚，可以从宽处罚。建议判处被告人杨升万、唐杰一年零六个月以下有期徒刑或拘役。 被告人杨升万在法庭上对指控的上述犯罪事实及上述证据无异议，承认控罪。 辩护人张惠提出的辩护意见是：1、被告人扬升万自动投案并如实供述自己的罪行，是自首，可以从轻或减轻处罚；2、被告人扬升万自愿认罪认罚，可以从宽处理；3、被告人扬升万案发时系醉酒状态，意识不清醒，对自己行为的法律后果辨认能力和控制能力大大降低；4、案件发生的原因是同案犯唐杰与被害人发生口角，导致被害人受伤害的原因是同案犯唐杰持刀追砍；5、被告人扬升万主观恶性小，认罪态度诚恳，决心悔改。综上，请求法庭对被告人扬升万从轻处罚。 被告人唐杰在法庭上对指控的上述犯罪事实及上述证据无异议，承认控罪。 辩护人张锦杨提出的辩护意见是：1、被告人唐杰案发时系处于醉酒状态，意识不清醒，对自己行为的法律后果辨认能力和控制能力大大降低。且本案被害人对纠纷的发生负有一定责任，应当对被告人唐杰酌情从轻处罚；2、被告人唐杰案发后存在自首情节并如实供述，可以从轻、减轻或免除处罚；3、被告人唐杰到案后能如实供述自己的罪行，真诚认罪、知罪、悔罪，且当庭表示愿意积极主动赔偿被害人的损失，可以从轻处罚；4、被告人唐杰是初犯、偶犯，没有任何犯罪前科。综上，请求法庭对被告人唐杰从轻或减轻处罚并适用缓刑。 经审理查明，公诉机关指控被告人杨升万、唐杰的上述犯罪事实客观、真实，上述证据来源合法，且经当庭质证，予以采信。 本院认为，被告人杨升万、唐杰借故生非，持械追逐、随意殴打他人，致一人轻伤，其行为均已构成寻衅滋事罪。公诉机关对被告人杨升万、唐杰犯寻衅滋事罪的指控，犯罪事实清楚，证据确实、充分，应予以支持。本案是一起共同犯罪，在共同犯罪中，被告人杨升万、唐杰均积极实施犯罪，均起主要作用，不宜区分主从犯。被告人杨升万曾因故意犯罪被判处有期徒刑以上刑罚，刑罚执行完毕以后五年内再犯应当判处有期徒刑以上刑罚之罪，是累犯，应当从重处罚。被告人杨升万、唐杰犯罪后自动投案，如实供述自己的罪行，是自首，可以从轻处罚。被告人杨升万、唐杰在审查起诉阶段已签署《认罪认罚具结书》，自愿认罪认罚，可以从宽处罚。被告人杨升万两次犯罪被判处刑罚，不思悔改，再次犯罪，酌情从重处罚。辩护人关于被告人扬升万具有自首情节，自愿认罪认罚，认罪态度较好，请求对其从轻处罚的辩护意见与事实相符，本院予以采纳；其他辩护意见，本院不予采纳。辩护人关于被告人唐杰是初犯、偶犯，没有任何犯罪前科，具有自首情节，真诚认罪、悔罪，请求对其从轻处罚的辩护意见与事实相符，本院予以采纳；其他辩护意见，本院不予采纳。公诉机关的量刑建议与事实相符，本院予以支持。依照《中华人民共和国刑法》第二百九十三条第一款、第二十五条第一款、第二十六条第一款、第六十五条、第六十七条第一款、第六十四条之规定，判决如下： 一、被告人杨升万犯寻衅滋事罪，判处有期徒刑一年（刑期自判决执行之日起计算。判决执行以前先行羁押的，羁押一日折抵刑期一日。即自2018年6月30日起至2019年6月29日止）。 二、被告人唐杰犯寻衅滋事罪，判处有期徒刑十一个月（刑期自判决执行之日起计算。判决执行以前先行羁押的，羁押一日折抵刑期一日。即自2018年6月30日起至2019年5月29日止）。 三、公安机关依法扣押的作案工具菜刀三把，由扣押机关依法退还给菜刀所有人赵某杰。 如不服本判决，可在接到判决书的第二日起十日内，通过本院或者直接向广东省深圳市中级人民法院提起上诉。书面上诉的，应当提交上诉状正本一份，副本两份。 审判长赵亚飞 人民陪审员陈兵 人民陪审员邓丽 二〇一八年十一月二十三日 书记员潘艺友 吴恩玉","writId":"05424e0d17933a7ff327eccc50d5cb3f959","writName":"杨升万、唐杰寻衅滋事一审刑事判决书"}
