{"ajId":"364b54ec-a2bd-4551-b93e-017fb61e7c36","ajName":"王某强奸一案","ajjbqk":" 公诉机关指控2015年4月5日上午，安美玉和郭某乙酒后去王集乡王世贵的钢构房内，因酒醉郭某乙在钢构房内睡着，下午刘志延（已判决）来到王世贵的钢构房内，发现郭某乙，在问清郭某乙未满十四周岁的情况下，仍意图与郭某乙发生性关系，郭某乙不从，此事被告人王某同刘志延阻拦郭某乙不让其出门，为了防止外面人发现，二人将窗帘挂上，之后，刘志延强行奸淫郭某乙。 被告人王某对指控的犯罪事实无异议。 辩护人辩称，对指控罪名无异议，被告人犯罪时系未成年人、从犯，自愿认罪且系自首，被告人现真心悔罪，恳请依法减轻处罚，判处缓刑。 经依法审理查明，2015年4月5日上午，安美玉和郭某乙酒后去王集乡王世贵的钢构房内，因酒醉郭某乙在钢构房内睡着，下午刘志延（已判决）来到王世贵的钢构房内，发现郭某乙，在问清郭某乙未满十四周岁的情况下，仍意图与郭某乙发生性关系，郭某乙不从，此事被告人王某同刘志延阻拦郭某乙不让其出门，为了防止外面人发现，二人将窗帘挂上，之后，刘志延强行奸淫郭某乙。 上述事实，被告人王某在开庭审理过程中亦无异议，并由被告人王某的供述，被害人郭某乙的陈述，证人刘某、武某、郭某甲的证言，刑事判决书及被告人王某的户籍证明等证据证实，足以认定。 ","cpfxgc":"本院认为，被告人王某目无国法，帮助他人奸淫不满十四岁幼女，犯罪事实清楚，证据确实充分，其行为应以强奸罪论，从重处罚。公诉机关指控罪名成立。被告人王某辅助辩护人辩称被告人王某在该犯罪活动中起辅助作用，系从犯，依法减轻处罚；被告人王某在系从犯且未满十八岁系未成年人，又有自首情节依法减轻处罚辩护意见予以支持；又鉴于被告人已落实社区矫正措施，依照《中华人民共和国刑法》第二百三十六条、第十七条、第二十七条、第六十七条的规定，判决如下：","pjjg":" 被告人王某犯强奸罪，判处拘役四个月，缓刑六个月（缓刑考验期从判决确定之日起计算）。 如不服本判决，可在接到判决书的第二日起十日内，通过本院或者直接向河北省衡水市中级人民法院提出上诉，书面上诉的应当提交上诉状正本一份，副本二份。","qw":"河北省阜城县人民法院 刑事判决书 （2016）冀1128刑初40号 公诉机关河北省阜城县人民检察院。 被告人王某。 辩护人吴战勇河北刘爱国律师事务所律师 阜城县人民检察院以阜检公诉刑诉（2016）39号起诉书指控被告人王某犯强奸罪，向本院提起公诉。本院依法组成合议庭，不公开开庭审理了本案。阜城县人民检察院检察员安卫栋出庭支持公诉，被告人王某及辩护人吴战勇到庭参加了诉讼。现已审理终结。 公诉机关指控2015年4月5日上午，安美玉和郭某乙酒后去王集乡王世贵的钢构房内，因酒醉郭某乙在钢构房内睡着，下午刘志延（已判决）来到王世贵的钢构房内，发现郭某乙，在问清郭某乙未满十四周岁的情况下，仍意图与郭某乙发生性关系，郭某乙不从，此事被告人王某同刘志延阻拦郭某乙不让其出门，为了防止外面人发现，二人将窗帘挂上，之后，刘志延强行奸淫郭某乙。 被告人王某对指控的犯罪事实无异议。 辩护人辩称，对指控罪名无异议，被告人犯罪时系未成年人、从犯，自愿认罪且系自首，被告人现真心悔罪，恳请依法减轻处罚，判处缓刑。 经依法审理查明，2015年4月5日上午，安美玉和郭某乙酒后去王集乡王世贵的钢构房内，因酒醉郭某乙在钢构房内睡着，下午刘志延（已判决）来到王世贵的钢构房内，发现郭某乙，在问清郭某乙未满十四周岁的情况下，仍意图与郭某乙发生性关系，郭某乙不从，此事被告人王某同刘志延阻拦郭某乙不让其出门，为了防止外面人发现，二人将窗帘挂上，之后，刘志延强行奸淫郭某乙。 上述事实，被告人王某在开庭审理过程中亦无异议，并由被告人王某的供述，被害人郭某乙的陈述，证人刘某、武某、郭某甲的证言，刑事判决书及被告人王某的户籍证明等证据证实，足以认定。 本院认为，被告人王某目无国法，帮助他人奸淫不满十四岁幼女，犯罪事实清楚，证据确实充分，其行为应以强奸罪论，从重处罚。公诉机关指控罪名成立。被告人王某辅助辩护人辩称被告人王某在该犯罪活动中起辅助作用，系从犯，依法减轻处罚；被告人王某在系从犯且未满十八岁系未成年人，又有自首情节依法减轻处罚辩护意见予以支持；又鉴于被告人已落实社区矫正措施，依照《中华人民共和国刑法》第二百三十六条、第十七条、第二十七条、第六十七条的规定，判决如下： 被告人王某犯强奸罪，判处拘役四个月，缓刑六个月（缓刑考验期从判决确定之日起计算）。 如不服本判决，可在接到判决书的第二日起十日内，通过本院或者直接向河北省衡水市中级人民法院提出上诉，书面上诉的应当提交上诉状正本一份，副本二份。 审判长张兴展 审判员周尊 陪审员王娟 二〇一六年三月二十二日 书记员殷聪聪","writId":"000162d0ecea2ceac25829b36a152e647f8","writName":"王某强奸一审刑事判决书"}
