{"ajId":"00bbea7c-ef46-4da2-b195-c84db5860f4f","ajName":"被告人尹某某盗窃一案","ajjbqk":" 洪江市人民检察院指控：2014年4月26日至2014年5月17日，被告人尹某某伙同宁某某（在逃，绰号“风癫子”）驾驶一台湘E3＊＊＊9面包车来到洪江市黔城镇盗窃摩托车五辆，共计价值人民币35000元，具体犯罪事实如下： 1、2014年4月26日14时20分许，被告人尹某某在黔城镇同鑫网吧门口将覃某某停放在此的一辆价值7200元的五羊本田摩托车电门开关拧坏、由宁某某将车子骑走，当二人将车骑至黔城明志大酒店时，由宁某某望风，被告人尹某某在黔城明志大酒店门口将杨某停放在此的一辆鉴定价值为7000元的新大洲本田摩托车盗走，二人用面包车将两台摩托车运至洞口县醪田镇销赃，分别销得赃款1800元和2000元，两人除去开支400元，各分得赃款1700元。 2、2014年4月27日12时许，由宁某某望风，尹某某在黔城新欣网吧门口将潘某某停放在此的一辆价值为7500元的新大洲本田摩托车盗走，二人用面包车将摩托车运至隆回县西洋江镇销赃，销得赃款1700元，除去400元开支，每人得赃款650元。 3、2014年4月28日13时50分许，被告人尹某某同宁某某来到洪江市黔城镇分头寻找作案目标，宁某某在黔城镇“姣姣网吧”旁边一巷子里将王某停放在此的一辆价值为7000元的五羊本田摩托车盗走，二人用面包车将摩托车运至洞口县醪田镇销赃，销得赃款2200元，宁某某分给尹某某赃款500元。 4、2014年5月17日13时许，由被告人尹某某望风，宁某某在黔城人民医院住院部门口将周某某停放在此的一辆价值为7000元的新大洲本田摩托车盗走，二人将车骑至洪江区继续寻找作案目标时，被根据线索追踪而来的洪江市公安局民警贺玉元、易继良发现，民警对二人实施抓捕时，宁某某骑车逃脱，尹某某边逃跑边使用催泪喷射器往民警易继良脸上喷射，致使民警易继良眼睛红肿、泪流不止，尹某某逃跑100余米后被民警抓获。 上述事实，被告人尹某某在开庭审理过程中亦无异议，并有物证提取笔录，扣押物品、文件清单，发还物品、文件清单，书证常住人口信息，到案经过，机动车销售发票，收据，（2009）隆刑初字第201号刑事判决书，证人廖某某的证言，被害人覃某某、杨某、潘某某、王某、周某某的陈述，公安机关的现场勘验检查笔录、方位图及现场照片，辨认笔录及照片，指认现场笔录及照片，监控视频截图，价格鉴定结论书等证据证明，足以认定。洪江市人民检察院建议对被告人尹某某在有期徒刑二年以上三年以下范围内量刑，并处罚金。 ","cpfxgc":"本院认为：被告人尹某某以非法占有为目的，伙同他人秘密窃取公民财物，数额较大，其行为已构成盗窃罪。公诉机关指控被告人尹某某犯盗窃罪的罪名成立，本院予以确认。在共同犯罪中，被告人尹某某起了主要作用，系主犯，应当按照其所参与的或者组织、指挥的全部犯罪处罚。被告人尹某某虽不具有自首情节，但能如实供述自己的罪行，并当庭自愿认罪，依法可以从轻处罚。公诉机关对被告人尹某某提出的量刑建议适当，本院予以采纳。据此，依照《中华人民共和国刑法》第二百六十四条，第二十五条第一款，第二十六条第一款、第四款，第六十七条第三款，第五十二条，第五十三条的规定，判决如下：","pjjg":" 被告人尹某某犯盗窃罪，判处有期徒刑二年九个月，并处罚金人民币三万五千元（刑期从判决执行之日起计算。判决执行以前先行羁押的，羁押一日折抵刑期一日。即被告人尹某某的刑期从2014年5月18日起至2017年2月17日止。罚金限本判决生效后一个月内缴纳，期满不缴纳，强制缴纳）。 如不服本判决，可在接到判决书的第二日起十日内，通过本院或者直接向湖南省怀化市中级人民法院提出上诉。书面上诉的，应交上诉状正本一份，副本二份。","qw":"湖南省洪江市人民法院 刑事判决书 （2014）洪法刑初字第134号 公诉机关洪江市人民检察院。 被告人尹某某，绰号“老四”，男，1984年12月12日出生，汉族，湖南省洞口县人，初中文化，农民。因犯盗窃罪，2009年11月2日被湖南省隆回县人民法院判处有期徒刑一年，缓刑一年，并处罚金八千元人民币。因涉嫌犯盗窃罪于2014年5月18日被洪江市公安局刑事拘留，同年6月25日被执行逮捕。现羁押于洪江市看守所。 洪江市人民检察院以洪检公诉刑诉（2014）89号起诉书指控被告人尹某某犯盗窃罪，于2014年9月22日向本院提起公诉。本院于2014年9月26日立案，并依法适用简易程序，实行独任审判，于2014年10月13日公开开庭审理了本案。洪江市人民检察院指派代理检察员杨霖出庭支持公诉。被告人尹某某到庭参加诉讼。现已审理终结。 洪江市人民检察院指控：2014年4月26日至2014年5月17日，被告人尹某某伙同宁某某（在逃，绰号“风癫子”）驾驶一台湘E3＊＊＊9面包车来到洪江市黔城镇盗窃摩托车五辆，共计价值人民币35000元，具体犯罪事实如下： 1、2014年4月26日14时20分许，被告人尹某某在黔城镇同鑫网吧门口将覃某某停放在此的一辆价值7200元的五羊本田摩托车电门开关拧坏、由宁某某将车子骑走，当二人将车骑至黔城明志大酒店时，由宁某某望风，被告人尹某某在黔城明志大酒店门口将杨某停放在此的一辆鉴定价值为7000元的新大洲本田摩托车盗走，二人用面包车将两台摩托车运至洞口县醪田镇销赃，分别销得赃款1800元和2000元，两人除去开支400元，各分得赃款1700元。 2、2014年4月27日12时许，由宁某某望风，尹某某在黔城新欣网吧门口将潘某某停放在此的一辆价值为7500元的新大洲本田摩托车盗走，二人用面包车将摩托车运至隆回县西洋江镇销赃，销得赃款1700元，除去400元开支，每人得赃款650元。 3、2014年4月28日13时50分许，被告人尹某某同宁某某来到洪江市黔城镇分头寻找作案目标，宁某某在黔城镇“姣姣网吧”旁边一巷子里将王某停放在此的一辆价值为7000元的五羊本田摩托车盗走，二人用面包车将摩托车运至洞口县醪田镇销赃，销得赃款2200元，宁某某分给尹某某赃款500元。 4、2014年5月17日13时许，由被告人尹某某望风，宁某某在黔城人民医院住院部门口将周某某停放在此的一辆价值为7000元的新大洲本田摩托车盗走，二人将车骑至洪江区继续寻找作案目标时，被根据线索追踪而来的洪江市公安局民警贺玉元、易继良发现，民警对二人实施抓捕时，宁某某骑车逃脱，尹某某边逃跑边使用催泪喷射器往民警易继良脸上喷射，致使民警易继良眼睛红肿、泪流不止，尹某某逃跑100余米后被民警抓获。 上述事实，被告人尹某某在开庭审理过程中亦无异议，并有物证提取笔录，扣押物品、文件清单，发还物品、文件清单，书证常住人口信息，到案经过，机动车销售发票，收据，（2009）隆刑初字第201号刑事判决书，证人廖某某的证言，被害人覃某某、杨某、潘某某、王某、周某某的陈述，公安机关的现场勘验检查笔录、方位图及现场照片，辨认笔录及照片，指认现场笔录及照片，监控视频截图，价格鉴定结论书等证据证明，足以认定。洪江市人民检察院建议对被告人尹某某在有期徒刑二年以上三年以下范围内量刑，并处罚金。 本院认为：被告人尹某某以非法占有为目的，伙同他人秘密窃取公民财物，数额较大，其行为已构成盗窃罪。公诉机关指控被告人尹某某犯盗窃罪的罪名成立，本院予以确认。在共同犯罪中，被告人尹某某起了主要作用，系主犯，应当按照其所参与的或者组织、指挥的全部犯罪处罚。被告人尹某某虽不具有自首情节，但能如实供述自己的罪行，并当庭自愿认罪，依法可以从轻处罚。公诉机关对被告人尹某某提出的量刑建议适当，本院予以采纳。据此，依照《中华人民共和国刑法》第二百六十四条，第二十五条第一款，第二十六条第一款、第四款，第六十七条第三款，第五十二条，第五十三条的规定，判决如下： 被告人尹某某犯盗窃罪，判处有期徒刑二年九个月，并处罚金人民币三万五千元（刑期从判决执行之日起计算。判决执行以前先行羁押的，羁押一日折抵刑期一日。即被告人尹某某的刑期从2014年5月18日起至2017年2月17日止。罚金限本判决生效后一个月内缴纳，期满不缴纳，强制缴纳）。 如不服本判决，可在接到判决书的第二日起十日内，通过本院或者直接向湖南省怀化市中级人民法院提出上诉。书面上诉的，应交上诉状正本一份，副本二份。 审判员蒋人进 二〇一四年十月十三日 书记员潘云生 附：本判决书引用的《中华人民共和国刑法》条文 第二百六十四条盗窃公私财物，数额较大的，或者多次盗窃、入户盗窃、携带凶器盗窃、扒窃的，处三年以下有期徒刑、拘役或者管制，并处或者单处罚金；数额巨大或者有其他严重情节的，处三年以上十年以下有期徒刑，并处罚金；数额特别巨大或者有其他特别严重情节的，处十年以上有期徒刑或者无期徒刑，并处罚金或者没收财产。 第二十五条共同犯罪是指二人以上共同故意犯罪。 二人以上共同过失犯罪，不以共同犯罪论处；应当负刑事责任的，按照他们所犯的罪分别处罚。 第二十六条组织、领导犯罪集团进行犯罪活动的或者在共同犯罪中起主要作用的，是主犯。 三人以上为共同实施犯罪而组成的较为固定的犯罪组织，是犯罪集团。 对组织、领导犯罪集团的首要分子，按照集团所犯的全部罪行处罚。 对于第三款规定以外的主犯，应当按照其所参与的或者组织、指挥的全部犯罪处罚。 第六十七条犯罪以后自动投案，如实供述自己的罪行的，是自首。对于自首的犯罪分子，可以从轻或者减轻处罚。其中，犯罪较轻的，可以免除处罚。 被采取强制措施的犯罪嫌疑人、被告人和正在服刑的罪犯，如实供述司法机关还未掌握的本人其他罪行的，以自首论。 犯罪嫌疑人虽不具有前两款规定的自首情节，但是如实供述自己罪行的，可以从轻处罚；因其如实供述自己罪行，避免特别严重后果发生的，可以减轻处罚。 第五十二条判处罚金，应当根据犯罪情节决定罚金数额。 第五十三条罚金在判决指定的期限内一次或者分期缴纳。期满不缴纳的，强制缴纳。对于不能全部缴纳罚金的，人民法院在任何时候发现被执行人有可以执行的财产，应当随时追缴。如果由于遭遇不能抗拒的灾祸缴纳确实有困难的，可以酌情减少或者免除。","writId":"056122eae57d1f9cdf22cf4673a105b56b1","writName":"被告人尹某某盗窃一审刑事判决书"}
