{"ajId":"97878f1b-f75e-4389-86d7-f2c81436750b","ajName":"孙其彬犯非法制造、买卖、运输、邮寄、储存枪支、弹药、爆炸物罪一案","ajjbqk":" 淄博市临淄区人民检察院指控： 临淄区金山镇田旺村村民田某某（已判决）预采用炸药爆破的方式在临淄区金山镇田旺村西南部长岭山农场南侧深挖建设破石机的地基（没有经过有关部门的批准，不是从事合法的生产经营活动），田某某通过金山镇田旺村村民韦某某（已判决）联系被告人孙其彬购买雷管、炸药等物品，并由被告人孙其彬负责实施爆破。被告人孙其彬在明知违法的情况下，从他人手中购买炸药、雷管等爆炸物。2013年12月20日晚22时许被告人孙其彬组织陈某等人准备实施爆破，临淄公安分局边河派出所接匿名举报及时赶到，孙其彬等人脱逃，2014年8月4日，被告人孙其彬被公安机关抓获归案。公安民警在金山镇田旺村西南部长岭山东坡当场查获被告人孙其彬卖给田某某并预谋实施爆破的电雷管117枚，用塑料编织袋盛装的疑似炸药的颗粒状物质1410千克，用牛皮纸包装的疑似炸药颗粒状物质1.035千克。 公诉机关以物证照片、书证、证人证言、被告人供述与辩解、鉴定意见、勘验辨认笔录等证据证实其指控的事实，认为被告人孙其彬非法购买雷管、炸药，情节严重，其行为构成非法买卖爆炸物罪。提请依据《中华人民共和国刑法》第一百二十五条第一款之规定，予以判处。 被告人孙其彬对公诉机关指控的犯罪事实及罪名无异议，无辩解意见。 辩护人发表的辩护意见是：1、被告人孙其彬买卖爆炸物属于正常的生产需要，没有对社会造成任何危害，依法应从轻处罚；2、被告人孙其彬属于从犯，依法应当从轻、减轻或者免除处罚；3、被告人孙其彬能如实供述自己的罪行。综上，请求法庭从轻处罚，适用缓刑。 经审理查明： 临淄区金山镇田旺村村民田某某（已判决）预采用炸药爆破的方式在临淄区金山镇田旺村西南部长岭山农场南侧深挖建设破石机的地基（没有经过有关部门的批准，不是从事合法的生产经营活动），田某某通过金山镇田旺村村民韦某某（已判决）联系被告人孙其彬购买雷管、炸药等物品，并由被告人孙其彬负责实施爆破。被告人孙其彬在明知违法的情况下，从他人手中购买炸药、雷管等爆炸物。2013年12月20日晚22时许被告人孙其彬组织陈某等人准备实施爆破，临淄公安分局边河派出所接匿名举报及时赶到，孙其彬等人脱逃，2014年8月4日，被告人孙其彬被公安机关抓获归案。公安民警在金山镇田旺村西南部长岭山东坡当场查获被告人孙其彬卖给田某某并预谋实施爆破的电雷管117枚，用塑料编织袋盛装的疑似炸药的颗粒状物质1410千克，用牛皮纸包装的疑似炸药颗粒状物质1.035千克。 上述事实，有公诉机关当庭出示并经法庭质证、认证的下列证据予以证实： 1、田某某的证言证实，2013年12月份，其想在临淄区金山镇田旺村长岭山农场南侧的一块荒地上挖地基建破石机，需要深挖地基，就想用爆破的方式把地面炸松。其让村里的韦某某联系了孙其彬，由孙其彬负责提供炸药、雷管等爆破物，并由孙其彬实施爆破，整个过程由孙其彬全部实施，其只出钱。2013年12月20日晚上，孙其彬组织实施爆破的时候被公安机关查获了。其以前曾联系爆破公司给其爆破，因为其没有审批，爆破公司不给其爆破，所以，韦某某联系的给其放炮的人不是正规爆破公司的人，孙其彬提供的炸药、雷管都不是合法途径来的。 2、韦某某的证言证实，2013年秋天，田某某想在临淄区金山镇田旺村西南部长岭山农场南侧建破石机。因建破石机的地基很难挖，田某某想用炸药将石头炸碎。同年12月中旬，田某某给其打电话，让其联系放炮的人去放炮，其联系了孙其彬，孙其彬负责提供爆破用的炸药、雷管及实施爆破，田某某付钱后什么都不用管。2013年12月20日晚上11点多，田某某给其打电话说放炮的事情被公安机关发现了。 3、证人姜某的证言证实，其系临淄区金山镇政府矿山管理办公室主任，田某某在鲁河凯矿业西侧金山镇田旺村的荒地建破石机时，由于用私制炸药准备放炮被公安机关抓获。田某某采用炸药爆破作业没有经过相关部门的审批，是不合法的。 4、证人陈某的证言证实，2013年冬天的一天，孙其彬找其到长岭山农场放炮，往炮眼装炸药的过程中，有警车往干活的方向走，其就跑了。 5、证人王某的证言证实了孙其彬在临淄区石料厂放炮被公安机关抓获的情节。 6、发破案经过证实了本案案发的情节。 7、辨认笔录证实了被告人孙其彬辨认许某某是卖给其炸药的男子，陈某、王某是帮忙填装炸药的人的情节；田某某辨认孙其彬是为其提供炸药并预谋实施爆破的男子的情节； 8、现场勘验检查笔录、现场图及照片证实了案发现场的情况。 9、扣押清单、证据保全清单、查获说明、照片证实，案发后，公安机关从案发现场临淄区金山镇田旺村长岭山农场南侧依法扣押电雷管117枚、用塑料编织袋盛装的疑似炸药的颗粒状物质1410千克，用牛皮纸包装的疑似炸药颗粒状物质1035千克。 10、淄博市公安局司法鉴定中心检验鉴定报告证实，2013年12月20日临淄区公安分局民警查获的黄色颗粒状物质为炸药。所送黄白色粉末均检出硝酸根离子、铵离子、硫磺、氯酸跟离子、钾离子成份。 11、刑事判决书证实了田某某、韦某某被判处刑罚的情节。 12、户籍证明证实了被告人孙其彬的出生时间，案发时达到刑事责任年龄。 13、被告人孙其彬在公安机关亦对公诉机关指控的犯罪事实予以供述。 上述证据，均具客观性、合法性、关联性，予以采信。 对于辩护人发表的第1点辩护意见，经查，现有证据证实，被告人孙其彬没有实施爆破的资质而为他人实施了提供爆炸物并实施爆破的行为，其行为目的即为他人提供炸药、实施爆破，并非是为了筑路、建房、打井、整修宅基地和土地等正常生产、生活需要，以及从事合法的生产经营活动。其买卖爆炸物的行为属于情节严重，故该辩护意见不予采纳。 对于辩护人发表的第2点辩护意见，经查，现有证据证实被告人孙其彬为他人提供炸药、雷管并组织人实施爆破，其行为并非其次要、辅助作用，依法不能认定为从犯。故该点辩护意见不予采纳。 ","cpfxgc":"本院认为，被告人孙其彬非法买卖雷管、炸药，情节严重，其行为已构成非法买卖爆炸物罪。公诉机关指控的罪名成立，适用法律的意见正确。被告人孙其彬在公安机关能如实供述自己的罪行，依法可从轻处罚。辩护人发表的被告人如实供述的辩护意见，予以采纳。据此，依照《中华人民共和国刑法》第一百二十五第一款、第二十五条第一款、第六十一条、《最高人民法院关于审理非法制造、买卖、运输枪支、弹药、爆炸物等刑事案件具体应用法律若干问题的解释》第一条第六项、第二条第一项之规定，判决如下：","pjjg":" 被告人孙其彬犯非法买卖爆炸物罪，判处有期徒刑十年（刑期从判决执行之日起计算；判决执行以前先行羁押的，羁押一日折抵刑期一日。即自二O一四年八月四日起至二O二四年八月三日止）。 如不服本判决，可在接到判决书的第二日起十日内，通过本院或直接向山东省淄博市中级人民法院提出上诉。书面上诉的，应当提交上诉状正本一份，副本二份。","qw":"山东省淄博市临淄区人民法院 刑事判决书 （2015）临刑初字第82号 公诉机关淄博市临淄区人民检察院。 被告人孙其彬。因涉嫌犯非法买卖爆炸物罪于2014年8月4日被刑事拘留，同年9月10日被执行逮捕。现押于淄博市看守所。 辩护人周波、张大伟，山东元亮律师事务所律师。 淄博市临淄区人民检察院以临检公诉刑诉（2015）46号起诉书指控被告人孙其彬犯非法买卖爆炸物罪于2015年1月28日向本院提起公诉。本院于同日受理后，依法组成合议庭，于同年3月13日公开开庭审理了本案。淄博市临淄区人民检察院指派检察员李淑霞出庭支持公诉，被告人孙其彬及其辩护人到庭参加诉讼。在本案审理过程中，临淄区人民检察院建议延期审理一次。现已审理终结。 淄博市临淄区人民检察院指控： 临淄区金山镇田旺村村民田某某（已判决）预采用炸药爆破的方式在临淄区金山镇田旺村西南部长岭山农场南侧深挖建设破石机的地基（没有经过有关部门的批准，不是从事合法的生产经营活动），田某某通过金山镇田旺村村民韦某某（已判决）联系被告人孙其彬购买雷管、炸药等物品，并由被告人孙其彬负责实施爆破。被告人孙其彬在明知违法的情况下，从他人手中购买炸药、雷管等爆炸物。2013年12月20日晚22时许被告人孙其彬组织陈某等人准备实施爆破，临淄公安分局边河派出所接匿名举报及时赶到，孙其彬等人脱逃，2014年8月4日，被告人孙其彬被公安机关抓获归案。公安民警在金山镇田旺村西南部长岭山东坡当场查获被告人孙其彬卖给田某某并预谋实施爆破的电雷管117枚，用塑料编织袋盛装的疑似炸药的颗粒状物质1410千克，用牛皮纸包装的疑似炸药颗粒状物质1.035千克。 公诉机关以物证照片、书证、证人证言、被告人供述与辩解、鉴定意见、勘验辨认笔录等证据证实其指控的事实，认为被告人孙其彬非法购买雷管、炸药，情节严重，其行为构成非法买卖爆炸物罪。提请依据《中华人民共和国刑法》第一百二十五条第一款之规定，予以判处。 被告人孙其彬对公诉机关指控的犯罪事实及罪名无异议，无辩解意见。 辩护人发表的辩护意见是：1、被告人孙其彬买卖爆炸物属于正常的生产需要，没有对社会造成任何危害，依法应从轻处罚；2、被告人孙其彬属于从犯，依法应当从轻、减轻或者免除处罚；3、被告人孙其彬能如实供述自己的罪行。综上，请求法庭从轻处罚，适用缓刑。 经审理查明： 临淄区金山镇田旺村村民田某某（已判决）预采用炸药爆破的方式在临淄区金山镇田旺村西南部长岭山农场南侧深挖建设破石机的地基（没有经过有关部门的批准，不是从事合法的生产经营活动），田某某通过金山镇田旺村村民韦某某（已判决）联系被告人孙其彬购买雷管、炸药等物品，并由被告人孙其彬负责实施爆破。被告人孙其彬在明知违法的情况下，从他人手中购买炸药、雷管等爆炸物。2013年12月20日晚22时许被告人孙其彬组织陈某等人准备实施爆破，临淄公安分局边河派出所接匿名举报及时赶到，孙其彬等人脱逃，2014年8月4日，被告人孙其彬被公安机关抓获归案。公安民警在金山镇田旺村西南部长岭山东坡当场查获被告人孙其彬卖给田某某并预谋实施爆破的电雷管117枚，用塑料编织袋盛装的疑似炸药的颗粒状物质1410千克，用牛皮纸包装的疑似炸药颗粒状物质1.035千克。 上述事实，有公诉机关当庭出示并经法庭质证、认证的下列证据予以证实： 1、田某某的证言证实，2013年12月份，其想在临淄区金山镇田旺村长岭山农场南侧的一块荒地上挖地基建破石机，需要深挖地基，就想用爆破的方式把地面炸松。其让村里的韦某某联系了孙其彬，由孙其彬负责提供炸药、雷管等爆破物，并由孙其彬实施爆破，整个过程由孙其彬全部实施，其只出钱。2013年12月20日晚上，孙其彬组织实施爆破的时候被公安机关查获了。其以前曾联系爆破公司给其爆破，因为其没有审批，爆破公司不给其爆破，所以，韦某某联系的给其放炮的人不是正规爆破公司的人，孙其彬提供的炸药、雷管都不是合法途径来的。 2、韦某某的证言证实，2013年秋天，田某某想在临淄区金山镇田旺村西南部长岭山农场南侧建破石机。因建破石机的地基很难挖，田某某想用炸药将石头炸碎。同年12月中旬，田某某给其打电话，让其联系放炮的人去放炮，其联系了孙其彬，孙其彬负责提供爆破用的炸药、雷管及实施爆破，田某某付钱后什么都不用管。2013年12月20日晚上11点多，田某某给其打电话说放炮的事情被公安机关发现了。 3、证人姜某的证言证实，其系临淄区金山镇政府矿山管理办公室主任，田某某在鲁河凯矿业西侧金山镇田旺村的荒地建破石机时，由于用私制炸药准备放炮被公安机关抓获。田某某采用炸药爆破作业没有经过相关部门的审批，是不合法的。 4、证人陈某的证言证实，2013年冬天的一天，孙其彬找其到长岭山农场放炮，往炮眼装炸药的过程中，有警车往干活的方向走，其就跑了。 5、证人王某的证言证实了孙其彬在临淄区石料厂放炮被公安机关抓获的情节。 6、发破案经过证实了本案案发的情节。 7、辨认笔录证实了被告人孙其彬辨认许某某是卖给其炸药的男子，陈某、王某是帮忙填装炸药的人的情节；田某某辨认孙其彬是为其提供炸药并预谋实施爆破的男子的情节； 8、现场勘验检查笔录、现场图及照片证实了案发现场的情况。 9、扣押清单、证据保全清单、查获说明、照片证实，案发后，公安机关从案发现场临淄区金山镇田旺村长岭山农场南侧依法扣押电雷管117枚、用塑料编织袋盛装的疑似炸药的颗粒状物质1410千克，用牛皮纸包装的疑似炸药颗粒状物质1035千克。 10、淄博市公安局司法鉴定中心检验鉴定报告证实，2013年12月20日临淄区公安分局民警查获的黄色颗粒状物质为炸药。所送黄白色粉末均检出硝酸根离子、铵离子、硫磺、氯酸跟离子、钾离子成份。 11、刑事判决书证实了田某某、韦某某被判处刑罚的情节。 12、户籍证明证实了被告人孙其彬的出生时间，案发时达到刑事责任年龄。 13、被告人孙其彬在公安机关亦对公诉机关指控的犯罪事实予以供述。 上述证据，均具客观性、合法性、关联性，予以采信。 对于辩护人发表的第1点辩护意见，经查，现有证据证实，被告人孙其彬没有实施爆破的资质而为他人实施了提供爆炸物并实施爆破的行为，其行为目的即为他人提供炸药、实施爆破，并非是为了筑路、建房、打井、整修宅基地和土地等正常生产、生活需要，以及从事合法的生产经营活动。其买卖爆炸物的行为属于情节严重，故该辩护意见不予采纳。 对于辩护人发表的第2点辩护意见，经查，现有证据证实被告人孙其彬为他人提供炸药、雷管并组织人实施爆破，其行为并非其次要、辅助作用，依法不能认定为从犯。故该点辩护意见不予采纳。 本院认为，被告人孙其彬非法买卖雷管、炸药，情节严重，其行为已构成非法买卖爆炸物罪。公诉机关指控的罪名成立，适用法律的意见正确。被告人孙其彬在公安机关能如实供述自己的罪行，依法可从轻处罚。辩护人发表的被告人如实供述的辩护意见，予以采纳。据此，依照《中华人民共和国刑法》第一百二十五第一款、第二十五条第一款、第六十一条、《最高人民法院关于审理非法制造、买卖、运输枪支、弹药、爆炸物等刑事案件具体应用法律若干问题的解释》第一条第六项、第二条第一项之规定，判决如下： 被告人孙其彬犯非法买卖爆炸物罪，判处有期徒刑十年（刑期从判决执行之日起计算；判决执行以前先行羁押的，羁押一日折抵刑期一日。即自二O一四年八月四日起至二O二四年八月三日止）。 如不服本判决，可在接到判决书的第二日起十日内，通过本院或直接向山东省淄博市中级人民法院提出上诉。书面上诉的，应当提交上诉状正本一份，副本二份。 审判长刘彩凤 审判员张伟 人民陪审员孙楠 二〇一五年六月十八日 书记员于晓蒙","writId":"05061a5ad982f56f04839315711398db64e","writName":"孙其彬犯非法制造、买卖、运输、邮寄、储存枪支、弹药、爆炸物罪一审刑事判决书"}
