{"ajId":"37f7192d-407b-468a-afe9-4ba2183c4e3b","ajName":"余某某强制猥亵妇女罪一案","ajjbqk":" 莆田市秀屿区人民检察院指控：2015年6月14日22时许，被告人余某某酒后为偷拍被害人谢某甲的裸照而站在被害人房间的窗户外对着房间内进行录像。次日凌晨1时30分许，被告人余某某因想看被害人谢某甲是否会裸睡而进入房间，并趁被害人谢某甲睡着之际用手摸被害人的小腿。被发现后，被告人余某某用手捂住被害人谢某甲的嘴，用力掐其脖子并威胁若再叫就掐死她，期间被告人余某某强吻被害人谢某甲。后被告人余某某将房间内的痕迹擦去后离开。 公诉机关指控上述事实，向本院提供了相关证据，认为被告人余某某违背妇女意志，以暴力方法强制猥亵妇女，其行为已触犯《中华人民共和国刑法》第二百三十七条第一款，犯罪事实清楚，证据确实充分，应当以强制猥亵妇女罪追究其刑事责任。提请本院依法判处。 被告人余某某辩解：其有用手机拍摄，但并没有拍到被害人谢某甲，且其没有掐到被害人谢某甲的脖子。 经审理查明：2015年6月14日22时许，被告人余某某酒后为偷拍被害人谢某甲（1999年8月18日出生）的裸照而站在被害人房间的窗户外对着房间内进行录像。次日凌晨1时30分许，被告人余某某因想看被害人谢某甲是否会裸睡而进入房间，并趁被害人谢某甲睡着之际用手摸被害人的小腿。被发现后，被告人余某某用手捂住被害人谢某甲的嘴，用力掐其脖子并威胁若再叫就掐死她，期间被告人余某某强吻被害人谢某甲。后被告人余某某将房间内的痕迹擦去后离开。同月15日，被告人余某某在秀屿区东峤镇被莆田市公安局东峤派出所民警抓获。 上述事实，有公诉机关提供并经庭审举证、质证的下列证据予以证实： 被害人谢某甲的陈述、辨认笔录及照片，证明：2015年6月14日晚23时许，其洗澡后没有关灯就休息了，过一会就有人将房间的灯关掉并摸其小腿，其起身查看，一男子扑上来并用手捂住其嘴巴，其反抗后，该男子用手掐其脖子并对其进行言语威胁，后该男子强吻其，其就用牙齿咬了该男子的下嘴唇，后该男子要求其勿将该事说出去并要求其写保证书，其用微信写保证书给该男子，后该男子离开。并能辨认出该男子就是被告人余某某。 证人林某某的证言，证明：2015年6月15日，其儿子谢某乙从深圳回来说孙女谢某甲被被告人余某某摸腿及强吻，谢某乙回来处理此事，被告人余某某也承认其有摸谢某甲的腿且强吻其，也有掐谢某甲的脖子。 公安机关提取的微信号、微信及短信聊天记录截图、人员基本信息，证明：被害人谢某甲通过微信向被告人余某某出具保证书及二人的短信内容，被害人谢某甲的户籍登记情况。 公安机关作出的被告人余某某及被害人谢某甲的脸部照片，证明：被告人余某某的下嘴唇及脸部的情况，被害人谢某甲的脸部及脖子的情况。 公安机关作出的提取笔录、录像光盘，证明：从被告人余某某手机中提取的2014年6月14日23时许的被告人在被害人谢某甲窗外的相关录像情况。 抓获经过、户籍证明，证明被告人余某某的到案经过和户籍登记情况。 被告人余某某的供述、辨认笔录及照片、指认作案地点笔录及照片，证明：其受雇到谢某乙家装修房屋，被害人谢某甲是谢某乙的女儿。2015年6月14日22时许，因觉得谢某甲洗澡后可能会没穿衣服，其酒后到谢某甲房间外用手机对房间内进行录像，之后因谢某甲穿着睡衣就没有再录并回其房间。次日凌晨1时30分，其想看被害人谢某甲是否裸睡，于是再次到谢某甲的房间外观察，发现谢某甲已睡着但未关灯，其要离开时发现房门能打开，于是其进入被害人的房间将灯关掉，后其又将谢某甲床边的蚊帐拉开并用手抚摸谢某甲的小腿，谢某甲醒后查看情况，其起身扑向她，用手捂住她嘴巴并掐着其脖子，后其又强吻被害人，被害人将其嘴唇咬了一下。后其要求被害人勿将该事说出去，被害人也用微信向其保证，其在擦拭掉房间的痕迹后离开。其能辨认出被害人谢某甲，并能指认出其对被害人谢某甲实施强制猥亵的地点。 ","cpfxgc":"本院认为，被告人余某某采用暴力、胁迫等方法猥亵未成年人谢某甲，其行为已构成强制猥亵妇女罪。公诉机关指控被告人余某某犯强制猥亵妇女罪成立。被告人余某某在庭审时辩解称其没有掐被害人谢某甲的脖子，与查明的事实不符，故被告人余某某的该辩解不能成立，不予采纳。据此，依照《中华人民共和国刑法》第二百三十七条第一款之规定，判决如下：","pjjg":" 被告人余某某犯强制猥亵妇女罪，判处有期徒刑一年。 （刑期从判决执行之日起计算。判决执行以前先行羁押的，羁押一日折抵刑期一日，即自2015年6月15日起至2016年6月14日止。） 如不服本判决，可在接到判决书的第二日起十日内，通过本院或者直接向福建省莆田市中级人民法院提出上诉。书面上诉的，应当提交上诉状正本一份，副本二份。","qw":"福建省莆田市秀屿区人民法院 刑事判决书 （2015）秀刑初字第395号 公诉机关莆田市秀屿区人民检察院。 被告人余某某，男，1986年4月18日出生于福建省莆田市，汉族，初中文化，务工，住福建省仙游县。因涉嫌犯强制猥亵妇女罪于2015年6月15日被抓获，次日被刑事拘留，同月30日被逮捕。现羁押在莆田市第二看守所。 莆田市秀屿区人民检察院以秀检公刑诉（2015）356号起诉书指控被告人余某某犯强制猥亵妇女罪，于2015年9月21日向本院提起公诉。本院于同日立案并依法组成合议庭，因涉及个人隐私，故不公开开庭审理了本案。莆田市秀屿区人民检察院指派代理检察员林剑宏出庭支持公诉，被告人余某某到庭参加诉讼。现已审理终结。 莆田市秀屿区人民检察院指控：2015年6月14日22时许，被告人余某某酒后为偷拍被害人谢某甲的裸照而站在被害人房间的窗户外对着房间内进行录像。次日凌晨1时30分许，被告人余某某因想看被害人谢某甲是否会裸睡而进入房间，并趁被害人谢某甲睡着之际用手摸被害人的小腿。被发现后，被告人余某某用手捂住被害人谢某甲的嘴，用力掐其脖子并威胁若再叫就掐死她，期间被告人余某某强吻被害人谢某甲。后被告人余某某将房间内的痕迹擦去后离开。 公诉机关指控上述事实，向本院提供了相关证据，认为被告人余某某违背妇女意志，以暴力方法强制猥亵妇女，其行为已触犯《中华人民共和国刑法》第二百三十七条第一款，犯罪事实清楚，证据确实充分，应当以强制猥亵妇女罪追究其刑事责任。提请本院依法判处。 被告人余某某辩解：其有用手机拍摄，但并没有拍到被害人谢某甲，且其没有掐到被害人谢某甲的脖子。 经审理查明：2015年6月14日22时许，被告人余某某酒后为偷拍被害人谢某甲（1999年8月18日出生）的裸照而站在被害人房间的窗户外对着房间内进行录像。次日凌晨1时30分许，被告人余某某因想看被害人谢某甲是否会裸睡而进入房间，并趁被害人谢某甲睡着之际用手摸被害人的小腿。被发现后，被告人余某某用手捂住被害人谢某甲的嘴，用力掐其脖子并威胁若再叫就掐死她，期间被告人余某某强吻被害人谢某甲。后被告人余某某将房间内的痕迹擦去后离开。同月15日，被告人余某某在秀屿区东峤镇被莆田市公安局东峤派出所民警抓获。 上述事实，有公诉机关提供并经庭审举证、质证的下列证据予以证实： 被害人谢某甲的陈述、辨认笔录及照片，证明：2015年6月14日晚23时许，其洗澡后没有关灯就休息了，过一会就有人将房间的灯关掉并摸其小腿，其起身查看，一男子扑上来并用手捂住其嘴巴，其反抗后，该男子用手掐其脖子并对其进行言语威胁，后该男子强吻其，其就用牙齿咬了该男子的下嘴唇，后该男子要求其勿将该事说出去并要求其写保证书，其用微信写保证书给该男子，后该男子离开。并能辨认出该男子就是被告人余某某。 证人林某某的证言，证明：2015年6月15日，其儿子谢某乙从深圳回来说孙女谢某甲被被告人余某某摸腿及强吻，谢某乙回来处理此事，被告人余某某也承认其有摸谢某甲的腿且强吻其，也有掐谢某甲的脖子。 公安机关提取的微信号、微信及短信聊天记录截图、人员基本信息，证明：被害人谢某甲通过微信向被告人余某某出具保证书及二人的短信内容，被害人谢某甲的户籍登记情况。 公安机关作出的被告人余某某及被害人谢某甲的脸部照片，证明：被告人余某某的下嘴唇及脸部的情况，被害人谢某甲的脸部及脖子的情况。 公安机关作出的提取笔录、录像光盘，证明：从被告人余某某手机中提取的2014年6月14日23时许的被告人在被害人谢某甲窗外的相关录像情况。 抓获经过、户籍证明，证明被告人余某某的到案经过和户籍登记情况。 被告人余某某的供述、辨认笔录及照片、指认作案地点笔录及照片，证明：其受雇到谢某乙家装修房屋，被害人谢某甲是谢某乙的女儿。2015年6月14日22时许，因觉得谢某甲洗澡后可能会没穿衣服，其酒后到谢某甲房间外用手机对房间内进行录像，之后因谢某甲穿着睡衣就没有再录并回其房间。次日凌晨1时30分，其想看被害人谢某甲是否裸睡，于是再次到谢某甲的房间外观察，发现谢某甲已睡着但未关灯，其要离开时发现房门能打开，于是其进入被害人的房间将灯关掉，后其又将谢某甲床边的蚊帐拉开并用手抚摸谢某甲的小腿，谢某甲醒后查看情况，其起身扑向她，用手捂住她嘴巴并掐着其脖子，后其又强吻被害人，被害人将其嘴唇咬了一下。后其要求被害人勿将该事说出去，被害人也用微信向其保证，其在擦拭掉房间的痕迹后离开。其能辨认出被害人谢某甲，并能指认出其对被害人谢某甲实施强制猥亵的地点。 本院认为，被告人余某某采用暴力、胁迫等方法猥亵未成年人谢某甲，其行为已构成强制猥亵妇女罪。公诉机关指控被告人余某某犯强制猥亵妇女罪成立。被告人余某某在庭审时辩解称其没有掐被害人谢某甲的脖子，与查明的事实不符，故被告人余某某的该辩解不能成立，不予采纳。据此，依照《中华人民共和国刑法》第二百三十七条第一款之规定，判决如下： 被告人余某某犯强制猥亵妇女罪，判处有期徒刑一年。 （刑期从判决执行之日起计算。判决执行以前先行羁押的，羁押一日折抵刑期一日，即自2015年6月15日起至2016年6月14日止。） 如不服本判决，可在接到判决书的第二日起十日内，通过本院或者直接向福建省莆田市中级人民法院提出上诉。书面上诉的，应当提交上诉状正本一份，副本二份。 审判长林龙飞 人民陪审员骆美高 人民陪审员林晓婧 二〇一五年十月十三日 书记员邱榕 附相关法律条文： 《中华人民共和国刑法》第二百三十七条以暴力、胁迫或者其他方法强制猥亵妇女或者侮辱妇女的，处五年以下有期徒刑或者拘役。 聚众或者在公共场所当众犯前款罪的，处五年以上有期徒刑。 猥亵儿童的，依照前两款的规定从重处罚。","writId":"06157b930ac8db8a153bf0a22f01c33548a","writName":"余某某强制猥亵妇女罪一审刑事判决书"}
