{"ajId":"e9b6e18f-5d4e-4a17-9170-04d6dc5a201c","ajName":"安怡诈骗一案","ajjbqk":" 大连市普兰店区人民检察院指控： 2017年7月份，被害人张某1与被告人宁文在张某1邻居的介绍下开始谈恋爱。在谈恋爱期间，被告人宁文在明知自己没有偿还能力的情况下，先后编造养殖虾圈、海参圈需要资金周转，自己出车祸需要钱治疗疾病，出国买机票等借口，取得了被害人张某1的信任，骗取钱款。 1.2017年8月22日至2018年1月16日间，被告人宁文通过微信交易的方式骗取被害人张某1钱款共计人民币120499元。 2.2017年12月20日，被告人宁文通过支付宝转账方式，5次骗取被害人张某1钱款共计人民币42000元。 3．被害人张某1通过向亲友借款方式取得钱款，以供被告人宁文使用。（1）2017年9月份的一天，被害人张某1将其在朋友柳某处借来的人民币2550元钱交给被告人宁文。（2）2017年9月4日，被害人张某1将其在朋友蔡某处借来的人民币10000元钱交给被告人宁文。（3）2017年9月24日，被害人张某1将其母亲徐某1在中国建设银行内分3次取出的共计人民币30000元钱交给被告人宁文；2017年9月25日，被害人张某1将其母亲徐某1在中国民生银行内取出的人民币10000元钱交给被告人宁文。（4）2017年10月中旬的一天，被害人张某1将其在二姨徐某2处借来的人民币20000元钱交给被告人宁文。（5）2017年10月份，被害人张某1分3次将在其朋友冯某处借来的共计人民币70000元钱交给被告人宁文。上述向亲友借款共计人民币142550元。 4．被害人张某1通过向邻居借款方式取得钱款，以供被告人宁文使用。（1）2017年10月26日，被害人张某1的母亲徐某1替张某1向邻居石某借款人民币5000元，嗣后，张某1将上述钱款交给被告人宁文。（2）同日，被害人张某1将采取同样方式在邻居谢某处借来的人民币2000元钱交给被告人宁文。（3）同日，被害人张某1又将采取同样方式在邻居吴某处借来的人民币4000元钱交给被告人宁文。（4）2017年10月27日，被害人张某1将采取同样方式在邻居张某2处借来的人民币3000元钱交给被告人宁文。（5）2017年10月的一天，被害人张某1将采取上述方式在邻居鲁某处借来的人民币2000元钱交给被告人宁文。（6）2017年11月初的一天，被害人张某1将采取上述方式在邻居范某处借来的人民币2000元钱交给被告人宁文。（7）2017年12月末的一天，被害人张某1将釆取上述方式在邻居于某1处借来的人民币1000元钱交给被告人宁文。（8）2017年的一天，被害人张某1又将采取上述方式在邻居董某处借来的人民币2000元钱交给被告人宁文。上述向邻居借款共计人民币21000元。 5．被告人宁文通过让被害人张某1向自己银行卡内汇款的方式取得钱款，以供被告人宁文使用。（1）向被告人宁文招商银行内汇款如下：2017年11月3日分别汇款人民币9800元、人民币200元。（2）向被告人宁文中国农业银行内汇款如下：2017年9月10日分别汇款人民币4800元、人民币200元；2017年9月11日汇款人民币5000元；2017年9月14日汇款人民币4000元；2017年9月16日汇款人民币10000元、人民币6900元、人民币100元、人民币3000元；2017年9月23日汇款人民币600元。上述汇款11次，钱款共计人民币44600元。 6．除上述方式外，被害人张某1还通过其它方式将钱款交给被告人宁文。（1）2017年12月20日，被害人张某1向大连一家贷款公司借款人民币80000元，并将其中的20000元钱以现金方式交给被告人宁文。（2）2017年9月10日至12月30日期间，被害人张某1陆续在其母亲徐某1的中国邮政储蓄银行存折内取出人民币17800元钱，并将其中的人民币16000元钱以现金方式交给被告人宁文。（3）被告人宁文将被害人张某1的中国建设银行卡拿走，并从中取出人民币5000元供自己使用。上述钱款共计人民币41000元。被告人宁文将从被害人张某1处骗取的钱款用于日常花销和赌博挥霍。 案发后，被告人宁文的母亲刘某1代为偿还被害人张某1人民币11200元。 综上，被告人宁文多次诈骗，诈骗总金额共计人民币400449元。 针对上述指控事实，公诉机关当庭出示了相关书证，证人证言，被害人的陈述，被告人的供述与辩解等证据材料。 公诉机关认为，被告人宁文以非法占有为目的，釆取虚构事实、隐瞒真相的方法，骗取他人财物，数额巨大，侵犯了他人的财产所有权，其行为触犯了《中华人民共和国刑法》第二百六十六条之规定，犯罪事实清楚，证据确实充分，应当以诈骗罪追究其刑事责任。 被告人宁文对公诉机关指控其犯诈骗罪的罪名及部分事实没有异议，辩解称被害人交给其的现金仅为人民币17000元，其从被害人处获取的钱款共计人民币200000余元。其辩护人对公诉机关指控的罪名亦没有异议，但认为公诉机关指控宁文诈骗数额为人民币400499元的证据不足，且宁文系诈骗未遂，能自愿认罪，请求法院予以从宽处罚。 经审理查明，2017年7月份，被害人张某1与被告人宁文经他人介绍认识并发展为情侣关系。在恋爱期间，宁文明知自己没有偿还能力，仍先后编造养殖虾圈、海参圈需要资金周转、自己出车祸受伤需要钱治疗等借口以取得张某1的信任，多次骗取张某1钱款共计人民币274099元并用于个人挥霍。具体情况如下： 1.2017年8月22日至2018年1月16日间，被告人宁文以上述借口骗取了被害人张某1的信任后，张某1多次通过微信红包、微信转账的方式支付给宁文钱款共计人民币120499元。 2.2017年12月20日，被告人宁文以上述借口骗取了被害人张某1的信任后，张某1通过支付宝转账方式支付给宁文钱款共计人民币42000元。 3.2017年9月、11月，被告人宁文以上述借口骗取被害人张某1的信任后，张某1分多次向宁文招商银行、中国农业银行账户内汇款共计人民币44600元。 4．被告人宁文在与被害人张某1恋爱期间，以上述借口骗取了张某1现金人民币7000元，后又骗取了张某1从徐某1处取得的人民币40000元、从徐某2处借得的现金人民币20000元。 案发后，被告人宁文的母亲刘某1代为偿还被害人张某1人民币11200元。 上述事实，有已经庭审质证的下列证据予以证实： 1．案件来源及到案经过，证实本案系被害人张某1报案，被告人宁文被列为网上逃犯后被警方抓获到案。 2．被告人宁文招商银行、中国农业银行交易明细及被害人张某1提供的存款凭条，证实被害人张某1向宁文的上述银行账户汇款共计人民币44600元。 3．被害人张某1微信转账、微信红包截图及被告人宁文微信账户资金交易明细，证实被害人张某1通过微信红包、微信转账的方式支付给被告人宁文钱款共计人民币120499元。 4．被害人张某1支付宝转账记录及中国建设银行卡交易明细，证实张某1通过支付宝转账方式共向被告人宁文支付了人民币42000元。 5．身份证明、前科查询证明及刑事判决书、刑满释放证明书，证实了被告人宁文身份情况，其已达应负刑事责任年龄，其曾因犯诈骗罪被判处有期徒刑八个月，并处罚金人民币一万元，于2008年9月27日刑满释放。 6．中国民生银行个人账户对账单，证实被害人张某1的母亲徐某1的账户曾于2017年9月25日发生现金取款人民币10000元。 7．中国建设银行取款凭条，证实被害人张某1母亲徐某1的账户曾于2017年9月24日发生三次现金取款共计人民币30000元。 8．中国邮政储蓄银行账户交易明细，证实被害人张某1母亲徐某1的账户曾于2017年9月10日至2017年12月30日间发生现金取款共计人民币17800元。 9．借条，证实蔡某曾借款给被害人张某1人民币10000元。 10．中国邮政储蓄银行账户交易明细，证实张某2从其账户取款人民币3000元。 11．中国工商银行借记卡账户历史明细清单，证实被害人张某1的姐姐张某4的账户有取现人民币80000元的记录。 12．证人刘某2的证言，证实了其介绍被告人宁文与被害人张某1相识的情况。 13．证人刘某1的证言（被告人宁文的母亲），证实了被告人宁文的个人情况，以及其代宁文偿还被害人张某1人民币11200元的事实。 14．证人宁某的证言（被告人宁文的儿子），证实了宁文的家庭情况。 15．证人徐某2的证言，证实了2017年10月，被害人张某1以帮助其男朋友宁文养虾圈为由从其处借款人民币20000元的事实，当时宁文在现场，但宁文拒绝向其出具借款凭证。 16．证人徐某1（被害人张某1的母亲）的证言，证实张某1与被告人宁文在2017年7、8月份相识并发展为情侣关系，张某1告诉其宁文以养虾、出车祸需要钱为借口多次向张某1借钱。2017年9月份，宁文以捕虾、养海参需要钱为由到其家里借钱，张某1将存在其银行卡中的人民币40000元借给他。其曾帮助女儿张某1向邻居借款共计人民币21000元。 17．证人蔡某的证言，证实2017年9月4日，被害人张某1独自一人找到其，以帮助其男朋友宁文养虾圈为由从其处借款人民币10000元，并由张某1向其出具借款凭证。 18．证人冯某的证言，证实了2017年10月，被害人张某1以帮助其男朋友为由三次从其处共借款人民币70000元的事实，其没有见过被告人宁文。 19．证人柳某的证言，证实了2017年8、9月份，被害人张某1独自一人到其家中以帮助其男朋友养虾为由从其处借款人民币2550元的事实。 20．证人石某、张某2、吴某、范某、谢某、于某1、董某、鲁某的证言，证实了被害人张某1的母亲以帮助张某1男朋友为由从其处借款的事实。 21．证人庞某的证言，证实了其与妻子张某4帮助张某1偿还了大连贷款公司人民币80000元钱的情况。 22．证人于某2的证言，证实其大姨即张某1母亲给其母亲打电话，称被告人宁文出国购买机票需要用钱，向其母亲借钱，其母亲找到其，因见不到宁文，其便向自己母亲的微信内转账了人民币5000元。 23．被害人张某1的陈述，证实了被告人宁文通过编造养虾圈、出车祸等理由先后骗取其钱财的情况，包括其通过微信红包、微信转账给了宁文人民币120499元，通过支付宝转账给了宁文人民币42000元，向宁文银行卡内存款人民币44600元，同时，宁文与其一起到徐某2处借款人民币20000元，另外，宁文通过其向母亲徐某1借款人民币40000元，这些钱是其姥姥交由其母亲徐某2保管的，徐某2将该款项存在银行账户中，其拿到钱后交给了宁文。其交给宁文的现金部分没有证据能证实，都是当面直接给的。其收到宁文母亲代为偿还的钱款人民币11200元。 24．被告人宁文的供述与辩解，证实其通过编造养虾圈、出车祸等理由先后骗取被害人张某1钱财约人民币200000余元，包括通过微信红包、微信转账、支付宝转账获得款项以及张某1在银行门口给其现金人民币7000元、向张某1二姨借得的现金人民币10000元。案发后，其母亲代为返还给被害人人民币11200元。 上述证据形式来源合法，内容客观、真实，本院予以确认。 ","cpfxgc":"本院认为，被告人宁文以非法占有为目的，采取虚构事实、隐瞒真相的方法，多次骗取他人财物，数额巨大，其行为侵犯了公民的财产所有权，已构成诈骗罪。公诉机关指控被告人犯诈骗罪的主要事实清楚，证据确实、充分，其指控罪名成立。关于公诉机关指控被告人宁文诈骗总金额共计人民币400449元的公诉意见，经查，根据支付宝转账记录、微信红包记录、微信转账记录、存款凭条及银行交易明细等书证，结合被害人陈述、证人证言、被告人供述，可以认定宁文通过支付宝、微信及被害人张某1向其银卡账户存款的方式骗取了张某1人民币207099元；另根据张某1的陈述，其将存在母亲徐某1账户内的人民币40000元钱取出交给宁文，并向二姨徐某2借款人民币20000元交给宁文，上述事实有证人徐某1、徐某2的证言、银行交易明细相佐证，结合被告人关于曾向徐某2借款及曾收取张某1人民币7000元现金的供述，亦可认定宁文以收取现金的方式骗取了张某1人民币67000元。现有证据无法证实张某1及其母亲徐某1借取的其他款项以及张某1从徐某1账户内提取的现金人民币16000已实际交付给宁文，亦无证据证明张某1将自己银行卡交由宁文使用并由宁文取走人民币5000元，故宁文诈骗总金额应认定为人民币274099元。对公诉机关指控宁文诈骗总金额为人民币400449元的公诉意见，本院予以纠正。关于被告人宁文提出的其以现金形式从张某1处仅骗取了人民币17000元的辩解及辩护人提出的无证据证实张某1向宁文银行卡内存入人民币44600元的辩护意见，与审理查明事实不符，本院不予采纳。关于辩护人提出的被告人宁文系犯罪未遂的辩护意见，经查，被告人宁文以非法占有为目的，采取虚构事实、隐瞒真相的方法，多次骗取张某1钱款并已全部挥霍，系犯罪既遂，对上述辩护意见本院不予采纳。被告人宁文具有前科犯罪，且多次诈骗，可酌定从重处罚。被告人宁文到案后如实供述了自己的主要犯罪事实，可从轻处罚。被告人宁文退赔被害人少部分赃款，可酌定从轻处罚。关于辩护人提出的其他合理辩护意见，本院予以采纳。被告人宁文违法所得的财物，应当责令退赔。依照《中华人民共和国刑法》第二百六十六条，第五十二条，第五十三条，第六十四条、第六十七条之规定，判决如下：","pjjg":" 一、被告人宁文犯诈骗罪，判处有期徒刑七年六个月，并处罚金人民币十万元。 （刑期从判决执行之日起计算。判决执行以前先行羁押的，羁押一日折抵刑期一日，即自2018年8月23日起至2026年2月22日止，罚金于判决生效后十日内缴纳） 二、责令被告人宁文退赔被害人张某1经济损失人民币二十六万二千八百九十九元。 如不服本判决，可在接到判决书的第二日起十日内，通过本院或直接向辽宁省大连市中级人民法院提出上诉。书面上诉的，应当提交上诉状正本一份，副本二份。","qw":"大连市普兰店区人民法院 刑事判决书 （2019）辽0214刑初145号 公诉机关大连市普兰店区人民检察院。 被告人宁文，男，1978年6月26日出生于辽宁省大连市普兰店区，汉族，初中文化，无业，户籍所在地大连市普兰店区，住大连市普兰店区。曾因犯诈骗罪，于2008年6月18日被大连市中山区人民法院判处有期徒刑八个月，并处罚金人民币一万元，于2008年9月27日刑满释放。因涉嫌犯诈骗罪，于2018年8月23日被大连市公安局普兰店分局刑事拘留，同年9月4日被大连市公安局普兰店分局执行逮捕。现羁押于大连市普兰店区看守所。 辩护人王盛舒，辽宁水源律师事务所律师。 大连市普兰店区人民检察院以普检刑诉（2019）83号起诉书指控被告人宁文犯诈骗罪，于2019年5月5日向本院提起公诉。本院受理后，依法组成合议庭，公开开庭审理了本案。大连市普兰店区人民检察院指派检察员王丽娜、代理检察员马理出庭支持公诉，被告人宁文及其辩护人王盛舒到庭参加了诉讼。现已审理终结。 大连市普兰店区人民检察院指控： 2017年7月份，被害人张某1与被告人宁文在张某1邻居的介绍下开始谈恋爱。在谈恋爱期间，被告人宁文在明知自己没有偿还能力的情况下，先后编造养殖虾圈、海参圈需要资金周转，自己出车祸需要钱治疗疾病，出国买机票等借口，取得了被害人张某1的信任，骗取钱款。 1.2017年8月22日至2018年1月16日间，被告人宁文通过微信交易的方式骗取被害人张某1钱款共计人民币120499元。 2.2017年12月20日，被告人宁文通过支付宝转账方式，5次骗取被害人张某1钱款共计人民币42000元。 3．被害人张某1通过向亲友借款方式取得钱款，以供被告人宁文使用。（1）2017年9月份的一天，被害人张某1将其在朋友柳某处借来的人民币2550元钱交给被告人宁文。（2）2017年9月4日，被害人张某1将其在朋友蔡某处借来的人民币10000元钱交给被告人宁文。（3）2017年9月24日，被害人张某1将其母亲徐某1在中国建设银行内分3次取出的共计人民币30000元钱交给被告人宁文；2017年9月25日，被害人张某1将其母亲徐某1在中国民生银行内取出的人民币10000元钱交给被告人宁文。（4）2017年10月中旬的一天，被害人张某1将其在二姨徐某2处借来的人民币20000元钱交给被告人宁文。（5）2017年10月份，被害人张某1分3次将在其朋友冯某处借来的共计人民币70000元钱交给被告人宁文。上述向亲友借款共计人民币142550元。 4．被害人张某1通过向邻居借款方式取得钱款，以供被告人宁文使用。（1）2017年10月26日，被害人张某1的母亲徐某1替张某1向邻居石某借款人民币5000元，嗣后，张某1将上述钱款交给被告人宁文。（2）同日，被害人张某1将采取同样方式在邻居谢某处借来的人民币2000元钱交给被告人宁文。（3）同日，被害人张某1又将采取同样方式在邻居吴某处借来的人民币4000元钱交给被告人宁文。（4）2017年10月27日，被害人张某1将采取同样方式在邻居张某2处借来的人民币3000元钱交给被告人宁文。（5）2017年10月的一天，被害人张某1将采取上述方式在邻居鲁某处借来的人民币2000元钱交给被告人宁文。（6）2017年11月初的一天，被害人张某1将采取上述方式在邻居范某处借来的人民币2000元钱交给被告人宁文。（7）2017年12月末的一天，被害人张某1将釆取上述方式在邻居于某1处借来的人民币1000元钱交给被告人宁文。（8）2017年的一天，被害人张某1又将采取上述方式在邻居董某处借来的人民币2000元钱交给被告人宁文。上述向邻居借款共计人民币21000元。 5．被告人宁文通过让被害人张某1向自己银行卡内汇款的方式取得钱款，以供被告人宁文使用。（1）向被告人宁文招商银行内汇款如下：2017年11月3日分别汇款人民币9800元、人民币200元。（2）向被告人宁文中国农业银行内汇款如下：2017年9月10日分别汇款人民币4800元、人民币200元；2017年9月11日汇款人民币5000元；2017年9月14日汇款人民币4000元；2017年9月16日汇款人民币10000元、人民币6900元、人民币100元、人民币3000元；2017年9月23日汇款人民币600元。上述汇款11次，钱款共计人民币44600元。 6．除上述方式外，被害人张某1还通过其它方式将钱款交给被告人宁文。（1）2017年12月20日，被害人张某1向大连一家贷款公司借款人民币80000元，并将其中的20000元钱以现金方式交给被告人宁文。（2）2017年9月10日至12月30日期间，被害人张某1陆续在其母亲徐某1的中国邮政储蓄银行存折内取出人民币17800元钱，并将其中的人民币16000元钱以现金方式交给被告人宁文。（3）被告人宁文将被害人张某1的中国建设银行卡拿走，并从中取出人民币5000元供自己使用。上述钱款共计人民币41000元。被告人宁文将从被害人张某1处骗取的钱款用于日常花销和赌博挥霍。 案发后，被告人宁文的母亲刘某1代为偿还被害人张某1人民币11200元。 综上，被告人宁文多次诈骗，诈骗总金额共计人民币400449元。 针对上述指控事实，公诉机关当庭出示了相关书证，证人证言，被害人的陈述，被告人的供述与辩解等证据材料。 公诉机关认为，被告人宁文以非法占有为目的，釆取虚构事实、隐瞒真相的方法，骗取他人财物，数额巨大，侵犯了他人的财产所有权，其行为触犯了《中华人民共和国刑法》第二百六十六条之规定，犯罪事实清楚，证据确实充分，应当以诈骗罪追究其刑事责任。 被告人宁文对公诉机关指控其犯诈骗罪的罪名及部分事实没有异议，辩解称被害人交给其的现金仅为人民币17000元，其从被害人处获取的钱款共计人民币200000余元。其辩护人对公诉机关指控的罪名亦没有异议，但认为公诉机关指控宁文诈骗数额为人民币400499元的证据不足，且宁文系诈骗未遂，能自愿认罪，请求法院予以从宽处罚。 经审理查明，2017年7月份，被害人张某1与被告人宁文经他人介绍认识并发展为情侣关系。在恋爱期间，宁文明知自己没有偿还能力，仍先后编造养殖虾圈、海参圈需要资金周转、自己出车祸受伤需要钱治疗等借口以取得张某1的信任，多次骗取张某1钱款共计人民币274099元并用于个人挥霍。具体情况如下： 1.2017年8月22日至2018年1月16日间，被告人宁文以上述借口骗取了被害人张某1的信任后，张某1多次通过微信红包、微信转账的方式支付给宁文钱款共计人民币120499元。 2.2017年12月20日，被告人宁文以上述借口骗取了被害人张某1的信任后，张某1通过支付宝转账方式支付给宁文钱款共计人民币42000元。 3.2017年9月、11月，被告人宁文以上述借口骗取被害人张某1的信任后，张某1分多次向宁文招商银行、中国农业银行账户内汇款共计人民币44600元。 4．被告人宁文在与被害人张某1恋爱期间，以上述借口骗取了张某1现金人民币7000元，后又骗取了张某1从徐某1处取得的人民币40000元、从徐某2处借得的现金人民币20000元。 案发后，被告人宁文的母亲刘某1代为偿还被害人张某1人民币11200元。 上述事实，有已经庭审质证的下列证据予以证实： 1．案件来源及到案经过，证实本案系被害人张某1报案，被告人宁文被列为网上逃犯后被警方抓获到案。 2．被告人宁文招商银行、中国农业银行交易明细及被害人张某1提供的存款凭条，证实被害人张某1向宁文的上述银行账户汇款共计人民币44600元。 3．被害人张某1微信转账、微信红包截图及被告人宁文微信账户资金交易明细，证实被害人张某1通过微信红包、微信转账的方式支付给被告人宁文钱款共计人民币120499元。 4．被害人张某1支付宝转账记录及中国建设银行卡交易明细，证实张某1通过支付宝转账方式共向被告人宁文支付了人民币42000元。 5．身份证明、前科查询证明及刑事判决书、刑满释放证明书，证实了被告人宁文身份情况，其已达应负刑事责任年龄，其曾因犯诈骗罪被判处有期徒刑八个月，并处罚金人民币一万元，于2008年9月27日刑满释放。 6．中国民生银行个人账户对账单，证实被害人张某1的母亲徐某1的账户曾于2017年9月25日发生现金取款人民币10000元。 7．中国建设银行取款凭条，证实被害人张某1母亲徐某1的账户曾于2017年9月24日发生三次现金取款共计人民币30000元。 8．中国邮政储蓄银行账户交易明细，证实被害人张某1母亲徐某1的账户曾于2017年9月10日至2017年12月30日间发生现金取款共计人民币17800元。 9．借条，证实蔡某曾借款给被害人张某1人民币10000元。 10．中国邮政储蓄银行账户交易明细，证实张某2从其账户取款人民币3000元。 11．中国工商银行借记卡账户历史明细清单，证实被害人张某1的姐姐张某4的账户有取现人民币80000元的记录。 12．证人刘某2的证言，证实了其介绍被告人宁文与被害人张某1相识的情况。 13．证人刘某1的证言（被告人宁文的母亲），证实了被告人宁文的个人情况，以及其代宁文偿还被害人张某1人民币11200元的事实。 14．证人宁某的证言（被告人宁文的儿子），证实了宁文的家庭情况。 15．证人徐某2的证言，证实了2017年10月，被害人张某1以帮助其男朋友宁文养虾圈为由从其处借款人民币20000元的事实，当时宁文在现场，但宁文拒绝向其出具借款凭证。 16．证人徐某1（被害人张某1的母亲）的证言，证实张某1与被告人宁文在2017年7、8月份相识并发展为情侣关系，张某1告诉其宁文以养虾、出车祸需要钱为借口多次向张某1借钱。2017年9月份，宁文以捕虾、养海参需要钱为由到其家里借钱，张某1将存在其银行卡中的人民币40000元借给他。其曾帮助女儿张某1向邻居借款共计人民币21000元。 17．证人蔡某的证言，证实2017年9月4日，被害人张某1独自一人找到其，以帮助其男朋友宁文养虾圈为由从其处借款人民币10000元，并由张某1向其出具借款凭证。 18．证人冯某的证言，证实了2017年10月，被害人张某1以帮助其男朋友为由三次从其处共借款人民币70000元的事实，其没有见过被告人宁文。 19．证人柳某的证言，证实了2017年8、9月份，被害人张某1独自一人到其家中以帮助其男朋友养虾为由从其处借款人民币2550元的事实。 20．证人石某、张某2、吴某、范某、谢某、于某1、董某、鲁某的证言，证实了被害人张某1的母亲以帮助张某1男朋友为由从其处借款的事实。 21．证人庞某的证言，证实了其与妻子张某4帮助张某1偿还了大连贷款公司人民币80000元钱的情况。 22．证人于某2的证言，证实其大姨即张某1母亲给其母亲打电话，称被告人宁文出国购买机票需要用钱，向其母亲借钱，其母亲找到其，因见不到宁文，其便向自己母亲的微信内转账了人民币5000元。 23．被害人张某1的陈述，证实了被告人宁文通过编造养虾圈、出车祸等理由先后骗取其钱财的情况，包括其通过微信红包、微信转账给了宁文人民币120499元，通过支付宝转账给了宁文人民币42000元，向宁文银行卡内存款人民币44600元，同时，宁文与其一起到徐某2处借款人民币20000元，另外，宁文通过其向母亲徐某1借款人民币40000元，这些钱是其姥姥交由其母亲徐某2保管的，徐某2将该款项存在银行账户中，其拿到钱后交给了宁文。其交给宁文的现金部分没有证据能证实，都是当面直接给的。其收到宁文母亲代为偿还的钱款人民币11200元。 24．被告人宁文的供述与辩解，证实其通过编造养虾圈、出车祸等理由先后骗取被害人张某1钱财约人民币200000余元，包括通过微信红包、微信转账、支付宝转账获得款项以及张某1在银行门口给其现金人民币7000元、向张某1二姨借得的现金人民币10000元。案发后，其母亲代为返还给被害人人民币11200元。 上述证据形式来源合法，内容客观、真实，本院予以确认。 本院认为，被告人宁文以非法占有为目的，采取虚构事实、隐瞒真相的方法，多次骗取他人财物，数额巨大，其行为侵犯了公民的财产所有权，已构成诈骗罪。公诉机关指控被告人犯诈骗罪的主要事实清楚，证据确实、充分，其指控罪名成立。关于公诉机关指控被告人宁文诈骗总金额共计人民币400449元的公诉意见，经查，根据支付宝转账记录、微信红包记录、微信转账记录、存款凭条及银行交易明细等书证，结合被害人陈述、证人证言、被告人供述，可以认定宁文通过支付宝、微信及被害人张某1向其银卡账户存款的方式骗取了张某1人民币207099元；另根据张某1的陈述，其将存在母亲徐某1账户内的人民币40000元钱取出交给宁文，并向二姨徐某2借款人民币20000元交给宁文，上述事实有证人徐某1、徐某2的证言、银行交易明细相佐证，结合被告人关于曾向徐某2借款及曾收取张某1人民币7000元现金的供述，亦可认定宁文以收取现金的方式骗取了张某1人民币67000元。现有证据无法证实张某1及其母亲徐某1借取的其他款项以及张某1从徐某1账户内提取的现金人民币16000已实际交付给宁文，亦无证据证明张某1将自己银行卡交由宁文使用并由宁文取走人民币5000元，故宁文诈骗总金额应认定为人民币274099元。对公诉机关指控宁文诈骗总金额为人民币400449元的公诉意见，本院予以纠正。关于被告人宁文提出的其以现金形式从张某1处仅骗取了人民币17000元的辩解及辩护人提出的无证据证实张某1向宁文银行卡内存入人民币44600元的辩护意见，与审理查明事实不符，本院不予采纳。关于辩护人提出的被告人宁文系犯罪未遂的辩护意见，经查，被告人宁文以非法占有为目的，采取虚构事实、隐瞒真相的方法，多次骗取张某1钱款并已全部挥霍，系犯罪既遂，对上述辩护意见本院不予采纳。被告人宁文具有前科犯罪，且多次诈骗，可酌定从重处罚。被告人宁文到案后如实供述了自己的主要犯罪事实，可从轻处罚。被告人宁文退赔被害人少部分赃款，可酌定从轻处罚。关于辩护人提出的其他合理辩护意见，本院予以采纳。被告人宁文违法所得的财物，应当责令退赔。依照《中华人民共和国刑法》第二百六十六条，第五十二条，第五十三条，第六十四条、第六十七条之规定，判决如下： 一、被告人宁文犯诈骗罪，判处有期徒刑七年六个月，并处罚金人民币十万元。 （刑期从判决执行之日起计算。判决执行以前先行羁押的，羁押一日折抵刑期一日，即自2018年8月23日起至2026年2月22日止，罚金于判决生效后十日内缴纳） 二、责令被告人宁文退赔被害人张某1经济损失人民币二十六万二千八百九十九元。 如不服本判决，可在接到判决书的第二日起十日内，通过本院或直接向辽宁省大连市中级人民法院提出上诉。书面上诉的，应当提交上诉状正本一份，副本二份。 审判长范珍珍 人民陪审员石玉双 人民陪审员石忠砚 二〇一九年七月十六日 书记员张鑫 附件 相关法律、司法解释条文 《中华人民共和国刑法》 第二百六十六条诈骗公私财物，数额较大的，处三年以下有期徒刑、拘役或者管制，并处或者单处罚金；数额巨大或者有其他严重情节的，处三年以上十年以下有期徒刑，并处罚金；数额特别巨大或者有其他特别严重情节的，处十年以上有期徒刑或者无期徒刑，并处罚金或者没收财产。本法另有规定的，依照规定。 第五十二条判处罚金，应当根据犯罪情节决定罚金数额。 第五十三条罚金在判决指定的期限内一次或者分期缴纳。期满不缴纳的，强制缴纳。对于不能全部缴纳罚金的，人民法院在任何时候发现被执行人有可以执行的财产，应当随时追缴。 由于遭遇不能抗拒的灾祸等原因缴纳确实有困难的，经人民法院裁定，可以延期缴纳、酌情减少或者免除。 第六十四条犯罪分子违法所得的一切财物，应当予以追缴或者责令退赔；对被害人的合法财产，应当及时返还；违禁品和供犯罪所用的本人财物，应当予以没收。没收的财物和罚金，一律上缴国库，不得挪用和自行处理。 第六十七条犯罪以后自动投案，如实供述自己的罪行的，是自首。对于自首的犯罪分子，可以从轻或者减轻处罚。其中，犯罪较轻的，可以免除处罚。 被采取强制措施的犯罪嫌疑人、被告人和正在服刑的罪犯，如实供述司法机关还未掌握的本人其他罪行的，以自首论。 犯罪嫌疑人虽不具有前两款规定的自首情节，但是如实供述自己罪行的，可以从轻处罚；因其如实供述自己罪行，避免特别严重后果发生的，可以减轻处罚。","writId":"050a0e693a4199b4faa847fc98a9c78e05d","writName":"宁文诈骗一审刑事判决书"}
