{"ajId":"55599428-0256-4540-a9ec-e3eb9cdd7ff7","ajName":"叶兆江滥伐林木罪一案","ajjbqk":" 经审理查明：被告人王书军自2014年9月至10月期间在金寨县梅山镇和现代产业园区连续多次作案，盗窃摩托车16辆。被告人王某以明显低于市场的价格从王书军手中共计购买摩托车4辆。 具体犯罪事实如下： 1、2014年9月18日凌晨2时许，王书军在金寨县梅山镇金府花园小区“金府地毯”店铺门口，采取推行的方式将刘某停放在该店铺门口的白色新大洲本田踏板摩托车盗走。金寨县价格认证中心鉴定该摩托车价格为5940元； 2、2014年9月29日凌晨，王书军在金寨县现代产业园区安置二区内，采取推行的方式将李晓芬停放在2栋楼与3栋楼之间的红色铃木牌“飞肯”系列弯梁摩托车盗走并藏匿。八天后李晓芬自行在该小区9栋楼处将该摩托车找回。金寨县价格认证中心鉴定该摩托车价格为4050元； 3、2014年9月29日凌晨，王书军在金寨县现代产业园区安置二区内，采取推行的方式将黄涛停放在15栋楼11号车库门口的黄色台州王野牌踏板摩托车盗走，推出小区后将摩托车藏匿在金叶路开发区派出所外的桥头处，天亮后黄涛将该摩托车找回。金寨县价格认证中心鉴定该摩托车价格为3570元； 4、2014年9月29日凌晨，王书军在金寨县现代产业园区安置二区内，采取推行的方式将汪全坤停放在14号楼下的红色本田二代金风锐系列大架摩托车盗走。金寨县价格认证中心鉴定该摩托车价格为4225元； 5、2014年10月3日凌晨2时许，王书军在金寨县梅山镇金顾路金广源超市旁“宝利来”KTV门口辅道处，采取推行的方式将储修亮停放的白色新大洲本田踏板摩托车盗走。金寨县价格认证中心鉴定该摩托车价格为4370元； 6、2014年10月5日凌晨3时许，王书军在金寨县现代产业园区安置二区，采取推行的方式将陈绪国停放在9栋楼楼下的白色钱江牌踏板摩托车盗走。后将该摩托车以800元抵账给叶集柳林大道温馨浴池老板叶某（另案处理），案发后，叶某主动将该摩托车送交金寨县公安局。金寨县价格认证中心鉴定该摩托车价格为5700元； 7、2014年10月16日2时许，王书军在金寨县梅山镇金寨大市场内，采取推行的方式将余某乙停放在大市场“爱格门业”商铺门口的黑色铃木125踏板摩托车盗走。金寨县价格认证中心鉴定该摩托车价值4680元； 8、2014年10月17日2时许，王书军在金寨县梅山镇金鑫国际小区，采取推行的方式将袁自乐停放在12栋楼1单元的白色大江牌踏板摩托车盗走。金寨县价格认证中心鉴定该摩托车价格为3990元； 9、2014年10月20日1时30分许，王书军在金寨县梅山镇金寨大市场内，采取推行的方式将尹维浩停放在14栋楼1单元门口的黑色义鹰牌踏板摩托车盗走，将该摩托车推出大市场后藏匿在施琅学校旁的小路上。后尹维浩父亲尹家良将该摩托车找回。金寨县价格认证中心鉴定该摩托车价格为3680元； 10、2014年10月20日2时许，王书军在金寨县梅山镇金鑫国际小区内，采取推行的方式将廖家秀停放在20栋楼1单元楼梯道内的黑色飞肯牌踏板摩托车盗走。后将该摩托车以700元的价格销售给王某。金寨县价格认证中心鉴定该摩托车价格为3990元； 11、2014年10月22日1时许，王书军在金寨县梅山镇金鑫国际小区东侧“正宏酒家”饭店门口，采取推行的方式将邓卓勤的黑色台州中能牌踏板摩托车盗走。金寨县价格认证中心鉴定该摩托车价格为3360元； 12、2014年10月25日1时许，王书军在金寨县梅山镇金寨大市场内，采取推行的方式将余述海停放在大市场9栋楼1-2号商铺门口的白色王野牌踏板摩托车盗走，藏匿在施琅学校门口东侧辅道的一变压箱旁。后余述海家人将该摩托车找回。金寨县价格认证中心鉴定该摩托车价格为3600元； 13、2014年10月25日1时许，王书军在金寨县梅山镇金寨大市场内，采取推行的方式将袁俊英停放在大市场2栋楼单元门口的白色大洋牌踏板摩托车盗走。金寨县价格认证中心鉴定该摩托车价格为2860元； 14、2014年10月27日1时30分许，王书军在金寨县梅山镇“地球村”网吧门口，采取推行的方式将胡成成停放在该网吧门口的白色木兰牌踏板摩托车盗走。后将该摩托车以800元的价格销售给王某。金寨县价格认证中心鉴定该摩托车价格为3800元； 15、2014年10月30日2时许，王书军在金寨县梅山镇安置三区，采取推行的方式将陈从忠停放在该小区21栋楼3单元门口的黑色尊隆牌踏板摩托车盗走，后将该摩托车以1000元的价格销售给王某。金寨县价格认证中心鉴定该摩托车价格为7220元； 16、2014年10月份的一天夜里，王书军在金寨县梅山镇金鑫国际小区，将潘孝波停放在该小区13栋楼2单元门口的银灰色隆鑫牌踏板摩托车盗走，后将该摩托车以760元的价格销售给王某。金寨县价格认证中心鉴定该摩托车价格为4200元。 综上，王书军盗窃16辆摩托车价值为69235元；王某从王书军处购买的4辆被盗摩托车价值为19210元。 另查明：王某在公安机关尚未掌握其犯罪事实的情况下，主动到公安机关投案，如实供述其犯罪事实，并主动将其从被告人王书军处购买的摩托车退缴给公安机关。王书军盗窃的16辆摩托车，除卖给王某的4辆摩托车、抵账给叶某的1辆摩托车被公安机关追回及失盗主自行找回的4辆摩托车外，尚有7辆摩托车未被追回。未被追回的摩托车价值29425元。 上述事实，被告人王书军、王某在开庭审理过程中亦无异议，且有证人卢某、余某甲、叶某等人的证言，被害人刘某、余某乙、陈从忠等人的陈述及报案材料，失盗现场监控和讯问犯罪嫌疑人时制作的同步录音录像，金寨县公安局制作的现场勘验、检查笔录和现场指认笔录，辨认笔录，金寨县价格认证中心出具的价格鉴定意见书，被告人王书军、王某的户籍证明、抓获经过，王书军的前科材料，涉案摩托车查扣、返还材料等书证证实，足以认定。 ","cpfxgc":"本院认为：被告人王书军连续多次盗窃他人摩托车，其行为构成盗窃罪，且犯罪数额巨大；被告人王某明知被告人王书军所出卖的摩托车是赃物而予以购买，其行为构成掩饰隐瞒犯罪所得罪。二被告人的行为依法均应予惩处，公诉机关指控的犯罪事实清楚，证据确实、充分，罪名成立，本院依法予以确认。被告人王书军关于2014年9月29日凌晨，在金寨县现代产业园区安置二区2栋楼与3栋楼之间盗窃的红色铃木牌“飞肯”系列弯梁摩托车（审理查明的第2起犯罪事实）；2014年9月29日凌晨，在金寨县现代产业园区安置二区15栋楼11号车库门口盗窃的黄色台州王野牌踏板摩托车（审理查明的第3起犯罪事实）；2014年10月20日1时30分许，王书军在金寨县梅山镇金寨大市场14栋楼1单元门口盗窃的黑色义鹰牌踏板摩托车（审理查明的第9起犯罪事实）；2014年10月25日1时许，在金寨县梅山镇金寨大市场9栋楼1-2号商铺门口盗窃的白色王野牌踏板摩托车（审理查明的第12起犯罪事实），该4辆摩托车虽被盗走，但后均被失盗主找回，该4辆摩托车的价格不应计入盗窃犯罪数额的辩称，因被告人王书军将该4辆摩托车从原地盗走后认为摩托车太陈旧而在异地予以丢弃，其犯罪行为已实施终了，是犯罪既遂，失盗主找回摩托车只是通过自己的行为减少了损失，并不是被告人王书军意志以外的原因而导致盗窃不能，因此该辩称本院依法不予采纳。被告人王书军关于被盗摩托车的鉴定价格过高的辩称，因本案有7辆被盗摩托车无法追回，由具有价格鉴证专业资质的金寨县价格认证中心指派具有专业资质的人员，采用公开市场价值标准确定的被盗摩托车市场价格，具有客观性、真实性、合法性，因此该辩称本院依法亦不予采纳。鉴于被告人王书军系累犯，具有从重处罚情节，其当庭自愿认罪，具有从轻处罚情节；被告人王某具有自首情节，依法可从轻处罚。案经本院审判委员会讨论决定，依照《中华人民共和国刑法》第二百六十四条，第三百一十二条，第五十二条，第五十三条，第六十四条，第六十五条，第六十七条第一、三款，第七十二条第一、三款，第七十三条第一、三款之规定，判决如下：","pjjg":" 一、被告人王书军犯盗窃罪，判处有期徒刑五年零十个月，并处罚金人民币8万元； （刑期从判决确定之日起计算，判决执行以前先行羁押的，羁押一日折抵刑期一日，刑期自2014年11月3日起至2020年9月2日止；罚金于判决生效后三日内缴纳。） 二、对被告人王书军盗窃违法所得29425元，依法予以追缴，发还被害人； 三、被告人王某犯掩饰、隐瞒犯罪所得罪，判处拘役五个月，宣告缓刑六个月，并处罚金人民币1万元。 （缓刑考验期限从判决确定之日起计算；罚金于判决生效后三日内缴纳。） 如不服本判决，可在收到本判决书的第二日起十日内，通过本院或直接向安徽省六安市中级人民法院提出上诉，书面上诉的，应提交上诉状正本一份，副本二份。","qw":"安徽省金寨县人民法院 刑事判决书 （2015）金刑初字第00045号 公诉机关金寨县人民检察院。 被告人王书军，曾用名王书均，男，1973年3月10日生，汉族，无业，住安徽省六安市叶集试验区，户籍因未办理二代身份证被辖区。因犯盗窃罪，2003年9月26日被六安市中级人民法院判处有期徒刑9年，罚金人民币2万元，2011年1月28日刑满释放。又因涉嫌犯盗窃罪，2014年11月3日被金寨县公安局刑事拘留，同年12月9日经金寨县人民检察院批准逮捕，次日由金寨县公安局执行逮捕，现羁押于金寨县看守所。 被告人王某，女，1971年2月28日生，汉族，无业，现住安徽省霍邱县，户籍。因涉嫌犯掩饰、隐瞒犯罪所得罪，2014年12月5日由金寨县公安局决定取保候审，2015年4月1日由金寨县人民检察院决定继续取保候审。 金寨县人民检察院以金寨检刑诉（2015）24号起诉书指控被告人王书军犯盗窃罪，被告人王某犯掩饰、隐瞒犯罪所得罪，于2015年4月3日向本院提起公诉。本院受理后，依法组成合议庭，于2015年4月30日依法公开开庭审理了本案，金寨县人民检察院指派检察员吴为成出庭支持公诉，被告人王书军、王某均到庭参加诉讼。本案现已审理终结。 经审理查明：被告人王书军自2014年9月至10月期间在金寨县梅山镇和现代产业园区连续多次作案，盗窃摩托车16辆。被告人王某以明显低于市场的价格从王书军手中共计购买摩托车4辆。 具体犯罪事实如下： 1、2014年9月18日凌晨2时许，王书军在金寨县梅山镇金府花园小区“金府地毯”店铺门口，采取推行的方式将刘某停放在该店铺门口的白色新大洲本田踏板摩托车盗走。金寨县价格认证中心鉴定该摩托车价格为5940元； 2、2014年9月29日凌晨，王书军在金寨县现代产业园区安置二区内，采取推行的方式将李晓芬停放在2栋楼与3栋楼之间的红色铃木牌“飞肯”系列弯梁摩托车盗走并藏匿。八天后李晓芬自行在该小区9栋楼处将该摩托车找回。金寨县价格认证中心鉴定该摩托车价格为4050元； 3、2014年9月29日凌晨，王书军在金寨县现代产业园区安置二区内，采取推行的方式将黄涛停放在15栋楼11号车库门口的黄色台州王野牌踏板摩托车盗走，推出小区后将摩托车藏匿在金叶路开发区派出所外的桥头处，天亮后黄涛将该摩托车找回。金寨县价格认证中心鉴定该摩托车价格为3570元； 4、2014年9月29日凌晨，王书军在金寨县现代产业园区安置二区内，采取推行的方式将汪全坤停放在14号楼下的红色本田二代金风锐系列大架摩托车盗走。金寨县价格认证中心鉴定该摩托车价格为4225元； 5、2014年10月3日凌晨2时许，王书军在金寨县梅山镇金顾路金广源超市旁“宝利来”KTV门口辅道处，采取推行的方式将储修亮停放的白色新大洲本田踏板摩托车盗走。金寨县价格认证中心鉴定该摩托车价格为4370元； 6、2014年10月5日凌晨3时许，王书军在金寨县现代产业园区安置二区，采取推行的方式将陈绪国停放在9栋楼楼下的白色钱江牌踏板摩托车盗走。后将该摩托车以800元抵账给叶集柳林大道温馨浴池老板叶某（另案处理），案发后，叶某主动将该摩托车送交金寨县公安局。金寨县价格认证中心鉴定该摩托车价格为5700元； 7、2014年10月16日2时许，王书军在金寨县梅山镇金寨大市场内，采取推行的方式将余某乙停放在大市场“爱格门业”商铺门口的黑色铃木125踏板摩托车盗走。金寨县价格认证中心鉴定该摩托车价值4680元； 8、2014年10月17日2时许，王书军在金寨县梅山镇金鑫国际小区，采取推行的方式将袁自乐停放在12栋楼1单元的白色大江牌踏板摩托车盗走。金寨县价格认证中心鉴定该摩托车价格为3990元； 9、2014年10月20日1时30分许，王书军在金寨县梅山镇金寨大市场内，采取推行的方式将尹维浩停放在14栋楼1单元门口的黑色义鹰牌踏板摩托车盗走，将该摩托车推出大市场后藏匿在施琅学校旁的小路上。后尹维浩父亲尹家良将该摩托车找回。金寨县价格认证中心鉴定该摩托车价格为3680元； 10、2014年10月20日2时许，王书军在金寨县梅山镇金鑫国际小区内，采取推行的方式将廖家秀停放在20栋楼1单元楼梯道内的黑色飞肯牌踏板摩托车盗走。后将该摩托车以700元的价格销售给王某。金寨县价格认证中心鉴定该摩托车价格为3990元； 11、2014年10月22日1时许，王书军在金寨县梅山镇金鑫国际小区东侧“正宏酒家”饭店门口，采取推行的方式将邓卓勤的黑色台州中能牌踏板摩托车盗走。金寨县价格认证中心鉴定该摩托车价格为3360元； 12、2014年10月25日1时许，王书军在金寨县梅山镇金寨大市场内，采取推行的方式将余述海停放在大市场9栋楼1-2号商铺门口的白色王野牌踏板摩托车盗走，藏匿在施琅学校门口东侧辅道的一变压箱旁。后余述海家人将该摩托车找回。金寨县价格认证中心鉴定该摩托车价格为3600元； 13、2014年10月25日1时许，王书军在金寨县梅山镇金寨大市场内，采取推行的方式将袁俊英停放在大市场2栋楼单元门口的白色大洋牌踏板摩托车盗走。金寨县价格认证中心鉴定该摩托车价格为2860元； 14、2014年10月27日1时30分许，王书军在金寨县梅山镇“地球村”网吧门口，采取推行的方式将胡成成停放在该网吧门口的白色木兰牌踏板摩托车盗走。后将该摩托车以800元的价格销售给王某。金寨县价格认证中心鉴定该摩托车价格为3800元； 15、2014年10月30日2时许，王书军在金寨县梅山镇安置三区，采取推行的方式将陈从忠停放在该小区21栋楼3单元门口的黑色尊隆牌踏板摩托车盗走，后将该摩托车以1000元的价格销售给王某。金寨县价格认证中心鉴定该摩托车价格为7220元； 16、2014年10月份的一天夜里，王书军在金寨县梅山镇金鑫国际小区，将潘孝波停放在该小区13栋楼2单元门口的银灰色隆鑫牌踏板摩托车盗走，后将该摩托车以760元的价格销售给王某。金寨县价格认证中心鉴定该摩托车价格为4200元。 综上，王书军盗窃16辆摩托车价值为69235元；王某从王书军处购买的4辆被盗摩托车价值为19210元。 另查明：王某在公安机关尚未掌握其犯罪事实的情况下，主动到公安机关投案，如实供述其犯罪事实，并主动将其从被告人王书军处购买的摩托车退缴给公安机关。王书军盗窃的16辆摩托车，除卖给王某的4辆摩托车、抵账给叶某的1辆摩托车被公安机关追回及失盗主自行找回的4辆摩托车外，尚有7辆摩托车未被追回。未被追回的摩托车价值29425元。 上述事实，被告人王书军、王某在开庭审理过程中亦无异议，且有证人卢某、余某甲、叶某等人的证言，被害人刘某、余某乙、陈从忠等人的陈述及报案材料，失盗现场监控和讯问犯罪嫌疑人时制作的同步录音录像，金寨县公安局制作的现场勘验、检查笔录和现场指认笔录，辨认笔录，金寨县价格认证中心出具的价格鉴定意见书，被告人王书军、王某的户籍证明、抓获经过，王书军的前科材料，涉案摩托车查扣、返还材料等书证证实，足以认定。 本院认为：被告人王书军连续多次盗窃他人摩托车，其行为构成盗窃罪，且犯罪数额巨大；被告人王某明知被告人王书军所出卖的摩托车是赃物而予以购买，其行为构成掩饰隐瞒犯罪所得罪。二被告人的行为依法均应予惩处，公诉机关指控的犯罪事实清楚，证据确实、充分，罪名成立，本院依法予以确认。被告人王书军关于2014年9月29日凌晨，在金寨县现代产业园区安置二区2栋楼与3栋楼之间盗窃的红色铃木牌“飞肯”系列弯梁摩托车（审理查明的第2起犯罪事实）；2014年9月29日凌晨，在金寨县现代产业园区安置二区15栋楼11号车库门口盗窃的黄色台州王野牌踏板摩托车（审理查明的第3起犯罪事实）；2014年10月20日1时30分许，王书军在金寨县梅山镇金寨大市场14栋楼1单元门口盗窃的黑色义鹰牌踏板摩托车（审理查明的第9起犯罪事实）；2014年10月25日1时许，在金寨县梅山镇金寨大市场9栋楼1-2号商铺门口盗窃的白色王野牌踏板摩托车（审理查明的第12起犯罪事实），该4辆摩托车虽被盗走，但后均被失盗主找回，该4辆摩托车的价格不应计入盗窃犯罪数额的辩称，因被告人王书军将该4辆摩托车从原地盗走后认为摩托车太陈旧而在异地予以丢弃，其犯罪行为已实施终了，是犯罪既遂，失盗主找回摩托车只是通过自己的行为减少了损失，并不是被告人王书军意志以外的原因而导致盗窃不能，因此该辩称本院依法不予采纳。被告人王书军关于被盗摩托车的鉴定价格过高的辩称，因本案有7辆被盗摩托车无法追回，由具有价格鉴证专业资质的金寨县价格认证中心指派具有专业资质的人员，采用公开市场价值标准确定的被盗摩托车市场价格，具有客观性、真实性、合法性，因此该辩称本院依法亦不予采纳。鉴于被告人王书军系累犯，具有从重处罚情节，其当庭自愿认罪，具有从轻处罚情节；被告人王某具有自首情节，依法可从轻处罚。案经本院审判委员会讨论决定，依照《中华人民共和国刑法》第二百六十四条，第三百一十二条，第五十二条，第五十三条，第六十四条，第六十五条，第六十七条第一、三款，第七十二条第一、三款，第七十三条第一、三款之规定，判决如下： 一、被告人王书军犯盗窃罪，判处有期徒刑五年零十个月，并处罚金人民币8万元； （刑期从判决确定之日起计算，判决执行以前先行羁押的，羁押一日折抵刑期一日，刑期自2014年11月3日起至2020年9月2日止；罚金于判决生效后三日内缴纳。） 二、对被告人王书军盗窃违法所得29425元，依法予以追缴，发还被害人； 三、被告人王某犯掩饰、隐瞒犯罪所得罪，判处拘役五个月，宣告缓刑六个月，并处罚金人民币1万元。 （缓刑考验期限从判决确定之日起计算；罚金于判决生效后三日内缴纳。） 如不服本判决，可在收到本判决书的第二日起十日内，通过本院或直接向安徽省六安市中级人民法院提出上诉，书面上诉的，应提交上诉状正本一份，副本二份。 审判长储修利 审判员李宏伟 人民陪审员方运俭 二〇一五年五月十一日 书记员汪超 附相关法律条文 《中华人民共和国刑法》第二百六十四条盗窃公私财物，数额较大的，或者多次盗窃、入户盗窃、携带凶器盗窃、扒窃的，处三年以下有期徒刑、拘役或者管制，并处或者单处罚金；数额巨大或者有其他严重情节的，处三年以上十年以下有期徒刑，并处罚金；数额特别巨大或者有其他特别严重情节的，处十年以上有期徒刑或者无期徒刑，并处罚金或者没收财产。 第三百一十二条明知是犯罪所得及其产生的收益而予以窝藏、转移、收购、代为销售或者以其他方法掩饰、隐瞒的，处三年以下有期徒刑、拘役或者管制，并处或者单处罚金；情节严重的，处三年以上七年以下有期徒刑，并处罚金。 单位犯前款罪的，对单位判处罚金，并对其直接负责的主管人员和其他直接责任人员，依照前款的规定处罚。 第五十二条判处罚金，应当根据犯罪情节决定罚金数额。 第五十三条罚金在判决指定的期限内一次或者分期缴纳。期满不缴纳的，强制缴纳。对于不能全部缴纳罚金的，人民法院在任何时候发现被执行人有可以执行的财产，应当随时追缴。如果由于遭遇不能抗拒的灾祸缴纳确实有困难的，可以酌情减少或者免除。 第六十四条犯罪分子违法所得的一切财物，应当予以追缴或者责令退赔；对被害人的合法财产，应当及时返还；违禁品和供犯罪所用的本人财物，应当予以没收。没收的财物和罚金，一律上缴国库，不得挪用和自行处理。 第六十五条被判处有期徒刑以上刑罚的犯罪分子，刑罚执行完毕或者赦免以后，在五年以内再犯应当判处有期徒刑以上刑罚之罪的，是累犯，应当从重处罚，但是过失犯罪和不满十八周岁的人犯罪的除外。 前款规定的期限，对于被假释的犯罪分子，从假释期满之日起计算。 第六十七条犯罪以后自动投案，如实供述自己的罪行的，是自首。对于自首的犯罪分子，可以从轻或者减轻处罚。其中，犯罪较轻的，可以免除处罚。 被采取强制措施的犯罪嫌疑人、被告人和正在服刑的罪犯，如实供述司法机关还未掌握的本人其他罪行的，以自首论。 犯罪嫌疑人虽不具有前两款规定的自首情节，但是如实供述自己罪行的，可以从轻处罚；因其如实供述自己罪行，避免特别严重后果发生的，可以减轻处罚。 第七十二条对于被判处拘役、三年以下有期徒刑的犯罪分子，同时符合下列条件的，可以宣告缓刑，对其中不满十八周岁的人、怀孕的妇女和已满七十五周岁的人，应当宣告缓刑： （一）犯罪情节较轻； （二）有悔罪表现； （三）没有再犯罪的危险； （四）宣告缓刑对所居住社区没有重大不良影响。 宣告缓刑，可以根据犯罪情况，同时禁止犯罪分子在缓刑考验期限内从事特定活动，进入特定区域、场所，接触特定的人。 被宣告缓刑的犯罪分子，如果被判处附加刑，附加刑仍须执行。 第七十三条拘役的缓刑考验期限为原判刑期以上一年以下，但是不能少于二个月。 有期徒刑的缓刑考验期限为原判刑期以上五年以下，但是不能少于一年。 缓刑考验期限，从判决确定之日起计算。","writId":"0007573637eb2c934e3420411222772b9e7","writName":"王书军盗窃罪，王某掩饰、隐瞒犯罪所得、犯罪所得收益罪一审刑事判决书"}
