{"ajId":"38ed5008-9525-45ab-a19b-c201a9098ef5","ajName":"包某、赵俊华强奸罪一案","ajjbqk":" 经审理查明，2017年6月10日下午，被告人包某电话联系陈某（1999年8月31日出生，名字在卷）要求还债，双方约定在本市千祥镇下东陈村风景区附近见面。后被告人包某、赵俊华驾乘面包车到风景区附近看到陈某及其女友史某1（2001年4月1日出生，名字在卷），并叫陈某上车，带其在下东陈村附近转了一圈后返回下东陈村风景区附近，又叫史某1上车，将二人带至千祥镇时代网咖聊天，后又带二人至千祥镇三联桥头附近，在陈某、史某1下车返回家途中，被告人包某下车让史某1一起去玩，史某1拒绝后被其强行拉上面包车，被告人包某、赵俊华驾乘面包车将史某1带往本市马宅镇欲与史某1发生性关系，因无合适地点遂又将其带至本市千祥镇塔山村被告人赵俊华家中。史某1因害怕躲入被告人赵俊华家二楼厕所，被告人包某强行将史某1从厕所抱至房间内，不顾其反抗，强行与其发生性关系。随后，被告人赵俊华进入房间，不顾史某1的反抗，按住双手，强行与其发生性关系。 上述事实，有公诉机关当庭列举并经庭审质证的被害人史某1的陈述及其户籍证明、证人陈某、许某、史某2的证言、公安机关制作的现场勘验笔录、提取痕迹、物证登记表、现场平面示意图、现场照片、提取笔录、扣押决定书、扣押清单、人身检查笔录、照片、病历材料、接受证据清单、出生医学证明、常住人口登记卡、法庭科学DNA鉴定书、视听资料、刑事判决书、公安民警出具的抓获经过、户籍证明及被告人包某、赵俊华对上述事实所作的供述等证据证实，足以认定。 对于辩护人马旭芳当庭提交的由东阳市千祥镇四友村村民委员会出具的证明，与本案缺乏关联性，本院不予确认。 ","cpfxgc":"本院认为，被告人包某、赵俊华违背妇女意志，采用暴力手段，强行轮流与妇女发生性关系，其行为均已触犯刑律，构成强奸罪。公诉机关指控的罪名成立，依法应予支持。本案中，被告人赵俊华明知被告人包某欲与史某1发生性关系，仍驾车将史某1带至其家中，在被告人包某奸淫史某1后，在同一地点随即不顾史某1反抗，强行与其发生性关系，根据被告人赵俊华在共同犯罪中所起的作用，不能认定为处于从属地位。本案的发生，被害人不存在过错。故辩护人马旭芳在庭审中提出被害人存在过错且被告人赵俊华处于从属地位的辩护意见，与事实不符，本院不予采纳。被告人包某、赵俊华奸淫未成年人，应从重处罚。被告人包某、赵俊华归案后如实供述自己的罪行，依法可以从轻处罚。被告人包某、赵俊华在庭审中均能自愿认罪，可酌情从轻处罚。辩护人陈志雄、马旭芳据上所提辩护意见，理由成立，本院予以采纳。为维护社会治安秩序，保护妇女性的不可侵犯的权利，惩罚犯罪，依照《中华人民共和国刑法》第二百三十六条第一款、第三款第（四）项、第二十五条第一款、第六十七条第三款、第五十六条第一款、第五十五条第一款之规定，判决如下：","pjjg":" 一、被告人包某犯强奸罪，判处有期徒刑十年，剥夺政治权利一年（刑期从判决执行之日起计算。判决执行以前先行羁押的，羁押一日折抵刑期一日，即自2017年6月11日起至2027年6月10日止）。 二、被告人赵俊华犯强奸罪，判处有期徒刑十年，剥夺政治权利一年（刑期从判决执行之日起计算。判决执行以前先行羁押的，羁押一日折抵刑期一日，即自2017年6月11日起至2027年6月10日止）。 如不服本判决，可在接到判决书的第二日起十日内，通过本院或者直接向浙江省金华市中级人民法院提出上诉。书面上诉的，应当提交上诉状正本一份，副本二份。","qw":"浙江省东阳市人民法院 刑事判决书 （2017）浙0783刑初875号 公诉机关东阳市人民检察院。 被告人包某，男，1996年4月30日出生于浙江省东阳市，汉族，初中文化，居民，家住东阳市。曾因犯盗窃罪（系未成年人犯罪），于2013年5月28日被本院判处免予刑事处罚；又因涉嫌犯强奸罪，于2017年6月11日被东阳市公安局刑事拘留，同年7月13日依法逮捕。现羁押于东阳市看守所。 辩护人陈志雄，浙江三星律师事务所律师。 被告人赵俊华，男，1996年10月5日出生于浙江省东阳市，汉族，初中文化，居民，家住东阳市。因涉嫌犯强奸罪，于2017年6月11日被东阳市公安局刑事拘留，同年7月13日依法逮捕。现羁押于东阳市看守所。 辩护人马旭芳，浙江无双律师事务所律师。 东阳市人民检察院以东检未检刑诉［2017］31号起诉书指控被告人包某、赵俊华犯强奸罪，于2017年8月17日向本院提起公诉。本院于同日立案，并依法适用普通程序，组成合议庭审判，因本案涉及个人隐私，不公开开庭审理了本案。东阳市人民检察院指派检察员江某出庭支持公诉，被告人包某、赵俊华及辩护人陈志雄、马旭芳到庭参加诉讼。现已审理终结。 经审理查明，2017年6月10日下午，被告人包某电话联系陈某（1999年8月31日出生，名字在卷）要求还债，双方约定在本市千祥镇下东陈村风景区附近见面。后被告人包某、赵俊华驾乘面包车到风景区附近看到陈某及其女友史某1（2001年4月1日出生，名字在卷），并叫陈某上车，带其在下东陈村附近转了一圈后返回下东陈村风景区附近，又叫史某1上车，将二人带至千祥镇时代网咖聊天，后又带二人至千祥镇三联桥头附近，在陈某、史某1下车返回家途中，被告人包某下车让史某1一起去玩，史某1拒绝后被其强行拉上面包车，被告人包某、赵俊华驾乘面包车将史某1带往本市马宅镇欲与史某1发生性关系，因无合适地点遂又将其带至本市千祥镇塔山村被告人赵俊华家中。史某1因害怕躲入被告人赵俊华家二楼厕所，被告人包某强行将史某1从厕所抱至房间内，不顾其反抗，强行与其发生性关系。随后，被告人赵俊华进入房间，不顾史某1的反抗，按住双手，强行与其发生性关系。 上述事实，有公诉机关当庭列举并经庭审质证的被害人史某1的陈述及其户籍证明、证人陈某、许某、史某2的证言、公安机关制作的现场勘验笔录、提取痕迹、物证登记表、现场平面示意图、现场照片、提取笔录、扣押决定书、扣押清单、人身检查笔录、照片、病历材料、接受证据清单、出生医学证明、常住人口登记卡、法庭科学DNA鉴定书、视听资料、刑事判决书、公安民警出具的抓获经过、户籍证明及被告人包某、赵俊华对上述事实所作的供述等证据证实，足以认定。 对于辩护人马旭芳当庭提交的由东阳市千祥镇四友村村民委员会出具的证明，与本案缺乏关联性，本院不予确认。 本院认为，被告人包某、赵俊华违背妇女意志，采用暴力手段，强行轮流与妇女发生性关系，其行为均已触犯刑律，构成强奸罪。公诉机关指控的罪名成立，依法应予支持。本案中，被告人赵俊华明知被告人包某欲与史某1发生性关系，仍驾车将史某1带至其家中，在被告人包某奸淫史某1后，在同一地点随即不顾史某1反抗，强行与其发生性关系，根据被告人赵俊华在共同犯罪中所起的作用，不能认定为处于从属地位。本案的发生，被害人不存在过错。故辩护人马旭芳在庭审中提出被害人存在过错且被告人赵俊华处于从属地位的辩护意见，与事实不符，本院不予采纳。被告人包某、赵俊华奸淫未成年人，应从重处罚。被告人包某、赵俊华归案后如实供述自己的罪行，依法可以从轻处罚。被告人包某、赵俊华在庭审中均能自愿认罪，可酌情从轻处罚。辩护人陈志雄、马旭芳据上所提辩护意见，理由成立，本院予以采纳。为维护社会治安秩序，保护妇女性的不可侵犯的权利，惩罚犯罪，依照《中华人民共和国刑法》第二百三十六条第一款、第三款第（四）项、第二十五条第一款、第六十七条第三款、第五十六条第一款、第五十五条第一款之规定，判决如下： 一、被告人包某犯强奸罪，判处有期徒刑十年，剥夺政治权利一年（刑期从判决执行之日起计算。判决执行以前先行羁押的，羁押一日折抵刑期一日，即自2017年6月11日起至2027年6月10日止）。 二、被告人赵俊华犯强奸罪，判处有期徒刑十年，剥夺政治权利一年（刑期从判决执行之日起计算。判决执行以前先行羁押的，羁押一日折抵刑期一日，即自2017年6月11日起至2027年6月10日止）。 如不服本判决，可在接到判决书的第二日起十日内，通过本院或者直接向浙江省金华市中级人民法院提出上诉。书面上诉的，应当提交上诉状正本一份，副本二份。 审判长马欣阳 人民陪审员舒士宁 人民陪审员王炳余 二〇一七年十一月九日 代书记员吴炜婷","writId":"0075efe3eec97d3c9bcabf75c165d85c2b3","writName":"包某、赵俊华强奸罪一审刑事判决书"}
