{"ajId":"726b8964-eab3-47a8-a718-c350bf301f17","ajName":"许俊走私、贩卖、运输、制造毒品罪一案","ajjbqk":" 公诉机关指控，2019年1月5日22时许，被告人许俊在本区十陵街道城市X酒店3楼楼梯口处以200元人民币的价格将一小袋冰毒（净重0.45克）贩卖给李某。交易完成二人分开后，李某发现毒品数量较少要求再次见面协商，并约定在酒店4楼楼梯口见面。民警接到线索后在上述酒店门口将李某挡获，当场从其身上查获上述毒品一袋。民警随后与李某一起在该酒店4楼楼梯口将许俊挡获，当场从许俊处查获毒资人民币200元。经鉴定，从上述现场查获的毒品中检测出甲基苯丙胺成分。 被告人许俊对指控事实无异议，其辩护人认为，许俊有坦白情节，当庭认罪，系初犯，毒品未实际流入社会，请求从轻处罚。 本院查明事实与指控事实一致。 上述事实，有受案登记表，立案决定书，到案经过，许俊的人口信息，购毒人员李某的证言，被告人许俊的供述和辩解（附录音录像光盘1张），李某、许俊对交易地点、毒品、毒资的辨认笔录及照片，李某、许俊的相互辨认笔录，检查笔录，涉案毒品的称重笔录及照片，涉案毒品、毒资的扣押决定书、扣押笔录、扣押清单，成都市公安局物证鉴定所成公鉴（理化）字［2019］0191号检验报告，许俊（177XXXX2201）的通讯记录，李某的冰毒现场检测报告书，许俊因吸食毒品的行政处罚决定书等证据证实，足以认定。 ","cpfxgc":"本院认为，被告人许俊贩卖甲基苯丙胺，涉案数量0.45克，其行为已构成贩卖毒品罪，应依法予以惩处。公诉机关指控被告人许俊的事实及罪名成立。被告人许俊到案后如实供述其犯罪事实，可以从轻处罚。被告人许俊初次犯罪，酌情从轻处罚。毒品已交易完成，故辩护人提出毒品未流入社会的意见不予采纳，其余意见予以采纳。据此，为打击犯罪，维护国家对毒品的管理制度和确保公民生命健康，根据被告人许俊的犯罪事实、犯罪性质、犯罪情节和对于社会的危害程度，依照《中华人民共和国刑法》第三百四十七条第一款、第四款、第六十七条第三款、第五十二条、第五十三条、第六十四条之规定，判决如下：","pjjg":" 一、被告人许俊犯贩卖毒品罪，判处有期徒刑六个月，并处罚金人民币1000元。 （刑期从判决执行之日起计算，判决执行以前先行羁押的，羁押一日折抵刑期一日，即自2019年1月20日起至2019年7月19日止；罚金应在判决生效后十天内缴纳。） 二、对查获的毒品予以没收、毒资200元予以追缴。 如不服本判决，可在接到判决书的第二日起十日内，通过本院或者直接向成都市中级人民法院提出上诉，书面上诉的，应当提交上诉状正本一份、副本二份。","qw":"成都市龙泉驿区人民法院 刑事判决书 （2019）川0112刑初213号 公诉机关成都市龙泉驿区人民检察院。 被告人许俊，男，1989年3月26日出生，汉族，初中文化，户籍所在地成都市龙泉驿区。2019年1月6日因吸食毒品被行政拘留（14日）。2019年1月20日因涉嫌犯贩卖毒品罪被刑事拘留，2019年1月30日被逮捕。现羁押于成都市龙泉驿区看守所。 辩护人张雨菁，四川川商律师事务所律师。 成都市龙泉驿区人民检察院以成龙检刑检刑诉［2019］208号起诉书指控被告人许俊犯贩卖毒品罪，于2019年4月24日向本院提起公诉。本院受理后，依法适用简易程序，实行独任审判，公开开庭审理了本案。成都市龙泉驿区人民检察院指派检察员廖帮华出庭支持公诉，被告人许俊及其辩护人张雨菁到庭参加诉讼，现已审理终结。 公诉机关指控，2019年1月5日22时许，被告人许俊在本区十陵街道城市X酒店3楼楼梯口处以200元人民币的价格将一小袋冰毒（净重0.45克）贩卖给李某。交易完成二人分开后，李某发现毒品数量较少要求再次见面协商，并约定在酒店4楼楼梯口见面。民警接到线索后在上述酒店门口将李某挡获，当场从其身上查获上述毒品一袋。民警随后与李某一起在该酒店4楼楼梯口将许俊挡获，当场从许俊处查获毒资人民币200元。经鉴定，从上述现场查获的毒品中检测出甲基苯丙胺成分。 被告人许俊对指控事实无异议，其辩护人认为，许俊有坦白情节，当庭认罪，系初犯，毒品未实际流入社会，请求从轻处罚。 本院查明事实与指控事实一致。 上述事实，有受案登记表，立案决定书，到案经过，许俊的人口信息，购毒人员李某的证言，被告人许俊的供述和辩解（附录音录像光盘1张），李某、许俊对交易地点、毒品、毒资的辨认笔录及照片，李某、许俊的相互辨认笔录，检查笔录，涉案毒品的称重笔录及照片，涉案毒品、毒资的扣押决定书、扣押笔录、扣押清单，成都市公安局物证鉴定所成公鉴（理化）字［2019］0191号检验报告，许俊（177XXXX2201）的通讯记录，李某的冰毒现场检测报告书，许俊因吸食毒品的行政处罚决定书等证据证实，足以认定。 本院认为，被告人许俊贩卖甲基苯丙胺，涉案数量0.45克，其行为已构成贩卖毒品罪，应依法予以惩处。公诉机关指控被告人许俊的事实及罪名成立。被告人许俊到案后如实供述其犯罪事实，可以从轻处罚。被告人许俊初次犯罪，酌情从轻处罚。毒品已交易完成，故辩护人提出毒品未流入社会的意见不予采纳，其余意见予以采纳。据此，为打击犯罪，维护国家对毒品的管理制度和确保公民生命健康，根据被告人许俊的犯罪事实、犯罪性质、犯罪情节和对于社会的危害程度，依照《中华人民共和国刑法》第三百四十七条第一款、第四款、第六十七条第三款、第五十二条、第五十三条、第六十四条之规定，判决如下： 一、被告人许俊犯贩卖毒品罪，判处有期徒刑六个月，并处罚金人民币1000元。 （刑期从判决执行之日起计算，判决执行以前先行羁押的，羁押一日折抵刑期一日，即自2019年1月20日起至2019年7月19日止；罚金应在判决生效后十天内缴纳。） 二、对查获的毒品予以没收、毒资200元予以追缴。 如不服本判决，可在接到判决书的第二日起十日内，通过本院或者直接向成都市中级人民法院提出上诉，书面上诉的，应当提交上诉状正本一份、副本二份。 审判员金学强 二〇一九年四月三十日 书记员李翰夫","writId":"045f52790776c85e9fefca31aeb59c342a1","writName":"许俊走私、贩卖、运输、制造毒品罪一审刑事判决书"}
