{"ajId":"6ba6cd76-9911-4ac5-b126-397ebe8b5cfc","ajName":"吴发礼走私、贩卖、运输、制造毒品一案","ajjbqk":" 湖北省武汉市青山区人民检察院指控，2016年9月6日9时许，被告人吴发礼在本区新沟桥11街武钢东华园对面，以人民币50元的价格将1小包海洛因卖给涉毒人员容某，交易完成后被公安民警抓获，并收缴上述毒品及毒资，另从被告人吴发礼身上查获6包海洛因。经称量，被告人吴发礼涉嫌贩卖的1小包海洛因，重0.05克，从其身上查获的6包海洛因重0.33克。经鉴定，上述毒品均为海洛因。 2016年9月20日13时许，被告人吴发礼在本区建设六路与临江大道交汇口处，以人民币200元的价格将1包海洛因贩卖给吸毒人员田某，交易完成后被公安民警抓获，并收缴上述毒品及毒资，另从被告人吴发礼身上查获19包海洛因。经称量，被告人吴发礼涉嫌贩卖的1小包海洛因，重0.27克，从其身上查获的19包海洛因重2.02克。经鉴定，上述毒品均为海洛因。 上述事实，被告人吴发礼在开庭审理过程中亦无异议，且有物证照片，破案、抓获经过、身份材料及前科材料、扣押物品清单、取样笔录、提取笔录、称量笔录等书证，证人容某、田某的证言及辨认笔录，武汉市公安毒品司法鉴定中心毒品检验鉴定书等证据证实，足以认定。 ","cpfxgc":"本院认为，被告人吴发礼违反国家规定贩卖毒品，侵犯了国家对毒品的管理制度和公民的身体健康权利，其行为已构成贩卖毒品罪。公诉机关指控的事实清楚，证据确实、充分，指控的罪名成立。被告人吴发礼曾因犯贩卖毒品罪被判过刑罚，又犯贩卖毒品罪，系毒品犯罪的再犯，依法应当从重处罚。其在本院审理过程中，自愿认罪，具有可酌情从轻处罚的情节。据此，依照《中华人民共和国刑法》第三百四十七条第一款、第四款、第三百五十六条、第三百五十七条、第五十二条、第五十三条的规定，判决如下：","pjjg":" 被告人吴发礼犯贩卖毒品罪，判处有期徒刑一年四个月，并处罚金人民币1，000元（未缴纳）。 （刑期从判决执行之日起计算。罚金款于本判决生效后十日内缴纳。期满不缴纳的，强制缴纳。） 如不服本判决，可在接到判决书的第二日起十日内，通过本院或者直接向湖北省武汉市中级人民法院提出上诉。书面上诉的，应当提交上诉状正本一份，副本二份。","qw":"吴发礼走私、贩卖、运输、制造毒品一审刑事判决书 湖北省武汉市青山区人民法院 刑事判决书 （2016）鄂0107刑初485号 公诉机关湖北省武汉市青山区人民检察院。 被告人吴发礼（绰号：三），男，1959年12月24日出生于湖北省武汉市，汉族，高中文化程度，无职业，户籍地本区，现住本区。1999年8月因犯贩卖毒品罪被本院判处有期徒刑十年，并处罚金人民币1，000元；2010年12月因犯盗窃罪被本院判处有期徒刑九个月，并处罚金人民币1，000元，2011年1月1日刑满释放。因涉嫌犯贩卖毒品罪，于2016年9月7日被武汉市公安局青山区分局（钢城分局）取保候审，同年9月21日被监视居住。 湖北省武汉市青山区人民检察院以武青检刑诉（2016）492号起诉书指控被告人吴发礼犯贩卖毒品罪，于2016年11月18日向本院提起公诉。本院依法组成合议庭，适用简易程序，公开开庭审理了本案。湖北省武汉市青山区人民检察院检察员张红泽、被告人吴发礼均到庭参加了诉讼。现已审理终结。 湖北省武汉市青山区人民检察院指控，2016年9月6日9时许，被告人吴发礼在本区新沟桥11街武钢东华园对面，以人民币50元的价格将1小包海洛因卖给涉毒人员容某，交易完成后被公安民警抓获，并收缴上述毒品及毒资，另从被告人吴发礼身上查获6包海洛因。经称量，被告人吴发礼涉嫌贩卖的1小包海洛因，重0.05克，从其身上查获的6包海洛因重0.33克。经鉴定，上述毒品均为海洛因。 2016年9月20日13时许，被告人吴发礼在本区建设六路与临江大道交汇口处，以人民币200元的价格将1包海洛因贩卖给吸毒人员田某，交易完成后被公安民警抓获，并收缴上述毒品及毒资，另从被告人吴发礼身上查获19包海洛因。经称量，被告人吴发礼涉嫌贩卖的1小包海洛因，重0.27克，从其身上查获的19包海洛因重2.02克。经鉴定，上述毒品均为海洛因。 上述事实，被告人吴发礼在开庭审理过程中亦无异议，且有物证照片，破案、抓获经过、身份材料及前科材料、扣押物品清单、取样笔录、提取笔录、称量笔录等书证，证人容某、田某的证言及辨认笔录，武汉市公安毒品司法鉴定中心毒品检验鉴定书等证据证实，足以认定。 本院认为，被告人吴发礼违反国家规定贩卖毒品，侵犯了国家对毒品的管理制度和公民的身体健康权利，其行为已构成贩卖毒品罪。公诉机关指控的事实清楚，证据确实、充分，指控的罪名成立。被告人吴发礼曾因犯贩卖毒品罪被判过刑罚，又犯贩卖毒品罪，系毒品犯罪的再犯，依法应当从重处罚。其在本院审理过程中，自愿认罪，具有可酌情从轻处罚的情节。据此，依照《中华人民共和国刑法》第三百四十七条第一款、第四款、第三百五十六条、第三百五十七条、第五十二条、第五十三条的规定，判决如下： 被告人吴发礼犯贩卖毒品罪，判处有期徒刑一年四个月，并处罚金人民币1，000元（未缴纳）。 （刑期从判决执行之日起计算。罚金款于本判决生效后十日内缴纳。期满不缴纳的，强制缴纳。） 如不服本判决，可在接到判决书的第二日起十日内，通过本院或者直接向湖北省武汉市中级人民法院提出上诉。书面上诉的，应当提交上诉状正本一份，副本二份。 审判长许建 人民陪审员倪萍 人民陪审员郭馨 二〇一六年十二月十六日 书记员付端阳","writId":"014aee2f5ea9443d9df14d378220acc657f","writName":"吴发礼走私、贩卖、运输、制造毒品一审刑事判决书"}
