{"ajId":"11346ccc-9337-4c2d-ad46-af587b4083b4","ajName":"杨军林寻衅滋事一案","ajjbqk":" 潼关县人民检察院指控：2017年8月21日23时许，被告人杨军林伙同程某某、王某某在太要镇陈家饺子馆吃饭后，因结账问题三人对饺子馆进行打砸，又将路过此处的被害人刘军伟进行殴打，并持刮刀将被害人刘军伟身体多处砍伤，构成轻微伤。认定以上事实的证据有被害人的陈述、证人证言、鉴定结论、勘验笔录等证据证明，被告人杨军林也已供认。据此认为，被告人杨军林行为已经触犯《中华人民共和国刑法》第二百九十三条之规定，构成寻衅滋事罪，提请本院依法惩处。 被告人杨军林辨称，当晚因结账问题将饺子馆打砸后，自己主动给派出所打电话进行了报警，应当按照自首进行认定并从轻处罚。 经审理查明：2017年8月21日23时许，被告人杨军林伙同程某某、王某某、刘某某在太要镇陈家饺子馆吃饭后，被告人杨军林嫌算账太贵与饭店业主发生了争执，并将饭店的啤酒瓶摔碎，后程某某、王某某也一起参与对饭店的打砸。打砸结束后被告人杨军林用刘某某的手机给太要派出所打电话说是自己将饭店砸了，让警察过来处理。此时被告人杨军林发现路过此处的被害人刘某甲，便无故追打刘某甲，并从街道一个摊位上拿走一个切菜用的刮刀将被害人刘某甲身上多处砍伤。经鉴定刘某甲的损失程度为轻微伤，饭店的财物损失经评估价值271元。 经过当庭举证、质证，认定上述事实的证据有：110指令接警记录以及被告人杨军林的报警记录，饭店业主张某某和被害人刘某甲的陈述，证人程某某、王某某、刘某某、刘柏有等证言，现场指认笔录及照片，价格鉴定书和伤情鉴定意见书，抓获经过，作案工具提取笔录及照片，杨军林被芮城县人民法院判决的刑事判决书及释放证明，被告人杨军林的供述。 以上证据均能相互印证，足以认定。 ","cpfxgc":"本院认为：被告人杨军林酒后任意毁坏财物，又持凶器随意殴打他人，并致人轻微伤，其行为属于随意殴打他人，情节恶劣，依法构成寻衅滋事罪，公诉机关指控的罪名成立。被告人杨军林在前次判处有期徒刑后刑满释放五年内，又犯应当判处有期徒刑之罪，构成累犯，依法应当从重处罚。鉴于被告人杨军林任意毁坏财物后主动拨打报警电话，并在现场等候公安人员处理，系主动投案，且能如实供述自己的犯罪事实，构成自首，可依法从轻处罚。依据《中华人民共和国刑法》第二百九十三条第一款，第六十五条，第六十七条第一款，第六十四条之规定，判决如下：","pjjg":" 一、被告人杨军林犯寻衅滋事罪，判处有期徒刑一年又六个月（刑期从判决执行之日起计算。判决执行前先行羁押一日折抵刑期一日，即从2017年8月22日起至2019年2月21日止。）。 二、作案工具刮刀一把依法返还被害人。 如不服本判决，可在接到判决书的次日起十日内，通过本院或直接向陕西省渭南市中级人民法院提起上诉，书面上诉的，须提交上诉状正本一份，副本两份。","qw":"陕西省潼关县人民法院 刑事判决书 （2018）陕0522刑初11号 公诉机关潼关县人民检察院。 被告人杨军林，又名杨二林，曾用名杨小军，男，1980年11月15日出生于陕西省潼关县，汉族，初中文化程度，住潼关县太要镇堡障村，农民。2016年10月18日因犯盗窃罪被山西省芮城县人民法院判处有期徒刑六个月，并处罚金人民币2000元，2016年10月29日刑满释放。2017年8月22日因涉嫌寻衅滋事罪被刑事拘留，同年9月26日被逮捕。现羁押于潼关县看守所。 潼关县人民检察院潼检刑诉字（2017）4号起诉书指控被告人杨军林犯寻衅滋事罪，向本院提起公诉。本院于2018年3月1日立案，依法适用简易程序，并组成合议庭公开开庭进行了审理，潼关县人民检察院指派检察员牒峰出庭支持公诉，被告人杨军林到庭参加了诉讼。现已审理终结。 潼关县人民检察院指控：2017年8月21日23时许，被告人杨军林伙同程某某、王某某在太要镇陈家饺子馆吃饭后，因结账问题三人对饺子馆进行打砸，又将路过此处的被害人刘军伟进行殴打，并持刮刀将被害人刘军伟身体多处砍伤，构成轻微伤。认定以上事实的证据有被害人的陈述、证人证言、鉴定结论、勘验笔录等证据证明，被告人杨军林也已供认。据此认为，被告人杨军林行为已经触犯《中华人民共和国刑法》第二百九十三条之规定，构成寻衅滋事罪，提请本院依法惩处。 被告人杨军林辨称，当晚因结账问题将饺子馆打砸后，自己主动给派出所打电话进行了报警，应当按照自首进行认定并从轻处罚。 经审理查明：2017年8月21日23时许，被告人杨军林伙同程某某、王某某、刘某某在太要镇陈家饺子馆吃饭后，被告人杨军林嫌算账太贵与饭店业主发生了争执，并将饭店的啤酒瓶摔碎，后程某某、王某某也一起参与对饭店的打砸。打砸结束后被告人杨军林用刘某某的手机给太要派出所打电话说是自己将饭店砸了，让警察过来处理。此时被告人杨军林发现路过此处的被害人刘某甲，便无故追打刘某甲，并从街道一个摊位上拿走一个切菜用的刮刀将被害人刘某甲身上多处砍伤。经鉴定刘某甲的损失程度为轻微伤，饭店的财物损失经评估价值271元。 经过当庭举证、质证，认定上述事实的证据有：110指令接警记录以及被告人杨军林的报警记录，饭店业主张某某和被害人刘某甲的陈述，证人程某某、王某某、刘某某、刘柏有等证言，现场指认笔录及照片，价格鉴定书和伤情鉴定意见书，抓获经过，作案工具提取笔录及照片，杨军林被芮城县人民法院判决的刑事判决书及释放证明，被告人杨军林的供述。 以上证据均能相互印证，足以认定。 本院认为：被告人杨军林酒后任意毁坏财物，又持凶器随意殴打他人，并致人轻微伤，其行为属于随意殴打他人，情节恶劣，依法构成寻衅滋事罪，公诉机关指控的罪名成立。被告人杨军林在前次判处有期徒刑后刑满释放五年内，又犯应当判处有期徒刑之罪，构成累犯，依法应当从重处罚。鉴于被告人杨军林任意毁坏财物后主动拨打报警电话，并在现场等候公安人员处理，系主动投案，且能如实供述自己的犯罪事实，构成自首，可依法从轻处罚。依据《中华人民共和国刑法》第二百九十三条第一款，第六十五条，第六十七条第一款，第六十四条之规定，判决如下： 一、被告人杨军林犯寻衅滋事罪，判处有期徒刑一年又六个月（刑期从判决执行之日起计算。判决执行前先行羁押一日折抵刑期一日，即从2017年8月22日起至2019年2月21日止。）。 二、作案工具刮刀一把依法返还被害人。 如不服本判决，可在接到判决书的次日起十日内，通过本院或直接向陕西省渭南市中级人民法院提起上诉，书面上诉的，须提交上诉状正本一份，副本两份。 审判长张亮学 代理审判员韩栋 人民陪审员崔来运 二〇一八年三月十六日 书记员孙甜 本案适用的法律条文如下： 《中华人民共和国刑法》第二百九十三条第一款有下列寻衅滋事行为之一，破坏社会秩序的，处五年以下有期徒刑、拘役或者管制： （一）随意殴打他人，情节恶劣的； （二）追逐、拦截、辱骂、恐吓他人，情节恶劣的； （三）强拿硬要或者任意损毁、占用公私财物，情节严重的； （四）在公共场所起哄闹事，造成公共场所秩序严重混乱的。 纠集他人多次实施前款行为，严重破坏社会秩序的，处五年以上十年以下有期徒刑，可以并处罚金。 第六十四条犯罪分子违法所得的一切财物，应当予以追缴或者责令退赔；对被害人的合法财产，应当及时返还；违禁品和供犯罪所用的本人财物，应当予以没收。没收的财物和罚金，一律上缴国库，不得挪用和自行处理。 第六十五条被判处有期徒刑以上刑罚的犯罪分子，刑罚执行完毕或者赦免以后，在五年以内再犯应当判处有期徒刑以上刑罚之罪的，是累犯，应当从重处罚，但是过失犯罪和不满十八周岁的人犯罪的除外。 第六十七条第一款犯罪以后自动投案，如实供述自己的罪行的，是自首。对于自首的犯罪分子，可以从轻或者减轻处罚。其中，犯罪较轻的，可以免除处罚。","writId":"05018b02663cafd5e0163df184ae1a90957","writName":"杨军林寻衅滋事一审刑事判决书"}
