{"ajId":"80c549be-190f-4b1b-b262-2c4ae4c684e1","ajName":"苏继权交通肇事罪一案","ajjbqk":" 南平市延平区人民检察院指控，2017年7月31日上午，被告人苏继权驾驶闽H59118号重型半挂牵引车牵引闽HA711挂号重型普通半挂车，车载罗仁辉从尤溪县往顺昌县方向行驶。卢某81时56分许，行经国道316线211公里＋800米南平市延平区王台镇溪卢某8学门前转弯路段时，因苏继权未注意路面行人，导致其驾驶的半挂车车厢后半部刮碰到行人卢进松，造成卢进松严重受伤，后因抢救无效死亡。事发后，苏继权驾驶车辆驶离事故现场。经道路交通事故认定，苏继权应承担事故的全部责任，卢进松不承担事故责任。经法医鉴定，死者卢进松符合重度颅脑损伤死亡。针对以上指控，公诉机关提供了相应的证据，认定被告人苏继权的行为已构成交通肇事罪，应依照《中华人民共和国刑法》第一百三十三条的规定，予以惩处。 附带民事诉讼原告人黄宝玉、卢秀玉、卢秀英、卢确接、卢则水、卢招泉、卢秋妹、卢金娘及其诉讼代理人陈旭峰提出：1、被告人苏继权承担本事故的全部责任，卢进松不负事故责任。附带民事诉讼被告人顺昌县锦顺物流有限公司应赔偿因本次事故卢进黄某而造成的医疗费人民币1505.9元、死亡赔偿金人民币81674元、丧葬费人民币34514.5元、办理事故及丧葬适宜误工费人民币11130元、交通费人民币1000元，精神损害抚慰金人民币100000元，共计人民币229824.4元，并由被告人苏继权承担连带责任。2、附带民事诉讼被告人中国人民财产保险股份有限公司南平市分公司在交强险及商业第三者责任险范围内对上述损失承担直接支付给附带民事诉讼原告人的责任。并向本院提交了亲属关系证明、户口簿、事故认定书、保单、医疗费票据、用药清单及火化证等证据。 被告人苏继权对起诉书指控的犯罪事实和罪名无异议。 被告人苏继权、附带民事诉讼被告人顺昌县锦顺物流有限公司的诉讼代理人叶泉贵对附带民事诉讼原告人黄宝玉、卢秀玉、卢秀英、卢确接、卢则水、卢招泉、卢秋妹、卢金娘提出的诉请有异议，认为附带民事诉讼原告人诉请苏继权和顺昌县锦顺物流有限公司赔偿是错误的；损失在中国人民财产保险股份有限公司南平市分公司投保的交强险范围内，应由中国人民财产保险股份有限公司南平市分公司负责赔偿，对超出交强险范围的部分，由中国人民财产保险股份有限公司南平市分公司在商业第三者责任险范围内承担责任。被告人苏继权是附带民事诉讼被告人顺昌县锦顺物流有限公司的员工，苏继权驾驶车辆是履行职责。对附带民事诉讼原告人的主体资格没有异议。误工费的诉请过高，交通费的主张没有提供票据，精神损害抚慰金没有相关法律依据。 附带民事诉讼被告人中国人民财产保险股份有限公司南平市分公司及其诉讼代理人王家銮提出，对附带民事诉讼原告人主张的医疗费人民币1505.90元予以认可；适用“2017年度道路交通事故损害赔偿调解数据”的标准，死亡赔偿金计算为人民币74996元，丧葬费计算为人民币30986.50元，误工损失人民币2940元；对刑事附带民事原告人主张的交通费人民币1000元不予认可，认为丧葬费已经包含交通费；附带民事诉讼原告人提出刑事附带民事诉讼，精神损害抚慰金应不予支持；事故发生后，被告人苏继权驾驶车辆驶离事故现场，附带民事诉讼被告人中国人民财产保险股份有限公司南平市分公司在商业第三者责任限额内不承担保险责任。并向本院提交了投保单、机动车综合商业保险免责事项说明书、机动车综合商业保险条款等证据。 经审理查明，被告人苏继权是附带民事诉讼被告人顺昌县锦顺物流有限公司的员工。2017年7月31日11时50分许，被告人苏继权驾驶载有其同事罗仁辉的闽H59118号重型半挂牵引车牵引闽HA711挂号重型普通半挂车从王台高速出口往福建省顺昌县方卢某8，行经福建省南平市延平区王台镇溪口村路段国道316线211公里＋800米处时，闽H59118号重型半挂牵引车后挂闽HA711挂车右后侧车体碰刮在道路右侧路肩线内行走的行人卢进松，造成卢进松受伤的事故。事故发生后苏继权驾车离开现场，卢进松经南平市第一医院抢救无效死亡。经司法鉴定，卢进松符合重度颅脑损伤死亡。案发后，被告人苏继权已经赔偿了被害人卢进松家属的经济损失，并取得了被卢某8进松家属的谅解。 2017年7月31日20时许，被告卢某8权到南平市公安局交通警察支队延平大卢某8。2017年9月6日，南平市公安局交警支队延平大队作出南交警延公交认字［2017］第00082号道路交通事故认定书，认定：当事人苏继权承担本事故全部责任；当事人卢进松不承担本事故责任。之后苏继权向南平市公安局交通警察支队申请复核，2017年10月11日，南平市公安局交通警察支队作出南公交复字［2017］第000015号道路交通事故认定复核结论，复核结论：南平市公安局交警支队延平大队作出的南交警延公交认字［2017］第00082号《道路交通事故认定书》事实清楚，证据充分，程序合法，适用法律正确，责任划分恰当，决定予以维持。 又查明，死者卢进松1933年5月28日出生，至其死亡时已年届84周岁，卢进松的妻子为附带民事诉讼原告人黄宝玉，卢进松与黄宝玉共育有七名子女，即附带民事诉讼原告人卢秀玉、卢秀英、卢确接、卢则水、卢招泉、卢秋妹、卢金娘，均已成年。闽H59118号重型半挂牵引车牵引闽HA711挂重型普通半挂车在附带民事诉讼被告人中国人民财产保险股份有限公司南平市分公司处投保了交强险与商业第三者责任险，事故发生在保险期限内。 再查明，福建天祥司法鉴定所对车辆闽H59118号重型半挂牵引车牵引闽HA711挂重型普通半挂车作出鉴定，鉴定意见为该车辆的转向系、制动系、灯光系均符合GB7258-2012《机动车运行安全技术条件闽H××××× 在审理过程中，本院依法对被告人苏继权进行审前调查，福建省顺昌县司法局对被告人苏继权进行社会调查评估后认为被告人苏继权适宜社区矫正。 上述事实，被告人苏继权在开庭审理过程中亦无异议，并有证人张发姬、罗仁辉、罗春江、张翠、许修旺的证言、受理交通事故案件登记表及报警登记、报警回执、卢某8通事故现场勘查笔录及现场图、道路交通事故现场勘查照片、南平市公安局延平分局鉴定室鉴定书及道路交通事故尸体卢某8片、火化证、鉴定意见通知书及道路交通事故尸体处理通知书、技术性证据审查意见书、福建天祥司法鉴定所司法鉴定意见书、南平市公安局延平分局交警大队道路交通事故认定书及南平市公安局交通警察支队道路交通事故认定复核结论、公安交通行政强制措施凭证、闽H59118号车GPS轨迹清单、报警录音、道路监控视频、视听资料说明书及道路交通事故监控录像截图、被告人苏继权交通肇事案调解情况说明、（2017）闽0702财保20号民事裁定书、（2017）闽0702执保239号协助执行通知书、返还物品凭证、道路交卢某8残亡家庭情况表、户口簿复印件、被害人卢进松户籍证明、机动车交通事故责任强制保险单、机动车综合商业保险免责事项说明书、机动车综合商业保险条款、被卢某8进松的医疗费票据及用药清单、谅解书、被告人苏继权身份证、驾驶证及行驶证、公安机关出具的驾驶人信息查询结果单及机动车信息查询结果单、违法、犯罪信息查询记录表、归案情况说明、被告人苏继权户籍证明等证据证实，足以认定。 ","cpfxgc":"本院认为，被告人苏继权违反交通运输管理法规，未按操作规范安全驾驶，以致发卢某8事故，造成一人死亡，其行为已构成交通肇事罪。公诉机关指控罪名成立。被告人苏继权犯罪后经公安机关通知后自动投案，且如实供述自己的犯罪事实，系自首，具有法定从轻处罚的情节；案发后，被告人苏继权已与被害人卢进松的家属达成了补偿协议，并取得了谅解，具有酌定从轻处罚的情节。以上量刑情节，本院在量刑时予以综合考虑。 附带民事诉讼原告人黄宝玉等人因本事故造成卢进松死亡而产生的损失，可依法取得赔偿，但赔偿的项目及数额应合理合法。附带民事诉讼原告人的各项损失费用本院确定如下：1、医疗费，死者卢进松发生卢某8送往南平市第一医院治疗，治疗费1505.9元，该事实有附带民事诉讼原告人提交的南平市第一医院门诊收费票据佐证，本院予以确认。2、死亡赔偿金，死者卢进松生前系农民，出生于1933年5月28日，事故发生时已满84周岁，死亡赔偿年限按照5年计算，故附带民事诉讼原告人主张死亡赔偿金81674元于法有据，本院予以确认。3、丧葬费，丧葬费按照受诉法院所在地上一年度职工月平均工资标准，以六个月总额计算。故附带民事诉讼原告人主张丧葬费34514.5元于法有据，本院予以确认。3、办理事故及丧葬适宜的误工费，本院根据附带民事诉讼原告人的情况，本院支持酌定误工费用为3500元。其余过高部分，依据不足，不予支持。4、交通费，附带民事诉讼原告人主张因被害人卢进松死亡办理丧葬事宜而产生的交通费符合《最高人民法院关于审理人身损害赔偿案件适用法律若干问闽H×××××七条的规定，但附带民闽H×××××张的费用偏高，本院酌定支持为500元。5、精神损害抚慰金，刑事附带民事原告人在刑事附带民事诉讼过程中提出的精神损害抚慰金主张，于法无据，本院不予支持。以上损失合计人民币121694.4元。因被告人苏继权在事故发生当日系作为顺昌县锦顺物流有限公司的员工而从事与履行职务有关的工作，根据《中华人民共和国侵权责任法》第三十五条的规定，顺昌县锦顺物流有限公司作为接受劳务的一方应当根据苏继权在本次事故中的责任对附带民事诉讼原告人的损失承担赔偿责任。根据《最高人民法院关于审理道路交通事故损害赔偿案件适用法律若干问题的解释》第十六条规定，该损失由附带民事诉讼被告人中国人民财产保险股份有限公司南平市分公司在闽H59118号重型半挂牵引车牵引闽HA711挂重型普通半挂车承保的交强险与商业第三者责任险限额内向附带民事诉讼原告人给付人民币121694.4元。从本案现有证据可见，被告人苏继权系在不知情情况下驶离现场，不符合机动车综合商业保险条款规定的保险人免责条件，故对中国人民财产保险股份有限公司南平市分公司关于因驾驶人苏继权驾驶车辆驶离事故现场，中国人民财产保险股份有限公司南平市分公司不承担商业第三者责任险的赔偿责任的抗辩理由不予采纳。 根据被告人的犯罪事实、情节及对社会的危害程度，依照《中华人民共和国刑法》第一百三十三条、第六十七条第一款、第七十二条第一款、第七十三条第二款、第三十六条和《中华人民共和国民法总则》第一百七十六条、《中华人民共和国侵权责任法》第六条，第十六条，《最高人民法院关于审理人身损害赔偿案件适用法律若干问题的解释》第十七条第三款、第二十九条，《最高人民法院关于审理道路交通事故损害赔偿案件适用法律若干问题的解释》第十六条的规定，判决如下：","pjjg":" 一、被告人苏继权犯交通肇事罪，判处有期徒刑一年六个月，缓刑二年。 （缓刑考验期从判决确定之日起计算。） 二、附带民事诉讼被告人中国人民财产保险股份有限公司南平市分公司应于本判决生效之日起十日内向附带民事诉讼原告人黄宝玉、卢秀玉、卢秀英、卢确接、卢则水、卢招泉、卢秋妹、卢金娘支付赔偿款人民币121694.4元。 三、驳回附带民事诉讼原告人黄宝玉、卢秀玉、卢秀英、卢确接、卢则水、卢招泉、卢秋妹、卢金娘的其他诉讼请求。 上述各项赔偿款，赔偿义务人应于判决生效后五日内付清。 如不服本判决，可在接到判决书的第二日起十日内，通过本院或者直接向福建省南平市中级人民法院提出上诉。书面上诉的，应当提交上诉状正本一份，副本四份。","qw":"福建省南平市延平区人民法院 刑事附带民事判决书 （2018）闽0702刑初403号 公诉机关南平市延平区人民检察院。 附带民事诉讼原告人黄某，女，1940年2月26日出生于福建省南平市延平区，汉族，文盲，农民，住福建省南平市延平区。 附带民事诉讼原告人卢某1，女，1970年6月27日出生于福建省南平市延平区，汉族，初中文化，农民，住福建省南平市延平区。 附带民事诉讼原告人卢某2，女，1966年8月5日出生于福建省南平市延平区，汉族，初中文化，农民，住福建省南平市延平区。 附带民事诉讼原告人卢某3，男，1972年6月14日出生于福建省南平市延平区，汉族，初中文化，农民，住福建省南平市延平区。 附带民事诉讼原告人卢某4，男，1956年6月4日出生于福建省南平市延平区，汉族，初中文化，农民，住福建省南平市延平区。 附带民事诉讼原告人卢某5，男，1962年8月26日出生于福建省南平市延平区，汉族，初中文化，农民，住福建省南平市延平区。 附带民事诉讼原告人卢某6，女，1958年8月16日出生于福建省南平市延平区，汉族，初中文化，农民，住福建省南平市延平区。 附带民事诉讼原告人卢某7，女，1968年5月15日出生于福建省南平市延平区，汉族，初中文化，农民，住福建省南平市延平区。 上述附带民事诉讼原告人的诉讼代理人陈旭峰，南平市“148”法律服务所法律工作者。 被告人苏继权，男，1968年7月8日出生于福建省顺昌县，汉族，初中文化，驾驶员，户籍地及现住地福建省顺昌县。因涉嫌犯交通肇事罪，于2017年12月6日被南平市公安局延平分局决定取保候审，2018年10月12日被逮捕。现羁押于南平市看守所。 附带民事诉讼被告人顺昌县锦顺物流有限公司，住所地福建省顺昌县城南东路81号，统一社会信用代码91350721315730278M。 法定代表人魏吉安，经理。 上述二被告人的诉讼代理人叶泉贵，福建宽达律师事务所律师。 附带民事诉讼被告人中国人民财产保险股份有限公司南平市分公司，住所地福建省南平市延平区滨江中路393号，统一社会信用代码91350700856988036F。 负责人：何文静，总经理。 诉讼代理人王家銮，男，1961年11月25日出生，汉族，中国人民财产保险股份有限公司南平市分公司员工，福建省南平市延平区室。 南平市延平区人民检察院以延检诉刑诉（2018）383号起诉书指控被告人苏继权犯交通肇事罪，于2018年11月2日向本院提起公诉。在诉讼过程中，附带民事诉讼原告人黄宝玉、卢秀玉、卢秀英、卢确接、卢则水、卢招泉、卢秋妹、卢金娘向本院提起附带民事诉讼。本院依法组成合议庭，公开开庭进行了合并审理。南平市延平区人民检察院指派检察员赖振忠、陈敏出庭支持公诉，附带民事诉讼原告人卢则水、卢招泉及黄宝玉、卢秀玉、卢秀英、卢确接、卢则水、卢招泉、卢秋妹、卢金娘的诉讼代理人陈旭峰，被告人苏继权与附带民事诉讼被告人顺昌县锦顺物流有限公司的诉讼代理人叶泉贵，附带民事诉讼被告人中国人民财产保险股份有限公司南平市分公司的诉讼代理人王家銮到庭参加诉讼。现已审理终结。 南平市延平区人民检察院指控，2017年7月31日上午，被告人苏继权驾驶闽H59118号重型半挂牵引车牵引闽HA711挂号重型普通半挂车，车载罗仁辉从尤溪县往顺昌县方向行驶。卢某81时56分许，行经国道316线211公里＋800米南平市延平区王台镇溪卢某8学门前转弯路段时，因苏继权未注意路面行人，导致其驾驶的半挂车车厢后半部刮碰到行人卢进松，造成卢进松严重受伤，后因抢救无效死亡。事发后，苏继权驾驶车辆驶离事故现场。经道路交通事故认定，苏继权应承担事故的全部责任，卢进松不承担事故责任。经法医鉴定，死者卢进松符合重度颅脑损伤死亡。针对以上指控，公诉机关提供了相应的证据，认定被告人苏继权的行为已构成交通肇事罪，应依照《中华人民共和国刑法》第一百三十三条的规定，予以惩处。 附带民事诉讼原告人黄宝玉、卢秀玉、卢秀英、卢确接、卢则水、卢招泉、卢秋妹、卢金娘及其诉讼代理人陈旭峰提出：1、被告人苏继权承担本事故的全部责任，卢进松不负事故责任。附带民事诉讼被告人顺昌县锦顺物流有限公司应赔偿因本次事故卢进黄某而造成的医疗费人民币1505.9元、死亡赔偿金人民币81674元、丧葬费人民币34514.5元、办理事故及丧葬适宜误工费人民币11130元、交通费人民币1000元，精神损害抚慰金人民币100000元，共计人民币229824.4元，并由被告人苏继权承担连带责任。2、附带民事诉讼被告人中国人民财产保险股份有限公司南平市分公司在交强险及商业第三者责任险范围内对上述损失承担直接支付给附带民事诉讼原告人的责任。并向本院提交了亲属关系证明、户口簿、事故认定书、保单、医疗费票据、用药清单及火化证等证据。 被告人苏继权对起诉书指控的犯罪事实和罪名无异议。 被告人苏继权、附带民事诉讼被告人顺昌县锦顺物流有限公司的诉讼代理人叶泉贵对附带民事诉讼原告人黄宝玉、卢秀玉、卢秀英、卢确接、卢则水、卢招泉、卢秋妹、卢金娘提出的诉请有异议，认为附带民事诉讼原告人诉请苏继权和顺昌县锦顺物流有限公司赔偿是错误的；损失在中国人民财产保险股份有限公司南平市分公司投保的交强险范围内，应由中国人民财产保险股份有限公司南平市分公司负责赔偿，对超出交强险范围的部分，由中国人民财产保险股份有限公司南平市分公司在商业第三者责任险范围内承担责任。被告人苏继权是附带民事诉讼被告人顺昌县锦顺物流有限公司的员工，苏继权驾驶车辆是履行职责。对附带民事诉讼原告人的主体资格没有异议。误工费的诉请过高，交通费的主张没有提供票据，精神损害抚慰金没有相关法律依据。 附带民事诉讼被告人中国人民财产保险股份有限公司南平市分公司及其诉讼代理人王家銮提出，对附带民事诉讼原告人主张的医疗费人民币1505.90元予以认可；适用“2017年度道路交通事故损害赔偿调解数据”的标准，死亡赔偿金计算为人民币74996元，丧葬费计算为人民币30986.50元，误工损失人民币2940元；对刑事附带民事原告人主张的交通费人民币1000元不予认可，认为丧葬费已经包含交通费；附带民事诉讼原告人提出刑事附带民事诉讼，精神损害抚慰金应不予支持；事故发生后，被告人苏继权驾驶车辆驶离事故现场，附带民事诉讼被告人中国人民财产保险股份有限公司南平市分公司在商业第三者责任限额内不承担保险责任。并向本院提交了投保单、机动车综合商业保险免责事项说明书、机动车综合商业保险条款等证据。 经审理查明，被告人苏继权是附带民事诉讼被告人顺昌县锦顺物流有限公司的员工。2017年7月31日11时50分许，被告人苏继权驾驶载有其同事罗仁辉的闽H59118号重型半挂牵引车牵引闽HA711挂号重型普通半挂车从王台高速出口往福建省顺昌县方卢某8，行经福建省南平市延平区王台镇溪口村路段国道316线211公里＋800米处时，闽H59118号重型半挂牵引车后挂闽HA711挂车右后侧车体碰刮在道路右侧路肩线内行走的行人卢进松，造成卢进松受伤的事故。事故发生后苏继权驾车离开现场，卢进松经南平市第一医院抢救无效死亡。经司法鉴定，卢进松符合重度颅脑损伤死亡。案发后，被告人苏继权已经赔偿了被害人卢进松家属的经济损失，并取得了被卢某8进松家属的谅解。 2017年7月31日20时许，被告卢某8权到南平市公安局交通警察支队延平大卢某8。2017年9月6日，南平市公安局交警支队延平大队作出南交警延公交认字［2017］第00082号道路交通事故认定书，认定：当事人苏继权承担本事故全部责任；当事人卢进松不承担本事故责任。之后苏继权向南平市公安局交通警察支队申请复核，2017年10月11日，南平市公安局交通警察支队作出南公交复字［2017］第000015号道路交通事故认定复核结论，复核结论：南平市公安局交警支队延平大队作出的南交警延公交认字［2017］第00082号《道路交通事故认定书》事实清楚，证据充分，程序合法，适用法律正确，责任划分恰当，决定予以维持。 又查明，死者卢进松1933年5月28日出生，至其死亡时已年届84周岁，卢进松的妻子为附带民事诉讼原告人黄宝玉，卢进松与黄宝玉共育有七名子女，即附带民事诉讼原告人卢秀玉、卢秀英、卢确接、卢则水、卢招泉、卢秋妹、卢金娘，均已成年。闽H59118号重型半挂牵引车牵引闽HA711挂重型普通半挂车在附带民事诉讼被告人中国人民财产保险股份有限公司南平市分公司处投保了交强险与商业第三者责任险，事故发生在保险期限内。 再查明，福建天祥司法鉴定所对车辆闽H59118号重型半挂牵引车牵引闽HA711挂重型普通半挂车作出鉴定，鉴定意见为该车辆的转向系、制动系、灯光系均符合GB7258-2012《机动车运行安全技术条件闽H××××× 在审理过程中，本院依法对被告人苏继权进行审前调查，福建省顺昌县司法局对被告人苏继权进行社会调查评估后认为被告人苏继权适宜社区矫正。 上述事实，被告人苏继权在开庭审理过程中亦无异议，并有证人张发姬、罗仁辉、罗春江、张翠、许修旺的证言、受理交通事故案件登记表及报警登记、报警回执、卢某8通事故现场勘查笔录及现场图、道路交通事故现场勘查照片、南平市公安局延平分局鉴定室鉴定书及道路交通事故尸体卢某8片、火化证、鉴定意见通知书及道路交通事故尸体处理通知书、技术性证据审查意见书、福建天祥司法鉴定所司法鉴定意见书、南平市公安局延平分局交警大队道路交通事故认定书及南平市公安局交通警察支队道路交通事故认定复核结论、公安交通行政强制措施凭证、闽H59118号车GPS轨迹清单、报警录音、道路监控视频、视听资料说明书及道路交通事故监控录像截图、被告人苏继权交通肇事案调解情况说明、（2017）闽0702财保20号民事裁定书、（2017）闽0702执保239号协助执行通知书、返还物品凭证、道路交卢某8残亡家庭情况表、户口簿复印件、被害人卢进松户籍证明、机动车交通事故责任强制保险单、机动车综合商业保险免责事项说明书、机动车综合商业保险条款、被卢某8进松的医疗费票据及用药清单、谅解书、被告人苏继权身份证、驾驶证及行驶证、公安机关出具的驾驶人信息查询结果单及机动车信息查询结果单、违法、犯罪信息查询记录表、归案情况说明、被告人苏继权户籍证明等证据证实，足以认定。 本院认为，被告人苏继权违反交通运输管理法规，未按操作规范安全驾驶，以致发卢某8事故，造成一人死亡，其行为已构成交通肇事罪。公诉机关指控罪名成立。被告人苏继权犯罪后经公安机关通知后自动投案，且如实供述自己的犯罪事实，系自首，具有法定从轻处罚的情节；案发后，被告人苏继权已与被害人卢进松的家属达成了补偿协议，并取得了谅解，具有酌定从轻处罚的情节。以上量刑情节，本院在量刑时予以综合考虑。 附带民事诉讼原告人黄宝玉等人因本事故造成卢进松死亡而产生的损失，可依法取得赔偿，但赔偿的项目及数额应合理合法。附带民事诉讼原告人的各项损失费用本院确定如下：1、医疗费，死者卢进松发生卢某8送往南平市第一医院治疗，治疗费1505.9元，该事实有附带民事诉讼原告人提交的南平市第一医院门诊收费票据佐证，本院予以确认。2、死亡赔偿金，死者卢进松生前系农民，出生于1933年5月28日，事故发生时已满84周岁，死亡赔偿年限按照5年计算，故附带民事诉讼原告人主张死亡赔偿金81674元于法有据，本院予以确认。3、丧葬费，丧葬费按照受诉法院所在地上一年度职工月平均工资标准，以六个月总额计算。故附带民事诉讼原告人主张丧葬费34514.5元于法有据，本院予以确认。3、办理事故及丧葬适宜的误工费，本院根据附带民事诉讼原告人的情况，本院支持酌定误工费用为3500元。其余过高部分，依据不足，不予支持。4、交通费，附带民事诉讼原告人主张因被害人卢进松死亡办理丧葬事宜而产生的交通费符合《最高人民法院关于审理人身损害赔偿案件适用法律若干问闽H×××××七条的规定，但附带民闽H×××××张的费用偏高，本院酌定支持为500元。5、精神损害抚慰金，刑事附带民事原告人在刑事附带民事诉讼过程中提出的精神损害抚慰金主张，于法无据，本院不予支持。以上损失合计人民币121694.4元。因被告人苏继权在事故发生当日系作为顺昌县锦顺物流有限公司的员工而从事与履行职务有关的工作，根据《中华人民共和国侵权责任法》第三十五条的规定，顺昌县锦顺物流有限公司作为接受劳务的一方应当根据苏继权在本次事故中的责任对附带民事诉讼原告人的损失承担赔偿责任。根据《最高人民法院关于审理道路交通事故损害赔偿案件适用法律若干问题的解释》第十六条规定，该损失由附带民事诉讼被告人中国人民财产保险股份有限公司南平市分公司在闽H59118号重型半挂牵引车牵引闽HA711挂重型普通半挂车承保的交强险与商业第三者责任险限额内向附带民事诉讼原告人给付人民币121694.4元。从本案现有证据可见，被告人苏继权系在不知情情况下驶离现场，不符合机动车综合商业保险条款规定的保险人免责条件，故对中国人民财产保险股份有限公司南平市分公司关于因驾驶人苏继权驾驶车辆驶离事故现场，中国人民财产保险股份有限公司南平市分公司不承担商业第三者责任险的赔偿责任的抗辩理由不予采纳。 根据被告人的犯罪事实、情节及对社会的危害程度，依照《中华人民共和国刑法》第一百三十三条、第六十七条第一款、第七十二条第一款、第七十三条第二款、第三十六条和《中华人民共和国民法总则》第一百七十六条、《中华人民共和国侵权责任法》第六条，第十六条，《最高人民法院关于审理人身损害赔偿案件适用法律若干问题的解释》第十七条第三款、第二十九条，《最高人民法院关于审理道路交通事故损害赔偿案件适用法律若干问题的解释》第十六条的规定，判决如下： 一、被告人苏继权犯交通肇事罪，判处有期徒刑一年六个月，缓刑二年。 （缓刑考验期从判决确定之日起计算。） 二、附带民事诉讼被告人中国人民财产保险股份有限公司南平市分公司应于本判决生效之日起十日内向附带民事诉讼原告人黄宝玉、卢秀玉、卢秀英、卢确接、卢则水、卢招泉、卢秋妹、卢金娘支付赔偿款人民币121694.4元。 三、驳回附带民事诉讼原告人黄宝玉、卢秀玉、卢秀英、卢确接、卢则水、卢招泉、卢秋妹、卢金娘的其他诉讼请求。 上述各项赔偿款，赔偿义务人应于判决生效后五日内付清。 如不服本判决，可在接到判决书的第二日起十日内，通过本院或者直接向福建省南平市中级人民法院提出上诉。书面上诉的，应当提交上诉状正本一份，副本四份。 审判长郑世文 审判员郑毅 人民陪审员赵云 二〇一九年二月十三日 书记员李秀兰 本案依据主要法律条文 《中华人民共和国刑法》 第一百三十三条违反交通运输管理法规，因而发生重大事故，致人重伤、死亡或者使公私财产遭受重大损失的，处三年以下有期徒刑或者拘役；交通运输肇事后逃逸或者有其他特别恶劣情节的，处三年以上七年以下有期徒刑；因逃逸致人死亡的，处七年以上有期徒刑。 第六十七条犯罪以后自动投案，如实供述自己的罪行的，是自首。对于自首的犯罪分子，可以从轻或者减轻处罚。其中，犯罪较轻的，可以免除处罚。 被采取强制措施的犯罪嫌疑人、附带民事诉讼被告人人和正在服刑的罪犯，如实供述司法机关还未掌握的本人其他罪行的，以自首论。 犯罪嫌疑人虽不具有前两款规定的自首情节，但是如实供述自己罪行的，可以从轻处罚；因其如实供述自己罪行，避免特别严重后果发生的，可以减轻处罚。 第七十二条对于被判处拘役、三年以下有期徒刑的犯罪分子，同时符合下列条件的，可以宣告缓刑，对其中不满十八周岁的人、怀孕的妇女和已满七十五周岁的人，应当宣告缓刑： （一）犯罪情节较轻； （二）有悔罪表现； （三）没有再犯罪的危险； （四）宣告缓刑对所居住社区没有重大不良影响。 宣告缓刑，可以根据犯罪情况，同时禁止犯罪分子在缓刑考验期限内从事特定活动，进入特定区域、场所，接触特定的人。 被宣告缓刑的犯罪分子，如果被判处附加刑，附加刑仍须执行。 第七十三条拘役的缓刑考验期限为原判刑期以上一年以下，但是不能少于二个月。 有期徒刑的缓刑考验期限为原判刑期以上五年以下，但是不能少于一年。 缓刑考验期限，从判决确定之日起计算。 第三十六条由于犯罪行为而使被害人遭受经济损失的，对犯罪分子除依法给予刑事处罚外，并应根据情况判处赔偿经济损失。 承担民事赔偿责任的犯罪分子，同时被判处罚金，其财产不足以全部支付的，或者被判处没收财产的，应当先承担对被害人的民事赔偿责任。 《中华人民共和国民法总则》 第一百七十六条民事主体依照法律规定和当事人约定，履行民事义务，承担民事责任。 《中华人民共和国侵权责任法》 第六条行为人因过错侵害他人民事权益，应当承担侵权责任。 根据法律规定推定行为人有过错，行为人不能证明自己没有过错的，应当承担侵权责任。 第十六条侵害他人造成人身损害的，应当赔偿医疗费、护理费、交通费等为治疗和康复支出的合理费用，以及因误工减少的收入。造成残疾的，还应当赔偿残疾生活辅助具费和残疾赔偿金。造成死亡的，还应当赔偿丧葬费和死亡赔偿金。 最高人民法院《关于审理人身损害赔偿案件适用法律若干问题的解释》 第十七条受害人遭受人身损害，因就医治疗支出的各项费用以及因误工减少的收入，包括医疗费、误工费、护理费、交通费、住宿费、住院伙食补助费、必要的营养费，赔偿义务人应当予以赔偿。 受害人因伤致残的，其因增加生活上需要所支出的必要费用以及因丧失劳动能力导致的收入损失，包括残疾赔偿金、残疾辅助器具费、被扶养人生活费，以及因康复护理、继续治疗实际发生的必要的康复费、护理费、后续治疗费，赔偿义务人也应当予以赔偿。 受害人死亡的，赔偿义务人除应当根据抢救治疗情况赔偿本条第一款规定的相关费用外，还应当赔偿丧葬费、被扶养人生活费、死亡补偿费以及受害人亲属办理丧葬事宜支出的交通费、住宿费和误工损失等其他合理费用。 第二十九条死亡赔偿金按照受诉法院所在地上一年度城镇居民人均可支配收入或者农村居民人均纯收入标准，按二十年计算。但六十周岁以上的，年龄每增加一岁减少一年；七十五周岁以上的，按五年计算。 《最高人民法院关于审理道路交通事故损害赔偿案件适用法律若干问题的解释》 第十六条同时投保机动车第三者责任强制保险（以下简称“交强险”）和第三者责任商业保险（以下简称“商业三者险”）的机动车发生交通事故造成损害，当事人同时起诉侵权人和保险公司的，人民法院应当按照下列规则确定赔偿责任： （一）先由承保交强险的保险公司在责任限额范围内予以赔偿； （二）不足部分，由承保商业三者险的保险公司根据保险合同予以赔偿； （三）仍有不足的，依照道路交通安全法和侵权责任法的相关规定由侵权人予以赔偿。 被侵权人或者其近亲属请求承保交强险的保险公司优先赔偿精神损害的，人民法院应予支持。","writId":"010b9e7e79b094719d595fa2750c73e220d","writName":"苏继权交通肇事罪一审刑事判决书"}
