{"ajId":"639e6bd7-1d89-4649-9526-6a3f8705e9b4","ajName":"王某某危险驾驶一案","ajjbqk":" 乳山市人民检察院指控，2017年9月11日16时许，被告人王某某酒后驾驶鲁K×××××号重型普通货车顺乳山市北环路由西向东行驶至北环路华润停车场门前路段时，被执勤民警查获，经检验，被告人王某某血液中乙醇含量为140.3毫克／100毫升，系醉酒驾驶机动车。公诉机关认为，被告人王某某在道路上醉酒驾驶机动车辆，其行为触犯了《中华人民共和国刑法》第一百三十三条之一第一款第（二）项之规定，应当以危险驾驶罪追究其刑事责任。 被告人王某某对公诉机关指控的犯罪事实和罪名均无异议。自愿认罪。 经审理查明，2017年9月11日16时许，被告人王某某酒后驾驶鲁K×××××号重型普通货车顺乳山市北环路由西向东行驶至北环路华润停车场门前路段时，被执勤民警查获，经检验，被告人王某某血液中乙醇含量为140.3毫克／100毫升，系醉酒驾驶机动车。 上述事实，被告人王某某在开庭审理过程中无异议，并有乳山市公安局受案登记表、查获经过、乳山市公安局交通警察大队（乳）公（刑）鉴（理）字［2017］334号酒精检验报告书、被告人王某某的驾驶证信息查询结果单、查获现场、呼气检测、提取静脉血照片、呼气检测单，被告人王某某的供述，证人丁某的证言，被告人王某某的人口基本信息等证据证实，足以认定。 ","cpfxgc":"本院认为，被告人王某某违反交通运输管理法规，在道路上醉酒驾驶机动车，其行为已构成危险驾驶罪。公诉机关指控的犯罪事实及罪名成立，本院予以确认。被告人王某某到案后如实供述，本院在量刑时予以从轻处罚。依照《中华人民共和国刑法》第一百三十三条之一第一款第（二）项、第六十七条第三款、第七十二条第一款、第三款、第七十三条第一款、第三款、第五十二条之规定，判决如下：","pjjg":" 被告人王某某犯危险驾驶罪，判处拘役一个月，缓刑二个月，并处罚金人民币五千元（已缴纳）。 （缓刑考验期限从判决确定之日起计算。） 如不服本判决，可在接到判决书的第二日起十日内，通过本院或者直接向山东省威海市中级人民法院提出上诉。书面上诉的，应当提交上诉状正本一份，副本七份。","qw":"山东省乳山市人民法院 刑事判决书 （2018）鲁1083刑初59号 公诉机关山东省乳山市人民检察院。 被告人王某某，男，1983年6月4日出生于山东省乳山市，汉族，初中文化，工人，户籍所在地为山东省乳山市，现住址为山东省乳山市。因涉嫌犯危险驾驶罪于2017年9月12日被取保候审。 山东省乳山市人民检察院以乳检未刑诉（2018）35号起诉书指控被告人王某某犯危险驾驶罪，于2018年2月7日向本院提起公诉。本院依法组成合议庭，公开开庭审理了本案。乳山市人民检察院指派检察员辛畅、柳英华出庭支持公诉。被告人王某某到庭参加诉讼。现已审理终结。 乳山市人民检察院指控，2017年9月11日16时许，被告人王某某酒后驾驶鲁K×××××号重型普通货车顺乳山市北环路由西向东行驶至北环路华润停车场门前路段时，被执勤民警查获，经检验，被告人王某某血液中乙醇含量为140.3毫克／100毫升，系醉酒驾驶机动车。公诉机关认为，被告人王某某在道路上醉酒驾驶机动车辆，其行为触犯了《中华人民共和国刑法》第一百三十三条之一第一款第（二）项之规定，应当以危险驾驶罪追究其刑事责任。 被告人王某某对公诉机关指控的犯罪事实和罪名均无异议。自愿认罪。 经审理查明，2017年9月11日16时许，被告人王某某酒后驾驶鲁K×××××号重型普通货车顺乳山市北环路由西向东行驶至北环路华润停车场门前路段时，被执勤民警查获，经检验，被告人王某某血液中乙醇含量为140.3毫克／100毫升，系醉酒驾驶机动车。 上述事实，被告人王某某在开庭审理过程中无异议，并有乳山市公安局受案登记表、查获经过、乳山市公安局交通警察大队（乳）公（刑）鉴（理）字［2017］334号酒精检验报告书、被告人王某某的驾驶证信息查询结果单、查获现场、呼气检测、提取静脉血照片、呼气检测单，被告人王某某的供述，证人丁某的证言，被告人王某某的人口基本信息等证据证实，足以认定。 本院认为，被告人王某某违反交通运输管理法规，在道路上醉酒驾驶机动车，其行为已构成危险驾驶罪。公诉机关指控的犯罪事实及罪名成立，本院予以确认。被告人王某某到案后如实供述，本院在量刑时予以从轻处罚。依照《中华人民共和国刑法》第一百三十三条之一第一款第（二）项、第六十七条第三款、第七十二条第一款、第三款、第七十三条第一款、第三款、第五十二条之规定，判决如下： 被告人王某某犯危险驾驶罪，判处拘役一个月，缓刑二个月，并处罚金人民币五千元（已缴纳）。 （缓刑考验期限从判决确定之日起计算。） 如不服本判决，可在接到判决书的第二日起十日内，通过本院或者直接向山东省威海市中级人民法院提出上诉。书面上诉的，应当提交上诉状正本一份，副本七份。 审判长朱义全 人民陪审员李培臣 人民陪审员张晓 二〇一八年三月二十日 书记员郭立倩","writId":"0170cf94c0d04872ee76e28119e1e4a6e39","writName":"王某某危险驾驶一审刑事判决书"}
