{"ajId":"478d2d9a-3d18-4e25-a6bb-f6768d25b725","ajName":"张某危险驾驶罪一案","ajjbqk":" 桐乡市人民检察院指控：被告人张某违法道路交通法规，醉酒后带人驾驶机动车在道路上行驶，危害公共安全，并发生一起致二人受伤及车辆损坏的交通事故，负事故主要责任，应当以危险驾驶罪追究其刑事责任。被告人张某归案后能如实供述自己的罪行，可以从轻处罚。公诉机关为证实其指控，向本院提交了证人证言、法医毒物检验报告、法医学人体损伤程度鉴定书等证据，诉请本院依照《中华人民共和国刑法》第一百三十三条之一、第六十七条第三款之规定，对被告人张某予以惩处。 被告人张某对起诉书指控的犯罪事实当庭供认不讳，无辩护意见。 经审理查明： 2017年10月14日下午，被告人张某饮酒后驾驶浙E×××××号普通二轮摩托车带乘员何某途经桐乡市某地方时，与董某驾驶的浙F×××××号小型轿车发生碰撞，造成被告人张某和乘员何某受伤、车辆受损的交通事故。后董某报警，民警处警至现场，发现被告人张某身上有酒气，遂对其进行呼气式酒精测试，结果为168毫克／100毫升。后民警依法将被告人张某带至桐乡市第二人民医院提取血液样本封存后送检。经嘉兴志源司法鉴定所鉴定，被告人张某血液中乙醇含量为179毫克／100毫升（醉酒标准为≥80毫克／100毫升）。案经桐乡市公安局交通警察大队事故认定，被告人张某承担事故的主要责任，何某、董某承担事故的次要责任。经桐乡市公安司法鉴定中心鉴定，何某伤势构成轻伤一级。 另查明，何某于某向被告人张某出具了谅解书。 以上事实，有被害人何某、证人田某、陆某、董某、王某等人证言、道路交通事故现场勘查笔录、现场图、酒精呼吸测试单、现场酒精测试照片、提取血样登记表、法医毒物检验报告、法医学人体损伤程度鉴定书、道路交通事故认定书、病历材料、驾驶人、机动车信息查询、视听资料、到案经过、谅解书等证据证实，被告人张某所供与上述证据能够相互印证。本案事实清楚，证据充分，足以认定。 ","cpfxgc":"本院认为，被告人张某违反道路交通安全法律法规，醉酒后在道路上驾驶机动车，危害公共安全，其行为已构成危险驾驶罪。公诉机关指控的罪名成立。被告人张某醉酒后驾驶机动车发生交通事故，致一人轻伤一级，且负事故主要责任，予以从重处罚。被告人张某归案后如实供述自己罪行，予以从轻处罚。据此，本院为维护社会秩序，保障交通运输安全，依照《中华人民共和国刑法》第一百三十三条之一第一款第（二）项、第六十七条第三款、第七十二条第一款、第三款之规定，判决如下：","pjjg":" 被告人张某犯危险驾驶罪，判处拘役二个月，缓刑五个月，并处罚金四千元（已缴纳）。 缓刑考验期限，自判决确定之日起计算。 如不服本判决，可在接到判决书的第二日起十日内，通过本院或者直接向浙江省嘉兴市中级人民法院提出上诉。书面上诉的，应当提交上诉状正本一份，副本二份。","qw":"浙江省桐乡市人民法院 刑事判决书 （2018）浙0483刑初197号 公诉机关桐乡市人民检察院。 被告人张某，男，1989年11月12日出生，壮族，云南省砚山县人，初中文化，无业，户籍地云南省砚山县。2017年10月24日因本案被桐乡市公安局取保候审。 桐乡市人民检察院以桐检公诉刑诉［2018］204号起诉书指控被告人张某犯危险驾驶罪，于2018年2月28日向本院提起公诉。本院依法适用普通程序，组成合议庭，公开开庭审理了本案。桐乡市人民检察院指派检察员沈某出庭支持公诉，被告人张某到庭参加诉讼。本案现已审理终结。 桐乡市人民检察院指控：被告人张某违法道路交通法规，醉酒后带人驾驶机动车在道路上行驶，危害公共安全，并发生一起致二人受伤及车辆损坏的交通事故，负事故主要责任，应当以危险驾驶罪追究其刑事责任。被告人张某归案后能如实供述自己的罪行，可以从轻处罚。公诉机关为证实其指控，向本院提交了证人证言、法医毒物检验报告、法医学人体损伤程度鉴定书等证据，诉请本院依照《中华人民共和国刑法》第一百三十三条之一、第六十七条第三款之规定，对被告人张某予以惩处。 被告人张某对起诉书指控的犯罪事实当庭供认不讳，无辩护意见。 经审理查明： 2017年10月14日下午，被告人张某饮酒后驾驶浙E×××××号普通二轮摩托车带乘员何某途经桐乡市某地方时，与董某驾驶的浙F×××××号小型轿车发生碰撞，造成被告人张某和乘员何某受伤、车辆受损的交通事故。后董某报警，民警处警至现场，发现被告人张某身上有酒气，遂对其进行呼气式酒精测试，结果为168毫克／100毫升。后民警依法将被告人张某带至桐乡市第二人民医院提取血液样本封存后送检。经嘉兴志源司法鉴定所鉴定，被告人张某血液中乙醇含量为179毫克／100毫升（醉酒标准为≥80毫克／100毫升）。案经桐乡市公安局交通警察大队事故认定，被告人张某承担事故的主要责任，何某、董某承担事故的次要责任。经桐乡市公安司法鉴定中心鉴定，何某伤势构成轻伤一级。 另查明，何某于某向被告人张某出具了谅解书。 以上事实，有被害人何某、证人田某、陆某、董某、王某等人证言、道路交通事故现场勘查笔录、现场图、酒精呼吸测试单、现场酒精测试照片、提取血样登记表、法医毒物检验报告、法医学人体损伤程度鉴定书、道路交通事故认定书、病历材料、驾驶人、机动车信息查询、视听资料、到案经过、谅解书等证据证实，被告人张某所供与上述证据能够相互印证。本案事实清楚，证据充分，足以认定。 本院认为，被告人张某违反道路交通安全法律法规，醉酒后在道路上驾驶机动车，危害公共安全，其行为已构成危险驾驶罪。公诉机关指控的罪名成立。被告人张某醉酒后驾驶机动车发生交通事故，致一人轻伤一级，且负事故主要责任，予以从重处罚。被告人张某归案后如实供述自己罪行，予以从轻处罚。据此，本院为维护社会秩序，保障交通运输安全，依照《中华人民共和国刑法》第一百三十三条之一第一款第（二）项、第六十七条第三款、第七十二条第一款、第三款之规定，判决如下： 被告人张某犯危险驾驶罪，判处拘役二个月，缓刑五个月，并处罚金四千元（已缴纳）。 缓刑考验期限，自判决确定之日起计算。 如不服本判决，可在接到判决书的第二日起十日内，通过本院或者直接向浙江省嘉兴市中级人民法院提出上诉。书面上诉的，应当提交上诉状正本一份，副本二份。 审判长徐陈燕 人民陪审员安乐莺 人民陪审员梁培生 二〇一八年五月十五日 法官助理申肖沁 书记员陈华","writId":"041a6769936ba9a932107640a558ef1eba5","writName":"张某危险驾驶罪一审刑事判决书"}
