{"ajId":"a6b970d4-3af2-4068-b147-f4cf8cea2c28","ajName":"董福义强奸一案","ajjbqk":" 北京市顺义区人民检察院指控：被告人董福义通过QQ与刘某（女，2006年9月12日出生，北京市顺义区人）加为好友，在聊天过程中，董福义得知了刘某的相关个人信息并索得裸照数张，后多次以张贴裸照的方式威胁与刘某见面并发生性关系，因刘某拒绝未能见面，直至2018年3月28日，董福义再次实施威胁后刘某报警。被告人董福义于2018年3月30日经民警查找未果后又以电话通知的方式传唤到案。 庭审中，被告人董福义对公诉机关指控的事实和罪名没有提出异议。其辩护人的意见为，董福义系犯罪预备，具有自首情节，愿意补偿被害人，建议对其从宽处罚。 上述事实，另有被害人刘某的陈述、证人贾某、聂某的证言、司法鉴定意见书、照片制作说明、扣押清单、受案登记表、到案经过、情况说明、身份证明等证据予以证实，足以认定。 案件审理过程中，被告人董福义家属补偿被害人刘某及其家属相关损失并取得谅解。 ","cpfxgc":"本院认为：被告人董福义以威胁手段欲与不满十四周岁的幼女发生性关系，其行为侵犯了幼女性的不可侵犯的权利，已构成强奸罪，应予惩处。北京市顺义区人民检察院对被告人董福义犯强奸罪的指控，事实清楚，证据确实、充分，罪名成立。被告人董福义为了犯罪制造条件，系犯罪预备；经民警电话传唤到案，到案后如实供述犯罪事实，系自首，且积极补偿被害人并取得谅解，故综合以上情节依法对其减轻处罚，对辩护人的相关意见本院予以采纳。依照《中华人民共和国刑法》第二百三十六条第一款、第二款、第二十二条、第六十七条第一款、第四十五条、第四十七条、第六十一条，判决如下：","pjjg":" 被告人董福义犯强奸罪，判处有期徒刑六个月（刑期从判决执行之日起计算，判决执行前先行羁押的，羁押一日折抵刑期一日。即自2018年3月30日起至2018年9月29日止）。 如不服本判决，可在接到判决书的第二日起十日内，通过本院或者直接向北京市第三中级人民法院提出上诉。书面上诉的，应当提交上诉状正本一份，副本一份。","qw":"北京市顺义区人民法院 刑事判决书 （2018）京0113刑初724号 公诉机关北京市顺义区人民检察院。 被告人董福义，男，1971年4月20日出生于河南省项城市，汉族，初中肄业，农民，户籍所在地河南省项城市；因涉嫌犯强奸罪，于2018年3月30日被羁押，次日被刑事拘留，同年5月4日被逮捕；现羁押于北京市顺义区看守所。 辩护人段雷，北京市昌明律师事务所律师。 北京市顺义区人民检察院以京顺检未检刑诉（2018）22号起诉书指控被告人董福义犯强奸罪，于2018年8月2日向本院提起公诉。本院依法适用简易程序并组成合议庭，因涉及个人隐私，不公开开庭审理了本案。北京市顺义区人民检察院指派检察员贾竞、检察官助理李缓出庭支持公诉，被告人董福义及其辩护人段雷到庭参加诉讼。本案现已审理终结。 北京市顺义区人民检察院指控：被告人董福义通过QQ与刘某（女，2006年9月12日出生，北京市顺义区人）加为好友，在聊天过程中，董福义得知了刘某的相关个人信息并索得裸照数张，后多次以张贴裸照的方式威胁与刘某见面并发生性关系，因刘某拒绝未能见面，直至2018年3月28日，董福义再次实施威胁后刘某报警。被告人董福义于2018年3月30日经民警查找未果后又以电话通知的方式传唤到案。 庭审中，被告人董福义对公诉机关指控的事实和罪名没有提出异议。其辩护人的意见为，董福义系犯罪预备，具有自首情节，愿意补偿被害人，建议对其从宽处罚。 上述事实，另有被害人刘某的陈述、证人贾某、聂某的证言、司法鉴定意见书、照片制作说明、扣押清单、受案登记表、到案经过、情况说明、身份证明等证据予以证实，足以认定。 案件审理过程中，被告人董福义家属补偿被害人刘某及其家属相关损失并取得谅解。 本院认为：被告人董福义以威胁手段欲与不满十四周岁的幼女发生性关系，其行为侵犯了幼女性的不可侵犯的权利，已构成强奸罪，应予惩处。北京市顺义区人民检察院对被告人董福义犯强奸罪的指控，事实清楚，证据确实、充分，罪名成立。被告人董福义为了犯罪制造条件，系犯罪预备；经民警电话传唤到案，到案后如实供述犯罪事实，系自首，且积极补偿被害人并取得谅解，故综合以上情节依法对其减轻处罚，对辩护人的相关意见本院予以采纳。依照《中华人民共和国刑法》第二百三十六条第一款、第二款、第二十二条、第六十七条第一款、第四十五条、第四十七条、第六十一条，判决如下： 被告人董福义犯强奸罪，判处有期徒刑六个月（刑期从判决执行之日起计算，判决执行前先行羁押的，羁押一日折抵刑期一日。即自2018年3月30日起至2018年9月29日止）。 如不服本判决，可在接到判决书的第二日起十日内，通过本院或者直接向北京市第三中级人民法院提出上诉。书面上诉的，应当提交上诉状正本一份，副本一份。 审判长李晓丽 人民陪审员张大青 人民陪审员许香菊 二〇一八年九月十四日 书记员米京京","writId":"0656304caa422da7dfba6663072d9a75375","writName":"董福义强奸一审刑事判决书"}
