{"ajId":"6f5ab2f2-4ac5-4147-91d6-d1b153a87764","ajName":"林浩危险驾驶一案","ajjbqk":" 乳山市人民检察院指控，2018年1月22日19时许，被告人林浩酒后驾驶鲁K×××××号小型轿车顺乳山市世纪大道由南向北行驶至新华书店红绿灯路口时，被执勤民警查获。经检验，被告人林浩血液中乙醇含量为163.9毫克／100毫升，系醉酒驾驶机动车。公诉机关认为，被告人林浩在道路上醉酒驾驶机动车辆，其行为触犯了《中华人民共和国刑法》第一百三十三条之一第一款第（二）项之规定，犯罪事实清楚，证据确实充分，应当以危险驾驶罪追究其刑事责任。 被告人林浩对公诉机关指控的犯罪事实和罪名无异议，并自愿认罪。 经审理查明，2018年1月22日19时许，被告人林浩酒后驾驶鲁K×××××号小型轿车顺乳山市世纪大道由南向北行驶至新华书店红绿灯路口时，被执勤民警查获。经检验，被告人林浩血液中乙醇含量为163.9毫克／100毫升，系醉酒驾驶机动车。 上述事实，有乳山市公安局受案登记表、抓获经过、被告人林浩呼气、抽血、驾驶车辆照片、机动车驾驶证、行驶证复印件、酒精呼气结果检测单、当事人血样（尿样）提取登记表、乳山市公安局交通警察大队（乳）公（交）检（理）字［2018］026号酒精检验报告书，被告人林浩的供述，被告人林浩的本地常住人口详细查询结果等证据证实，足以认定。 ","cpfxgc":"本院认为，被告人林浩违反交通运输管理法规，在道路上醉酒驾驶机动车，其行为已构成危险驾驶罪。公诉机关指控的犯罪事实及罪名成立，本院予以确认。被告人林浩归案后能如实供述主要犯罪事实，依法可以从轻处罚。依照《中华人民共和国刑法》第一百三十三条之一第一款第（二）项、第六十七条第三款、第七十二条第一款、第三款、第七十三条第一款、第三款、第五十二条之规定，判决如下：","pjjg":" 被告人林浩犯危险驾驶罪，判处拘役二个月，缓刑二个月，并处罚金人民币六千元（已缴纳）。 （缓刑考验期限从判决确定之日起计算。） 如不服本判决，可在接到判决书的第二日起十日内，通过本院或者直接向山东省威海市中级人民法院提出上诉。书面上诉的，应当提交上诉状正本一份，副本七份。","qw":"山东省乳山市人民法院 刑事判决书 （2018）鲁1083刑初80号 公诉机关山东省乳山市人民检察院。 被告人林浩，男，1967年10月25日出生于山东省乳山市，汉族，高中文化，乳山市长安保险有限公司职工，户籍所在地及现住址均为山东省乳山市。因涉嫌犯危险驾驶罪于2018年1月23日被取保候审。 山东省乳山市人民检察院以乳检公刑诉（2018）39号起诉书指控被告人林浩犯危险驾驶罪，于2018年3月13日向本院提起公诉。本院依法组成合议庭公开开庭审理了本案。乳山市人民检察院指派检察员高君、柳英华出庭支持公诉。被告人林浩到庭参加诉讼。现已审理终结。 乳山市人民检察院指控，2018年1月22日19时许，被告人林浩酒后驾驶鲁K×××××号小型轿车顺乳山市世纪大道由南向北行驶至新华书店红绿灯路口时，被执勤民警查获。经检验，被告人林浩血液中乙醇含量为163.9毫克／100毫升，系醉酒驾驶机动车。公诉机关认为，被告人林浩在道路上醉酒驾驶机动车辆，其行为触犯了《中华人民共和国刑法》第一百三十三条之一第一款第（二）项之规定，犯罪事实清楚，证据确实充分，应当以危险驾驶罪追究其刑事责任。 被告人林浩对公诉机关指控的犯罪事实和罪名无异议，并自愿认罪。 经审理查明，2018年1月22日19时许，被告人林浩酒后驾驶鲁K×××××号小型轿车顺乳山市世纪大道由南向北行驶至新华书店红绿灯路口时，被执勤民警查获。经检验，被告人林浩血液中乙醇含量为163.9毫克／100毫升，系醉酒驾驶机动车。 上述事实，有乳山市公安局受案登记表、抓获经过、被告人林浩呼气、抽血、驾驶车辆照片、机动车驾驶证、行驶证复印件、酒精呼气结果检测单、当事人血样（尿样）提取登记表、乳山市公安局交通警察大队（乳）公（交）检（理）字［2018］026号酒精检验报告书，被告人林浩的供述，被告人林浩的本地常住人口详细查询结果等证据证实，足以认定。 本院认为，被告人林浩违反交通运输管理法规，在道路上醉酒驾驶机动车，其行为已构成危险驾驶罪。公诉机关指控的犯罪事实及罪名成立，本院予以确认。被告人林浩归案后能如实供述主要犯罪事实，依法可以从轻处罚。依照《中华人民共和国刑法》第一百三十三条之一第一款第（二）项、第六十七条第三款、第七十二条第一款、第三款、第七十三条第一款、第三款、第五十二条之规定，判决如下： 被告人林浩犯危险驾驶罪，判处拘役二个月，缓刑二个月，并处罚金人民币六千元（已缴纳）。 （缓刑考验期限从判决确定之日起计算。） 如不服本判决，可在接到判决书的第二日起十日内，通过本院或者直接向山东省威海市中级人民法院提出上诉。书面上诉的，应当提交上诉状正本一份，副本七份。 审判长耿玉 人民陪审员张晓 人民陪审员李培臣 二〇一八年五月十六日 书记员程程","writId":"04721f7b2af3e5281ee2690bbf255a98187","writName":"林浩危险驾驶一审刑事判决书"}
