{"ajId":"8b994867-9d2d-4857-b339-8c3122034cf0","ajName":"阳雪林盗窃一案","ajjbqk":" 长沙市天心区人民检察院指控： 2018年11月24日19时许，被告人阳雪林在长沙市天心区太平街贾谊故居门口，趁被害人赖某不备之际，将其上衣口袋内的一台黑色小米手机盗走，后被告人杨雪林在长沙市蔡锷路将所盗手机以400元价格销赃，所得赃款予以挥霍。2018年11月30日，被告人阳雪林被公安民警抓获，其归案后能如实供述自己的犯罪事实。 经鉴定，被盗的小米手机价值人民币1317元。 该院以案发现场照片、抓获经过、被害人的陈述等证据为佐证，指控被告人阳雪林以非法占有为目的，扒窃他人随身携带的财物且数额较大，其行为已触犯了《中华人民共和国刑法》第二百六十四条，应当以盗窃罪追究其刑事责任。被告人阳雪林被判处有期徒刑，在刑罚执行完毕后五年内，再犯应当判处有期徒刑以上刑罚之罪，系累犯，根据《中华人民共和国刑法》第六十五条第一款，应当从重处罚；被告人阳雪林归案后如实供述自己的罪行，若其在法庭审理期间亦能如实供述自己的罪行，可以认定具有坦白情节，根据《中华人民共和国刑法》第六十七条第三款，可以从轻处罚；被告人阳雪林自愿认罪认罚并签字具结，根据《中华人民共和国刑事诉讼法》第十五条，可以从宽处罚；同时该院建议以盗窃罪判处被告人阳雪林有期徒刑六个月左右，并处罚金。 经审理查明，公诉机关指控被告人阳雪林盗窃作案的事实属实，情节没有出入且被告人阳雪林签字具结，自愿认罪认罚。本院予以确认。 上述事实，被告人阳雪林在开庭审理过程中亦无异议，并有案发现场照片；刑事判决书、抓获经过、身份证明；被害人赖某的陈述；被告人阳雪林的供述和辩解；价格认定结论书；视听资料等证据证实，足以认定。 ","cpfxgc":"本院认为：阳雪林以非法占有为目的，在公共场所扒窃他人随身携带的财物且数额较大，其行为已构成盗窃罪。公诉机关对其犯罪的指控成立，对其行为本院依法应予以惩处。被告人阳雪林曾因故意犯罪判处有期徒刑刑罚，在刑罚执行完毕后五年内再犯应当判处有期徒刑刑罚之罪，系累犯，依法应当从重处罚。被告人阳雪林归案后及在法庭审理期间均能如实供述自己的罪行，可以认定具有坦白情节，依法可以从轻处罚。被告人阳雪林自愿认罪认罚，依法可以从宽处罚。公诉机关提出的量刑建议，本院予以采纳。据此，依照《中华人民共和国刑法》第二百六十四条、第六十五条第一款、第六十七条第三款、第六十四条之规定，判决如下：","pjjg":" 一、被告人阳雪林犯盗窃罪，判处有期徒刑八个月，并处罚金人民币二千元。（刑期从判决执行之日起计算。判决执行以前先行羁押的，羁押一日折抵刑期一日，即自2018年11月30日起至2019年7月29日止。罚金限在本判决生效后十日内缴清。） 二、责令被告人阳雪林退赔被害人经济损失。 如不服本判决，可在接到判决书的第二日起十日内，通过本院或者直接向长沙市中级人民法院提出上诉。书面上诉的，应交上诉状正本一份，副本两份。","qw":"湖南省长沙市天心区人民法院 刑事判决书 （2019）湘0103刑初129号 公诉机关长沙市天心区人民检察院。 被告人阳雪林，男，1975年12月22日出生，汉族，初中毕业，无职业。因犯盗窃罪，于2012年4月被判处有期徒刑十一个月；因犯盗窃罪，于2014年11月被判处有期徒刑一年并处罚金两千元；因犯盗窃罪，于2016年12月被长沙市岳麓区人民法院判处有期徒刑六个月，并处罚金三千元。因涉嫌盗窃罪，于2018年11月30日被抓获并被长沙市公安局天心分局刑事拘留，同年12月11日经长沙市天心区检察院批准，被长沙市公安局天心分局逮捕。现羁押于长沙市第一看守所。 长沙市天心区人民检察院以长天检诉刑诉（2019）106号起诉书指控被告人阳雪林犯盗窃罪，于2019年2月14日向本院提起公诉。本院依法适用简易程序，审判员胡益实行独任审判，公开开庭审理了本案。长沙市天心区人民检察院指派检察员王雄出庭支持公诉，被告人阳雪林到庭参加诉讼。现已审理终结。 长沙市天心区人民检察院指控： 2018年11月24日19时许，被告人阳雪林在长沙市天心区太平街贾谊故居门口，趁被害人赖某不备之际，将其上衣口袋内的一台黑色小米手机盗走，后被告人杨雪林在长沙市蔡锷路将所盗手机以400元价格销赃，所得赃款予以挥霍。2018年11月30日，被告人阳雪林被公安民警抓获，其归案后能如实供述自己的犯罪事实。 经鉴定，被盗的小米手机价值人民币1317元。 该院以案发现场照片、抓获经过、被害人的陈述等证据为佐证，指控被告人阳雪林以非法占有为目的，扒窃他人随身携带的财物且数额较大，其行为已触犯了《中华人民共和国刑法》第二百六十四条，应当以盗窃罪追究其刑事责任。被告人阳雪林被判处有期徒刑，在刑罚执行完毕后五年内，再犯应当判处有期徒刑以上刑罚之罪，系累犯，根据《中华人民共和国刑法》第六十五条第一款，应当从重处罚；被告人阳雪林归案后如实供述自己的罪行，若其在法庭审理期间亦能如实供述自己的罪行，可以认定具有坦白情节，根据《中华人民共和国刑法》第六十七条第三款，可以从轻处罚；被告人阳雪林自愿认罪认罚并签字具结，根据《中华人民共和国刑事诉讼法》第十五条，可以从宽处罚；同时该院建议以盗窃罪判处被告人阳雪林有期徒刑六个月左右，并处罚金。 经审理查明，公诉机关指控被告人阳雪林盗窃作案的事实属实，情节没有出入且被告人阳雪林签字具结，自愿认罪认罚。本院予以确认。 上述事实，被告人阳雪林在开庭审理过程中亦无异议，并有案发现场照片；刑事判决书、抓获经过、身份证明；被害人赖某的陈述；被告人阳雪林的供述和辩解；价格认定结论书；视听资料等证据证实，足以认定。 本院认为：阳雪林以非法占有为目的，在公共场所扒窃他人随身携带的财物且数额较大，其行为已构成盗窃罪。公诉机关对其犯罪的指控成立，对其行为本院依法应予以惩处。被告人阳雪林曾因故意犯罪判处有期徒刑刑罚，在刑罚执行完毕后五年内再犯应当判处有期徒刑刑罚之罪，系累犯，依法应当从重处罚。被告人阳雪林归案后及在法庭审理期间均能如实供述自己的罪行，可以认定具有坦白情节，依法可以从轻处罚。被告人阳雪林自愿认罪认罚，依法可以从宽处罚。公诉机关提出的量刑建议，本院予以采纳。据此，依照《中华人民共和国刑法》第二百六十四条、第六十五条第一款、第六十七条第三款、第六十四条之规定，判决如下： 一、被告人阳雪林犯盗窃罪，判处有期徒刑八个月，并处罚金人民币二千元。（刑期从判决执行之日起计算。判决执行以前先行羁押的，羁押一日折抵刑期一日，即自2018年11月30日起至2019年7月29日止。罚金限在本判决生效后十日内缴清。） 二、责令被告人阳雪林退赔被害人经济损失。 如不服本判决，可在接到判决书的第二日起十日内，通过本院或者直接向长沙市中级人民法院提出上诉。书面上诉的，应交上诉状正本一份，副本两份。 审判员胡益 二〇一九年二月二十六日 书记员陈天 附相关法律条文： 《中华人民共和国刑法》 第二百六十四条盗窃公私财物，数额较大的，或者多次盗窃、入户盗窃、携带凶器盗窃、扒窃的，处三年以下有期徒刑、拘役或者管制，并处或者单处罚金；数额巨大或者有其他严重情节的，处三年以上十年以下有期徒刑，并处罚金；数额特别巨大或者有其他特别严重情节的，处十年以上有期徒刑或者无期徒刑，并处罚金或者没收财产。 第六十五条被判处有期徒刑以上刑罚的犯罪分子，刑罚执行完毕或者赦免以后，在五年以内再犯应当判处有期徒刑以上刑罚之罪的，是累犯，应当从重处罚，但是过失犯罪和不满十八周岁的人犯罪的除外。 前款规定的期限，对于被假释的犯罪分子，从假释期满之日起计算。 第六十七条犯罪以后自动投案，如实供述自己的罪行的，是自首。对于自首的犯罪分子，可以从轻或者减轻处罚。其中，犯罪较轻的，可以免除处罚。 被采取强制措施的犯罪嫌疑人、被告人和正在服刑的罪犯，如实供述司法机关还未掌握的本人其他罪行的，以自首论。 犯罪嫌疑人虽不具有前两款规定的自首情节，但是如实供述自己罪行的，可以从轻处罚；因其如实供述自己罪行，避免特别严重后果发生的，可以减轻处罚。 第六十四条犯罪分子违法所得的一切财物，应当予以追缴或者责令退赔；对被害人的合法财产，应当及时返还；违禁品和供犯罪所用的本人财物，应当予以没收。没收的财物和罚金，一律上缴国库，不得挪用和自行处理。","writId":"031dad1323b457bcf3ec790ab0eaf576756","writName":"阳雪林盗窃一审刑事判决书"}
