{"ajId":"f34dbb8a-1a4f-4238-bc6c-f26bb59ffc7a","ajName":"被告人王国争犯诈骗罪一案","ajjbqk":" 经审理查明：2015年11月1日，芮城县农村信用合作联社委托太原恒鑫丰金融外包服务有限公司清收不良贷款，后太原恒鑫丰金融外包服务有限公司与被告人王国争签订委托清收不良贷款协议书，委托期限为2015年12月18日至2016年1月31日。 被告人王国争在履行协议过程中，分三次从被害人柯某处收取其向农村信用社贷款的16500元后未交回，2016年1月31日后，被告人王国争隐瞒其与太原市恒鑫丰金融外包有限公司解除协议的事实，冒充清收不良贷款工作人员分两次从柯某处收取其向农村信用社贷款的53500元后未交回，并将所收取的7万元陆续归还自己在中国邮政储蓄银行的贷款6万元，剩余1万元用于自己日常生活开支，直至被害人柯某向芮城县公安局报案。 案发后，被告人王国争将七万元退还给被害人柯某，并取得被害人的谅解。 上述事实，被告人在开庭审理过程中亦无异议，且有书证户籍证明、报案材料、收条、借条、委托清收不良贷款协议书、中国邮政储蓄银行还款流水单详情等；证人郭某、雷某、史某、王某等人的证言；被害人柯某的陈述；被告人王国争的供述与辩解等证据证实，足以认定。 本案在审理过程中，被告人自愿预缴罚金人民币10000元。 ","cpfxgc":"本院认为：被告人王国争以非法占有为目的，以虚构事实、隐瞒真相，骗取他人数额较大的钱财，其行为已构成诈骗罪。公诉机关指控被告人王国争犯诈骗罪的事实清楚，证据确实、充分，罪名成立，应予以惩处。被告人王国争到案后能够如实供述自己的罪行，庭审中自愿认罪、悔罪，态度较好，依法可从轻处罚。鉴于被告人王国争犯罪情节较轻，案发后积极退赔被害人的损失并取得谅解，宣告缓刑对其居住的社区没有重大不良影响，并参考司法行政机关认为被告人适用社区矫正的评估意见，可依法对其判处缓刑。依据《中华人民共和国刑法》第二百六十六条、第五十二条、第六十一条、第六十七条第三款、第七十二条第一款、第七十三条第二、三款的规定，判决如下：","pjjg":" 被告人王国争犯诈骗罪，判处有期徒刑一年三个月，缓刑二年，并处罚金10000元（已预缴）。 （缓刑考验期限，从判决确定之日起计算）。 如不服本判决，可在接到判决书的第二日起十日内，通过本院或者直接向山西省运城市中级人民法院提出上诉。书面上诉的，应当提交上诉状正本一份，副本二份。","qw":"被告人王国争犯诈骗罪一审刑事判决书 山西省芮城县人民法院 刑事判决书 （2017）晋0830刑初118号 公诉机关山西省芮城县人民检察院。 被告人王国争，曾用名王国政，男，1981年6月23日出生，汉族，初中文化，户籍所在地山西省临猗县，住临猗县X镇X村X组，农民。因涉嫌犯诈骗罪，于2017年3月23日被芮城县公安局上网追逃，同年3月24日被临汾铁路公安处运城车站公安派出所抓获，2017年3月26日被芮城县公安局刑事拘留，同年4月12日被取保候审。 芮城县人民检察院以芮检公诉刑诉（2017）67号起诉书，指控被告人王国争犯诈骗罪，向本院提起公诉。本院受理后，依法组成合议庭，公开开庭审理了本案。公诉机关指派检察员杨永召出庭支持公诉，被告人王国争到庭参加了诉讼。现已审理终结。 经审理查明：2015年11月1日，芮城县农村信用合作联社委托太原恒鑫丰金融外包服务有限公司清收不良贷款，后太原恒鑫丰金融外包服务有限公司与被告人王国争签订委托清收不良贷款协议书，委托期限为2015年12月18日至2016年1月31日。 被告人王国争在履行协议过程中，分三次从被害人柯某处收取其向农村信用社贷款的16500元后未交回，2016年1月31日后，被告人王国争隐瞒其与太原市恒鑫丰金融外包有限公司解除协议的事实，冒充清收不良贷款工作人员分两次从柯某处收取其向农村信用社贷款的53500元后未交回，并将所收取的7万元陆续归还自己在中国邮政储蓄银行的贷款6万元，剩余1万元用于自己日常生活开支，直至被害人柯某向芮城县公安局报案。 案发后，被告人王国争将七万元退还给被害人柯某，并取得被害人的谅解。 上述事实，被告人在开庭审理过程中亦无异议，且有书证户籍证明、报案材料、收条、借条、委托清收不良贷款协议书、中国邮政储蓄银行还款流水单详情等；证人郭某、雷某、史某、王某等人的证言；被害人柯某的陈述；被告人王国争的供述与辩解等证据证实，足以认定。 本案在审理过程中，被告人自愿预缴罚金人民币10000元。 本院认为：被告人王国争以非法占有为目的，以虚构事实、隐瞒真相，骗取他人数额较大的钱财，其行为已构成诈骗罪。公诉机关指控被告人王国争犯诈骗罪的事实清楚，证据确实、充分，罪名成立，应予以惩处。被告人王国争到案后能够如实供述自己的罪行，庭审中自愿认罪、悔罪，态度较好，依法可从轻处罚。鉴于被告人王国争犯罪情节较轻，案发后积极退赔被害人的损失并取得谅解，宣告缓刑对其居住的社区没有重大不良影响，并参考司法行政机关认为被告人适用社区矫正的评估意见，可依法对其判处缓刑。依据《中华人民共和国刑法》第二百六十六条、第五十二条、第六十一条、第六十七条第三款、第七十二条第一款、第七十三条第二、三款的规定，判决如下： 被告人王国争犯诈骗罪，判处有期徒刑一年三个月，缓刑二年，并处罚金10000元（已预缴）。 （缓刑考验期限，从判决确定之日起计算）。 如不服本判决，可在接到判决书的第二日起十日内，通过本院或者直接向山西省运城市中级人民法院提出上诉。书面上诉的，应当提交上诉状正本一份，副本二份。 审判长赵鸿 审判员张中让 人民陪审员薛宋杰 二〇一七年九月四日 书记员李耀荣","writId":"015e41636e78f3ae1b3b908a7fe592d0627","writName":"被告人王国争犯诈骗罪一审刑事判决书"}
