{"ajId":"e4b30b63-87c1-4e74-9f72-d61f4aa0dfcd","ajName":"徐华强奸罪一案","ajjbqk":" 苍南县人民检察指控：2016年1月12日2时许，被告人徐华回到位于苍南县奥宾馆准备休息时，发现南奥宾馆8302号房间门未上锁，遂进入该房间，趁被害人杨某醉酒熟睡之际，强行与其发生性关系，后逃离现场。 2016年2月15日，被告人徐华主动向公安机关投案。 上述事实，被告人徐华在开庭审理过程中亦无异议，且有被害人杨某的陈述，证人严某、唐某、徐某1、项某、陈某2、徐某2的证言，归案经过，理化检验报告，法医物证鉴定书，检查笔录，辨认笔录，现场勘验检查笔录，门诊病历，聊天记录，人口信息等证据证实，足以认定。 ","cpfxgc":"本院认为，被告人徐华无视国法，违背妇女意志，强行与妇女发生性关系，其行为已构成强奸罪。公诉机关指控罪名成立，予以支持。被告人徐华主动投案并如实供述所犯罪行，具有自首情节，可以从轻处罚。公诉机关建议对被告人徐华在有期徒刑三年至五年之间判处的量刑意见，符合法律规定和本案案情，予以采纳。依照《中华人民共和国刑法》第二百三十六条第一款、第六十七条第一款之规定，判决如下：","pjjg":" 被告人徐华犯强奸罪，判处有期徒刑三年。 （刑期从判决执行之日起计算。判决执行以前先行羁押的，羁押一日折抵刑期一日，即自2016年2月15日起至2019年2月14日止）。 如不服本判决，可在接到判决书的第二日起十日内，通过本院或者直接向浙江省温州市中级人民法院提出上诉。书面上诉的，应当提交上诉状正本一份，副本二份。","qw":"浙江省苍南县人民法院 刑事判决书 （2016）浙0327刑初937号 公诉机关浙江省苍南县人民检察院。 被告人徐华，男，1988年5月27日出生于浙江省嘉善县，汉族，中专文化，农民，住嘉善县。因本案于2016年2月15日被苍南县公安局刑事拘留，同年2月25日被逮捕。现羁押于苍南县看守所。 辩护人陈焕付，浙江瓯鼎律师事务所律师。 苍南县人民检察院以苍检公诉刑诉（2016）937号起诉书指控被告人徐华犯强奸罪，于2016年7月14日向本院提起公诉。本院于同日立案，依法组成合议庭并适用简易程序，因案情涉及个人隐私，依法不公开开庭审理了本案。苍南县人民检察院指派代理检察员陈某1出庭支持公诉，被告人徐华及其辩护人陈焕付到庭参加诉讼。现已审理终结。 苍南县人民检察指控：2016年1月12日2时许，被告人徐华回到位于苍南县奥宾馆准备休息时，发现南奥宾馆8302号房间门未上锁，遂进入该房间，趁被害人杨某醉酒熟睡之际，强行与其发生性关系，后逃离现场。 2016年2月15日，被告人徐华主动向公安机关投案。 上述事实，被告人徐华在开庭审理过程中亦无异议，且有被害人杨某的陈述，证人严某、唐某、徐某1、项某、陈某2、徐某2的证言，归案经过，理化检验报告，法医物证鉴定书，检查笔录，辨认笔录，现场勘验检查笔录，门诊病历，聊天记录，人口信息等证据证实，足以认定。 本院认为，被告人徐华无视国法，违背妇女意志，强行与妇女发生性关系，其行为已构成强奸罪。公诉机关指控罪名成立，予以支持。被告人徐华主动投案并如实供述所犯罪行，具有自首情节，可以从轻处罚。公诉机关建议对被告人徐华在有期徒刑三年至五年之间判处的量刑意见，符合法律规定和本案案情，予以采纳。依照《中华人民共和国刑法》第二百三十六条第一款、第六十七条第一款之规定，判决如下： 被告人徐华犯强奸罪，判处有期徒刑三年。 （刑期从判决执行之日起计算。判决执行以前先行羁押的，羁押一日折抵刑期一日，即自2016年2月15日起至2019年2月14日止）。 如不服本判决，可在接到判决书的第二日起十日内，通过本院或者直接向浙江省温州市中级人民法院提出上诉。书面上诉的，应当提交上诉状正本一份，副本二份。 审判长黄书乐 人民陪审员丁良波 人民陪审员李方景 二〇一六年七月二十五日 代书记员吴萌萌 。 法律条文附录： 《中华人民共和国刑法》 第二百三十六条以暴力、胁迫或者其他手段强奸妇女的，处三年以上十年以下有期徒刑。 …… 第六十七条犯罪以后自动投案，如实供述自己的罪行的，是自首。对于自首的犯罪分子，可以从轻或者减轻处罚。其中，犯罪较轻的，可以免除处罚。 ……","writId":"047275cf69730f093c2249baf5758f0c38d","writName":"徐华强奸罪一审刑事判决书"}
