{"ajId":"78b7962a-6728-4c79-9d57-c4c93ce4ee27","ajName":"冯斌强奸一案","ajjbqk":" 经审理查明：2016年9月份，被告人冯斌通过微信“附近的人”功能，搜索并添加费某某为好友。10月初的一天下午4时许，冯斌将费某某带至户县甘河镇尹村西边约200米处的一个大棚内，冯斌将费某某手机拿走，以不归还手机并要接听费某某丈夫电话为要挟，要求费某某与其发生性关系。费某某为索要手机以避免丈夫知道自己约会异性网友，被迫与冯斌发生性关系。发生性关系过程中，冯斌趁费某某不备偷录两人发生性关系的视频。同年10月8日，冯斌用微信向费某某发送偷录的二人发生性关系视频，以此要挟再次与费发生性关系。当日下午5时许，冯斌将费某某带至户县甘河镇初中西围墙外玉米地，以删除其偷录的视频为条件胁迫费某某再次与其发生性关系。 上述事实，有检察机关提交，并经庭审质证、认证的下列证据证明：1、受案登记表、立案决定书、抓获经过、户籍证明、冯斌手机截图、行政处罚决定书；2、被害人费某某的陈述；3、被告人冯斌的供述及辩解；4、辨认笔录及照片；5、冯斌讯问光盘一张等证实，足以认定。 ","cpfxgc":"本院认为，被告人冯斌违背妇女意志，采用胁迫手段强行与妇女发生性关系，其行为构成《中华人民共和国刑法》第二百三十六条规定的强奸罪。户县人民检察院指控被告人冯斌犯罪事实和罪名成立。被告人当庭自愿认罪，可酌情从、轻处罚。作案工具VIVOX7手机一部依法应予没收。依照《中华人民共和国刑法》第二百三十六条、第六十四条之规定，判决如下：","pjjg":" 一、被告人冯斌犯强奸罪，判处有期徒刑三年六个月（刑期从判决执行之日起计算，判决执行前先行羁押的，羁押一日折抵刑期一日，即自2017年2月6日起至2020年8月5日止）。 二、作案工具手机一部，予以没收。 如不服本判决，可自接到判决书的第二日起十日内，通过本院或者直接向陕西省西安市中级人民法院提出上诉，书面上诉的，应当提交上诉状正本一份，副本三份。","qw":"冯斌强奸案一审刑事判决书 陕西省户县人民法院 刑事判决书 （2017）陕0125刑初117号 公诉机关户县人民检察院。 被告人冯斌，男，1993年4月6日出生，汉族，初中文化程度，农民。2017年2月6日因涉嫌强奸罪被户县公安局刑事拘留，同年2月20日被依法逮捕，现羁押于户县看守所。 户县人民检察院以户检刑诉（2017）75号起诉书指控被告人冯斌犯强奸罪，于2017年5月2日向本院提起公诉。本院依法组成合议庭，公开开庭审理了本案。户县人民检察院指派代检察员王宁出庭支持公诉，被告人冯斌到庭参加诉讼。现已审理终结。 经审理查明：2016年9月份，被告人冯斌通过微信“附近的人”功能，搜索并添加费某某为好友。10月初的一天下午4时许，冯斌将费某某带至户县甘河镇尹村西边约200米处的一个大棚内，冯斌将费某某手机拿走，以不归还手机并要接听费某某丈夫电话为要挟，要求费某某与其发生性关系。费某某为索要手机以避免丈夫知道自己约会异性网友，被迫与冯斌发生性关系。发生性关系过程中，冯斌趁费某某不备偷录两人发生性关系的视频。同年10月8日，冯斌用微信向费某某发送偷录的二人发生性关系视频，以此要挟再次与费发生性关系。当日下午5时许，冯斌将费某某带至户县甘河镇初中西围墙外玉米地，以删除其偷录的视频为条件胁迫费某某再次与其发生性关系。 上述事实，有检察机关提交，并经庭审质证、认证的下列证据证明：1、受案登记表、立案决定书、抓获经过、户籍证明、冯斌手机截图、行政处罚决定书；2、被害人费某某的陈述；3、被告人冯斌的供述及辩解；4、辨认笔录及照片；5、冯斌讯问光盘一张等证实，足以认定。 本院认为，被告人冯斌违背妇女意志，采用胁迫手段强行与妇女发生性关系，其行为构成《中华人民共和国刑法》第二百三十六条规定的强奸罪。户县人民检察院指控被告人冯斌犯罪事实和罪名成立。被告人当庭自愿认罪，可酌情从、轻处罚。作案工具VIVOX7手机一部依法应予没收。依照《中华人民共和国刑法》第二百三十六条、第六十四条之规定，判决如下： 一、被告人冯斌犯强奸罪，判处有期徒刑三年六个月（刑期从判决执行之日起计算，判决执行前先行羁押的，羁押一日折抵刑期一日，即自2017年2月6日起至2020年8月5日止）。 二、作案工具手机一部，予以没收。 如不服本判决，可自接到判决书的第二日起十日内，通过本院或者直接向陕西省西安市中级人民法院提出上诉，书面上诉的，应当提交上诉状正本一份，副本三份。 审判长陈妮娜 人民陪审员吴民权 人民陪审员田继红 二〇一七年六月二十三日 书记员李慧芝","writId":"03869e47fb7003c8c7c619947e4b00b3081","writName":"冯斌强奸案一审刑事判决书"}
