{"ajId":"f406a9e8-a9b5-4cf1-8f84-18fd56c9be62","ajName":"邹建辉容留他人吸毒一案","ajjbqk":" 长乐市人民检察院指控： 2017年5月29日晚，被告人邹建辉在长乐市某街道某小区5号楼202房其租赁的出租屋内容留未成年人孙某某（女，2001年8月13日出生）吸食甲基苯丙胺（冰毒）。 2017年6月5日，被告人邹建辉与孙某某在长乐市某镇一汉堡店门口被公安民警抓获。 公诉机关认为，被告人邹建辉违反国家禁毒法规，容留未成年人吸食毒品，应当以容留他人吸毒罪追究其刑事责任。被告人邹建辉归案后如实供述自己的罪行，可以从轻处罚。建议本院对被告人邹建辉判处拘役五个月，并处罚金。 被告人邹建辉对指控事实、罪名及量刑建议没有异议且签字具结，在开庭审理过程中亦无异议。 ","cpfxgc":"本院认为，公诉机关指控被告人邹建辉犯容留他人吸毒罪的事实清楚，证据确实、充分，量刑建议适当，应予以采纳。依照《中华人民共和国刑法》第三百五十四条、第六十七条第三款之规定，判决如下：","pjjg":" 被告人邹建辉犯容留他人吸毒罪，判处拘役五个月，并处罚金人民币一千元。 （刑期从判决执行之日起计算。判决执行以前先行羁押的，羁押一日折抵刑期一日，即刑期自2017年6月16日起至2017年11月15日止。罚金限于本判决生效后十日内缴纳。） 如不服本判决，可在接到判决书的第二日起十日内，通过本院或者直接向福州市中级人民法院提出上诉。书面上诉的，应当提交上诉状正本一份，副本三份。","qw":"邹建辉容留他人吸毒一审刑事判决书 福建省长乐市人民法院 刑事判决书 （2017）闽0182刑初556号 公诉机关长乐市人民检察院。 被告人邹建辉，男，1995年2月17日出生于福建省长乐市，汉族，文化程度初中，烧烤摊主，住福建省长乐市。因吸毒，于2017年6月6日被长乐市公安局行政拘留十日。因涉嫌容留他人吸毒罪，于2017年6月16日被长乐市公安局刑事拘留，同月29日经长乐市人民检察院批准逮捕，同日由长乐市公安局执行逮捕。现羁押于长乐市看守所。 长乐市人民检察院以长检未检刑诉［2017］36号起诉书指控被告人邹建辉犯容留他人吸毒罪，于2017年9月14日向本院提起公诉。本院适用刑事案件速裁程序，实行独任审判，公开开庭审理了本案。 长乐市人民检察院指控： 2017年5月29日晚，被告人邹建辉在长乐市某街道某小区5号楼202房其租赁的出租屋内容留未成年人孙某某（女，2001年8月13日出生）吸食甲基苯丙胺（冰毒）。 2017年6月5日，被告人邹建辉与孙某某在长乐市某镇一汉堡店门口被公安民警抓获。 公诉机关认为，被告人邹建辉违反国家禁毒法规，容留未成年人吸食毒品，应当以容留他人吸毒罪追究其刑事责任。被告人邹建辉归案后如实供述自己的罪行，可以从轻处罚。建议本院对被告人邹建辉判处拘役五个月，并处罚金。 被告人邹建辉对指控事实、罪名及量刑建议没有异议且签字具结，在开庭审理过程中亦无异议。 本院认为，公诉机关指控被告人邹建辉犯容留他人吸毒罪的事实清楚，证据确实、充分，量刑建议适当，应予以采纳。依照《中华人民共和国刑法》第三百五十四条、第六十七条第三款之规定，判决如下： 被告人邹建辉犯容留他人吸毒罪，判处拘役五个月，并处罚金人民币一千元。 （刑期从判决执行之日起计算。判决执行以前先行羁押的，羁押一日折抵刑期一日，即刑期自2017年6月16日起至2017年11月15日止。罚金限于本判决生效后十日内缴纳。） 如不服本判决，可在接到判决书的第二日起十日内，通过本院或者直接向福州市中级人民法院提出上诉。书面上诉的，应当提交上诉状正本一份，副本三份。 审判员陈金福 二〇一七年九月二十二日 书记员周羽欣 主要法律条文 《中华人民共和国刑法》 第三百五十四条容留他人吸食、注射毒品的，处三年以下有期徒刑、拘役或者管制，并处罚金。 第六十七条犯罪以后自动投案，如实供述自己的罪行的，是自首。对于自首的犯罪分子，可以从轻或者减轻处罚。其中，犯罪较轻的，可以免除处罚。 被采取强制措施的犯罪嫌疑人、被告人和正在服刑的罪犯，如实供述司法机关还未掌握的本人其他罪行的，以自首论。 犯罪嫌疑人虽不具有前两款规定的自首情节，但是如实供述自己罪行的，可以从轻处罚；因其如实供述自己罪行，避免特别严重后果发生的，可以减轻处罚。","writId":"010be437e123ef00ebdf163be11a36a73f2","writName":"邹建辉容留他人吸毒一审刑事判决书"}
