{"ajId":"ebc75be7-6ebf-4d39-baae-b984c9509e89","ajName":"陈某犯盗窃罪一案","ajjbqk":" 公诉机关指控，2015年7月1日5时许，被告人陈某骑着从吴某处借来的机动三轮车，来到乐清市柳市镇朝阳村锦阳路20×号被害人王某住处的围墙外，爬墙入内，窃得一辆牌照为VQ10××79黑色绿驹牌二轮电瓶车。经估价，被盗电瓶车价值810元。案发后，被盗车辆已经被追回。 另查明，被告人陈某经温州康宁司法鉴定所鉴定，在案发时和目前为强迫性障碍，在案犯时具有完全责任能力。 上述事实，被告人陈某在开庭审理过程中亦无异议，且有扣押清单、发还清单、收款收据、前科情况核实证明、户籍证明、证人吴某的证言、抓获经过、被害人王某的陈述、价格鉴定结论书、温州康宁司法鉴定所法医精神病鉴定意见书、温州市第七人民医院精神医学鉴定意见书、现场勘查笔录、搜查笔录、辨认笔录等证据证实，足以认定。 ","cpfxgc":"本院认为，被告人陈某以非法占有为目的，入户秘密窃取他人财物，其行为已构成盗窃罪。公诉机关指控的事实清楚，证据充分，罪名成立。被告人陈某到案后能如实供述自己的罪行，且被盗财物已经追回，依法可予以从轻处罚。公诉机关提出判处被告人陈某三个月以上四个月以下拘役的量刑建议适当，本院予以采纳，但鉴于存在入户情节，不适用缓刑。综合本案犯罪情节、危害后果及被告人认罪悔罪表现，依照《中华人民共和国刑法》第二百六十四条、第六十七条第三款之规定，判决如下：","pjjg":" 被告人陈某犯盗窃罪，判处拘役四个月，并处罚金人民币1000元。罚金限本判决生效之日起十日内缴纳。 （刑期从判决执行之日起计算，判决执行以前先行羁押的，羁押一日折抵刑期一日，即自2016年7月20日起至2016年11月14日止。） 如不服本判决，可在接到判决书的第二日起十日内，通过本院或者直接向浙江省温州市中级人民法院提出上诉。书面上诉的，应当提交上诉状正本一份，副本二份。","qw":"陈某犯盗窃罪一审刑事判决书 浙江省乐清市人民法院 刑事判决书 （2016）浙0382刑初1484号 公诉机关浙江省乐清市人民检察院。 被告人陈某，无业。因涉嫌犯盗窃罪于2015年7月1日被抓获，次日被刑事拘留，同月5日被取保候审，2016年7月13日被本院取保候审，同月20日被逮捕。现羁押于乐清市看守所。 乐清市人民检察院以乐检公诉刑诉（2016）1459号起诉书指控被告人陈某犯盗窃罪，于2016年7月13日向本院提起公诉。本院依法适用简易程序，实行独任审判，公开开庭审理了本案。乐清市人民检察院指派检察员周勇出庭支持公诉，被告人陈某到庭参加诉讼。现已审理终结。 公诉机关指控，2015年7月1日5时许，被告人陈某骑着从吴某处借来的机动三轮车，来到乐清市柳市镇朝阳村锦阳路20×号被害人王某住处的围墙外，爬墙入内，窃得一辆牌照为VQ10××79黑色绿驹牌二轮电瓶车。经估价，被盗电瓶车价值810元。案发后，被盗车辆已经被追回。 另查明，被告人陈某经温州康宁司法鉴定所鉴定，在案发时和目前为强迫性障碍，在案犯时具有完全责任能力。 上述事实，被告人陈某在开庭审理过程中亦无异议，且有扣押清单、发还清单、收款收据、前科情况核实证明、户籍证明、证人吴某的证言、抓获经过、被害人王某的陈述、价格鉴定结论书、温州康宁司法鉴定所法医精神病鉴定意见书、温州市第七人民医院精神医学鉴定意见书、现场勘查笔录、搜查笔录、辨认笔录等证据证实，足以认定。 本院认为，被告人陈某以非法占有为目的，入户秘密窃取他人财物，其行为已构成盗窃罪。公诉机关指控的事实清楚，证据充分，罪名成立。被告人陈某到案后能如实供述自己的罪行，且被盗财物已经追回，依法可予以从轻处罚。公诉机关提出判处被告人陈某三个月以上四个月以下拘役的量刑建议适当，本院予以采纳，但鉴于存在入户情节，不适用缓刑。综合本案犯罪情节、危害后果及被告人认罪悔罪表现，依照《中华人民共和国刑法》第二百六十四条、第六十七条第三款之规定，判决如下： 被告人陈某犯盗窃罪，判处拘役四个月，并处罚金人民币1000元。罚金限本判决生效之日起十日内缴纳。 （刑期从判决执行之日起计算，判决执行以前先行羁押的，羁押一日折抵刑期一日，即自2016年7月20日起至2016年11月14日止。） 如不服本判决，可在接到判决书的第二日起十日内，通过本院或者直接向浙江省温州市中级人民法院提出上诉。书面上诉的，应当提交上诉状正本一份，副本二份。 审判员朱文协 二〇一六年七月二十日 代书记员陈雄思","writId":"0547b86d42acd8c686821b7005e32206547","writName":"陈某犯盗窃罪一审刑事判决书"}
