{"ajId":"5ed28a67-13f7-4c45-b44a-cf610468fe38","ajName":"李某甲犯非国家工作人员受贿罪一案","ajjbqk":" 公诉机关指控，2014年6月，仁和区大村村大村组为解决本村组村民饮水问题，决定将该村组集体所有的矸石进行筛卖。李某乙、陈某甲得知该消息后，与时任仁和区太平乡大村村大村组村民小组长的被告人李某甲商定：将筛卖矸石所获利润的三分之一以好处费的名义送给被告人李某甲，被告人李某甲则利用担任大村组村民小组长职务上的便利，对大村组集体所有矸石的筛卖方式、利润处理等属于集体重大事项，不经过村民集体讨论决定议定程序，私自决定将大村组所有的矸石以10万元承包费的价格，承包给李某乙和陈某甲进行筛卖。在2014年6月至2015年2月期间，李某乙、陈某甲分多次以上交承包费和分配利润的名义，送给被告人李某甲现金共计519300元。被告人李某甲为筛卖矸石工程顺利，上交集体承包费及支出其他费用共计195060元。被告人李某甲将剩余的324240元据为己有。 公诉机关同时举出了立案决定书，到案情况说明，户籍证明及情况说明，通知二份、紧急通知二份、监管通知、筛选通知等筛选煤矸石管理监督文件，太平乡村组集体资产与财务管理办法实施意见及村社议事规则，饮水工程相关文件及情况说明，大村组筛选煤矸石报告及保证，记账笔记本，收条、票据及证明，扣押财物清单，被告人李某甲在侦查阶段的供述，证人李某乙、陈某甲、黄某甲等人的证言等证据，指控被告人李某甲系村民小组长，在经营管理集体财产过程中，利用职务上的便利，收受他人现金人民币324240元，为他人谋取利益，其行为触犯《中华人民共和国刑法》第一百六十三条第一款之规定，应当以非国家工作人员受贿罪追究其刑事责任。 被告人李某甲辩称，对公诉机关的指控无异议。 被告人李某甲的辩护人辩称，对公诉机关指控的“矸石系集体财产”和“被告人私自决定”有异议。其认为本案所涉矸石不全部是集体财产，有部分是私人的。被告人将筛卖矸石的事向村支书李某丙汇报过，到太平乡政府备案时，李某乙和陈某甲写过安全保证书。对指控的罪名无异议。同时提出被告人李某甲有自首情节，退清全部赃款，系初犯，请求法庭对其适用缓刑。 被告人李某甲及其辩护人未提交证据。 经审理查明，2014年2月17日，被告人李某甲担任攀枝花市仁和区太平乡大村村大村组村民小组长至案发。社区村民委员会主要职责是：负责召集村民会议和村民代表会议，并报告工作，组织村民落实村民会议和村民代表会议的决定。组织村民发展经济，完善各种经济承包责任制，维护集体经济组织和村民的合法权益。兴办本社区农田水利、交通道路、广播、文化教育、卫生防疫、社会福利等公共事务和公益事业。被告人李某甲作为仁和区太平乡大村村大村组村民小组长，其主持该村民小组的全面工作。具体包括该组水利道路基础设施工程建设，协调处理邻里纠纷，为村民办理相关证明材料等。2014年5月，仁和区太平乡大村村大村组为了解决其村民饮水问题，被告人李某甲在村民会议上提出将大村组范围内南三灰娜梁堆放的矸石筛选卖得的钱，用于解决村民饮水问题。随后，大村组在召开村组户代表大会时，被告人李某甲又提出了此事，大村组的户代表均同意筛卖煤矸石来筹集资金解决饮水问题。但在两次会议中，被告人李某甲均未将筛卖煤矸石的方式、价格、承包人等问题组织村民会议进行讨论议定。期间，该村村民李某乙、陈某甲得知该信息后，两次找到被告人李某甲家中，向其提出筛卖矸石，双方最终商定将筛卖矸石所得利润的三分之一，以好处费的名义送给被告人李某甲，并由李某乙、陈某甲向仁和区太平乡大村村大村组缴纳承包费100000元。后李某乙、陈某甲将40000元承包费交给被告人李某甲，其补足50000元，将该款存入仁和区太平乡大村村在该乡农经站的集体银行账户。2014年5月27日，被告人李某甲向太平乡煤管所、太平乡政府出具《关于对大村村大村组对南三煤矿矸石筛选的报告》，该报告加盖有大村组公章，主要内容是：我大村村大村组村民开会时提出要求：从太平矿高位水池引进生活用水，现我村组集体没有资金，煤矿又停产，经村、组与煤矿公司协商，同意村民小组对南三灰娜梁煤矿所排矸石进行筛选，收取资金用于解决架设引水管道的缺口资金。村民小组在组织筛选矸石过程中保证山上不会发生私挖滥采，请乡煤管所、乡政府给予支持为谢。仁和区太平乡大村村民委员会签署“同意上报”意见，并加盖该村民委员会公章。仁和区太平乡人民政府签署“同意，但安全由筛选人负责”，并加盖该乡人民政府公章，陈某甲、李某乙于2014年月29日出具安全等保证书后，于2014年6月开始筛选矸石。之后，被告人李某乙、陈某甲还利用上述手续私自筛卖其他人所有的矸石和原煤，而李某甲对此也予以了默认。2014年6月至2015年2月期间，李某乙、陈某甲以上缴承包费和利润分配的名义，付给被告人李某甲现金人民币共计519300元，被告人李某甲将其中的123300元（含李某乙等缴纳的50000元等）上缴到大村组集体账户，为李某乙、陈某甲筛卖矸石顺利进行，支付给该村村民田某某、娄某某、冯某某、倪某甲、杨某甲等各项费用71760元，被告人李某甲将余款324240元据为己有。 2012年10月，攀枝花市仁和区太平乡人民政府根据攀枝花市仁和区人民政府办公室攀仁府办（2012）175号文件，关于加快实施2012年中央预算内专项资金农村饮水安全项目建设的通知规定，制定《关于调整太平乡实施2012年农村饮水安全工程部分村实施的方案》，其中大村村地方自筹资金91000元。 2015年3月，攀枝花市仁和区人民检察院举报接到群众举报，称仁和区太平乡大村村大村组组长李某甲涉嫌受贿线索，该院于2015年4月8日决定对该案进行初查。次日，决定对本案立案侦查。同日，该院反贪污贿赂局传唤被告人李某甲到案接受调查。其到案后，如实供述了本案基本事实。 案发后，被告人李某甲向攀枝花市仁和区人民检察院共退缴赃款324240元，该院对该款项予以扣押。 上述事实，有公诉机关举出并经被告人李某甲及辩护人质证的下列证据证实： 1、立案决定书，证明本案立案侦查情况。 2、到案情况说明，证明本案的来源和简单经过。 3、户籍证明及情况说明，证明被告人李某甲的基本情况，已达到完全刑事责任年龄，证明被告人李某甲的任职情况。 4、通知二份、紧急通知二份、监管通知、筛选通知等筛选煤矸石管理监督文件，证明煤矸石的筛选需要报相关部门批准，如未报批，被定性为私挖滥采。 5、太平乡村组集体资产与财务管理办法实施意见及村社议事规则，证明村组确立的项目，须经村民会议和村民代表会议讨论，发包工程项目须签订相关合同。证明村民委员会的职责与村民小组的职责一致。 6、饮水工程相关文件及情况说明，证明本案筛卖矸石为了解决大村组饮水问题，本案所涉矸石系仁和区太平煤矿委托大村组进行管理。 7、大村组筛选煤矸石报告及保证，证明本案所涉矸石筛卖已向太平乡政府备案。 8、记账笔记本，证明本案被告人李某甲自己记录的收取李某乙、陈某甲的现金共计479300元，与审理查明的一致。 9、收条、票据及证明，证明被告人将从李某乙、陈某甲处收取的现金，用于上交集体、处理赔付村民及支付其他费用的情况，与审理查明的一致。 10、扣押财物清单，证明侦查机关对被告人李某甲退缴账款予以扣押。 11、被告人李某甲在侦查阶段的供述，证明本案案件事实，与审理查明的一致。 12、证人李某乙、陈某甲的证言，印证本案协商利润分配、承包费商定及缴纳、被告人李某甲收受二人现金等事实。 13、证人黄某甲、李某丙、张某某、陈某乙、杨某乙、田某某、林某某、杨某甲、倪某甲、阮某甲、倪某乙、李某丁、鲍某某、倪某丙、阮某乙、黄某乙、杨某丙的证言，印证本案部分案件事实。 被告人李某甲的主要质证意见：对公诉人提供的证人李某乙、陈某甲的证言中，关于其说过要三分之一的利润的陈述不属实，是李某乙和陈某甲提出给被告人李某甲三分之一的利润，被告人李某甲表示同意，对其余内容没有异议。对其他证据无异议。 被告人李某甲的辩护人的主要质证意见：对公诉机关提供的证据无异议。 本院认为，公诉机关提供的证据，被告人李某甲提出了上述质证意见，但其质证意见不影响本案的定性。本院对上述证据的真实性、合法性及关联性予以确认。对证据予以采纳。 ","cpfxgc":"本院认为，被告人李某甲身为仁和区大村村大村组村民小组组长，在对外处理村民小组矸石筛卖承包事宜过程中，利用职务上的便利，非法收受他人现金人民币324240元，为他人谋取利益，数额较大，其行为构成非国家工作人员受贿罪。公诉机关指控的犯罪事实和罪名成立。被告人李某甲经侦查机关电话通知，主动到案，如实供述本案事实，系自首，依法可从轻处罚。被告人李某甲退缴全部赃款，量刑时予以考虑。被告人李某甲所得赃款，系违法所得，依法应当予以追缴。被告人李某甲的辩护人关于本案所涉矸石不全是集体所有的财产意见，不影响本案非国家工作人员受贿罪的犯罪构成，不予采纳。其关于被告人有自首情节，依法可从轻处罚，积极退缴全部赃款，可酌情从轻处罚的辩护意见，与审理查明的事实和法律规定相符，本院予以采纳。依照《中华人民共和国刑法》第一百六十三条第一款、第六十七条第一款、第六十四条、第六十一条之规定，判决如下：","pjjg":" 一、被告人李某甲犯非国家工作人员受贿罪，从轻判处有期徒刑一年十个月（刑期从判决执行之日起计算。判决执行以前先行羁押的，羁押一日折抵刑期一日，即自2016年3月30日起至2017年12月3日止）。 二、对被告人李某甲退缴的违法所得人民币324240元，予以没收，上缴国库。 如不服本判决，可在接到判决书的第二日起十日内，通过本院或者直接向四川省攀枝花市中级人民法院提出上诉。书面上诉的，应当提交上诉状正本一份，副本二份。","qw":"四川省攀枝花市仁和区人民法院 刑事判决书 （2016）川0411刑初21号 公诉机关四川省攀枝花市仁和区人民检察院。 被告人李某甲，女，1975年11月12日出生。因涉嫌犯非国家工作人员受贿罪，2015年4月9日被攀枝花市公安局仁和区分局依法刑事拘留，同年4月22日被该局依法逮捕。2015年6月3日被攀枝花市仁和区人民检察院取保候审。2016年3月30日，经本院决定，对其依法逮捕。现羁押于攀枝花市看守所。 辩护人张丽霞，四川东荣律师事务所律师。 四川省攀枝花市仁和区人民检察院以攀仁检公诉刑诉（2016）5号起诉书指控被告人李某甲犯非国家工作人员受贿罪，于2016年1月18日向本院提起公诉。本院于同日受理，依法适用普通程序，组成合议庭于2016年2月24日公开开庭审理了本案。攀枝花市仁和区人民检察院指派代理检察员叶子茂出庭支持公诉，被告人李某甲及辩护人张丽霞到庭参加诉讼。现已审理终结。 公诉机关指控，2014年6月，仁和区大村村大村组为解决本村组村民饮水问题，决定将该村组集体所有的矸石进行筛卖。李某乙、陈某甲得知该消息后，与时任仁和区太平乡大村村大村组村民小组长的被告人李某甲商定：将筛卖矸石所获利润的三分之一以好处费的名义送给被告人李某甲，被告人李某甲则利用担任大村组村民小组长职务上的便利，对大村组集体所有矸石的筛卖方式、利润处理等属于集体重大事项，不经过村民集体讨论决定议定程序，私自决定将大村组所有的矸石以10万元承包费的价格，承包给李某乙和陈某甲进行筛卖。在2014年6月至2015年2月期间，李某乙、陈某甲分多次以上交承包费和分配利润的名义，送给被告人李某甲现金共计519300元。被告人李某甲为筛卖矸石工程顺利，上交集体承包费及支出其他费用共计195060元。被告人李某甲将剩余的324240元据为己有。 公诉机关同时举出了立案决定书，到案情况说明，户籍证明及情况说明，通知二份、紧急通知二份、监管通知、筛选通知等筛选煤矸石管理监督文件，太平乡村组集体资产与财务管理办法实施意见及村社议事规则，饮水工程相关文件及情况说明，大村组筛选煤矸石报告及保证，记账笔记本，收条、票据及证明，扣押财物清单，被告人李某甲在侦查阶段的供述，证人李某乙、陈某甲、黄某甲等人的证言等证据，指控被告人李某甲系村民小组长，在经营管理集体财产过程中，利用职务上的便利，收受他人现金人民币324240元，为他人谋取利益，其行为触犯《中华人民共和国刑法》第一百六十三条第一款之规定，应当以非国家工作人员受贿罪追究其刑事责任。 被告人李某甲辩称，对公诉机关的指控无异议。 被告人李某甲的辩护人辩称，对公诉机关指控的“矸石系集体财产”和“被告人私自决定”有异议。其认为本案所涉矸石不全部是集体财产，有部分是私人的。被告人将筛卖矸石的事向村支书李某丙汇报过，到太平乡政府备案时，李某乙和陈某甲写过安全保证书。对指控的罪名无异议。同时提出被告人李某甲有自首情节，退清全部赃款，系初犯，请求法庭对其适用缓刑。 被告人李某甲及其辩护人未提交证据。 经审理查明，2014年2月17日，被告人李某甲担任攀枝花市仁和区太平乡大村村大村组村民小组长至案发。社区村民委员会主要职责是：负责召集村民会议和村民代表会议，并报告工作，组织村民落实村民会议和村民代表会议的决定。组织村民发展经济，完善各种经济承包责任制，维护集体经济组织和村民的合法权益。兴办本社区农田水利、交通道路、广播、文化教育、卫生防疫、社会福利等公共事务和公益事业。被告人李某甲作为仁和区太平乡大村村大村组村民小组长，其主持该村民小组的全面工作。具体包括该组水利道路基础设施工程建设，协调处理邻里纠纷，为村民办理相关证明材料等。2014年5月，仁和区太平乡大村村大村组为了解决其村民饮水问题，被告人李某甲在村民会议上提出将大村组范围内南三灰娜梁堆放的矸石筛选卖得的钱，用于解决村民饮水问题。随后，大村组在召开村组户代表大会时，被告人李某甲又提出了此事，大村组的户代表均同意筛卖煤矸石来筹集资金解决饮水问题。但在两次会议中，被告人李某甲均未将筛卖煤矸石的方式、价格、承包人等问题组织村民会议进行讨论议定。期间，该村村民李某乙、陈某甲得知该信息后，两次找到被告人李某甲家中，向其提出筛卖矸石，双方最终商定将筛卖矸石所得利润的三分之一，以好处费的名义送给被告人李某甲，并由李某乙、陈某甲向仁和区太平乡大村村大村组缴纳承包费100000元。后李某乙、陈某甲将40000元承包费交给被告人李某甲，其补足50000元，将该款存入仁和区太平乡大村村在该乡农经站的集体银行账户。2014年5月27日，被告人李某甲向太平乡煤管所、太平乡政府出具《关于对大村村大村组对南三煤矿矸石筛选的报告》，该报告加盖有大村组公章，主要内容是：我大村村大村组村民开会时提出要求：从太平矿高位水池引进生活用水，现我村组集体没有资金，煤矿又停产，经村、组与煤矿公司协商，同意村民小组对南三灰娜梁煤矿所排矸石进行筛选，收取资金用于解决架设引水管道的缺口资金。村民小组在组织筛选矸石过程中保证山上不会发生私挖滥采，请乡煤管所、乡政府给予支持为谢。仁和区太平乡大村村民委员会签署“同意上报”意见，并加盖该村民委员会公章。仁和区太平乡人民政府签署“同意，但安全由筛选人负责”，并加盖该乡人民政府公章，陈某甲、李某乙于2014年月29日出具安全等保证书后，于2014年6月开始筛选矸石。之后，被告人李某乙、陈某甲还利用上述手续私自筛卖其他人所有的矸石和原煤，而李某甲对此也予以了默认。2014年6月至2015年2月期间，李某乙、陈某甲以上缴承包费和利润分配的名义，付给被告人李某甲现金人民币共计519300元，被告人李某甲将其中的123300元（含李某乙等缴纳的50000元等）上缴到大村组集体账户，为李某乙、陈某甲筛卖矸石顺利进行，支付给该村村民田某某、娄某某、冯某某、倪某甲、杨某甲等各项费用71760元，被告人李某甲将余款324240元据为己有。 2012年10月，攀枝花市仁和区太平乡人民政府根据攀枝花市仁和区人民政府办公室攀仁府办（2012）175号文件，关于加快实施2012年中央预算内专项资金农村饮水安全项目建设的通知规定，制定《关于调整太平乡实施2012年农村饮水安全工程部分村实施的方案》，其中大村村地方自筹资金91000元。 2015年3月，攀枝花市仁和区人民检察院举报接到群众举报，称仁和区太平乡大村村大村组组长李某甲涉嫌受贿线索，该院于2015年4月8日决定对该案进行初查。次日，决定对本案立案侦查。同日，该院反贪污贿赂局传唤被告人李某甲到案接受调查。其到案后，如实供述了本案基本事实。 案发后，被告人李某甲向攀枝花市仁和区人民检察院共退缴赃款324240元，该院对该款项予以扣押。 上述事实，有公诉机关举出并经被告人李某甲及辩护人质证的下列证据证实： 1、立案决定书，证明本案立案侦查情况。 2、到案情况说明，证明本案的来源和简单经过。 3、户籍证明及情况说明，证明被告人李某甲的基本情况，已达到完全刑事责任年龄，证明被告人李某甲的任职情况。 4、通知二份、紧急通知二份、监管通知、筛选通知等筛选煤矸石管理监督文件，证明煤矸石的筛选需要报相关部门批准，如未报批，被定性为私挖滥采。 5、太平乡村组集体资产与财务管理办法实施意见及村社议事规则，证明村组确立的项目，须经村民会议和村民代表会议讨论，发包工程项目须签订相关合同。证明村民委员会的职责与村民小组的职责一致。 6、饮水工程相关文件及情况说明，证明本案筛卖矸石为了解决大村组饮水问题，本案所涉矸石系仁和区太平煤矿委托大村组进行管理。 7、大村组筛选煤矸石报告及保证，证明本案所涉矸石筛卖已向太平乡政府备案。 8、记账笔记本，证明本案被告人李某甲自己记录的收取李某乙、陈某甲的现金共计479300元，与审理查明的一致。 9、收条、票据及证明，证明被告人将从李某乙、陈某甲处收取的现金，用于上交集体、处理赔付村民及支付其他费用的情况，与审理查明的一致。 10、扣押财物清单，证明侦查机关对被告人李某甲退缴账款予以扣押。 11、被告人李某甲在侦查阶段的供述，证明本案案件事实，与审理查明的一致。 12、证人李某乙、陈某甲的证言，印证本案协商利润分配、承包费商定及缴纳、被告人李某甲收受二人现金等事实。 13、证人黄某甲、李某丙、张某某、陈某乙、杨某乙、田某某、林某某、杨某甲、倪某甲、阮某甲、倪某乙、李某丁、鲍某某、倪某丙、阮某乙、黄某乙、杨某丙的证言，印证本案部分案件事实。 被告人李某甲的主要质证意见：对公诉人提供的证人李某乙、陈某甲的证言中，关于其说过要三分之一的利润的陈述不属实，是李某乙和陈某甲提出给被告人李某甲三分之一的利润，被告人李某甲表示同意，对其余内容没有异议。对其他证据无异议。 被告人李某甲的辩护人的主要质证意见：对公诉机关提供的证据无异议。 本院认为，公诉机关提供的证据，被告人李某甲提出了上述质证意见，但其质证意见不影响本案的定性。本院对上述证据的真实性、合法性及关联性予以确认。对证据予以采纳。 本院认为，被告人李某甲身为仁和区大村村大村组村民小组组长，在对外处理村民小组矸石筛卖承包事宜过程中，利用职务上的便利，非法收受他人现金人民币324240元，为他人谋取利益，数额较大，其行为构成非国家工作人员受贿罪。公诉机关指控的犯罪事实和罪名成立。被告人李某甲经侦查机关电话通知，主动到案，如实供述本案事实，系自首，依法可从轻处罚。被告人李某甲退缴全部赃款，量刑时予以考虑。被告人李某甲所得赃款，系违法所得，依法应当予以追缴。被告人李某甲的辩护人关于本案所涉矸石不全是集体所有的财产意见，不影响本案非国家工作人员受贿罪的犯罪构成，不予采纳。其关于被告人有自首情节，依法可从轻处罚，积极退缴全部赃款，可酌情从轻处罚的辩护意见，与审理查明的事实和法律规定相符，本院予以采纳。依照《中华人民共和国刑法》第一百六十三条第一款、第六十七条第一款、第六十四条、第六十一条之规定，判决如下： 一、被告人李某甲犯非国家工作人员受贿罪，从轻判处有期徒刑一年十个月（刑期从判决执行之日起计算。判决执行以前先行羁押的，羁押一日折抵刑期一日，即自2016年3月30日起至2017年12月3日止）。 二、对被告人李某甲退缴的违法所得人民币324240元，予以没收，上缴国库。 如不服本判决，可在接到判决书的第二日起十日内，通过本院或者直接向四川省攀枝花市中级人民法院提出上诉。书面上诉的，应当提交上诉状正本一份，副本二份。 审判长张云林 审判员唐天成 人民陪审员赵淑彦 二〇一六年三月三十一日 书记员刘伟 附：《中华人民共和国刑法》相关法条 第一百六十三条公司、企业或者其他单位的工作人员利用职务上的便利，索取他人财物或者非法收受他人财物，为他人谋取利益，数额较大的，处五年以下有期徒刑或者拘役；数额巨大的，处五年以上有期徒刑，可以并处没收财产。 公司、企业或者其他单位的工作人员在经济往来中，利用职务上的便利，违反国家规定，收受各种名义的回扣、手续费，归个人所有的，依照前款的规定处罚。 国有公司、企业或者其他国有单位中从事公务的人员和国有公司、企业或者其他国有单位委派到非国有公司、企业以及其他单位从事公务的人员有前两款行为的，依照本法第三百八十五条、第三百八十六条的规定定罪处罚。 第六十七条［自首］犯罪以后自动投案，如实供述自己的罪行的，是自首。对于自首的犯罪分子，可以从轻或者减轻处罚。其中，犯罪较轻的，可以免除处罚。 被采取强制措施的犯罪嫌疑人、被告人和正在服刑的罪犯，如实供述司法机关还未掌握的本人其他罪行的，以自首论。 犯罪嫌疑人虽不具有前两款规定的自首情节，但是如实供述自己罪行的，可以从轻处罚；因其如实供述自己罪行，避免特别严重后果发生的，可以减轻处罚。 第六十四条［犯罪物品的处理］犯罪分子违法所得的一切财物，应当予以追缴或者责令退赔；对被害人的合法财产，应当及时返还；违禁品和供犯罪所用的本人财物，应当予以没收。没收的财物和罚金，一律上缴国库，不得挪用和自行处理。 第六十一条［量刑的事实根据与法律依据］对于犯罪分子决定刑罚的时候，应当根据犯罪的事实、犯罪的性质、情节和对于社会的危害程度，依照本法的有关规定判处。","writId":"03854df1c3fd37ec36352c951300f0b99ab","writName":"李某甲犯非国家工作人员受贿罪一审刑事判决书"}
