{"ajId":"66399cab-02b8-4b0b-9ce1-3508fe89801f","ajName":"彭贵勇、成龙走私、贩卖、运输、制造毒品罪一案","ajjbqk":" 公诉机关指控，被告人彭贵勇、成龙明知是毒品甲基苯丙胺而故意贩卖给他人，数量分别达28.47克和10.47克，其行为均已构成贩卖毒品罪。被告人彭贵勇、成龙系累犯；被告人成龙系毒品再犯。被告人彭贵勇有立功和坦白情节。同时当庭宣读、出示了相关证据，诉请本院依照《中华人民共和国刑法》第三百四十七条第一、三款、第二十五条、第六十五条第一款、第三百五十六条、第六十八条、第六十七条第三款之规定依法判处。 被告人彭贵勇对起诉书指控的事实无异议。其指定辩护人的辩护意见是：被告人彭贵勇具有立功和坦白情节，其法律意识淡薄，认罪态度较好，请求法庭对其从轻处罚。 被告人成龙辩称：其没有参与贩卖毒品。其辩护人的辩护意见是：1、被告人彭贵勇的供述不足以证明成龙参与了贩卖毒品：成龙与购买毒品的人没有接触，其给彭贵勇一小包毒品时没有取得任何财物；彭贵勇系吸毒人员，不能排除其身上另有毒品；彭贵勇的供述存在前后矛盾。2、证人张志海的证言只能证明成龙给了彭贵勇一包东西，但不能证明成龙参与了毒品交易。故被告人成龙犯贩卖毒品罪的证据不足。 经审理查明： 1、2013年3月份的一天，被告人彭贵勇伙同“光头”（另案处理）经事先联系，在嘉善县魏塘街道浒弄新村15幢3单元401室将重约9克的毒品甲基苯丙胺（俗称“冰毒”，以下简称“冰毒”）以2500元的价格贩卖给吸毒人员屠雪春（另案处理）。 2、2013年3月19日，被告人彭贵勇伙同他人经事先联系，在嘉善县魏塘街道浒弄新村15幢3单元401室将重约9克的冰毒以2700元的价格贩卖给吸毒人员屠雪春。 以上事实，有被告人彭贵勇的供述，证人屠雪春的证言，辨认笔录，情况说明等证据证实，足以认定。 3、2013年3月27日傍晚，吸毒人员屠雪春联系被告人彭贵勇购买10克冰毒，后彭贵勇联系被告人成龙。被告人成龙将一包净重为10.47克的冰毒交给彭贵勇贩卖，后彭贵勇在嘉善县魏塘街道浒弄新村15幢3单元401室准备将毒品贩卖给屠雪春时被公安民警当场抓获。 认定上述事实的主要证据如下： 1、被告人彭贵勇的供述，证实2013年3月27日其与被告人成龙经事先商量，从成龙处取得一包重约10克的冰毒预贩卖给吸毒人员屠雪春的事实。 2、被告人成龙的供述，证实2013年3月27日傍晚被告人彭贵勇电话联系其要毒品，后在车上其将一包用餐巾纸包裹的冰毒及一只电子秤交给彭贵勇的事实。 3、证人张志海的证言及辨认笔录，证实被告人彭贵勇事先经电话联系被告人成龙，后看到成龙在车上将一包用白色餐巾纸包好的东西和一把小电子秤交给了彭贵勇，并让彭贵勇注意安全，收到钱后打其电话，后将彭贵勇直接载至魏塘街道浒弄新村15幢3单元，彭贵勇途中没有打开那包用纸包好的东西的事实。 4、证人屠雪春的证言及辨认笔录，证实其电话联系被告人彭贵勇购买重约10克的冰毒，彭贵勇告知其要到其他人那里拿冰毒，后彭将一包用白色餐巾纸包好的冰毒送至其租房时被公安机关当场抓获的事实。 5、搜查笔录及照片，证实公安机关对位于嘉善县浒弄新村15幢3单元401室门口被告人彭贵勇放置冰毒的窗台进行搜查，发现一包疑似毒品、一只小型电子秤，现场称重冰毒为10.73克的事实。 6、扣押决定书、扣押清单及照片，证实公安机关从被告人彭贵勇处扣押白色诺基亚手机1部，重为10.73克疑似冰毒物品1包和小型电子秤1只；从被告人成龙处扣押黑色直板手机1部。 7、毒品理化检验报告，证实从被告人彭贵勇处扣押的可疑物品，经嘉兴市公安司法鉴定中心检验检出甲基苯丙胺成分，净重10.47克。 8、情况说明，证实2013年3月27日晚公安机关在对被告人彭贵勇进行隐蔽侦查过程中，未发现彭贵勇将那包用餐巾纸包裹的可疑物品打开的事实。 另查明，被告人彭贵勇归案后如实向公安机关供述了上述犯罪事实；被告人彭贵勇具有立功情节。 本案事实，另有户籍证明、抓获经过，情况说明，刑事判决书，释放证明，行政处罚决定书，毒品尿液检验报告等证据予以证实，足以认定。 关于被告人成龙及其辩护人提出成龙不构成贩卖毒品罪的意见，经查，首先，依据被告人彭贵勇的供述和证人张志海的证言，证实被告人彭贵勇事先与被告人成龙联系，后成龙将一包用白色餐巾纸包裹的可疑物品（后证实为冰毒）及一只电子秤交给了彭贵勇，且其言语表明该包冰毒是通过彭贵勇贩卖给他人，并不是赠送的事实。其次，依据证人张志海的证言、被告人彭贵勇的供述和公安机关出具的情况说明，证实该包冰毒从车上到证人屠雪春家中，彭贵勇没有打开过，排除该冰毒是其他人提供的可能，可以认定该冰毒是被告人成龙提供的事实。各证据之间能够相互印证，形成完整的证据锁链，足以认定被告人成龙犯贩卖毒品罪。故被告人成龙及辩护人就此所提不予采纳。 ","cpfxgc":"本院认为，被告人彭贵勇、成龙违反毒品管理法规，明知是毒品甲基苯丙胺仍贩卖给他人，数量分别达28.47克和10.47克，其行为均已构成贩卖毒品罪。公诉机关指控其所犯罪名成立，依法应予支持。被告人彭贵勇、成龙在被判处有期徒刑刑罚执行完毕后五年内再犯应当判处有期徒刑以上刑罚之罪，系累犯；被告人成龙因贩卖毒品罪被判过刑，又犯贩卖毒品罪，系毒品再犯，依法对两被告人从重处罚。被告人彭贵勇有立功和坦白情节，依法从轻处罚。被告人彭贵勇的指定辩护人的相关合理辩护意见予以采纳。为打击刑事犯罪，维护社会管理秩序，依照《中华人民共和国刑法》第三百四十七条第一、三款、第二十五条第一款、第六十五条第一款、第三百五十六条、第六十七条第三款、第六十八条、第六十四条之规定，判决如下：","pjjg":" 一、被告人彭贵勇犯贩卖毒品罪，判处有期徒刑八年六个月，并处罚金人民币10000元。 （刑期从判决执行之日起计算。判决执行以前先行羁押的，羁押一日，折抵刑期一日，即自2013年3月28日起至2021年9月27日止；罚金限判决生效后五日内缴纳）。 二、被告人成龙犯贩卖毒品罪，判处有期徒刑九年，并处罚金人民币10000元。 （刑期从判决执行之日起计算。判决执行以前先行羁押的，羁押一日，折抵刑期一日，即自2013年3月28日起至2022年3月27日止；罚金限判决生效后五日内缴纳）。 三、扣押在案手机2部、电子秤1只，依法予以没收。 如不服本判决，可在接到判决书的第二日起十日内，通过本院或者直接向浙江省嘉兴市中级人民法院提出上诉。书面上诉的，应当提交上诉状正本一份，副本二份。","qw":"浙江省嘉善县人民法院 刑事判决书 （2013）嘉善刑初字第647号 公诉机关浙江省嘉善县人民检察院。 被告人彭贵勇，又名彭贵刚。2010年1月8日因犯盗窃罪被本院判处拘役五个月；2011年1月7日因犯非法侵入住宅罪被本院判处有期徒刑十个月，同年6月18日刑满释放；2012年因吸毒被嘉善县公安局行政拘留五日。因本案于2013年3月28日被刑事拘留，同年5月3日被逮捕。现羁押于嘉善县看守所。 指定辩护人陈燕。 被告人成龙，又名成银。2002年7月3日因贩卖毒品罪被浙江省瑞安市人民法院判处有期徒刑十年，于2008年5月7日刑满释放。因本案于2013年3月28日被刑事拘留，同年5月3日被逮捕。现羁押于嘉善县看守所。 辩护人王惠明。 嘉善县人民检察院以善检刑诉（2013）504号起诉书指控被告人彭贵勇、成龙犯贩卖毒品罪，于2013年8月8日向本院提起公诉，本院依法组成合议庭，于2013年9月4日公开开庭审理了本案。嘉善县人民检察院指派检察员房永强、代理检察员周倩芸出庭支持公诉，二被告人及辩护人到庭参加诉讼。现已审理终结。 公诉机关指控，被告人彭贵勇、成龙明知是毒品甲基苯丙胺而故意贩卖给他人，数量分别达28.47克和10.47克，其行为均已构成贩卖毒品罪。被告人彭贵勇、成龙系累犯；被告人成龙系毒品再犯。被告人彭贵勇有立功和坦白情节。同时当庭宣读、出示了相关证据，诉请本院依照《中华人民共和国刑法》第三百四十七条第一、三款、第二十五条、第六十五条第一款、第三百五十六条、第六十八条、第六十七条第三款之规定依法判处。 被告人彭贵勇对起诉书指控的事实无异议。其指定辩护人的辩护意见是：被告人彭贵勇具有立功和坦白情节，其法律意识淡薄，认罪态度较好，请求法庭对其从轻处罚。 被告人成龙辩称：其没有参与贩卖毒品。其辩护人的辩护意见是：1、被告人彭贵勇的供述不足以证明成龙参与了贩卖毒品：成龙与购买毒品的人没有接触，其给彭贵勇一小包毒品时没有取得任何财物；彭贵勇系吸毒人员，不能排除其身上另有毒品；彭贵勇的供述存在前后矛盾。2、证人张志海的证言只能证明成龙给了彭贵勇一包东西，但不能证明成龙参与了毒品交易。故被告人成龙犯贩卖毒品罪的证据不足。 经审理查明： 1、2013年3月份的一天，被告人彭贵勇伙同“光头”（另案处理）经事先联系，在嘉善县魏塘街道浒弄新村15幢3单元401室将重约9克的毒品甲基苯丙胺（俗称“冰毒”，以下简称“冰毒”）以2500元的价格贩卖给吸毒人员屠雪春（另案处理）。 2、2013年3月19日，被告人彭贵勇伙同他人经事先联系，在嘉善县魏塘街道浒弄新村15幢3单元401室将重约9克的冰毒以2700元的价格贩卖给吸毒人员屠雪春。 以上事实，有被告人彭贵勇的供述，证人屠雪春的证言，辨认笔录，情况说明等证据证实，足以认定。 3、2013年3月27日傍晚，吸毒人员屠雪春联系被告人彭贵勇购买10克冰毒，后彭贵勇联系被告人成龙。被告人成龙将一包净重为10.47克的冰毒交给彭贵勇贩卖，后彭贵勇在嘉善县魏塘街道浒弄新村15幢3单元401室准备将毒品贩卖给屠雪春时被公安民警当场抓获。 认定上述事实的主要证据如下： 1、被告人彭贵勇的供述，证实2013年3月27日其与被告人成龙经事先商量，从成龙处取得一包重约10克的冰毒预贩卖给吸毒人员屠雪春的事实。 2、被告人成龙的供述，证实2013年3月27日傍晚被告人彭贵勇电话联系其要毒品，后在车上其将一包用餐巾纸包裹的冰毒及一只电子秤交给彭贵勇的事实。 3、证人张志海的证言及辨认笔录，证实被告人彭贵勇事先经电话联系被告人成龙，后看到成龙在车上将一包用白色餐巾纸包好的东西和一把小电子秤交给了彭贵勇，并让彭贵勇注意安全，收到钱后打其电话，后将彭贵勇直接载至魏塘街道浒弄新村15幢3单元，彭贵勇途中没有打开那包用纸包好的东西的事实。 4、证人屠雪春的证言及辨认笔录，证实其电话联系被告人彭贵勇购买重约10克的冰毒，彭贵勇告知其要到其他人那里拿冰毒，后彭将一包用白色餐巾纸包好的冰毒送至其租房时被公安机关当场抓获的事实。 5、搜查笔录及照片，证实公安机关对位于嘉善县浒弄新村15幢3单元401室门口被告人彭贵勇放置冰毒的窗台进行搜查，发现一包疑似毒品、一只小型电子秤，现场称重冰毒为10.73克的事实。 6、扣押决定书、扣押清单及照片，证实公安机关从被告人彭贵勇处扣押白色诺基亚手机1部，重为10.73克疑似冰毒物品1包和小型电子秤1只；从被告人成龙处扣押黑色直板手机1部。 7、毒品理化检验报告，证实从被告人彭贵勇处扣押的可疑物品，经嘉兴市公安司法鉴定中心检验检出甲基苯丙胺成分，净重10.47克。 8、情况说明，证实2013年3月27日晚公安机关在对被告人彭贵勇进行隐蔽侦查过程中，未发现彭贵勇将那包用餐巾纸包裹的可疑物品打开的事实。 另查明，被告人彭贵勇归案后如实向公安机关供述了上述犯罪事实；被告人彭贵勇具有立功情节。 本案事实，另有户籍证明、抓获经过，情况说明，刑事判决书，释放证明，行政处罚决定书，毒品尿液检验报告等证据予以证实，足以认定。 关于被告人成龙及其辩护人提出成龙不构成贩卖毒品罪的意见，经查，首先，依据被告人彭贵勇的供述和证人张志海的证言，证实被告人彭贵勇事先与被告人成龙联系，后成龙将一包用白色餐巾纸包裹的可疑物品（后证实为冰毒）及一只电子秤交给了彭贵勇，且其言语表明该包冰毒是通过彭贵勇贩卖给他人，并不是赠送的事实。其次，依据证人张志海的证言、被告人彭贵勇的供述和公安机关出具的情况说明，证实该包冰毒从车上到证人屠雪春家中，彭贵勇没有打开过，排除该冰毒是其他人提供的可能，可以认定该冰毒是被告人成龙提供的事实。各证据之间能够相互印证，形成完整的证据锁链，足以认定被告人成龙犯贩卖毒品罪。故被告人成龙及辩护人就此所提不予采纳。 本院认为，被告人彭贵勇、成龙违反毒品管理法规，明知是毒品甲基苯丙胺仍贩卖给他人，数量分别达28.47克和10.47克，其行为均已构成贩卖毒品罪。公诉机关指控其所犯罪名成立，依法应予支持。被告人彭贵勇、成龙在被判处有期徒刑刑罚执行完毕后五年内再犯应当判处有期徒刑以上刑罚之罪，系累犯；被告人成龙因贩卖毒品罪被判过刑，又犯贩卖毒品罪，系毒品再犯，依法对两被告人从重处罚。被告人彭贵勇有立功和坦白情节，依法从轻处罚。被告人彭贵勇的指定辩护人的相关合理辩护意见予以采纳。为打击刑事犯罪，维护社会管理秩序，依照《中华人民共和国刑法》第三百四十七条第一、三款、第二十五条第一款、第六十五条第一款、第三百五十六条、第六十七条第三款、第六十八条、第六十四条之规定，判决如下： 一、被告人彭贵勇犯贩卖毒品罪，判处有期徒刑八年六个月，并处罚金人民币10000元。 （刑期从判决执行之日起计算。判决执行以前先行羁押的，羁押一日，折抵刑期一日，即自2013年3月28日起至2021年9月27日止；罚金限判决生效后五日内缴纳）。 二、被告人成龙犯贩卖毒品罪，判处有期徒刑九年，并处罚金人民币10000元。 （刑期从判决执行之日起计算。判决执行以前先行羁押的，羁押一日，折抵刑期一日，即自2013年3月28日起至2022年3月27日止；罚金限判决生效后五日内缴纳）。 三、扣押在案手机2部、电子秤1只，依法予以没收。 如不服本判决，可在接到判决书的第二日起十日内，通过本院或者直接向浙江省嘉兴市中级人民法院提出上诉。书面上诉的，应当提交上诉状正本一份，副本二份。 审判长杨亮 人民陪审员丁金龙 人民陪审员章小珍 二〇一三年十一月七日 书记员娄佳萍","writId":"038abdc56588331060f896d5230ae17903b","writName":"彭贵勇、成龙走私、贩卖、运输、制造毒品罪一审刑事判决书"}
