{"ajId":"ef8c55d5-4b9f-41ab-a0bb-64e27d51d14b","ajName":"金林元虚假出资、抽逃出资罪，金林元非法吸收公众存款罪一案","ajjbqk":" 经审理查明， （一）抽逃出资事实 温州xx锁业有限公司成立于2010年3月31日，被告人金某甲系法定代表人，注册资本为人民币100万元。2011年11月份，被告人金某甲委托周某甲帮其代理该公司增资400万事宜，由周某甲联系他人垫资，其支付5万元作为相关费用。2011年11月25日，周某甲联系曾某垫资，并由曾某办理该公司的临时验资户开户。2011年11月29日，曾某把500万元存入到该临时验资户，同日取得温州xx会计事务所出具的验资报告，并经工商局核准，完成增资的工商登记事项变更。次日，曾某把该临时验资户上的500万元转出。之后，被告人金某甲在公司没有注册资本的情况下经营公司，导致公司难以正常营运，造成拖欠公司员工工资的严重后果。 （二）非法吸收公众存款事实 自2009年上半年开始，被告人金某甲以月息2分至6分的高额利息为诱饵陆续向潘某甲、叶某、孙某甲等31人借款2900余万元，用于支付之前的借款利息、购买物业、厂房以及用于工厂的生产经营。2012年4月，被告人金某甲因资金断链导致案发，至案发为止，被告人金某甲已归还本金334万元，支付利息1000多万元。 2012年4月6日，被告人金某甲因涉嫌犯拒不支付劳动报酬罪自动向公安机关投案。 以上事实，被告人金某甲在开庭审理过程中亦无异议，且有被害人潘某甲、章某、周某乙、叶某、王某、吴某、潘某乙、潘某丙、孙某甲、方某、周某丙、翁某、陈某甲、李某甲、麻某、周某丁、盛某、孙某乙、李某乙、郑某甲、徐某、杨某乙、陈某乙、袁某、胡某、潘某丁、虞某、陈某丙、夏某、缪某、郑某乙、潘某戊的陈述，证人周某甲、曾某、张某甲、杨某甲、张某乙的证言，借条、邮政储蓄银行对公结算账户对账单、银行卡交易明细、银行客户专用回单、企业法人营业执照、税务登记证及副本、公司档案、xx会计师事务所验资报告、公司变更提交材料、审计报告、扣押物品文件清单、农行往来明细，搜查笔录，抓获经过以及被告人金某甲的户籍证明等证据证实，足以认定。 ","cpfxgc":"本院认为，被告人金某甲作为公司发起人、股东，违反公司法的规定，抽逃出资，数额巨大；又违反国家金融管理法律规定，向社会不特定对象吸收资金，数额巨大，扰乱金融秩序，其行为已分别构成抽逃出资罪和非法吸收公众存款罪。被告人金某甲犯有数罪，应予数罪并罚。公诉机关指控的罪名成立，予以支持。鉴于被告人金某甲归案后如实供述自己非法吸收公众存款与抽逃出资的罪行，结合其具有自动投案情节，另外在非法吸收公众存款中，被告人金某甲已支付部分本金及利息，决定对被告人金某甲所犯的非法吸收公众存款罪与抽逃出资罪均予以从轻处罚。据此，依照《中华人民共和国刑法》第一百五十九条第一款、第一百七十六条第一款、第六十九条、第六十七条第三款的规定，判决如下：","pjjg":" 被告人金某甲犯抽逃出资罪，判处有期徒刑一年十个月，并处罚金人民币20万元；犯非法吸收公众存款罪，判处有期徒刑六年，并处罚金人民币30万元，决定执行有期徒刑七年，并处罚金人民币50万元。罚金限本判决生效之日起十日内缴纳。 （刑期从判决执行之日起计算。判决执行以前先行羁押的，羁押一日折抵刑期一日，即自2012年4月6日起至2019年4月5日止）。 如不服本判决，可在接到判决书的第二日起十日内，通过本院或者直接向温州市中级人民法院提出上诉。书面上诉的，应当提交上诉状正本一份，副本二份。","qw":"浙江省永嘉县人民法院 刑事判决书 （2013）温永刑初字第144号 公诉机关浙江省永嘉县人民检察院。 被告人金某甲。因涉嫌犯拒不支付劳动报酬罪，于2012年4月6日主动投案，同日被刑事拘留，同年5月11日因涉嫌犯抽逃出资罪被逮捕。现羁押于永嘉县看守所。 永嘉县人民检察院以永检刑诉（2012）1573号起诉书指控被告人金某甲犯抽逃出资罪、非法吸收公众存款罪，于2013年1月25日向本院提起公诉。本院于同日立案，并依法组成合议庭，于同年2月20日公开开庭审理了本案。永嘉县人民检察院指派代理检察员汪远静出庭支持公诉，被告人金某甲到庭参加诉讼。现已审理终结。 经审理查明， （一）抽逃出资事实 温州xx锁业有限公司成立于2010年3月31日，被告人金某甲系法定代表人，注册资本为人民币100万元。2011年11月份，被告人金某甲委托周某甲帮其代理该公司增资400万事宜，由周某甲联系他人垫资，其支付5万元作为相关费用。2011年11月25日，周某甲联系曾某垫资，并由曾某办理该公司的临时验资户开户。2011年11月29日，曾某把500万元存入到该临时验资户，同日取得温州xx会计事务所出具的验资报告，并经工商局核准，完成增资的工商登记事项变更。次日，曾某把该临时验资户上的500万元转出。之后，被告人金某甲在公司没有注册资本的情况下经营公司，导致公司难以正常营运，造成拖欠公司员工工资的严重后果。 （二）非法吸收公众存款事实 自2009年上半年开始，被告人金某甲以月息2分至6分的高额利息为诱饵陆续向潘某甲、叶某、孙某甲等31人借款2900余万元，用于支付之前的借款利息、购买物业、厂房以及用于工厂的生产经营。2012年4月，被告人金某甲因资金断链导致案发，至案发为止，被告人金某甲已归还本金334万元，支付利息1000多万元。 2012年4月6日，被告人金某甲因涉嫌犯拒不支付劳动报酬罪自动向公安机关投案。 以上事实，被告人金某甲在开庭审理过程中亦无异议，且有被害人潘某甲、章某、周某乙、叶某、王某、吴某、潘某乙、潘某丙、孙某甲、方某、周某丙、翁某、陈某甲、李某甲、麻某、周某丁、盛某、孙某乙、李某乙、郑某甲、徐某、杨某乙、陈某乙、袁某、胡某、潘某丁、虞某、陈某丙、夏某、缪某、郑某乙、潘某戊的陈述，证人周某甲、曾某、张某甲、杨某甲、张某乙的证言，借条、邮政储蓄银行对公结算账户对账单、银行卡交易明细、银行客户专用回单、企业法人营业执照、税务登记证及副本、公司档案、xx会计师事务所验资报告、公司变更提交材料、审计报告、扣押物品文件清单、农行往来明细，搜查笔录，抓获经过以及被告人金某甲的户籍证明等证据证实，足以认定。 本院认为，被告人金某甲作为公司发起人、股东，违反公司法的规定，抽逃出资，数额巨大；又违反国家金融管理法律规定，向社会不特定对象吸收资金，数额巨大，扰乱金融秩序，其行为已分别构成抽逃出资罪和非法吸收公众存款罪。被告人金某甲犯有数罪，应予数罪并罚。公诉机关指控的罪名成立，予以支持。鉴于被告人金某甲归案后如实供述自己非法吸收公众存款与抽逃出资的罪行，结合其具有自动投案情节，另外在非法吸收公众存款中，被告人金某甲已支付部分本金及利息，决定对被告人金某甲所犯的非法吸收公众存款罪与抽逃出资罪均予以从轻处罚。据此，依照《中华人民共和国刑法》第一百五十九条第一款、第一百七十六条第一款、第六十九条、第六十七条第三款的规定，判决如下： 被告人金某甲犯抽逃出资罪，判处有期徒刑一年十个月，并处罚金人民币20万元；犯非法吸收公众存款罪，判处有期徒刑六年，并处罚金人民币30万元，决定执行有期徒刑七年，并处罚金人民币50万元。罚金限本判决生效之日起十日内缴纳。 （刑期从判决执行之日起计算。判决执行以前先行羁押的，羁押一日折抵刑期一日，即自2012年4月6日起至2019年4月5日止）。 如不服本判决，可在接到判决书的第二日起十日内，通过本院或者直接向温州市中级人民法院提出上诉。书面上诉的，应当提交上诉状正本一份，副本二份。 审判长郑黎明 人民陪审员徐同显 人民陪审员徐玉龙 二〇一三年四月二日 代书记员李佳儒","writId":"010d60d872db2aacba4893384798721a9e6","writName":"金林元虚假出资、抽逃出资罪，金林元非法吸收公众存款罪一审刑事判决书"}
