{"ajId":"a8173636-726c-43fa-aa4a-a518c8c6291b","ajName":"洪强走私、贩卖、运输、制造毒品一案","ajjbqk":" 上海市杨浦区人民检察院起诉书指控，2018年5月29日13时许，被告人洪强与购毒人员夏某经事先联系，在本市虹口区江西北路、七浦路口附近，将2.84克甲基苯丙胺（冰毒）以人民币2，550元的价格贩卖给夏某后，被民警抓获。另民警从被告人洪强身上查获1.87克甲基苯丙胺，从洪强位于本市黄浦区中山南路XXX弄XXX号XXX室的住处内共查获73.79克甲基苯丙胺。 起诉书指控认为，被告人洪强贩卖毒品甲基苯丙胺78.5克，其行为已触犯《中华人民共和国刑法》第三百四十七条第一款、第二款，应以贩卖毒品罪追究其刑事责任。被告人洪强到案后如实供述自己的罪行，根据《中华人民共和国刑法》第六十七条第三款，可从轻处罚。 起诉书原认定被告人洪强揭发他人犯罪行为，查证属实，根据《中华人民共和国刑法》第六十八条的规定，应当认定有立功表现，可以从轻或减轻处罚；变更起诉决定书对该内容予以撤销。 被告人洪强对指控事实无异议，承认向购毒人员夏某贩卖毒品，但辩解，对于从其住所中查获的毒品，其无贩卖的故意及行为，不应计入贩卖数量。 辩护人何冬梅对指控被告人洪强向购毒人员夏某贩卖毒品的事实及构成贩卖毒品罪无异议，但辩称，对于从洪强住所查获的毒品甲基苯丙胺73.79克应定非法持有毒品罪，洪强系初犯，到案后如实供述自己罪行，具有坦白情节，涉案毒品未流入社会，建议对被告人洪强以贩卖毒品罪、非法持有毒品罪数罪并罚。 公诉人答辩，被告人洪强因贩卖毒品被抓获，根据规定，在其住所查获的毒品均应计入贩卖毒品的数量。 经审理查明，2018年5月29日13时许，被告人洪强与购毒人员夏某经事先联系，在本市虹口区江西北路七浦路口附近，将甲基苯丙胺（冰毒）2.84克以人民币2，550元的价格贩卖给夏某，随即被民警人赃俱获，之后民警从被告人洪强身上查获甲基苯丙胺1.87克，从本市黄浦区中山南路XXX弄XXX号XXX室洪强住所内查获其甲基苯丙胺73.79克。 以上事实，有下列证据为证： 1．证人夏某的证言及辨认笔录，证明2018年5月29日中午，经其与被告人洪强事先联系，以人民币2，550元的价格向洪强购买甲基苯丙胺3克，当日13时许，其至约定地点本市虹口区江西北路七浦路口附近与洪强交易，洪将一包疑似毒品的黄色晶体贩卖给其，后被民警人赃俱获等情况。 2．证人赵某、刘某某的证言，上海市公安局杨浦分局五角场环岛治安派出所出具的工作情况记录，证明2018年5月29日，夏某经与被告人洪强事先联系，以人民币2，550元的价格向洪强购买甲基苯丙胺，当日13时许，夏某至约定地点本市虹口区江西北路七浦路口附近与洪强交易后，民警抓获洪强，后从洪强身上及住所查获涉案毒品等情况。 3．上海市公安局杨浦分局证据提取笔录及照片，证明公安机关调取被告人洪强与夏某手机中的联系记录，印证其二人进行联络的情况。 4．上海市公安局杨浦分局搜查笔录，扣押清单，提取、扣押笔录，称重、取样笔录及称重照片，上海市浦东新区计量质量检测所检定证书，证明公安机关查获涉案毒品、毒资和被告人洪强用于联系贩毒的手机一部，以及使用专用衡器对毒品进行称重等情况。 5．上海市毒品检验中心检验报告，证明涉案毒品均系甲基苯丙胺。 6．被告人洪强的供述。 上述证据均经庭审质证属实，足以认定本案事实。 ","cpfxgc":"本院认为，被告人洪强贩卖毒品甲基苯丙胺2.84克，其行为已构成贩卖毒品罪，洪强因贩卖毒品被抓获后，从其住所等处查获的毒品依法应认定为其贩卖的毒品，故对于从被告人洪强身上及住所查获的甲基苯丙胺75.66克均应一并计入贩卖毒品数量，公诉机关指控罪名成立，对被告人洪强依法应予处罚。被告人洪强虽就其部分行为的性质存在辩解，但能如实供述基本犯罪事实，故依法可以从轻处罚。为严肃国法，维护社会管理秩序，依照《中华人民共和国刑法》第三百四十七条第一款、第二款第一项，第六十七条第三款，第五十五条第一款，第五十六条第一款，第六十四条之规定，判决如下：","pjjg":" 一、被告人洪强犯贩卖毒品罪，判处有期徒刑十五年，剥夺政治权利五年，没收财产人民币三万元； （刑期从判决执行之日起计算。判决执行以前先行羁押的，羁押一日折抵刑期一日，即自2018年5月29日起至2033年5月28日止。） 二、涉案毒资予以追缴，毒品及犯罪工具予以没收。 如不服本判决，可在接到判决书的第二日起十日内，通过本院或者直接向上海市第二中级人民法院提出上诉。书面上诉的，应当提交上诉状正本一份，副本一份。","qw":"上海市杨浦区人民法院 刑事判决书 （2018）沪0110刑初821号 公诉机关上海市杨浦区人民检察院。 被告人洪强，男，1978年4月24日出生，汉族，住上海市黄浦区。 辩护人何冬梅，上海沪立律师事务所律师。 上海市杨浦区人民检察院以沪杨检一部刑诉（2018）194号起诉书指控被告人洪强犯贩卖毒品罪，于2018年9月20日向本院提起公诉并建议适用简易程序，同年10月30日该院以沪杨检一部刑变诉（2018）9号变更起诉决定书提出变更起诉。本院于2018年11月2日决定转为普通程序审理。经上海市第二中级人民法院指定本院审判，本院依法组成合议庭，适用普通程序，公开开庭审理了本案。上海市杨浦区人民检察院指派检察员徐中怀出庭支持公诉，被告人洪强及其辩护人何冬梅到庭参加诉讼。现已审理终结。 上海市杨浦区人民检察院起诉书指控，2018年5月29日13时许，被告人洪强与购毒人员夏某经事先联系，在本市虹口区江西北路、七浦路口附近，将2.84克甲基苯丙胺（冰毒）以人民币2，550元的价格贩卖给夏某后，被民警抓获。另民警从被告人洪强身上查获1.87克甲基苯丙胺，从洪强位于本市黄浦区中山南路XXX弄XXX号XXX室的住处内共查获73.79克甲基苯丙胺。 起诉书指控认为，被告人洪强贩卖毒品甲基苯丙胺78.5克，其行为已触犯《中华人民共和国刑法》第三百四十七条第一款、第二款，应以贩卖毒品罪追究其刑事责任。被告人洪强到案后如实供述自己的罪行，根据《中华人民共和国刑法》第六十七条第三款，可从轻处罚。 起诉书原认定被告人洪强揭发他人犯罪行为，查证属实，根据《中华人民共和国刑法》第六十八条的规定，应当认定有立功表现，可以从轻或减轻处罚；变更起诉决定书对该内容予以撤销。 被告人洪强对指控事实无异议，承认向购毒人员夏某贩卖毒品，但辩解，对于从其住所中查获的毒品，其无贩卖的故意及行为，不应计入贩卖数量。 辩护人何冬梅对指控被告人洪强向购毒人员夏某贩卖毒品的事实及构成贩卖毒品罪无异议，但辩称，对于从洪强住所查获的毒品甲基苯丙胺73.79克应定非法持有毒品罪，洪强系初犯，到案后如实供述自己罪行，具有坦白情节，涉案毒品未流入社会，建议对被告人洪强以贩卖毒品罪、非法持有毒品罪数罪并罚。 公诉人答辩，被告人洪强因贩卖毒品被抓获，根据规定，在其住所查获的毒品均应计入贩卖毒品的数量。 经审理查明，2018年5月29日13时许，被告人洪强与购毒人员夏某经事先联系，在本市虹口区江西北路七浦路口附近，将甲基苯丙胺（冰毒）2.84克以人民币2，550元的价格贩卖给夏某，随即被民警人赃俱获，之后民警从被告人洪强身上查获甲基苯丙胺1.87克，从本市黄浦区中山南路XXX弄XXX号XXX室洪强住所内查获其甲基苯丙胺73.79克。 以上事实，有下列证据为证： 1．证人夏某的证言及辨认笔录，证明2018年5月29日中午，经其与被告人洪强事先联系，以人民币2，550元的价格向洪强购买甲基苯丙胺3克，当日13时许，其至约定地点本市虹口区江西北路七浦路口附近与洪强交易，洪将一包疑似毒品的黄色晶体贩卖给其，后被民警人赃俱获等情况。 2．证人赵某、刘某某的证言，上海市公安局杨浦分局五角场环岛治安派出所出具的工作情况记录，证明2018年5月29日，夏某经与被告人洪强事先联系，以人民币2，550元的价格向洪强购买甲基苯丙胺，当日13时许，夏某至约定地点本市虹口区江西北路七浦路口附近与洪强交易后，民警抓获洪强，后从洪强身上及住所查获涉案毒品等情况。 3．上海市公安局杨浦分局证据提取笔录及照片，证明公安机关调取被告人洪强与夏某手机中的联系记录，印证其二人进行联络的情况。 4．上海市公安局杨浦分局搜查笔录，扣押清单，提取、扣押笔录，称重、取样笔录及称重照片，上海市浦东新区计量质量检测所检定证书，证明公安机关查获涉案毒品、毒资和被告人洪强用于联系贩毒的手机一部，以及使用专用衡器对毒品进行称重等情况。 5．上海市毒品检验中心检验报告，证明涉案毒品均系甲基苯丙胺。 6．被告人洪强的供述。 上述证据均经庭审质证属实，足以认定本案事实。 本院认为，被告人洪强贩卖毒品甲基苯丙胺2.84克，其行为已构成贩卖毒品罪，洪强因贩卖毒品被抓获后，从其住所等处查获的毒品依法应认定为其贩卖的毒品，故对于从被告人洪强身上及住所查获的甲基苯丙胺75.66克均应一并计入贩卖毒品数量，公诉机关指控罪名成立，对被告人洪强依法应予处罚。被告人洪强虽就其部分行为的性质存在辩解，但能如实供述基本犯罪事实，故依法可以从轻处罚。为严肃国法，维护社会管理秩序，依照《中华人民共和国刑法》第三百四十七条第一款、第二款第一项，第六十七条第三款，第五十五条第一款，第五十六条第一款，第六十四条之规定，判决如下： 一、被告人洪强犯贩卖毒品罪，判处有期徒刑十五年，剥夺政治权利五年，没收财产人民币三万元； （刑期从判决执行之日起计算。判决执行以前先行羁押的，羁押一日折抵刑期一日，即自2018年5月29日起至2033年5月28日止。） 二、涉案毒资予以追缴，毒品及犯罪工具予以没收。 如不服本判决，可在接到判决书的第二日起十日内，通过本院或者直接向上海市第二中级人民法院提出上诉。书面上诉的，应当提交上诉状正本一份，副本一份。 审判长李晓东 人民陪审员陆金芳 人民陪审员徐力勤 二〇一八年十一月二十六日 书记员潘方晴 附：相关法律条文 《中华人民共和国刑法》 第三百四十七条走私、贩卖、运输、制造毒品，无论数量多少，都应当追究刑事责任，予以刑事处罚。 走私、贩卖、运输、制造毒品，有下列情形之一的，处十五年有期徒刑、无期徒刑或者死刑，并处没收财产： （一）走私、贩卖、运输、制造鸦片一千克以上、海洛因或者甲基苯丙胺五十克以上或者其他毒品数量大的； …… 第六十七条…… 犯罪嫌疑人虽不具有前两款规定的自首情节，但是如实供述自己罪行的，可以从轻处罚；因其如实供述自己罪行，避免特别严重后果发生的，可以减轻处罚。 第五十五条剥夺政治权利的期限，除本法第五十七条规定外，为一年以上五年以下。 …… 第五十六条对于危害国家安全的犯罪分子应当附加剥夺政治权利；对于故意杀人、强奸、放火、爆炸、投毒、抢劫等严重破坏社会秩序的犯罪分子，可以附加剥夺政治权利。 …… 第六十四条犯罪分子违法所得的一切财物，应当予以追缴或者责令退赔；对被害人的合法财产，应当及时返还；违禁品和供犯罪所用的本人财物，应当予以没收。没收的财物和罚金，一律上缴国库，不得挪用和自行处理。","writId":"022bda14cde4b89ae1ec25e022acaaab9d0","writName":"洪强走私、贩卖、运输、制造毒品一审刑事判决书"}
