{"ajId":"5d442751-13ee-47e3-9368-b7697d86bee3","ajName":"高鹏贩卖毒品一案","ajjbqk":" 重庆市渝北区人民检察院指控，2016年10月30日O时许，被告人高鹏在张某通过电话向其求购毒品并收取张某通过微信支付的400元毒资后，到重庆市渝北区XX路XX耍城KTVXX房间内，将2包甲基苯丙胺（冰毒，净重分别为0.21克、0.74克）和1粒甲基苯丙胺片剂（俗称“麻古”，净重0.11克）贩卖给张某，并收取剩余的200元毒资，交易完成后即被民警抓获。 被告人高鹏到案后，如实供述了贩卖毒品的事实。 上述事实，被告人高鹏在开庭审理过程中亦无异议。并有报警案件登记表、受案登记表、立案决定书；到案经过；被告人高鹏的户籍信息；被告人高鹏的供述和辩解；证人张某的证言；辨认笔录；提取笔录；扣押文件清单；毒品称重记录及照片；毒品检材提取笔录；指认毒品照片；微信聊天及转账记录；通话记录；领款条；刑事案件现场指认笔录及照片；情况说明；物证检验报告等证据证实，足以认定。 ","cpfxgc":"本院认为，被告人高鹏违反国家对毒品的管理法规，向他人贩卖含有甲基苯丙胺的毒品1.06克，损害他人身体健康，其行为已构成贩卖毒品罪。公诉机关指控的犯罪事实清楚，证据确实、充分，罪名成立。被告人高鹏到案后如实供述自己的犯罪事实，具有坦白情节，依法可从轻处罚。对被告人高鹏贩卖的毒品，依法应予没收。依照《中华人民共和国刑法》第三百四十七条第四款、第六十七条第三款、第五十二条、第五十三条、第六十四条之规定，判决如下：","pjjg":" 一、被告人高鹏犯贩卖毒品罪，判处有期徒刑十一个月，并处罚金2000元。 （刑期从判决执行之日起计算。判决执行以前先行羁押的，羁押一日折抵刑期一日。即自2016年10月30日起至2017年9月29日止。罚金限判决生效后10日内缴纳）。 二、对涉案的毒品1.06克予以没收。 如不服本判决，可在接到判决书的第二日起十日内，通过本院或者直接向重庆市第一中级人民法院提出上诉。书面上诉的，应提交上诉状正本一份，副本二份。","qw":"重庆市渝北区人民法院 刑事判决书 （2016）渝0112刑初1589号 公诉机关重庆市渝北区人民检察院。 被告人高鹏，男，1992年8月15日出生于重庆市北碚区，汉族，高中文化，农民，住重庆市北碚区。因涉嫌犯贩卖毒品罪，2016年10月30日被重庆市公安局渝北区分局刑事拘留，同年11月9日被逮捕。现押于重庆市渝北区看守所。 重庆市渝北区人民检察院以渝北检刑诉［2016］1569号起诉书指控被告人高鹏犯贩卖毒品罪，于2016年11月23日向本院提起公诉。本院依法适用简易程序，实行独任审判，公开开庭审理了本案。重庆市渝北区人民检察院指派代理检察员高鹏里出庭支持公诉，被告人高鹏到庭参加了诉讼。现已审理终结。 重庆市渝北区人民检察院指控，2016年10月30日O时许，被告人高鹏在张某通过电话向其求购毒品并收取张某通过微信支付的400元毒资后，到重庆市渝北区XX路XX耍城KTVXX房间内，将2包甲基苯丙胺（冰毒，净重分别为0.21克、0.74克）和1粒甲基苯丙胺片剂（俗称“麻古”，净重0.11克）贩卖给张某，并收取剩余的200元毒资，交易完成后即被民警抓获。 被告人高鹏到案后，如实供述了贩卖毒品的事实。 上述事实，被告人高鹏在开庭审理过程中亦无异议。并有报警案件登记表、受案登记表、立案决定书；到案经过；被告人高鹏的户籍信息；被告人高鹏的供述和辩解；证人张某的证言；辨认笔录；提取笔录；扣押文件清单；毒品称重记录及照片；毒品检材提取笔录；指认毒品照片；微信聊天及转账记录；通话记录；领款条；刑事案件现场指认笔录及照片；情况说明；物证检验报告等证据证实，足以认定。 本院认为，被告人高鹏违反国家对毒品的管理法规，向他人贩卖含有甲基苯丙胺的毒品1.06克，损害他人身体健康，其行为已构成贩卖毒品罪。公诉机关指控的犯罪事实清楚，证据确实、充分，罪名成立。被告人高鹏到案后如实供述自己的犯罪事实，具有坦白情节，依法可从轻处罚。对被告人高鹏贩卖的毒品，依法应予没收。依照《中华人民共和国刑法》第三百四十七条第四款、第六十七条第三款、第五十二条、第五十三条、第六十四条之规定，判决如下： 一、被告人高鹏犯贩卖毒品罪，判处有期徒刑十一个月，并处罚金2000元。 （刑期从判决执行之日起计算。判决执行以前先行羁押的，羁押一日折抵刑期一日。即自2016年10月30日起至2017年9月29日止。罚金限判决生效后10日内缴纳）。 二、对涉案的毒品1.06克予以没收。 如不服本判决，可在接到判决书的第二日起十日内，通过本院或者直接向重庆市第一中级人民法院提出上诉。书面上诉的，应提交上诉状正本一份，副本二份。 审判员鄢寒秋 二〇一六年十二月六日 书记员黄冰心","writId":"058614d3f8854127264379af20e75087e45","writName":"高鹏贩卖毒品一审刑事判决书"}
