{"ajId":"3af519f6-91fd-4c6d-b2a3-838a90591d43","ajName":"顾斌斌诈骗一案","ajjbqk":" 北京市东城区人民检察院指控并经本院审理查明，2018年8月间，被告人顾斌斌虚构本人仍具有泰康人寿保险有限责任公司北京分公司保险代理资格的事实，以能够为被害人赵某办理相关业务为由，持个人名下POS机，在本市东城区美术馆后街63号被害人的家中，骗得赵某的钱款共计人民币7万元。被害人于2018年12月15日报警。被告人顾斌斌于2018年12月17日至21日向赵某退还全部钱款，后于2018年12月28日被抓获到案。案发时使用的POS机等已起获并在案扣押。顾斌斌供述涉案钱款曾用于偿还个人债务。 上述事实，被告人顾斌斌在开庭审理过程中亦无异议，并有受案登记表，到案经过，搜查证，搜查笔录，扣押清单，照片，微信聊天记录截图，微信转账记录截图，银行账户交易明细，涉案商户交易明细，收据，泰康人寿保险有限责任公司北京分公司出具的情况说明，保险代理合同，谅解书，司法鉴定意见书，证人陈某的证言，被害人赵某的陈述，被告人顾斌斌的供述及身份证明材料等证据证实，足以认定。 ","cpfxgc":"本院认为，被告人顾斌斌以非法占有为目的，虚构事实，隐瞒真相，骗取他人钱财，数额较大，其行为侵犯了公民的财产权利，已构成诈骗罪，依法应予刑罚处罚。北京市东城区人民检察院对被告人顾斌斌的指控成立。被告人顾斌斌诈骗老年人的财物，本院对其酌情从严惩处。鉴于被告人顾斌斌到案后能够如实供述犯罪事实，且积极退赔了被害人的全部损失并取得谅解，本院依法对其从轻处罚并宣告缓刑。辩护人的合理辩护意见，本院予以采纳。本院为严肃国法，保护公民的财产权利不受侵犯，对被告人顾斌斌依照《中华人民共和国刑法》第二百六十六条，第五十二条，第五十三条，第七十二条第一款、第三款，第七十三条第二款、第三款，第六十七条第三款，第六十四条之规定，判决如下：","pjjg":" 一、被告人顾斌斌犯诈骗罪，判处有期徒刑一年，缓刑一年，并处罚金人民币一万元（缓刑考验期限，从判决确定之日起计算。罚金限本判决生效后7日内缴清）。 二、未随案移送的金融POS终端机一台、手机一部、银行卡一张，由扣押机关依法处理。 如不服本判决，可在接到判决书的第二日起十日内，通过本院或者直接向北京市第二中级人民法院提出上诉。书面上诉的，应当提交上诉状正本一份，副本两份。","qw":"北京市东城区人民法院 刑事判决书 （2019）京0101刑初255号 公诉机关北京市东城区人民检察院。 被告人顾斌斌，男，1985年12月3日出生于内蒙古自治区根河市，公民身份号码×××，汉族，大学文化，无业，住北京市通州区；因涉嫌犯诈骗罪于2018年12月28日被刑事拘留，2019年1月11日被取保候审。 辩护人张云勇，北京衡熠律师事务所律师。 北京市东城区人民检察院以京东检一部刑诉（2019）217号起诉书指控被告人顾斌斌犯诈骗罪，于2019年4月9日向本院提起公诉。本院依法适用简易程序，实行独任审判，公开开庭审理了本案。北京市东城区人民检察院指派检察员石青川出庭支持公诉，被告人顾斌斌到庭参加诉讼。现已审理终结。 北京市东城区人民检察院指控并经本院审理查明，2018年8月间，被告人顾斌斌虚构本人仍具有泰康人寿保险有限责任公司北京分公司保险代理资格的事实，以能够为被害人赵某办理相关业务为由，持个人名下POS机，在本市东城区美术馆后街63号被害人的家中，骗得赵某的钱款共计人民币7万元。被害人于2018年12月15日报警。被告人顾斌斌于2018年12月17日至21日向赵某退还全部钱款，后于2018年12月28日被抓获到案。案发时使用的POS机等已起获并在案扣押。顾斌斌供述涉案钱款曾用于偿还个人债务。 上述事实，被告人顾斌斌在开庭审理过程中亦无异议，并有受案登记表，到案经过，搜查证，搜查笔录，扣押清单，照片，微信聊天记录截图，微信转账记录截图，银行账户交易明细，涉案商户交易明细，收据，泰康人寿保险有限责任公司北京分公司出具的情况说明，保险代理合同，谅解书，司法鉴定意见书，证人陈某的证言，被害人赵某的陈述，被告人顾斌斌的供述及身份证明材料等证据证实，足以认定。 本院认为，被告人顾斌斌以非法占有为目的，虚构事实，隐瞒真相，骗取他人钱财，数额较大，其行为侵犯了公民的财产权利，已构成诈骗罪，依法应予刑罚处罚。北京市东城区人民检察院对被告人顾斌斌的指控成立。被告人顾斌斌诈骗老年人的财物，本院对其酌情从严惩处。鉴于被告人顾斌斌到案后能够如实供述犯罪事实，且积极退赔了被害人的全部损失并取得谅解，本院依法对其从轻处罚并宣告缓刑。辩护人的合理辩护意见，本院予以采纳。本院为严肃国法，保护公民的财产权利不受侵犯，对被告人顾斌斌依照《中华人民共和国刑法》第二百六十六条，第五十二条，第五十三条，第七十二条第一款、第三款，第七十三条第二款、第三款，第六十七条第三款，第六十四条之规定，判决如下： 一、被告人顾斌斌犯诈骗罪，判处有期徒刑一年，缓刑一年，并处罚金人民币一万元（缓刑考验期限，从判决确定之日起计算。罚金限本判决生效后7日内缴清）。 二、未随案移送的金融POS终端机一台、手机一部、银行卡一张，由扣押机关依法处理。 如不服本判决，可在接到判决书的第二日起十日内，通过本院或者直接向北京市第二中级人民法院提出上诉。书面上诉的，应当提交上诉状正本一份，副本两份。 审判员林梅梅 二〇一九年四月十八日 法官助理佟飞 书记员徐一微","writId":"055cb9b8a967afb0d042d431c4932675592","writName":"顾斌斌诈骗一审刑事判决书"}
