{"ajId":"03a8168e-7255-4bef-aa88-5d6804469b70","ajName":"安旺东、白兴花等十四人赌博一案","ajjbqk":" 朔州市朔城区人民检察院指控： 1．被告人安旺东（又名东东）自2009年以来，伙同孙洪福、宫XX（二人均已判刑）、“大光”（在逃）受蔺野（已判刑）的指使，向朔城区开设赌场的李X、张XX、史金刚、赵XX、高XX（五人均已判刑）、张二等人强行索取赌场保护费和放高利贷，其中向李X、张XX、宋志强的赌场分别收取保护费现金8000元、4000元、1300元，在史金刚的赌场上放高利贷获利4400元现金。 2.2011年10月份以来，被告人白兴花（又名二白）伙同高XX等人在朔城区三千里烧烤店南100米路西的平房内，用牌九推点点的方式组织20多人连续赌博十多天，从中谋取利益。 3.2009年1月份至2011年10月份，被告人朱强、杨玉、王高平（另案处理）、田志荣伙同史金刚、靳XX（二人均已判刑）等人，租住被告人张建岗位于朔城区现代商场南门临街门面房三楼内，多次组织参赌人员聚众赌博，参股经营赌场并从中抽头渔利。被告人张建岗明知史金刚等人租房用于赌博活动且因为赌博被公安机关打击处理过，还将自己的二、三楼租给他们，为赌博活动提供场地并从中牟利。 4.2007年以来，被告人鲁玉花、赵雄，陈玉花，杨玉多次在朔城区高升庄村、照什八庄村等地胡XX等人开设的赌场上，参与聚众赌博，并放高利贷从中牟利。 5．自2010年以来，被告人潘秀芬、安东升伙同李X、张XX（均已判刑）等人在平朔生活区六区26号楼2单元102室及五区51号楼2单元101室以开设麻将馆为名，多次组织参赌人员聚众赌博，参股经营赌场，放底抽红，非法牟利。 6．自2010年10月份以来，被告人韩日翔伙同高XX（已判刑）等人在朔城区小村三千里烧烤附近的平房内组织20多人聚众赌博。2011年8—9月份，被告人韩日翔伙同刘四等人在朔城区东兴街一家门房内组织20多人进行聚众赌博，在此期间，单宏达、张XX（均已判刑）在赌场上发放高利贷，为赌场服务。 7.2010年10月份以来，被告人宋志强、张日高伙同赵XX、蒯XX（均已判刑）等人合伙在朔城区西峰宾馆附近的一间平房内多次组织参赌人员聚众赌博，参股经营赌场，从中抽头渔利。 公诉机关同时提供书证、证人证言、被告人供述与辩解等证据予以证实，认为被告人安旺东、白兴花、朱强、杨玉、鲁玉花、赵雄、张建岗、潘秀芬、安东升、韩日翔、陈玉花、田志荣、张日高、宋志强之行为均已构成赌博罪，提请法院予以判处。 被告人安旺东对指控其犯罪事实供认不讳，但辩称钱都是宫XX给的。 被告人白兴花辩称其只是参与赌博，没有组织人员聚众赌博。 被告人朱强对指控其犯罪事实供认不讳。 被告人杨玉对指控其犯罪事实供认不讳。 被告人鲁玉花对指控其犯罪事实供认不讳。 被告人赵雄对指控其犯罪事实供认不讳。 被告人张建岗对指控其犯罪事实供认不讳。 被告人潘秀芬对指控其犯罪事实供认不讳。 被告人安东升对指控其犯罪事实供认不讳。 被告人韩日翔对指控其犯罪事实供认不讳。 被告人陈玉花对指控其犯罪事实供认不讳。 被告人田志荣对指控其犯罪事实供认不讳。 被告人张日高对指控其犯罪事实供认不讳。 被告人宋志强对指控其犯罪事实供认不讳。 经审理查明： 1．被告人安旺东（又名东东）自2009年以来，伙同孙洪福、宫XX（二人均已判刑）、“大光”（在逃）受蔺野（已判刑）的指使，向朔城区开设赌场的李X、张XX、史金刚、赵XX、高XX（五人均已判刑）、张二等人强行索取赌场保护费和放高利贷，其中向李X、张XX、宋志强的赌场分别收取保护费现金8000元、4000元、1300元，在史金刚的赌场上放高利贷获利4400元现金。 2.2011年10月份以来，被告人白兴花（又名二白）伙同高XX等人在朔城区三千里烧烤店南100米路西的平房内，用牌九推点点的方式组织20多人连续赌博十多天，从中谋取利益。 3.2009年1月份至2011年10月份，被告人朱强、杨玉、王高平（另案处理）、田志荣伙同史金刚、靳XX（二人均已判刑）等人，租住被告人张建岗位于朔城区现代商场南门临街门面房三楼内，多次组织参赌人员聚众赌博，参股经营赌场并从中抽头渔利。被告人张建岗明知史金刚等人租房用于赌博活动且因为赌博被公安机关打击处理过，还将自己的二、三楼租给他们，为赌博活动提供场地并从中牟利。 4.2007年以来，被告人鲁玉花、赵雄，陈玉花，杨玉多次在朔城区高升庄村、照什八庄村等地胡XX等人开设的赌场上，参与聚众赌博，并放高利贷从中牟利。 5．自2010年以来，被告人潘秀芬、安东升伙同李X、张XX（均已判刑）等人在平朔生活区六区26号楼2单元102室及五区51号楼2单元101室以开设麻将馆为名，多次组织参赌人员聚众赌博，参股经营赌场，放底抽红，非法牟利。 6．自2010年10月份以来，被告人韩日翔伙同高XX（已判刑）等人在朔城区小村三千里烧烤附近的平房内组织20多人聚众赌博。2011年8—9月份，被告人韩日翔伙同刘四等人在朔城区东兴街一家门房内组织20多人进行聚众赌博，在此期间，单宏达、张XX（均已判刑）在赌场上发放高利贷，为赌场服务。 7.2010年10月份以来，被告人宋志强、张日高伙同赵XX、蒯XX（均已判刑）等人合伙在朔城区西峰宾馆附近的一间平房内多次组织参赌人员聚众赌博，参股经营赌场，从中抽头渔利。 证实上述事实的证据有： 一、书证。 1、犯罪嫌疑人基本情况证实被告人安旺东、白兴花、朱强、杨玉、鲁玉花、赵雄、张建岗、潘秀芬、安东升、韩日翔、陈玉花、田志荣、张日高、宋志强的前科情况。2、抓获经过、朔州市公安局朔城分局治安大队证明证实被告人安旺东、白兴花、朱强、杨玉被抓捕归案，被告人鲁玉花、赵雄、张建岗、潘秀芬、安东升、韩日翔、陈玉花、田志荣、张日高、宋志强主动投案。3、（2012）朔刑初字第143号刑事判决书证实，蔺野、胡XX、孙洪福、赵XX、蒯XX、史金刚、李X、张XX、高XX、单宏达、靳XX等人被判刑的事实。4、常住人口信息证实各被告人的基本情况。 二、证人证言。 1．证人靳XX的证言证实，其在朔城区现代商场南门东侧一间麻将馆内开设赌场，“大伟”、“东东”在赌场上放高利贷，该房屋是向张建岗租赁的。2．证人赵XX、蒯XX的证言证实，其和“杨大”、“老蒯”、“宋二根”、张日高等人在朔城区西峰宾馆附近一间平房内组织赌博。3．证人祁XX的证言证实，其在朔城区南关的一个赌场赌博，东北人“小野”的几个手下在赌场内放高利贷，其只认识“东东”和“昆仑”。4．证人谭XX的证言证实，其在史金刚开设的赌场上参与赌博，该赌场位于北新街现代商城南门跟前的一处麻将馆。东北人“小野”的手下“东东”和“昆仑”就在赌场上放高利贷。5．证人李XX、孙XX的证言证实在东兴街“刘四”组织的赌场参与赌博，“洪达”在赌场放高利贷。6．证人宫XX的证言证实在史金刚、宋军组织的赌博场上放高利贷的事实。7．证人殷XX的证言证实，宫XX和“东东”在史金刚和靳XX等人在朔城区现代商城南门临街门面房三楼麻将馆组织的赌博场上放高利贷。8．证人胡XX的证言证实，2011年夏天在高升庄村和照什八庄村周围组织赌博，“小杨山”当过庄家，负责放高利贷的有“红昌”、“平平”、“老万”等人。9．证人李XX的证言证实，胡XX在朔城区高升庄村、朔城区照什八庄村等地组织赌博，“洪昌”、“老万”等人在赌场上放高利贷。10．证人李X的证言证实，其在平朔生活区五区51号楼2单元101室组织人员赌博，“放底”人员有“高二白”、“老安”，来其赌场收保护费的有“大伟”“东东”和“恐龙”。11．证人张XX的证言证实和“大李”在平朔生活区五区组织人员聚众赌博，“东东”、“大伟”来赌场收取保护费。12．证人张XX的证言证实，2011年8-9月份，“韩三”（韩日翔）在东兴街一家门面房开设赌场，组织赌博，“韩三”负责抽头，其负责“放底”。13、证人于XX的证言证实，韩三等人在朔城区东兴街的一个门面房内聚众赌博，其在赌场上“放底”，“大伟”在赌场上收保护费。14．证人高XX的证言证实，2011年4月份，韩三在朔城区东兴街一个麻将馆不知道和谁一起组织二十多人聚众赌博十几天，其参与两三次。15．证人单宏达的证言证实，2011年12月份韩三在朔城区小村平房（三千里烧烤附近）组织二十多人以押宝的方式聚众赌博。 三、被告人的供述与辩解。 1．被告人安旺东、朱强、杨玉、鲁玉花、赵雄、张建岗、潘秀芬、陈玉花、安东升、田志荣、张日高、宋志强对自己的犯罪事实亦有供述，与当庭供述一致。 2．被告人白兴花辩解，2011年10月份左右，其在元顺（高XX）组织的赌博场所参与赌博，该赌博场所在城区“三千里烧烤”饭店附近平房，参赌人员有二十人左右，参与了十多天，没有入股；还在朔城区老干局附近平房内和火车站旺通源宾馆赌过。 3．被告人韩日翔辩解，别人还叫其“韩三”，2011年夏天，去过朔城区小村“三千里烧烤”附近元顺组织的“胡上”赌博过，大约参与了五、六次；2011年8、9月份，还去过东兴街一门面房刘四组织的赌场中赌博过，去了大约有四、五次左右，没有合股经营赌场。 四、辨认笔录。 1．李X、张XX的辨认笔录证实，经辨认人李X辨认，安东升人称“老安”；经张XX辨认，安东升又称“老安”，就是在平朔生活区六区赌博场所中给参赌人员放底的人；张XX还对潘秀芬进行了辨认。 2．蒯XX、赵XX的辨认笔录证实，经蒯XX、赵XX辨认，张日高就是与其一起组织赌博的人。 3．解X、高XX的辨认笔录证实，经辨认人解X的辨认，白兴花，又名“二白”，就是参与高XX在朔城区小村附近赌博的人；经高XX辨认，白兴花，又叫“二白”，即为与其在朔城区小村合伙开设赌场的犯罪嫌疑人。 4．孙洪福、单宏达的辨认笔录证实，经孙洪福辨认，很肯定地指出“韩三”即为韩日翔，该韩于2011年在朔城区东兴街开设赌场；孙洪福还对安旺东进行了辨认；经单宏达辨认，韩日翔，又叫“韩三”，就是与其一起赌博、在东兴街开设赌场的人。 5．靳XX、陈新本的辨认笔录证实，经辨认人靳XX、陈新本的辨认，其租赁的位于朔城区现代商城南门附近临街房的房东就是张建岗。 6．赵XX的辨认笔录证实辨认宋志强的情况。 7．韦国锋的辨认笔录证实辨认鲁玉花、赵雄的情况。 8．吴名星的辨认笔录证实，鲁玉花（又名老万、万涛）、赵雄（又名平平）就是与其一起在史金刚赌场上放底的人；安旺东（东东）于2010年至2011年期间跟随蔺野在朔州出入于各种赌场放高利贷；吴名星还对朱强、田志荣进行了辨认。 9．胡志国的辨认笔录证实辨认宋志强、陈玉花、杨玉的情况，陈玉花就是与其一起在胡XX赌场上放底的人，杨玉就是在胡XX的赌场上参与组织赌博的人。 以上证据，经当庭宣读、质证、认证，本院予以确认。 ","cpfxgc":"本院认为，被告人安旺东、白兴花、朱强、杨玉、鲁玉花、赵雄、张建岗、潘秀芬、安东升、韩日翔、陈玉花、田志荣、张日高、宋志强以营利为目的，聚众赌博，或在赌场上放高利贷、收取保护费，其行为均已构成赌博罪。公诉机关指控各被告人的犯罪事实清楚，证据确实充分，指控罪名成立。被告人鲁玉花、赵雄、张建岗、潘秀芬、安东升、韩日翔、陈玉花、田志荣、张日高、宋志强犯罪以后，自动投案，如实供述自己的犯罪事实，属于自首，可从轻处罚。被告人安旺东、朱强、杨玉、鲁玉花、赵雄、张建岗、潘秀芬、安东升、韩日翔、陈玉花、田志荣、张日高、宋志强认罪态度较好，可酌情从轻处罚。对于被告人白兴华提出未组织赌博的辩护意见，经查，在案有证人高XX的辨认笔录及证言、证人解X的辨认笔录，能够证实被告人白兴花组织赌博的事实，故对该辩解不予采信。根据被告人朱强、杨玉、鲁玉花、赵雄、张建岗、潘秀芬、安东升、韩日翔、陈玉花、田志荣、张日高、宋志强的犯罪情节和悔罪表现、没有再犯罪的危险、宣告缓刑对所居住社区没有重大不良影响，可适用缓刑。据此，依照《中华人民共和国刑法》第三百零三条第一款、第六十七条第一款、第七十二条第一、三款、第七十三条第二、三款之规定，判决如下：","pjjg":" 被告人安旺东犯赌博罪，判处有期徒刑一年，并处罚金人民币三万元。 （刑期从判决执行之日起计算。判决执行前先行羁押的，羁押一日折抵刑期一日，即自2013年11月11日起至2014年11月10日止）。 被告人白兴花犯赌博罪，判处有期徒刑十个月，并处罚金人民币二万五千元。 （刑期从判决执行之日起计算。判决执行前先行羁押的，羁押一日折抵刑期一日，即自2013年12月5日起至2014年10月4日止）。 被告人朱强犯赌博罪，判处有期徒刑八个月，缓刑一年，并处罚金人民币二万五千元。 （缓刑考验期限，从判决确定之日起计算）。 被告人杨玉犯赌博罪，判处有期徒刑八个月，缓刑一年，并处罚金人民币二万五千元。 （缓刑考验期限，从判决确定之日起计算）。 被告人鲁玉花犯赌博罪，判处有期徒刑六个月，缓刑一年，并处罚金人民币二万元。 （缓刑考验期限，从判决确定之日起计算）。 被告人赵雄犯赌博罪，判处有期徒刑六个月，缓刑一年，并处罚金人民币二万元。 （缓刑考验期限，从判决确定之日起计算）。 被告人张建岗犯赌博罪，判处有期徒刑六个月，缓刑一年，并处罚金人民币二万元。 （缓刑考验期限，从判决确定之日起计算）。 被告人潘秀芬犯赌博罪，判处有期徒刑六个月，缓刑一年，并处罚金人民币二万元。 （缓刑考验期限，从判决确定之日起计算）。 被告人安东升犯赌博罪，判处有期徒刑六个月，缓刑一年，并处罚金人民币二万元。 （缓刑考验期限，从判决确定之日起计算）。 被告人韩日翔犯赌博罪，判处有期徒刑六个月，缓刑一年，并处罚金人民币二万元。 （缓刑考验期限，从判决确定之日起计算）。 被告人陈玉花犯赌博罪，判处有期徒刑六个月，缓刑一年，并处罚金人民币二万元。 （缓刑考验期限，从判决确定之日起计算）。 被告人田志荣犯赌博罪，判处有期徒刑六个月，缓刑一年，并处罚金人民币二万元。 （缓刑考验期限，从判决确定之日起计算）。 被告人张日高犯赌博罪，判处有期徒刑六个月，缓刑一年，并处罚金人民币二万元。 （缓刑考验期限，从判决确定之日起计算）。 被告人宋志强犯赌博罪，判处有期徒刑六个月，缓刑一年，并处罚金人民币二万元。 （缓刑考验期限，从判决确定之日起计算）。 如不服本判决，可在接到判决书的第二日起十日内，通过本院或直接向朔州市中级人民法院提出上诉，书面上诉的，应提交上诉状正本一份，副本一份。","qw":"山西省朔州市朔城区人民法院 刑事判决书 （2014）朔刑初字第128号 公诉机关朔州市朔城区人民检察院。 被告人安旺东，绰号东东，男，1964年10月26日出生。 被告人白兴花，绰号二白，女，1970年10月28日出生。 被告人朱强，男，1965年1月7日出生。 被告人杨玉，绰号小杨山，男，1964年11月4日出生。 被告人鲁玉花，绰号老万，女，1951年7月8日出生。 被告人赵雄，绰号平平，男，1978年7月17日出生。 被告人张建岗，男，1982年11月5日出生。 被告人潘秀芬，女，1974年9月22日出生。 被告人安东升，绰号老安，女，1960年6月11日出生。 被告人韩日翔，绰号韩三，男，1973年1月18日出生。 被告人陈玉花，绰号四女，女，1969年3月27日出生。 被告人田志荣，绰号兴干，男，1986年2月16日出生。 被告人张日高，男，1955年5月15日出生。 被告人宋志强，男，绰号宋二根，1971年8月23日出生。 朔州市朔城区人民检察院以朔城检公诉刑诉（2014）70号起诉书指控被告人安旺东、白兴花、朱强、杨玉、鲁玉花、赵雄、张建岗、潘秀芬、安东升、韩日翔、陈玉花、田志荣、张日高、宋志强犯赌博罪，于2014年5月30日向本院提起公诉。本院依法组成合议庭，公开开庭进行了审理。朔城区人民检察院指派代理检察员朱德出庭支持公诉，被告人安旺东、白兴花、朱强、杨玉、鲁玉花、赵雄、张建岗、潘秀芬、安东升、韩日翔、陈玉花、田志荣、张日高、宋志强到庭参加了诉讼。本案现已审理终结。 朔州市朔城区人民检察院指控： 1．被告人安旺东（又名东东）自2009年以来，伙同孙洪福、宫XX（二人均已判刑）、“大光”（在逃）受蔺野（已判刑）的指使，向朔城区开设赌场的李X、张XX、史金刚、赵XX、高XX（五人均已判刑）、张二等人强行索取赌场保护费和放高利贷，其中向李X、张XX、宋志强的赌场分别收取保护费现金8000元、4000元、1300元，在史金刚的赌场上放高利贷获利4400元现金。 2.2011年10月份以来，被告人白兴花（又名二白）伙同高XX等人在朔城区三千里烧烤店南100米路西的平房内，用牌九推点点的方式组织20多人连续赌博十多天，从中谋取利益。 3.2009年1月份至2011年10月份，被告人朱强、杨玉、王高平（另案处理）、田志荣伙同史金刚、靳XX（二人均已判刑）等人，租住被告人张建岗位于朔城区现代商场南门临街门面房三楼内，多次组织参赌人员聚众赌博，参股经营赌场并从中抽头渔利。被告人张建岗明知史金刚等人租房用于赌博活动且因为赌博被公安机关打击处理过，还将自己的二、三楼租给他们，为赌博活动提供场地并从中牟利。 4.2007年以来，被告人鲁玉花、赵雄，陈玉花，杨玉多次在朔城区高升庄村、照什八庄村等地胡XX等人开设的赌场上，参与聚众赌博，并放高利贷从中牟利。 5．自2010年以来，被告人潘秀芬、安东升伙同李X、张XX（均已判刑）等人在平朔生活区六区26号楼2单元102室及五区51号楼2单元101室以开设麻将馆为名，多次组织参赌人员聚众赌博，参股经营赌场，放底抽红，非法牟利。 6．自2010年10月份以来，被告人韩日翔伙同高XX（已判刑）等人在朔城区小村三千里烧烤附近的平房内组织20多人聚众赌博。2011年8—9月份，被告人韩日翔伙同刘四等人在朔城区东兴街一家门房内组织20多人进行聚众赌博，在此期间，单宏达、张XX（均已判刑）在赌场上发放高利贷，为赌场服务。 7.2010年10月份以来，被告人宋志强、张日高伙同赵XX、蒯XX（均已判刑）等人合伙在朔城区西峰宾馆附近的一间平房内多次组织参赌人员聚众赌博，参股经营赌场，从中抽头渔利。 公诉机关同时提供书证、证人证言、被告人供述与辩解等证据予以证实，认为被告人安旺东、白兴花、朱强、杨玉、鲁玉花、赵雄、张建岗、潘秀芬、安东升、韩日翔、陈玉花、田志荣、张日高、宋志强之行为均已构成赌博罪，提请法院予以判处。 被告人安旺东对指控其犯罪事实供认不讳，但辩称钱都是宫XX给的。 被告人白兴花辩称其只是参与赌博，没有组织人员聚众赌博。 被告人朱强对指控其犯罪事实供认不讳。 被告人杨玉对指控其犯罪事实供认不讳。 被告人鲁玉花对指控其犯罪事实供认不讳。 被告人赵雄对指控其犯罪事实供认不讳。 被告人张建岗对指控其犯罪事实供认不讳。 被告人潘秀芬对指控其犯罪事实供认不讳。 被告人安东升对指控其犯罪事实供认不讳。 被告人韩日翔对指控其犯罪事实供认不讳。 被告人陈玉花对指控其犯罪事实供认不讳。 被告人田志荣对指控其犯罪事实供认不讳。 被告人张日高对指控其犯罪事实供认不讳。 被告人宋志强对指控其犯罪事实供认不讳。 经审理查明： 1．被告人安旺东（又名东东）自2009年以来，伙同孙洪福、宫XX（二人均已判刑）、“大光”（在逃）受蔺野（已判刑）的指使，向朔城区开设赌场的李X、张XX、史金刚、赵XX、高XX（五人均已判刑）、张二等人强行索取赌场保护费和放高利贷，其中向李X、张XX、宋志强的赌场分别收取保护费现金8000元、4000元、1300元，在史金刚的赌场上放高利贷获利4400元现金。 2.2011年10月份以来，被告人白兴花（又名二白）伙同高XX等人在朔城区三千里烧烤店南100米路西的平房内，用牌九推点点的方式组织20多人连续赌博十多天，从中谋取利益。 3.2009年1月份至2011年10月份，被告人朱强、杨玉、王高平（另案处理）、田志荣伙同史金刚、靳XX（二人均已判刑）等人，租住被告人张建岗位于朔城区现代商场南门临街门面房三楼内，多次组织参赌人员聚众赌博，参股经营赌场并从中抽头渔利。被告人张建岗明知史金刚等人租房用于赌博活动且因为赌博被公安机关打击处理过，还将自己的二、三楼租给他们，为赌博活动提供场地并从中牟利。 4.2007年以来，被告人鲁玉花、赵雄，陈玉花，杨玉多次在朔城区高升庄村、照什八庄村等地胡XX等人开设的赌场上，参与聚众赌博，并放高利贷从中牟利。 5．自2010年以来，被告人潘秀芬、安东升伙同李X、张XX（均已判刑）等人在平朔生活区六区26号楼2单元102室及五区51号楼2单元101室以开设麻将馆为名，多次组织参赌人员聚众赌博，参股经营赌场，放底抽红，非法牟利。 6．自2010年10月份以来，被告人韩日翔伙同高XX（已判刑）等人在朔城区小村三千里烧烤附近的平房内组织20多人聚众赌博。2011年8—9月份，被告人韩日翔伙同刘四等人在朔城区东兴街一家门房内组织20多人进行聚众赌博，在此期间，单宏达、张XX（均已判刑）在赌场上发放高利贷，为赌场服务。 7.2010年10月份以来，被告人宋志强、张日高伙同赵XX、蒯XX（均已判刑）等人合伙在朔城区西峰宾馆附近的一间平房内多次组织参赌人员聚众赌博，参股经营赌场，从中抽头渔利。 证实上述事实的证据有： 一、书证。 1、犯罪嫌疑人基本情况证实被告人安旺东、白兴花、朱强、杨玉、鲁玉花、赵雄、张建岗、潘秀芬、安东升、韩日翔、陈玉花、田志荣、张日高、宋志强的前科情况。2、抓获经过、朔州市公安局朔城分局治安大队证明证实被告人安旺东、白兴花、朱强、杨玉被抓捕归案，被告人鲁玉花、赵雄、张建岗、潘秀芬、安东升、韩日翔、陈玉花、田志荣、张日高、宋志强主动投案。3、（2012）朔刑初字第143号刑事判决书证实，蔺野、胡XX、孙洪福、赵XX、蒯XX、史金刚、李X、张XX、高XX、单宏达、靳XX等人被判刑的事实。4、常住人口信息证实各被告人的基本情况。 二、证人证言。 1．证人靳XX的证言证实，其在朔城区现代商场南门东侧一间麻将馆内开设赌场，“大伟”、“东东”在赌场上放高利贷，该房屋是向张建岗租赁的。2．证人赵XX、蒯XX的证言证实，其和“杨大”、“老蒯”、“宋二根”、张日高等人在朔城区西峰宾馆附近一间平房内组织赌博。3．证人祁XX的证言证实，其在朔城区南关的一个赌场赌博，东北人“小野”的几个手下在赌场内放高利贷，其只认识“东东”和“昆仑”。4．证人谭XX的证言证实，其在史金刚开设的赌场上参与赌博，该赌场位于北新街现代商城南门跟前的一处麻将馆。东北人“小野”的手下“东东”和“昆仑”就在赌场上放高利贷。5．证人李XX、孙XX的证言证实在东兴街“刘四”组织的赌场参与赌博，“洪达”在赌场放高利贷。6．证人宫XX的证言证实在史金刚、宋军组织的赌博场上放高利贷的事实。7．证人殷XX的证言证实，宫XX和“东东”在史金刚和靳XX等人在朔城区现代商城南门临街门面房三楼麻将馆组织的赌博场上放高利贷。8．证人胡XX的证言证实，2011年夏天在高升庄村和照什八庄村周围组织赌博，“小杨山”当过庄家，负责放高利贷的有“红昌”、“平平”、“老万”等人。9．证人李XX的证言证实，胡XX在朔城区高升庄村、朔城区照什八庄村等地组织赌博，“洪昌”、“老万”等人在赌场上放高利贷。10．证人李X的证言证实，其在平朔生活区五区51号楼2单元101室组织人员赌博，“放底”人员有“高二白”、“老安”，来其赌场收保护费的有“大伟”“东东”和“恐龙”。11．证人张XX的证言证实和“大李”在平朔生活区五区组织人员聚众赌博，“东东”、“大伟”来赌场收取保护费。12．证人张XX的证言证实，2011年8-9月份，“韩三”（韩日翔）在东兴街一家门面房开设赌场，组织赌博，“韩三”负责抽头，其负责“放底”。13、证人于XX的证言证实，韩三等人在朔城区东兴街的一个门面房内聚众赌博，其在赌场上“放底”，“大伟”在赌场上收保护费。14．证人高XX的证言证实，2011年4月份，韩三在朔城区东兴街一个麻将馆不知道和谁一起组织二十多人聚众赌博十几天，其参与两三次。15．证人单宏达的证言证实，2011年12月份韩三在朔城区小村平房（三千里烧烤附近）组织二十多人以押宝的方式聚众赌博。 三、被告人的供述与辩解。 1．被告人安旺东、朱强、杨玉、鲁玉花、赵雄、张建岗、潘秀芬、陈玉花、安东升、田志荣、张日高、宋志强对自己的犯罪事实亦有供述，与当庭供述一致。 2．被告人白兴花辩解，2011年10月份左右，其在元顺（高XX）组织的赌博场所参与赌博，该赌博场所在城区“三千里烧烤”饭店附近平房，参赌人员有二十人左右，参与了十多天，没有入股；还在朔城区老干局附近平房内和火车站旺通源宾馆赌过。 3．被告人韩日翔辩解，别人还叫其“韩三”，2011年夏天，去过朔城区小村“三千里烧烤”附近元顺组织的“胡上”赌博过，大约参与了五、六次；2011年8、9月份，还去过东兴街一门面房刘四组织的赌场中赌博过，去了大约有四、五次左右，没有合股经营赌场。 四、辨认笔录。 1．李X、张XX的辨认笔录证实，经辨认人李X辨认，安东升人称“老安”；经张XX辨认，安东升又称“老安”，就是在平朔生活区六区赌博场所中给参赌人员放底的人；张XX还对潘秀芬进行了辨认。 2．蒯XX、赵XX的辨认笔录证实，经蒯XX、赵XX辨认，张日高就是与其一起组织赌博的人。 3．解X、高XX的辨认笔录证实，经辨认人解X的辨认，白兴花，又名“二白”，就是参与高XX在朔城区小村附近赌博的人；经高XX辨认，白兴花，又叫“二白”，即为与其在朔城区小村合伙开设赌场的犯罪嫌疑人。 4．孙洪福、单宏达的辨认笔录证实，经孙洪福辨认，很肯定地指出“韩三”即为韩日翔，该韩于2011年在朔城区东兴街开设赌场；孙洪福还对安旺东进行了辨认；经单宏达辨认，韩日翔，又叫“韩三”，就是与其一起赌博、在东兴街开设赌场的人。 5．靳XX、陈新本的辨认笔录证实，经辨认人靳XX、陈新本的辨认，其租赁的位于朔城区现代商城南门附近临街房的房东就是张建岗。 6．赵XX的辨认笔录证实辨认宋志强的情况。 7．韦国锋的辨认笔录证实辨认鲁玉花、赵雄的情况。 8．吴名星的辨认笔录证实，鲁玉花（又名老万、万涛）、赵雄（又名平平）就是与其一起在史金刚赌场上放底的人；安旺东（东东）于2010年至2011年期间跟随蔺野在朔州出入于各种赌场放高利贷；吴名星还对朱强、田志荣进行了辨认。 9．胡志国的辨认笔录证实辨认宋志强、陈玉花、杨玉的情况，陈玉花就是与其一起在胡XX赌场上放底的人，杨玉就是在胡XX的赌场上参与组织赌博的人。 以上证据，经当庭宣读、质证、认证，本院予以确认。 本院认为，被告人安旺东、白兴花、朱强、杨玉、鲁玉花、赵雄、张建岗、潘秀芬、安东升、韩日翔、陈玉花、田志荣、张日高、宋志强以营利为目的，聚众赌博，或在赌场上放高利贷、收取保护费，其行为均已构成赌博罪。公诉机关指控各被告人的犯罪事实清楚，证据确实充分，指控罪名成立。被告人鲁玉花、赵雄、张建岗、潘秀芬、安东升、韩日翔、陈玉花、田志荣、张日高、宋志强犯罪以后，自动投案，如实供述自己的犯罪事实，属于自首，可从轻处罚。被告人安旺东、朱强、杨玉、鲁玉花、赵雄、张建岗、潘秀芬、安东升、韩日翔、陈玉花、田志荣、张日高、宋志强认罪态度较好，可酌情从轻处罚。对于被告人白兴华提出未组织赌博的辩护意见，经查，在案有证人高XX的辨认笔录及证言、证人解X的辨认笔录，能够证实被告人白兴花组织赌博的事实，故对该辩解不予采信。根据被告人朱强、杨玉、鲁玉花、赵雄、张建岗、潘秀芬、安东升、韩日翔、陈玉花、田志荣、张日高、宋志强的犯罪情节和悔罪表现、没有再犯罪的危险、宣告缓刑对所居住社区没有重大不良影响，可适用缓刑。据此，依照《中华人民共和国刑法》第三百零三条第一款、第六十七条第一款、第七十二条第一、三款、第七十三条第二、三款之规定，判决如下： 被告人安旺东犯赌博罪，判处有期徒刑一年，并处罚金人民币三万元。 （刑期从判决执行之日起计算。判决执行前先行羁押的，羁押一日折抵刑期一日，即自2013年11月11日起至2014年11月10日止）。 被告人白兴花犯赌博罪，判处有期徒刑十个月，并处罚金人民币二万五千元。 （刑期从判决执行之日起计算。判决执行前先行羁押的，羁押一日折抵刑期一日，即自2013年12月5日起至2014年10月4日止）。 被告人朱强犯赌博罪，判处有期徒刑八个月，缓刑一年，并处罚金人民币二万五千元。 （缓刑考验期限，从判决确定之日起计算）。 被告人杨玉犯赌博罪，判处有期徒刑八个月，缓刑一年，并处罚金人民币二万五千元。 （缓刑考验期限，从判决确定之日起计算）。 被告人鲁玉花犯赌博罪，判处有期徒刑六个月，缓刑一年，并处罚金人民币二万元。 （缓刑考验期限，从判决确定之日起计算）。 被告人赵雄犯赌博罪，判处有期徒刑六个月，缓刑一年，并处罚金人民币二万元。 （缓刑考验期限，从判决确定之日起计算）。 被告人张建岗犯赌博罪，判处有期徒刑六个月，缓刑一年，并处罚金人民币二万元。 （缓刑考验期限，从判决确定之日起计算）。 被告人潘秀芬犯赌博罪，判处有期徒刑六个月，缓刑一年，并处罚金人民币二万元。 （缓刑考验期限，从判决确定之日起计算）。 被告人安东升犯赌博罪，判处有期徒刑六个月，缓刑一年，并处罚金人民币二万元。 （缓刑考验期限，从判决确定之日起计算）。 被告人韩日翔犯赌博罪，判处有期徒刑六个月，缓刑一年，并处罚金人民币二万元。 （缓刑考验期限，从判决确定之日起计算）。 被告人陈玉花犯赌博罪，判处有期徒刑六个月，缓刑一年，并处罚金人民币二万元。 （缓刑考验期限，从判决确定之日起计算）。 被告人田志荣犯赌博罪，判处有期徒刑六个月，缓刑一年，并处罚金人民币二万元。 （缓刑考验期限，从判决确定之日起计算）。 被告人张日高犯赌博罪，判处有期徒刑六个月，缓刑一年，并处罚金人民币二万元。 （缓刑考验期限，从判决确定之日起计算）。 被告人宋志强犯赌博罪，判处有期徒刑六个月，缓刑一年，并处罚金人民币二万元。 （缓刑考验期限，从判决确定之日起计算）。 如不服本判决，可在接到判决书的第二日起十日内，通过本院或直接向朔州市中级人民法院提出上诉，书面上诉的，应提交上诉状正本一份，副本一份。 审判长王静波 代理审判员李敏 人民陪审员高瑜 二〇一四年八月二十九日 书记员贺越","writId":"0532b698e7f3014806195be9e0343100222","writName":"安旺东、白兴花等十四人赌博一案一审刑事判决书"}
