{"ajId":"52fa297b-5807-4559-a663-f76c56f59db4","ajName":"杨某坤犯贩卖毒品罪一案","ajjbqk":" 判决 ","cpfxgc":"依照《中华人民共和国刑法》第三百四十七条第一、第四款、第六十五条、第三百五十六条、第六十七条第三款、第六十四条之规定，判决如下：","pjjg":" 一、被告人杨某坤犯贩卖毒品罪，判处有期徒刑十个月，并处罚金人民币1000元。 二、缴获的上述毒品，予以没收，由公安机关依法销毁。 如不服本判决，可于接到判决书的第二日起十日内，通过本院或者直接向广东省深圳市中级人民法院提起上诉。书面上诉的，应当提交上诉状正本一份、副本二份。","qw":"深圳市罗湖区人民法院 刑事判决书 （2017）粤0303刑初1897号 公诉机关深圳市罗湖区人民检察院。 被告人杨某坤。 控辩意见 深圳市罗湖区人民检察院以深罗检刑诉（2017）2137号起诉书指控：2017年7月22日晚，购毒者王某通过电话和被告人杨某坤约定交易400元的1克冰毒。被告人杨某坤通过微信收取王某人民币800元，其中人民币400元是毒资。双方约定地点交易。见面后被告人杨某坤交给王某1小包冰毒。2017年7月26日晚23时许，购毒者王某通过微信联系被告人杨某坤，双方约定地点见面交易。双方见面后，被告人杨某坤把1小包毒品交给王某，王某将毒资人民币800元交给被告人杨某坤。民警将被告人杨某坤当场抓获。从被告人杨某坤身上缴获毒资人民币800元。从王某处缴获毒品一小包。涉案毒品净重1.61克。经鉴定，毒品检出甲基苯丙胺。公诉机关认为，被告人杨某坤的行为已构成贩卖毒品罪，建议对被告人杨某坤判处一年以下有期徒刑或者拘役，并处罚金。 被告人杨某坤在法庭上对指控的上述事实及本案证据无异议，承认控罪，对公诉机关的量刑建议无异议。 审理认定 本院适用简易程序，经开庭审理，对公诉机关指控的上述事实予以确认。被告人在侦查阶段已签署《认罪认罚具结书》。本院认为被告人杨某坤的行为已构成贩卖毒品罪，其有累犯、毒品再犯的从重处罚和坦白、自愿认罪认罚的从轻处罚情节。 判决 依照《中华人民共和国刑法》第三百四十七条第一、第四款、第六十五条、第三百五十六条、第六十七条第三款、第六十四条之规定，判决如下： 一、被告人杨某坤犯贩卖毒品罪，判处有期徒刑十个月，并处罚金人民币1000元。 二、缴获的上述毒品，予以没收，由公安机关依法销毁。 如不服本判决，可于接到判决书的第二日起十日内，通过本院或者直接向广东省深圳市中级人民法院提起上诉。书面上诉的，应当提交上诉状正本一份、副本二份。 审判员裴斐 二〇一七年十月十一日 本件与原件核对无异议 书记员吴恩玉","writId":"0532a5a34d8f8afe09dceb3c39e8d14dfe2","writName":"杨某坤犯贩卖毒品罪刑事判决书"}
