{"ajId":"f8f22534-3840-4b17-858b-53428afa9971","ajName":"石萍过失致人死亡罪一案","ajjbqk":" 咸阳市秦都区人民检察院指控：2018年10月22日15时许，被告人石萍乘坐26路公交车，于咸阳市秦都区XX大道XX园XX路北公交站下车后，因家庭矛盾与其兄石某乙在公交站台附近发生厮打，石萍用包带抽打石某乙，后石某乙倒地死亡，经西安交通大学法医学司法鉴定中心鉴定，石某乙系患冠心病急性发作而猝死；生前所受外伤为死亡的诱发因素。 公诉机关认为，被告人石萍的行为触犯了《中华人民共和国刑法》第二百三十三条的规定，其行为已构成过失致人死亡罪，提请本院依法判处。 附带民事诉讼原告人王某甲、石某甲诉称，要求被告人石萍赔偿丧葬费33716.5元、死亡赔偿金616200元、精神损失抚慰金300000元，其他办理丧葬事宜的合理支出12215元，共计962131.5元。并提供了其他办理丧葬事宜等相关票据。 被告人石萍辩解，其与石某乙厮扯在一起，石某乙踹其用力过大，累死的，其没有造成石某乙死亡，不承认指控罪名。愿意赔偿但无民事赔偿能力。 石萍的辩护人辩称，石萍对石某乙的死亡既无主观故意，也无过失。石萍的抽打行为与石某乙的死亡结果之间不存在刑法上的因果关系。不应依死亡结果客观归罪。本案应是意外事件，石萍不构成过失致人死亡罪。 经审理查明，2018年10月22日15时左右，被告人石萍乘坐26路公交车，在咸阳市秦都区XX大道XX园XX路北公交站下车后，因家庭经济矛盾与其兄被害人石某乙在公交站台附近发生争吵既而厮打，后二人倒在路边的绿化带里，石某乙压在石萍的身上，石某乙拽着石萍的包带，石萍将包带拽断，用包带抽打石某乙，诱发石某乙患冠心病急性发作死亡。经西安交通大学法医学司法鉴定中心鉴定，石某乙系患冠心病急性发作而猝死；生前所受外伤为死亡的诱发因素。 另查，被害人石某乙死亡后，丧葬费为33716.5元。 上述事实，经当庭举证、质证，有以下证据证实，本院予以确认。 1、书证接处警登记表、受案登记表，到案经过，证明2018年10月22日14时57分48秒，王某乙110报案称，在咸阳市秦都区XX大道XX城XX园十字公交站附近有一男子和一女子打架，男子被女子打倒后身亡，死者名字，石某乙，1951年XX月XX日出生，居民身份证号：610XXXXXXXXXXXXXXX，嫌疑女子沿世纪大道向西行走，离开现场。咸阳市公安局秦都分局接警核查，并于2018年10月23日11时10分，在咸阳市秦都区XX大道XX小区XX号楼XX室将石萍抓获。 2、书证户籍信息，证明石萍，女，1952年8月13日出生，居民身份证号码：610XXXXXXXXXXXXXXX，苗族。 3、证人王某乙的证言，证明2018年10月22日下午，其开车经过宇宏健康花城小区东面的商业街，看到有个老头斜靠在XX道XX路之间的小绿化带里，手里拉着一个女的包，那个女的用拳头打这个老头，旁边还有一个老头在劝架，等其从育婴店出来，看到那个挨打的老头躺倒了，倒在紧挨着绿化带的路沿下面，那个女的还用包带在老头身上抽，刚开始老头有反应，打了几下后，老头没反应了，脸色有些发青，其打电话报警了。其是下午2点56分拨打120的。 4、证人李某某的证言，证明2018年10月22日下午14点40分左右，其走到宇宏健康花城小区外面的公交站牌位置的时候，看到一个老头和一个老婆在打架，老头把老婆压倒在绿化带里，老婆喊救命，其就把两人拉起来，用手隔开，老婆还想咬其，其说：“你要是咬我，我就不管了，让人打死你”。后打架的老头头东倒在绿化带路沿下面，手里还拽着老婆的包带子，老婆拽了几下，包带就断了，接着用包带在老头脸上抽打，打的很用力，打完之后老婆就向西走了。当时女的想咬其，其就不想管他们打架了，不可能给她拽包， 5、证人董某某的证言，证明2018年10月22日下午14点50分左右，XX路XX园公交站下车，发现一个老头和一个女子激烈争吵，说是“拿了妈的钱”之类的话，老头用手拽着女的黑色的斜挎包，女的把包往回拽，老头把那个女的压倒在绿化带里，女的一直喊救命，接着一个老头拉架，听见拉架的老头对女的说：你要是咬我，我就不管了，让人家打死你。后见打架的老头躺在路边的铺道上，手里拉着女的包带，女的从老头手里拽包带，拽了几下，才从老头手里拽下来，接着老头用手捂着胸前，女的还用包带抽老头的脸部，许多下，后那名女的就朝西走了，女的走了十几步，旁边的人就说：“你看你把人打死了。”那名女的说了一句“死就死了。”。后加快步伐朝西走了。 6、证人王某甲、石某丙（死者妻子、女儿）的证言，证明兄妹7人之间有家庭经济矛盾。 7、证人石某丁的证言，证明2018年10月22日下午4、5点左右，其咸阳的手机号码接到了其二姐石安平（石萍）的电话说：石某乙跟她打架了，把她肋骨打断了。其哥石某乙有糖尿病，三餐都需要打胰岛素。 8、证人石某甲（死者儿子）的证言，证明其父亲石某乙有糖尿病，2018年10月22日其在香港，听说其爸出事了。 9、被告人石萍的供述和辩解，证明2018年10月22日下午3点多，其在XX园XX路XX路公交站下车，其准备回家，刚走到站台的绿化带边上，其哥石某乙从后面拉住其，直接用拳头在其后脑勺砸，其就抓石某乙的眼镜，石某乙一拳把其砸倒在绿化带上，还跪下来用膝盖顶其胸口，等他准备第三次顶其时，突然摔倒了，头朝南趴在其的身上，其使劲从石某乙身下抽身起来，石某乙用他左手把其的右腿抱住，还用他的右手打其，其看他不放手，就用右手打他的头，这时路边有个男的把其从绿化带拉出来的时候，石某乙又把其拽着，坐着被拖着过来，这时候其的包带掉下去了，把其的两个腿套住了，那个男的扯着其的左手让其赶紧走，其说：“你看嘛，他把我拉着，我走不了”，那个男的从石某乙手里拽包，三下把包拽下，捡起其的包带，其看石某乙躺在地上没有反抗能力了，当时其心里很生气，就用包带在石某乙脸上打，打了十几下，那个男的让其赶紧走，其看石某乙嘴唇发紫，手也发黄了，就好像以前其父亲去世时的样子，其就没有管，直接回其在宇宏健康花城小区的家了。当时其站起来，石某乙抱着其的腿，其用手打他的头，石某乙当时叫了两声，“救人，救人”，声音不大，之后就没叫了，好像没力气了。其知道石某乙有严重的糖尿病，差不多有十来年了。 10、鉴定意见西安交通大学法医学司法鉴定中心《法医病理司法鉴定意见书》，证明石某乙头面部及上肢多发软组织擦挫伤；冠状动脉粥样硬化性心脏病-左侧冠状动脉病变IV级合并心肌桥，右侧冠状动脉病变III级，左室前壁、室间隔大片陈旧性心肌梗死，心脏肥大；脾中央动脉硬化；肝细胞脂肪变性（轻度）；轻度细小动脉硬化肾，左肾囊肿；其余脏器主要呈淤血、水肿样改变。冠心病为慢性缺血性心脏病，患者可在一些诱因（如外伤、情绪激动等因素）存在时急性发作导致致命性心律失常或心功能衰竭而死。鉴定意见：石某乙系患冠心病急性发作而猝死；生前所受外伤为死亡的诱发因素。 陕西佰美法医司法鉴定所法医《毒物司法鉴定意见书》，证明石某乙体内未检出杀鼠药毒鼠强、有机磷农药、安眠镇静药物、甲基苯丙胺、吗啡成分等。 11、辩认笔录及照片，证明经石萍对作案现场辨认，XX路XX园XX路北站牌挨着绿化带的路沿边上，这里的绿化带还有当时厮扯时压倒的痕迹；经王某乙对十张年龄、体型相近的女子免冠照片混杂辨认，确认2号照片女子（指石萍），就是2018年10月22日，咸阳市秦都区XX大道XX段XX小区外公交站殴打一老年男子的人；经董某某对十二张同年龄段女子免冠照片混杂辨认，确认（10）号照片女子（指石萍），就是2018年10月22日下午，安谷园十字公交站牌和一老汉发生厮打的那个女的，她下午头发是扎着的，黄头发。 12、现场勘验检查工作记录及现场照片，证明中心现场位于公交站牌东侧13.94m处非机动车道内，该处南侧绿化带可见一头东脚西仰卧男尸。尸体南侧紧挨绿化带沿，该台沿高20cm，上沿宽10cm，下沿守17cm，绿化带距地面65cm，其正对尸体处绿化带内可见100cmX60cm范围内的绿植呈折断状。男尸口袋内可见一黑色华为直板手机（已实物提取），夹克外套内右侧腰间可见一副眼镜（已实物提取），老年优待证（已实物提取），证件人姓名为石某乙，身份证号码：610XXXXXXXXXXXXXXX。 13、检查笔录，证明经对石萍人体检查，发现其脸部青肿和胸前抓伤。 14、咸阳市XX中心XX室电话登记本，证明王某乙用电话1899191＊＊＊＊，拨打120，急救中心接话时间2018年10月22日15时03分，返还时间同日15时50分，XX大道XX城，办理情况：无名氏，男，呼吸心跳停止，车到现场人已死亡，空车返回。 15、视听资料审讯光盘2张。 ","cpfxgc":"本院认为，被告人石萍殴打其兄石某乙，对可能发生的死亡结果应当预见而没有预见，致其死亡，其行为已构成过失致人死亡罪。公诉机关指控罪名成立。被告人石萍在承担刑事责任的同时，应当赔偿因其犯罪行为给被害人造成的物质损失。附带民事诉讼原告人要求赔偿的丧葬费33716.5元，符合法律规定，本院予以支持。其提出其他办理丧葬事宜合理性费用12215元一节，经查，此费用丧葬费已包含，系重复诉求，本院不予支持。其提出死亡赔偿金616200元、精神损失抚慰金300000元，因其不属于刑事附带民事诉讼赔偿的范围，本院不予支持。 关于被告人石萍提出其与石某乙厮扯在一起，石某乙踹其用力过大，累死的，其没有造成石某乙死亡，不承认指控罪名的辩解意见。经查，石萍和石某乙因家庭经济纠纷厮打在一起，石萍用包带多次抽打石某乙的头脸，诱发石某乙患冠心病急性发作死亡。其明知石某乙年事已高，患有糖尿病身体虚弱之人，其应当预见到其用包带殴打石某乙，可能导致石某乙伤亡危害结果的发生，由于其疏忽大意而没有预见到，最终导致石某乙死亡的危害结果，其系过失犯罪，石某乙踹其用力过大，并不影响起诉书指控罪名成立。故其辩解意见不能成立，本院不予采纳。 关于被告人石萍的辩护人提出石萍对石某乙的死亡既无主观故意，也无过失。石萍的抽打行为与石某乙的死亡结果之间不存在刑法上的因果关系。不应依死亡结果客观归罪。本案应是意外事件，石萍不构成过失致人死亡罪的辩护意见，经查，石萍和石某乙因家庭经济纠纷厮打在一起，石萍用包带多次抽打石某乙的头脸，诱发石某乙患冠心病急性发作死亡，其明知石某乙年事已高，患有糖尿病身体虚弱之人，其用包带多次抽打石某乙，可能导致石某乙伤亡危害结果的发生，应当预见，由于其疏忽大意而没有预见到，最终导致石某乙死亡的危害结果，石萍的抽打行为与石某乙的死亡结果之间存在刑法上的因果关系，不是意外事件，其系过失犯罪，故其辩护人提出此节辩护意见不能成立，本院不予采纳。依照《中华人民共和国刑法》第二百三十三条、第三十六条、《中华人民共和国刑事诉讼法》第一百零一条第一款、《中华人民共和国侵权责任法》第六条、《最高人民法院关于适用〈中华人民共和国刑事诉讼法〉的解释》第一百五十五条之规定，判决如下：","pjjg":" 一、被告人石萍犯过失致人死亡罪，判处有期徒刑四年。 （刑期从判决执行之日起计算。判决执行以前先行羁押的，羁押一日折抵刑期一日，即自2018年10月23日起至2022年10月22日止。） 二、被告人石萍赔偿附带民事诉讼原告人王某甲、石某甲丧葬费33716.5元。限判决生效后十日内一次性支付。 三、驳回附带民事诉讼原告人的其他诉讼请求。 如不服本判决，可在接到判决书的第二日起十日内，通过本院或者直接向陕西省咸阳市中级人民法院提出上诉。书面上诉的，应当提交上诉状正本一份，副本三份。","qw":"陕西省咸阳市秦都区人民法院 刑事附带民事判决书 （2019）陕0402刑初26号 公诉机关咸阳市秦都区人民检察院。 附带民事诉讼原告人王某甲，女，1955年1月10日出生，系被害人之妻。 诉讼代理人薛灯塔，陕西润丰律师事务所律师。 附带民事诉讼原告人石某甲，男，1981年9月15日出生，系被害人之子。 诉讼代理人薛灯塔，陕西润丰律师事务所律师。 被告人石萍，女，1952年8月13日出生，因本案于2018年10月23日被刑事拘留，同年11月27日被逮捕，现羁押于咸阳市秦都区看守所刑事拘留，同年11月27日被逮捕。现羁押于咸阳市秦都区看守所。 辩护人王莉，陕西秦瀚律师事务所律师。 诉讼代理人李艺玉，女，1972年1月16日出生，系被告人之女。 咸阳市秦都区人民检察院以咸秦检公诉刑诉（2019）13号起诉书指控被告人石萍犯过失致人死亡罪，于2019年1月15日向本院提起公诉。在诉讼过程中，附带民事诉讼原告人向本院提起附带民事诉讼。本院受理后，于2019年1月24日由简易程序转为普通程序，依法组成合议庭，于2019年3月19日公开开庭审理了本案。咸阳市秦都区人民检察院指派检察员魏厦依法出庭支持公诉，附带民事诉讼原告人王某甲及其诉讼代理人薛灯塔、被告人石萍及其辩护人王莉、诉讼代理人李艺玉到庭参加了诉讼。因本案涉及附带民事诉讼，延长审限三个月。现已审理终结。 咸阳市秦都区人民检察院指控：2018年10月22日15时许，被告人石萍乘坐26路公交车，于咸阳市秦都区XX大道XX园XX路北公交站下车后，因家庭矛盾与其兄石某乙在公交站台附近发生厮打，石萍用包带抽打石某乙，后石某乙倒地死亡，经西安交通大学法医学司法鉴定中心鉴定，石某乙系患冠心病急性发作而猝死；生前所受外伤为死亡的诱发因素。 公诉机关认为，被告人石萍的行为触犯了《中华人民共和国刑法》第二百三十三条的规定，其行为已构成过失致人死亡罪，提请本院依法判处。 附带民事诉讼原告人王某甲、石某甲诉称，要求被告人石萍赔偿丧葬费33716.5元、死亡赔偿金616200元、精神损失抚慰金300000元，其他办理丧葬事宜的合理支出12215元，共计962131.5元。并提供了其他办理丧葬事宜等相关票据。 被告人石萍辩解，其与石某乙厮扯在一起，石某乙踹其用力过大，累死的，其没有造成石某乙死亡，不承认指控罪名。愿意赔偿但无民事赔偿能力。 石萍的辩护人辩称，石萍对石某乙的死亡既无主观故意，也无过失。石萍的抽打行为与石某乙的死亡结果之间不存在刑法上的因果关系。不应依死亡结果客观归罪。本案应是意外事件，石萍不构成过失致人死亡罪。 经审理查明，2018年10月22日15时左右，被告人石萍乘坐26路公交车，在咸阳市秦都区XX大道XX园XX路北公交站下车后，因家庭经济矛盾与其兄被害人石某乙在公交站台附近发生争吵既而厮打，后二人倒在路边的绿化带里，石某乙压在石萍的身上，石某乙拽着石萍的包带，石萍将包带拽断，用包带抽打石某乙，诱发石某乙患冠心病急性发作死亡。经西安交通大学法医学司法鉴定中心鉴定，石某乙系患冠心病急性发作而猝死；生前所受外伤为死亡的诱发因素。 另查，被害人石某乙死亡后，丧葬费为33716.5元。 上述事实，经当庭举证、质证，有以下证据证实，本院予以确认。 1、书证接处警登记表、受案登记表，到案经过，证明2018年10月22日14时57分48秒，王某乙110报案称，在咸阳市秦都区XX大道XX城XX园十字公交站附近有一男子和一女子打架，男子被女子打倒后身亡，死者名字，石某乙，1951年XX月XX日出生，居民身份证号：610XXXXXXXXXXXXXXX，嫌疑女子沿世纪大道向西行走，离开现场。咸阳市公安局秦都分局接警核查，并于2018年10月23日11时10分，在咸阳市秦都区XX大道XX小区XX号楼XX室将石萍抓获。 2、书证户籍信息，证明石萍，女，1952年8月13日出生，居民身份证号码：610XXXXXXXXXXXXXXX，苗族。 3、证人王某乙的证言，证明2018年10月22日下午，其开车经过宇宏健康花城小区东面的商业街，看到有个老头斜靠在XX道XX路之间的小绿化带里，手里拉着一个女的包，那个女的用拳头打这个老头，旁边还有一个老头在劝架，等其从育婴店出来，看到那个挨打的老头躺倒了，倒在紧挨着绿化带的路沿下面，那个女的还用包带在老头身上抽，刚开始老头有反应，打了几下后，老头没反应了，脸色有些发青，其打电话报警了。其是下午2点56分拨打120的。 4、证人李某某的证言，证明2018年10月22日下午14点40分左右，其走到宇宏健康花城小区外面的公交站牌位置的时候，看到一个老头和一个老婆在打架，老头把老婆压倒在绿化带里，老婆喊救命，其就把两人拉起来，用手隔开，老婆还想咬其，其说：“你要是咬我，我就不管了，让人打死你”。后打架的老头头东倒在绿化带路沿下面，手里还拽着老婆的包带子，老婆拽了几下，包带就断了，接着用包带在老头脸上抽打，打的很用力，打完之后老婆就向西走了。当时女的想咬其，其就不想管他们打架了，不可能给她拽包， 5、证人董某某的证言，证明2018年10月22日下午14点50分左右，XX路XX园公交站下车，发现一个老头和一个女子激烈争吵，说是“拿了妈的钱”之类的话，老头用手拽着女的黑色的斜挎包，女的把包往回拽，老头把那个女的压倒在绿化带里，女的一直喊救命，接着一个老头拉架，听见拉架的老头对女的说：你要是咬我，我就不管了，让人家打死你。后见打架的老头躺在路边的铺道上，手里拉着女的包带，女的从老头手里拽包带，拽了几下，才从老头手里拽下来，接着老头用手捂着胸前，女的还用包带抽老头的脸部，许多下，后那名女的就朝西走了，女的走了十几步，旁边的人就说：“你看你把人打死了。”那名女的说了一句“死就死了。”。后加快步伐朝西走了。 6、证人王某甲、石某丙（死者妻子、女儿）的证言，证明兄妹7人之间有家庭经济矛盾。 7、证人石某丁的证言，证明2018年10月22日下午4、5点左右，其咸阳的手机号码接到了其二姐石安平（石萍）的电话说：石某乙跟她打架了，把她肋骨打断了。其哥石某乙有糖尿病，三餐都需要打胰岛素。 8、证人石某甲（死者儿子）的证言，证明其父亲石某乙有糖尿病，2018年10月22日其在香港，听说其爸出事了。 9、被告人石萍的供述和辩解，证明2018年10月22日下午3点多，其在XX园XX路XX路公交站下车，其准备回家，刚走到站台的绿化带边上，其哥石某乙从后面拉住其，直接用拳头在其后脑勺砸，其就抓石某乙的眼镜，石某乙一拳把其砸倒在绿化带上，还跪下来用膝盖顶其胸口，等他准备第三次顶其时，突然摔倒了，头朝南趴在其的身上，其使劲从石某乙身下抽身起来，石某乙用他左手把其的右腿抱住，还用他的右手打其，其看他不放手，就用右手打他的头，这时路边有个男的把其从绿化带拉出来的时候，石某乙又把其拽着，坐着被拖着过来，这时候其的包带掉下去了，把其的两个腿套住了，那个男的扯着其的左手让其赶紧走，其说：“你看嘛，他把我拉着，我走不了”，那个男的从石某乙手里拽包，三下把包拽下，捡起其的包带，其看石某乙躺在地上没有反抗能力了，当时其心里很生气，就用包带在石某乙脸上打，打了十几下，那个男的让其赶紧走，其看石某乙嘴唇发紫，手也发黄了，就好像以前其父亲去世时的样子，其就没有管，直接回其在宇宏健康花城小区的家了。当时其站起来，石某乙抱着其的腿，其用手打他的头，石某乙当时叫了两声，“救人，救人”，声音不大，之后就没叫了，好像没力气了。其知道石某乙有严重的糖尿病，差不多有十来年了。 10、鉴定意见西安交通大学法医学司法鉴定中心《法医病理司法鉴定意见书》，证明石某乙头面部及上肢多发软组织擦挫伤；冠状动脉粥样硬化性心脏病-左侧冠状动脉病变IV级合并心肌桥，右侧冠状动脉病变III级，左室前壁、室间隔大片陈旧性心肌梗死，心脏肥大；脾中央动脉硬化；肝细胞脂肪变性（轻度）；轻度细小动脉硬化肾，左肾囊肿；其余脏器主要呈淤血、水肿样改变。冠心病为慢性缺血性心脏病，患者可在一些诱因（如外伤、情绪激动等因素）存在时急性发作导致致命性心律失常或心功能衰竭而死。鉴定意见：石某乙系患冠心病急性发作而猝死；生前所受外伤为死亡的诱发因素。 陕西佰美法医司法鉴定所法医《毒物司法鉴定意见书》，证明石某乙体内未检出杀鼠药毒鼠强、有机磷农药、安眠镇静药物、甲基苯丙胺、吗啡成分等。 11、辩认笔录及照片，证明经石萍对作案现场辨认，XX路XX园XX路北站牌挨着绿化带的路沿边上，这里的绿化带还有当时厮扯时压倒的痕迹；经王某乙对十张年龄、体型相近的女子免冠照片混杂辨认，确认2号照片女子（指石萍），就是2018年10月22日，咸阳市秦都区XX大道XX段XX小区外公交站殴打一老年男子的人；经董某某对十二张同年龄段女子免冠照片混杂辨认，确认（10）号照片女子（指石萍），就是2018年10月22日下午，安谷园十字公交站牌和一老汉发生厮打的那个女的，她下午头发是扎着的，黄头发。 12、现场勘验检查工作记录及现场照片，证明中心现场位于公交站牌东侧13.94m处非机动车道内，该处南侧绿化带可见一头东脚西仰卧男尸。尸体南侧紧挨绿化带沿，该台沿高20cm，上沿宽10cm，下沿守17cm，绿化带距地面65cm，其正对尸体处绿化带内可见100cmX60cm范围内的绿植呈折断状。男尸口袋内可见一黑色华为直板手机（已实物提取），夹克外套内右侧腰间可见一副眼镜（已实物提取），老年优待证（已实物提取），证件人姓名为石某乙，身份证号码：610XXXXXXXXXXXXXXX。 13、检查笔录，证明经对石萍人体检查，发现其脸部青肿和胸前抓伤。 14、咸阳市XX中心XX室电话登记本，证明王某乙用电话1899191＊＊＊＊，拨打120，急救中心接话时间2018年10月22日15时03分，返还时间同日15时50分，XX大道XX城，办理情况：无名氏，男，呼吸心跳停止，车到现场人已死亡，空车返回。 15、视听资料审讯光盘2张。 本院认为，被告人石萍殴打其兄石某乙，对可能发生的死亡结果应当预见而没有预见，致其死亡，其行为已构成过失致人死亡罪。公诉机关指控罪名成立。被告人石萍在承担刑事责任的同时，应当赔偿因其犯罪行为给被害人造成的物质损失。附带民事诉讼原告人要求赔偿的丧葬费33716.5元，符合法律规定，本院予以支持。其提出其他办理丧葬事宜合理性费用12215元一节，经查，此费用丧葬费已包含，系重复诉求，本院不予支持。其提出死亡赔偿金616200元、精神损失抚慰金300000元，因其不属于刑事附带民事诉讼赔偿的范围，本院不予支持。 关于被告人石萍提出其与石某乙厮扯在一起，石某乙踹其用力过大，累死的，其没有造成石某乙死亡，不承认指控罪名的辩解意见。经查，石萍和石某乙因家庭经济纠纷厮打在一起，石萍用包带多次抽打石某乙的头脸，诱发石某乙患冠心病急性发作死亡。其明知石某乙年事已高，患有糖尿病身体虚弱之人，其应当预见到其用包带殴打石某乙，可能导致石某乙伤亡危害结果的发生，由于其疏忽大意而没有预见到，最终导致石某乙死亡的危害结果，其系过失犯罪，石某乙踹其用力过大，并不影响起诉书指控罪名成立。故其辩解意见不能成立，本院不予采纳。 关于被告人石萍的辩护人提出石萍对石某乙的死亡既无主观故意，也无过失。石萍的抽打行为与石某乙的死亡结果之间不存在刑法上的因果关系。不应依死亡结果客观归罪。本案应是意外事件，石萍不构成过失致人死亡罪的辩护意见，经查，石萍和石某乙因家庭经济纠纷厮打在一起，石萍用包带多次抽打石某乙的头脸，诱发石某乙患冠心病急性发作死亡，其明知石某乙年事已高，患有糖尿病身体虚弱之人，其用包带多次抽打石某乙，可能导致石某乙伤亡危害结果的发生，应当预见，由于其疏忽大意而没有预见到，最终导致石某乙死亡的危害结果，石萍的抽打行为与石某乙的死亡结果之间存在刑法上的因果关系，不是意外事件，其系过失犯罪，故其辩护人提出此节辩护意见不能成立，本院不予采纳。依照《中华人民共和国刑法》第二百三十三条、第三十六条、《中华人民共和国刑事诉讼法》第一百零一条第一款、《中华人民共和国侵权责任法》第六条、《最高人民法院关于适用〈中华人民共和国刑事诉讼法〉的解释》第一百五十五条之规定，判决如下： 一、被告人石萍犯过失致人死亡罪，判处有期徒刑四年。 （刑期从判决执行之日起计算。判决执行以前先行羁押的，羁押一日折抵刑期一日，即自2018年10月23日起至2022年10月22日止。） 二、被告人石萍赔偿附带民事诉讼原告人王某甲、石某甲丧葬费33716.5元。限判决生效后十日内一次性支付。 三、驳回附带民事诉讼原告人的其他诉讼请求。 如不服本判决，可在接到判决书的第二日起十日内，通过本院或者直接向陕西省咸阳市中级人民法院提出上诉。书面上诉的，应当提交上诉状正本一份，副本三份。 审判长常保民 人民陪审员周梓萍 人民陪审员李晓兰 二0一九年六月十九日 书记员张敏 附：相关法律条文 《中华人民共和国刑法》 第二百三十三条过失致人死亡的，处三年以上七年以下有期徒刑；情节较轻的，处三年以下有期徒刑。本法另有规定的，依照规定。 第三十六条由于犯罪行为而使被害人遭受经济损失的，对犯罪分子除依法给予刑事处罚外，并应根据情况判处赔偿经济损失。 承担民事赔偿责任的犯罪分子，同时被判处罚金，其财产不足以全部支付的，或者被判处没收财产的，应当先承担对被害人的民事赔偿责任。 《中华人民共和国刑事诉讼法》 第一百零一条被害人由于被告人的犯罪行为而遭受物质损失的，在刑事诉讼过程中，有权提起附带民事诉讼。被害人死亡或者丧失行为能力的，被害人的法定代理人、近亲属有权提起附带民事诉讼。 如果是国家财产、集体财产遭受损失的，人民检察院在提起公诉的时候，可以提起附带民事诉讼。 《中华人民共和国侵权责任法》 第六条行为人因过错侵害他人民事权益，应当承担侵权责任。 最高人民法院《关于适用〈中华人民共和国刑事诉讼法〉的解释》 第一百五十五条对附带民事诉讼作出判决，应当根据犯罪行为造成的物质损失，结合案件具体情况，确定被告人应当赔偿的数额。 犯罪行为造成被害人人身损害的，应当赔偿医疗费、护理费、交通费等为治疗和康复支付的合理费用，以及因误工减少的收入。造成被害人残疾的，还应当赔偿残疾生活辅助具费等费用；造成被害人死亡的，还应当赔偿丧葬费等费用。 驾驶机动车致人伤亡或者造成公私财产重大损失，构成犯罪的，依照《中华人民共和国道路交通安全法》第七十六条的规定确定赔偿责任。 附带民事诉讼当事人就民事赔偿问题达成调解、和解协议的，赔偿范围、数额不受第二款、第三款规定的限制。 1","writId":"0464f602735600d07d0c3f172ef50617724","writName":"石萍过失致人死亡罪一审刑事判决书"}
