{"ajId":"dc89d941-501e-4ab2-8ab7-97b98afb958b","ajName":"中山市粤升房地产开发有限公司、蔡炳安逃税一案","ajjbqk":" 经审理查明：2004年至2012年期间，被告人蔡炳安经营的被告单位中山市粤升房地产开发有限公司为逃避缴纳税款，进行虚假纳税申报导致少缴税款。具体事实如下：2004年间，逃避缴纳营业税共计人民币79881.4元、城市维护建设税共计人民币3994.07元，占应纳税额的4.10％；2005年间，逃避缴纳营业税共计人民币2601194元、城市维护建设税共计人民币130059.69元，占应纳税额的68.32％；2006年间，逃避缴纳营业税共计人民币205929.9元、城市维护建设税共计人民币10296.49元，占应纳税额的18.12％；2008年间，逃避缴纳营业税共计人民币1547640.9元、城市维护建设税共计人民币77382.06元，占应纳税额的45.83％；2009年间，逃避缴纳营业税共计人民币1767552.05元、城市维护建设税共计人民币88377.62元，占应纳税额的61.62％；2010年间，逃避缴纳营业税共计人民币609535.5元、城市维护建设税共计人民币30476.78元，占应纳税额的29.33％；2011年间，逃避缴纳营业税共计人民币114265.6元、城市维护建设税共计人民币5713.28元、占应纳税额的6.65％；2012年间，逃避缴纳营业税共计人民币294604元、城市维护建设税共计人民币14730.2元，占应纳税额的40.93％。后经税务机关查处上述行为并要求补缴应纳税款后，被告人蔡炳安于2015年9月14日缴纳营业税人民币35810.21元、滞纳金人民币4189.79元，后未再缴纳其余应缴税款。 2015年10月30日，被告人蔡炳安主动到公安机关投案，后基本如实供述上述罪行。 另查明，在本案审理期间，被告人蔡炳安将被告单位中山市粤升房地产开发有限公司偷逃的税款共计人民币7545823.33元交至本院代管账户，申请由本院依法处理。 上述事实，被告单位中山市粤升房地产开发有限公司、被告人蔡炳安在开庭审理过程中亦无异议，并有中山市公安局经侦支队的到案经过、企业机读档案登记资料及变更登记资料、公司成立资料、核准变更登记通知书、申请书、公司章程、营业执照、税务登记证、资产负债表及利润、中山市国家税务局的调查报告、税务处理决定书、入库通知书、税务行政处罚决定书、税务事项通知书及相关送达回证、违法情况移送情况表、偷税案稽查报告及相关送达回证、税务检查通知书、调取账薄资料通知书及送达回证、责令限期改正通知书、国土备案与纳税申报差异汇总表、中山市国土局的复函、中山市粤升房地产开发有限公司开发三乡镇君怡花园、君怡龙腾商厦登记备案明细表、2004年至2013年应补缴税费明细表、已缴纳税款情况和应补税款情况表、遗失说明及延期缴税申请书、税务机关的税务缴款书、检查粤升公司账户情况及银行出具的检查存款账户许可证明、扣缴税收款项通知书、应纳税税额及偷税比例表、银行账户交易流水、企业所得税申报情况、增值税申报情况、欠税情况、陈某提供的借据、中山市商品房销售登记备案表、证人简某、张某、龚桂良、周某、陈某的证言、被告人蔡炳安的供述及身份材料等证据证实，足以认定。 辩护人提出蔡炳安在判决宣告前补缴应纳税款，符合《中华人民共和国刑法》第二百零一条第四款之规定，可以不予追究刑事责任。经查，上述条文规定：“有第一款行为，经税务机关依法下达追缴通知后，补缴应纳税款，缴纳滞纳金，已受行政处罚的，不予追究刑事责任”。本案中，对被告单位的逃税行为，中山市地方税务局于2014年12月29日作出追缴应缴税款及罚款的决定，并于2015年1月14日向被告单位发出追缴通知书，但被告单位仅缴纳了营业税人民币35810.21元、滞纳金人民币4189.79元，对其他绝大部分的应缴税款、滞纳金及行政罚款等均未缴纳。可见被告单位、被告人在本案中的情形并不符合上述条款关于不予追究刑事责任的规定。该点意见本院不予采纳。 对辩护人所提蔡炳安将中山市粤升房地产开发有限公司的房产以“以房抵债”的形式转让给周某、陈某等人，同时因双方仅办理了商品房预售登记，房产的所有权并未转移，根据《国家税务总局关于以房屋抵顶债务应征收营业税问题的批复》，不应按“销售不动产”税目征收营业税。经查，关于“以房抵债”的情形，仅有被告人及证人在案发后的言词证据反映而无书面协议等客观证据证实，真实性存疑。另外，根据《国家税务总局关于以房屋抵顶债务应征收营业税问题的批复》规定：“单位或个人以房屋抵顶有关债务，不论是经双方（或多方）协商决定的，还是由法院裁定的，其房屋所有权已发生转移，且原房主也取得了经济利益（减少了债务），因此，对单位或个人以房屋或其他不动产抵顶有关债务的行为，应按‘销售不动产’税目征收营业税”。该批复认为“以房抵债”行为需征税的根本原因在于“原房主取得了经济利益（或减少了债务）”，“房屋所有权已发生转移”仅是该原因的表现形式之一。按照被告人蔡炳安的供述，其为了偿还个人债务，以被告单位的名义向其的债权人转让房屋，并在国土部门办理了备案登记，包括登记了明确的转让金额，虽然债权人（房屋受让人）并无实际支付购房款，但实际上是双方合意将付款义务与还债义务相抵消，因此该“以房抵债”的方式，与普通的销售房产的行为并无本质差异，税务部门对该行为征收营业税并不违反上述批复。辩护人该点意见理据不足，本院不予采纳。 关于被告人蔡炳安是否具有自首情节的意见，经查，首先，根据公安机关出具的到案经过，证明被告人蔡炳安是自动投案；其次，根据公安人员对被告人蔡炳安所作的讯问笔录，证明被告人蔡炳安归案后不仅供认自己是被告单位的实际经营者也是实际出资人，还供认了逃避缴纳的税款、滞纳金、行政罚款等事实（包括金额），可以认定为如实供述自己的主要罪行。因此对被告人蔡炳安应当认定为自首。虽然其提出其经营的房产交易存在“以物抵债”，其行为属于漏税而非逃税的辩解，系对法律及相关规定的认识错误，其对行为性质的辩解依法不影响其自首的认定。 ","cpfxgc":"本院认为，被告单位中山市粤升房地产开发有限公司、被告人蔡炳安作为被告单位直接负责的主管人员，无视国家法律，采取隐瞒手段进行虚假纳税申报，逃避缴纳税款，数额巨大且占应纳税额百分之三十以上，其行为已构成逃税罪，应依法惩处。公诉机关指控被告单位中山市粤升房地产开发有限公司、被告人蔡炳安犯逃税罪的事实清楚，证据确实、充分，罪名成立，本院予以支持。被告人蔡炳安自动投案并如实供述自己的罪行，是自首，依法应当减轻处罚。辩护人所提辩护意见经上述分析，本院不予采纳。依照《中华人民共和国刑法》第二百零一条第一款、第二百一十一条、第六十七条第一款及《最高人民法院关于审理偷税抗税刑事案件具体应用法律若干问题的解释》第一条第一款第（四）项、第三条、《最高人民法院关于处理自首和立功具体应用法律若干问题的解释》第一条之规定，判决如下：","pjjg":" 一、被告单位中山市粤升房地产开发有限公司犯逃税罪，判处罚金人民币三百八十万元。 （罚金在判决生效后十日内向本院一次缴纳。期满不缴纳的，强制缴纳）。 二、被告人蔡炳安犯逃税罪，判处有期徒刑二年，并处罚金人民币二十万元。 （刑期从判决执行之日起计算。判决执行以前先行羁押的，羁押一日折抵刑期一日，即自2018年1月26日起至2020年1月25日止。罚金在判决生效后十日内向本院一次缴纳。期满不缴纳的，强制缴纳）。 三、被告单位中山市粤升房地产开发有限公司已主动退缴的税款共计人民币7545823.33元，予以追缴。 如不服本判决，可在接到判决书的第二日起十日内，通过本院或者直接向广东省中山市中级人民法院提出上诉。书面上诉的，应当提交上诉状正本一份，副本二份。","qw":"广东省中山市第一人民法院 刑事判决书 （2017）粤2071刑初1511号 公诉机关中山市第一市区人民检察院。 被告单位中山市粤升房地产开发有限公司，住所地广东省中山市三乡镇白石环村兴塘路君怡花园销售中心二楼，法定代表人陈嘉源。 诉讼代表人龚桂良，男，41岁，系中山市粤升房地产开发有限公司总经理。 被告人蔡炳安，男，1976年12月19日出生于广东省中山市，汉族，初中文化，中山市粤升房地产开发有限公司实际经营者，户籍所在地中山市。因本案于2015年12月30日被中山市公安局决定取保候审，2016年12月30日被中山市第一市区人民检察院决定取保候审，2017年7月12日被本院决定取保候审，2018年1月26日被本院决定逮捕。现押于中山市看守所。 辩护人黄敬贤、萧欣恩，广东卓正律师事务所律师。 中山市第一市区人民检察院以中检一区刑诉（2017）1564号起诉书指控被告单位中山市粤升房地产开发有限公司、被告人蔡炳安犯逃税罪，于2017年7月4日向本院提起公诉。本院依法组成合议庭，公开开庭审理了本案。中山市第一市区人民检察院指派检察员王济民出庭支持公诉，被告单位的诉讼代表人、被告人及其辩护人均到庭参加诉讼。现已审理终结。 经审理查明：2004年至2012年期间，被告人蔡炳安经营的被告单位中山市粤升房地产开发有限公司为逃避缴纳税款，进行虚假纳税申报导致少缴税款。具体事实如下：2004年间，逃避缴纳营业税共计人民币79881.4元、城市维护建设税共计人民币3994.07元，占应纳税额的4.10％；2005年间，逃避缴纳营业税共计人民币2601194元、城市维护建设税共计人民币130059.69元，占应纳税额的68.32％；2006年间，逃避缴纳营业税共计人民币205929.9元、城市维护建设税共计人民币10296.49元，占应纳税额的18.12％；2008年间，逃避缴纳营业税共计人民币1547640.9元、城市维护建设税共计人民币77382.06元，占应纳税额的45.83％；2009年间，逃避缴纳营业税共计人民币1767552.05元、城市维护建设税共计人民币88377.62元，占应纳税额的61.62％；2010年间，逃避缴纳营业税共计人民币609535.5元、城市维护建设税共计人民币30476.78元，占应纳税额的29.33％；2011年间，逃避缴纳营业税共计人民币114265.6元、城市维护建设税共计人民币5713.28元、占应纳税额的6.65％；2012年间，逃避缴纳营业税共计人民币294604元、城市维护建设税共计人民币14730.2元，占应纳税额的40.93％。后经税务机关查处上述行为并要求补缴应纳税款后，被告人蔡炳安于2015年9月14日缴纳营业税人民币35810.21元、滞纳金人民币4189.79元，后未再缴纳其余应缴税款。 2015年10月30日，被告人蔡炳安主动到公安机关投案，后基本如实供述上述罪行。 另查明，在本案审理期间，被告人蔡炳安将被告单位中山市粤升房地产开发有限公司偷逃的税款共计人民币7545823.33元交至本院代管账户，申请由本院依法处理。 上述事实，被告单位中山市粤升房地产开发有限公司、被告人蔡炳安在开庭审理过程中亦无异议，并有中山市公安局经侦支队的到案经过、企业机读档案登记资料及变更登记资料、公司成立资料、核准变更登记通知书、申请书、公司章程、营业执照、税务登记证、资产负债表及利润、中山市国家税务局的调查报告、税务处理决定书、入库通知书、税务行政处罚决定书、税务事项通知书及相关送达回证、违法情况移送情况表、偷税案稽查报告及相关送达回证、税务检查通知书、调取账薄资料通知书及送达回证、责令限期改正通知书、国土备案与纳税申报差异汇总表、中山市国土局的复函、中山市粤升房地产开发有限公司开发三乡镇君怡花园、君怡龙腾商厦登记备案明细表、2004年至2013年应补缴税费明细表、已缴纳税款情况和应补税款情况表、遗失说明及延期缴税申请书、税务机关的税务缴款书、检查粤升公司账户情况及银行出具的检查存款账户许可证明、扣缴税收款项通知书、应纳税税额及偷税比例表、银行账户交易流水、企业所得税申报情况、增值税申报情况、欠税情况、陈某提供的借据、中山市商品房销售登记备案表、证人简某、张某、龚桂良、周某、陈某的证言、被告人蔡炳安的供述及身份材料等证据证实，足以认定。 辩护人提出蔡炳安在判决宣告前补缴应纳税款，符合《中华人民共和国刑法》第二百零一条第四款之规定，可以不予追究刑事责任。经查，上述条文规定：“有第一款行为，经税务机关依法下达追缴通知后，补缴应纳税款，缴纳滞纳金，已受行政处罚的，不予追究刑事责任”。本案中，对被告单位的逃税行为，中山市地方税务局于2014年12月29日作出追缴应缴税款及罚款的决定，并于2015年1月14日向被告单位发出追缴通知书，但被告单位仅缴纳了营业税人民币35810.21元、滞纳金人民币4189.79元，对其他绝大部分的应缴税款、滞纳金及行政罚款等均未缴纳。可见被告单位、被告人在本案中的情形并不符合上述条款关于不予追究刑事责任的规定。该点意见本院不予采纳。 对辩护人所提蔡炳安将中山市粤升房地产开发有限公司的房产以“以房抵债”的形式转让给周某、陈某等人，同时因双方仅办理了商品房预售登记，房产的所有权并未转移，根据《国家税务总局关于以房屋抵顶债务应征收营业税问题的批复》，不应按“销售不动产”税目征收营业税。经查，关于“以房抵债”的情形，仅有被告人及证人在案发后的言词证据反映而无书面协议等客观证据证实，真实性存疑。另外，根据《国家税务总局关于以房屋抵顶债务应征收营业税问题的批复》规定：“单位或个人以房屋抵顶有关债务，不论是经双方（或多方）协商决定的，还是由法院裁定的，其房屋所有权已发生转移，且原房主也取得了经济利益（减少了债务），因此，对单位或个人以房屋或其他不动产抵顶有关债务的行为，应按‘销售不动产’税目征收营业税”。该批复认为“以房抵债”行为需征税的根本原因在于“原房主取得了经济利益（或减少了债务）”，“房屋所有权已发生转移”仅是该原因的表现形式之一。按照被告人蔡炳安的供述，其为了偿还个人债务，以被告单位的名义向其的债权人转让房屋，并在国土部门办理了备案登记，包括登记了明确的转让金额，虽然债权人（房屋受让人）并无实际支付购房款，但实际上是双方合意将付款义务与还债义务相抵消，因此该“以房抵债”的方式，与普通的销售房产的行为并无本质差异，税务部门对该行为征收营业税并不违反上述批复。辩护人该点意见理据不足，本院不予采纳。 关于被告人蔡炳安是否具有自首情节的意见，经查，首先，根据公安机关出具的到案经过，证明被告人蔡炳安是自动投案；其次，根据公安人员对被告人蔡炳安所作的讯问笔录，证明被告人蔡炳安归案后不仅供认自己是被告单位的实际经营者也是实际出资人，还供认了逃避缴纳的税款、滞纳金、行政罚款等事实（包括金额），可以认定为如实供述自己的主要罪行。因此对被告人蔡炳安应当认定为自首。虽然其提出其经营的房产交易存在“以物抵债”，其行为属于漏税而非逃税的辩解，系对法律及相关规定的认识错误，其对行为性质的辩解依法不影响其自首的认定。 本院认为，被告单位中山市粤升房地产开发有限公司、被告人蔡炳安作为被告单位直接负责的主管人员，无视国家法律，采取隐瞒手段进行虚假纳税申报，逃避缴纳税款，数额巨大且占应纳税额百分之三十以上，其行为已构成逃税罪，应依法惩处。公诉机关指控被告单位中山市粤升房地产开发有限公司、被告人蔡炳安犯逃税罪的事实清楚，证据确实、充分，罪名成立，本院予以支持。被告人蔡炳安自动投案并如实供述自己的罪行，是自首，依法应当减轻处罚。辩护人所提辩护意见经上述分析，本院不予采纳。依照《中华人民共和国刑法》第二百零一条第一款、第二百一十一条、第六十七条第一款及《最高人民法院关于审理偷税抗税刑事案件具体应用法律若干问题的解释》第一条第一款第（四）项、第三条、《最高人民法院关于处理自首和立功具体应用法律若干问题的解释》第一条之规定，判决如下： 一、被告单位中山市粤升房地产开发有限公司犯逃税罪，判处罚金人民币三百八十万元。 （罚金在判决生效后十日内向本院一次缴纳。期满不缴纳的，强制缴纳）。 二、被告人蔡炳安犯逃税罪，判处有期徒刑二年，并处罚金人民币二十万元。 （刑期从判决执行之日起计算。判决执行以前先行羁押的，羁押一日折抵刑期一日，即自2018年1月26日起至2020年1月25日止。罚金在判决生效后十日内向本院一次缴纳。期满不缴纳的，强制缴纳）。 三、被告单位中山市粤升房地产开发有限公司已主动退缴的税款共计人民币7545823.33元，予以追缴。 如不服本判决，可在接到判决书的第二日起十日内，通过本院或者直接向广东省中山市中级人民法院提出上诉。书面上诉的，应当提交上诉状正本一份，副本二份。 审判长施斌斌 人民陪审员张泳妍 人民陪审员余蔚杰 二〇一八年一月二十六日 法官助理李保法 书记员连宜静","writId":"04800a672deb87570ea9208c53e818f2806","writName":"中山市粤升房地产开发有限公司、蔡炳安逃税一审刑事判决书"}
