{"ajId":"635c5748-bb84-444f-abaa-2d074dec1529","ajName":"田讯犯盗窃罪一案","ajjbqk":" 公诉机关指控：2015年12月25日凌晨，被告人田讯至嘉兴市秀洲区王江泾镇大润发玛特超市，窃得钻石戒指、耳钉、项链、手镯、手表、香烟、皮带等合计价值18万余元。窃后将部分赃物销赃。公诉机关认为，被告人田讯以非法占有为目的，采用秘密手段窃取他人财物，数额巨大，应当以盗窃罪追究其刑事责任。被告人田讯系累犯，应从重处罚；其能如实供述罪行，可从轻处罚。据此，提请本院依法判处，建议在有期徒刑五至七年内量刑。 被告人田讯对公诉机关指控的罪名和盗窃事实没有异议，惟辩解称金表、翡翠手镯鉴定价值过高，香烟有假烟应予剔除。其辩护人提出，被告人田讯能如实供述，认罪悔罪态度好，大部分赃物已被追回，其家庭情况困难，建议对其从轻处罚。 经审理查明： 2015年12月25日5时许，被告人田讯采用翻窗方式进入嘉兴市秀洲区王江泾镇闻川路大润发玛特超市，采用撬橱窗等方式在该超市内的香港周六福黄金钻石首饰店（苏州鑫典经贸有限公司）、时光钟表店、朱润超市（香烟店）、意大利保罗皮具店等实施盗窃。其中，从香港周六福黄金钻石首饰店窃得钻石戒指26枚（其中一枚未追回无法鉴定，其余25枚合计价值77087.20元）、钻石耳钉1对（价值2102.80元）、钻石吊坠（含项链）4条（合计价值22016元）、翡翠手镯5只（合计价值54346元）、金表2块（其中1块未追回无法鉴定，另一块价值11325元），从时光钟表店窃得海奇牌手表16块（合计价值7073.80元），从朱润超市窃得中华（软壳）香烟15条（其中8条合计价值5600元）、中华（硬壳）香烟1条（价值450元）、苏烟（五星红杉树）1条（价值220元），从意大利保罗皮具店窃得皮带12条（合计价值1040元）、黑色双肩背包1只（价值50元）及现金300余元，共计价值180000余元。 窃后，被告人田讯将钻石戒指1枚、金表1块、中华（软壳）香烟8条、中华（硬壳）香烟1条、苏烟（五星红杉树）1条销赃。 2015年12月26日11时许，被告人田讯在嘉善县魏塘街道神道弄93号一租房被公安机关抓获，查获并扣押了钻石戒指25枚、钻石耳钉1对、钻石吊坠（含项链）4条、翡翠手镯5只、金表1块、海奇牌手表16块、皮带12条、中华（软壳）香烟68包、黑色双肩背包1只。案发后，公安机关从收赃人处追回中华（软壳）香烟8条、中华（硬壳）香烟1条、苏烟（五星红杉树）4包。现扣押的海奇牌手表、皮带、香烟、背包已发还被害人，其余物品暂存于公安机关。 上述事实，有经当庭质证的扣押决定书、扣押物品清单、产品销售批发单、购销合同、出库单、销售单、计量认证证书、营业执照、实验室认可证书、商标注册证、检验证明、组织机构代码证、送货单、库存对账单、进货清单、接受证据清单、刑事判决书、释放证明、罪犯档案资料、发还物品清单等书证，证人钟某、姚某、宋某、张某证言，被害人龚某、林某、任某、熊某、徐某陈述，价格鉴定结论书、卷烟鉴别检验报告、检测报告，辨认笔录、现场勘查材料、搜查笔录、照片，视听资料制作情况表、监控截图，到案经过及情况说明等证据予以证实，足以认定。 关于被告人所提部分物品鉴定价值过高的问题。经查：公安机关委托鉴定机构嘉兴市秀洲区价格认证中心对涉案赃物进行鉴定，程序合法，鉴定机构和人员具有相应资质，鉴定标的物均为实物，且有购销合同、出库单、计量认证证书、实验室认可证书、营业执照、检测报告等证据予以佐证，故鉴定结论应予采信，对被告人就此所作辩解不予采纳。对于被告人提出的香烟价值问题，公诉机关在计算时已剔除假烟部分，故对被告人就此所作辩解亦不予采纳。 ","cpfxgc":"本院认为，被告人田讯以非法占有为目的，秘密窃取他人财物，数额巨大，其行为已构成盗窃罪。公诉机关指控罪名成立。被告人田讯系累犯，应从重处罚；其能如实供述罪行，可从轻处罚。对辩护人所提田讯能如实供述、大部分赃物已追回等从轻处罚辩护意见，酌予采纳。据此，依照《中华人民共和国刑法》第二百六十四条、第六十五条第一款、第六十七条第三款、第六十四条之规定，判决如下：","pjjg":" 一、被告人田讯犯盗窃罪，判处有期徒刑五年六个月，并处罚金100000元（罚金限判决生效之日起十日内缴纳）。 （刑期从判决执行之日起计算，判决执行以前先行羁押的，羁押一日折抵刑期一日，即自2015年12月26日起至2021年6月25日止）。 二、扣押在案的钻石戒指25枚、钻石耳钉1对、钻石吊坠（含项链）4条、翡翠手镯5只、金表1块，由扣押机关发还被害单位苏州鑫典经贸有限公司；责令被告人田讯退赔本案尚未追缴的赃物或赃物折价款，发还被害单位（被害人）。 如不服本判决，可在接到判决书的第二日起十日内，通过本院或直接向浙江省嘉兴市中级人民法院提出上诉。书面上诉的，应当提交上诉状正本一份，副本两份。","qw":"田讯犯盗窃罪一审刑事判决书 浙江省嘉兴市秀洲区人民法院 刑事判决书 （2016）浙0411刑初207号 公诉机关嘉兴市秀洲区人民检察院。 被告人田讯。因犯盗窃罪，于2005年12月被浙江省嘉善县人民法院判处有期徒刑六个月，并处罚金3000元；因犯盗窃罪，于2007年2月被浙江省嘉善县人民法院判处有期徒刑一年四个月，并处罚金6000元；因犯盗窃罪，于2008年9月被浙江省嘉善县人民法院判处有期徒刑一年，并处罚金3000元；因犯非法侵入住宅罪，于2010年8月被浙江省嘉善县人民法院判处有期徒刑二年六个月；因犯盗窃罪，于2013年7月被浙江省嘉善县人民法院判处有期徒刑二年七个月，并处罚金50000元，于2015年8月25日刑满释放。因本案于2015年12月26日被嘉兴市公安局秀洲区分局刑事拘留，2016年1月7日被逮捕。现押于嘉兴市看守所。 辩护人张林燕，浙江合德律师事务所律师。 嘉兴市秀洲区人民检察院以秀检公诉刑诉（2016）216号起诉书指控被告人田讯犯盗窃罪，于2016年4月14日向本院提起公诉。因被告人田讯申请法律援助，本院依法通知嘉兴市秀洲区法律援助中心，该中心指派浙江合德律师事务所律师张林燕为其辩护。本院依法组成合议庭，公开开庭审理了本案。嘉兴市秀洲区人民检察院指派检察员沈金付出庭支持公诉，被告人田讯及辩护人张林燕到庭参加诉讼。现已审理终结。 公诉机关指控：2015年12月25日凌晨，被告人田讯至嘉兴市秀洲区王江泾镇大润发玛特超市，窃得钻石戒指、耳钉、项链、手镯、手表、香烟、皮带等合计价值18万余元。窃后将部分赃物销赃。公诉机关认为，被告人田讯以非法占有为目的，采用秘密手段窃取他人财物，数额巨大，应当以盗窃罪追究其刑事责任。被告人田讯系累犯，应从重处罚；其能如实供述罪行，可从轻处罚。据此，提请本院依法判处，建议在有期徒刑五至七年内量刑。 被告人田讯对公诉机关指控的罪名和盗窃事实没有异议，惟辩解称金表、翡翠手镯鉴定价值过高，香烟有假烟应予剔除。其辩护人提出，被告人田讯能如实供述，认罪悔罪态度好，大部分赃物已被追回，其家庭情况困难，建议对其从轻处罚。 经审理查明： 2015年12月25日5时许，被告人田讯采用翻窗方式进入嘉兴市秀洲区王江泾镇闻川路大润发玛特超市，采用撬橱窗等方式在该超市内的香港周六福黄金钻石首饰店（苏州鑫典经贸有限公司）、时光钟表店、朱润超市（香烟店）、意大利保罗皮具店等实施盗窃。其中，从香港周六福黄金钻石首饰店窃得钻石戒指26枚（其中一枚未追回无法鉴定，其余25枚合计价值77087.20元）、钻石耳钉1对（价值2102.80元）、钻石吊坠（含项链）4条（合计价值22016元）、翡翠手镯5只（合计价值54346元）、金表2块（其中1块未追回无法鉴定，另一块价值11325元），从时光钟表店窃得海奇牌手表16块（合计价值7073.80元），从朱润超市窃得中华（软壳）香烟15条（其中8条合计价值5600元）、中华（硬壳）香烟1条（价值450元）、苏烟（五星红杉树）1条（价值220元），从意大利保罗皮具店窃得皮带12条（合计价值1040元）、黑色双肩背包1只（价值50元）及现金300余元，共计价值180000余元。 窃后，被告人田讯将钻石戒指1枚、金表1块、中华（软壳）香烟8条、中华（硬壳）香烟1条、苏烟（五星红杉树）1条销赃。 2015年12月26日11时许，被告人田讯在嘉善县魏塘街道神道弄93号一租房被公安机关抓获，查获并扣押了钻石戒指25枚、钻石耳钉1对、钻石吊坠（含项链）4条、翡翠手镯5只、金表1块、海奇牌手表16块、皮带12条、中华（软壳）香烟68包、黑色双肩背包1只。案发后，公安机关从收赃人处追回中华（软壳）香烟8条、中华（硬壳）香烟1条、苏烟（五星红杉树）4包。现扣押的海奇牌手表、皮带、香烟、背包已发还被害人，其余物品暂存于公安机关。 上述事实，有经当庭质证的扣押决定书、扣押物品清单、产品销售批发单、购销合同、出库单、销售单、计量认证证书、营业执照、实验室认可证书、商标注册证、检验证明、组织机构代码证、送货单、库存对账单、进货清单、接受证据清单、刑事判决书、释放证明、罪犯档案资料、发还物品清单等书证，证人钟某、姚某、宋某、张某证言，被害人龚某、林某、任某、熊某、徐某陈述，价格鉴定结论书、卷烟鉴别检验报告、检测报告，辨认笔录、现场勘查材料、搜查笔录、照片，视听资料制作情况表、监控截图，到案经过及情况说明等证据予以证实，足以认定。 关于被告人所提部分物品鉴定价值过高的问题。经查：公安机关委托鉴定机构嘉兴市秀洲区价格认证中心对涉案赃物进行鉴定，程序合法，鉴定机构和人员具有相应资质，鉴定标的物均为实物，且有购销合同、出库单、计量认证证书、实验室认可证书、营业执照、检测报告等证据予以佐证，故鉴定结论应予采信，对被告人就此所作辩解不予采纳。对于被告人提出的香烟价值问题，公诉机关在计算时已剔除假烟部分，故对被告人就此所作辩解亦不予采纳。 本院认为，被告人田讯以非法占有为目的，秘密窃取他人财物，数额巨大，其行为已构成盗窃罪。公诉机关指控罪名成立。被告人田讯系累犯，应从重处罚；其能如实供述罪行，可从轻处罚。对辩护人所提田讯能如实供述、大部分赃物已追回等从轻处罚辩护意见，酌予采纳。据此，依照《中华人民共和国刑法》第二百六十四条、第六十五条第一款、第六十七条第三款、第六十四条之规定，判决如下： 一、被告人田讯犯盗窃罪，判处有期徒刑五年六个月，并处罚金100000元（罚金限判决生效之日起十日内缴纳）。 （刑期从判决执行之日起计算，判决执行以前先行羁押的，羁押一日折抵刑期一日，即自2015年12月26日起至2021年6月25日止）。 二、扣押在案的钻石戒指25枚、钻石耳钉1对、钻石吊坠（含项链）4条、翡翠手镯5只、金表1块，由扣押机关发还被害单位苏州鑫典经贸有限公司；责令被告人田讯退赔本案尚未追缴的赃物或赃物折价款，发还被害单位（被害人）。 如不服本判决，可在接到判决书的第二日起十日内，通过本院或直接向浙江省嘉兴市中级人民法院提出上诉。书面上诉的，应当提交上诉状正本一份，副本两份。 审判长王业剑 人民陪审员俞家乐 人民陪审员黄志荣 二〇一六年五月十三日 书记员陈丽黎","writId":"03733d1b69925664e986083313b1d99fe5d","writName":"田讯犯盗窃罪一审刑事判决书"}
