{"ajId":"665038fb-1a7f-4aad-bd15-ad17c5fa5dad","ajName":"金某走私、贩卖、运输、制造毒品一案","ajjbqk":" 公诉机关指控，2018年1月30日14时许，被告人金某与购毒人员陶某经事先电话联系约定，至上海市嘉定区澄浏中路XXX号百联嘉定购物中心必胜客餐厅门口处，将1包白色晶体状毒品以人民币450元的价格贩卖给陶某，交易完成后被民警抓获。经检验，缴获的毒品净重为0.84克，检出甲基苯丙胺成分，并已由公安机关收缴，金某的手机被扣押。到案后，金某如实供述了犯罪事实。 上述事实，被告人金某在开庭审理过程中亦无异议，且有证人凌某、陶某的证言，公安机关制作的受案登记表、扣押清单、称重记录、清点记录、辨认笔录、照片、工作情况，上海市毒品检验中心毒品检验报告，收缴毒品专用单据，毒品尿样检测报告单，手机截图，有关的刑事判决书、强制戒毒决定书、劳动教养决定书、公安业务档案卡片详细信息结果查询页、释放证明及户籍资料等证据证实，足以认定。 ","cpfxgc":"本院认为，公诉机关指控被告人金某贩卖甲基苯丙胺毒品，其行为构成贩卖毒品罪的事实清楚，证据确实、充分，指控罪名成立。公诉人关于金某系累犯、毒品再犯，应当从重处罚；能如实供述犯罪事实，可以从轻处罚等意见，合法有据，本院予以支持。据此，依照《中华人民共和国刑法》第三百四十七条第一款、第四款、第六十五条第一款、第三百五十六条、第六十七条第三款、第五十二条、第五十三条、第六十四条之规定，判决如下：","pjjg":" 一、被告人金某犯贩卖毒品罪，判处有期徒刑十个月，罚金人民币二千元； （刑期从判决执行之日起计算。判决执行以前先行羁押的，羁押一日折抵刑期一日，即自2018年1月31日起至2018年11月29日止。罚金应于判决生效之日起十日内缴纳。） 二、在案毒品及犯罪工具一并予以没收。 如不服本判决，可在接到判决书的第二日起十日内，通过本院或者直接向上海市第二中级人民法院提出上诉。书面上诉的，应当提交上诉状正本一份，副本两份。","qw":"上海市嘉定区人民法院 刑事判决书 （2018）沪0114刑初638号 公诉机关上海市嘉定区人民检察院。 被告人金某，男，1977年4月8日出生，汉族，户籍所在地上海市宝山区，住上海市宝山区。 上海市嘉定区人民检察院以沪嘉检诉刑诉［2018］688号起诉书指控被告人金某犯贩卖毒品罪，于2018年4月27日向本院提起公诉。本院受理后，依法适用简易程序，实行独任审判，公开开庭审理了本案。上海市嘉定区人民检察院检察员须洁慧出庭支持公诉，被告人金某到庭参加诉讼。现已审理终结。 公诉机关指控，2018年1月30日14时许，被告人金某与购毒人员陶某经事先电话联系约定，至上海市嘉定区澄浏中路XXX号百联嘉定购物中心必胜客餐厅门口处，将1包白色晶体状毒品以人民币450元的价格贩卖给陶某，交易完成后被民警抓获。经检验，缴获的毒品净重为0.84克，检出甲基苯丙胺成分，并已由公安机关收缴，金某的手机被扣押。到案后，金某如实供述了犯罪事实。 上述事实，被告人金某在开庭审理过程中亦无异议，且有证人凌某、陶某的证言，公安机关制作的受案登记表、扣押清单、称重记录、清点记录、辨认笔录、照片、工作情况，上海市毒品检验中心毒品检验报告，收缴毒品专用单据，毒品尿样检测报告单，手机截图，有关的刑事判决书、强制戒毒决定书、劳动教养决定书、公安业务档案卡片详细信息结果查询页、释放证明及户籍资料等证据证实，足以认定。 本院认为，公诉机关指控被告人金某贩卖甲基苯丙胺毒品，其行为构成贩卖毒品罪的事实清楚，证据确实、充分，指控罪名成立。公诉人关于金某系累犯、毒品再犯，应当从重处罚；能如实供述犯罪事实，可以从轻处罚等意见，合法有据，本院予以支持。据此，依照《中华人民共和国刑法》第三百四十七条第一款、第四款、第六十五条第一款、第三百五十六条、第六十七条第三款、第五十二条、第五十三条、第六十四条之规定，判决如下： 一、被告人金某犯贩卖毒品罪，判处有期徒刑十个月，罚金人民币二千元； （刑期从判决执行之日起计算。判决执行以前先行羁押的，羁押一日折抵刑期一日，即自2018年1月31日起至2018年11月29日止。罚金应于判决生效之日起十日内缴纳。） 二、在案毒品及犯罪工具一并予以没收。 如不服本判决，可在接到判决书的第二日起十日内，通过本院或者直接向上海市第二中级人民法院提出上诉。书面上诉的，应当提交上诉状正本一份，副本两份。 审判员郏义嘉 二〇一八年五月十五日 书记员吴粲 附：相关法律条文 《中华人民共和国刑法》 第三百四十七条走私、贩卖、运输、制造毒品，无论数量多少，都应当追究刑事责任，予以刑事处罚。 走私、贩卖、运输、制造鸦片不满二百克、海洛因或者甲基苯丙胺不满十克或者其他少量毒品的，处三年以下有期徒刑、拘役或者管制，并处罚金；情节严重的，处三年以上七年以下有期徒刑，并处罚金。 第六十五条被判处有期徒刑以上刑罚的犯罪分子，刑罚执行完毕或者赦免以后，在五年以内再犯应当判处有期徒刑以上刑罚之罪的，是累犯，应当从重处罚，但是过失犯罪和不满十八周岁的人犯罪的除外。 第三百五十六条因走私、贩卖、运输、制造、非法持有毒品罪被判过刑，又犯本节规定之罪的，从重处罚。 第六十七条 犯罪嫌疑人虽不具有前两款规定的自首情节，但是如实供述自己罪行的，可以从轻处罚；因其如实供述自己罪行，避免特别严重后果发生的，可以减轻处罚。 第五十二条判处罚金，应当根据犯罪情节决定罚金数额。 第五十三条罚金在判决指定的期限内一次或者分期缴纳。期满不缴纳的，强制缴纳。对于不能全部缴纳罚金的，人民法院在任何时候发现被执行人有可以执行的财产，应当随时追缴。 由于遭遇不能抗拒的灾祸等原因缴纳确实有困难的，经人民法院裁定，可以延期缴纳、酌情减少或者免除。 第六十四条犯罪分子违法所得的一切财物，应当予以追缴或者责令退赔；对被害人的合法财产，应当及时返还；违禁品和供犯罪所用的本人财物，应当予以没收。没收的财物和罚金，一律上缴国库，不得挪用和自行处理。","writId":"030c05edd0963493a3a0d9c9602e67615f9","writName":"金某走私、贩卖、运输、制造毒品一审刑事判决书"}
