{"ajId":"0e86e08a-2b00-45ac-8d19-4e29ff36b28f","ajName":"王勇、何锐、赵维军强奸罪一案","ajjbqk":" 泸州市江阳区人民检察院指控：2011年10月6日23时许，被告人王勇因惹恼他人欲到泸州躲几日，遂邀约被告人何锐、刘应飞以及魏某某（在逃）、田某某（在逃）等人和被害人李某（女，14岁）一起，乘坐由曾某驾驶的蓝色长安铃木轿车，从泸州市叙永县百花山出发到泸州市江阳区江南小学附近一租住房。被告人王勇以被害人李某在他人面前说其坏话，以致其经营的“回家路上”按摩店被砸为由，殴打、威胁李某，并教唆被告人何锐等人轮奸李某。次日早饭后，被告人王勇用匕首打被害人李某，还用匕首挑自己脚上的死皮逼迫被害人李某吞食。当日午后，刘应飞等人与李某发生性关系后，魏某某和被告人何锐又以做俯卧撑、仰卧起坐、空啤酒瓶捅阴道、下跪等方式对被害人李某进行虐待，被告人何锐使用手机拍摄了被害人李某使用空啤酒瓶捅阴道的视频。直至10月7日傍晚，被害人李某趁魏某某和被告人何锐、刘应飞熟睡后方得逃脱。针对上述事实，公诉机关提供了书证、证人证言、被害人陈述、被告人供述、鉴定结论等证据为证，指控被告人王勇、何锐、刘应飞的行为触犯了《中华人民共和国刑法》第二百三十六条第三款之规定，已构成强奸罪。被告人王勇年满十八周岁后犯盗窃罪被判处有期徒刑，刑罚执行完毕后五年内再犯应当判处有期徒刑以上刑罚之罪，是累犯，应当从重处罚。诉请本院依法判处。 被告人王勇当庭表示自愿认罪，但称自己没有与李某发生性关系，也不知道2011年10月7日下午发生的事，希望对其从轻处罚。 被告人何锐对起诉书指控的犯罪事实和罪名无异议，当庭表示自愿认罪，希望对其从轻处罚。 被告人刘应飞对起诉书指控的犯罪事实和罪名无异议，当庭表示自愿认罪，希望本院对其从轻处罚。其辩护人提出的辩护意见是：1、被告人刘应飞强奸李某的行为不属于轮奸；2、被告人刘应飞具有自首情节；3、被告人刘应飞没有对被害人施用暴力，建议对其减轻处罚。 经审理查明：2011年10月7日零时左右，被告人王勇因惹恼他人欲到泸州躲几日，遂约被告人何锐、刘应飞以及魏某某（在逃）、田某某（在逃）、被害人李某（女，14岁）等八人，搭乘曾某驾驶的小轿车，从泸州市叙永县百花山出发到泸州市江阳区江南小学附近魏某某的租住房。在途中，王勇将李某拉下车，并与魏某某等人一起殴打李某；到魏某某的租住房时，王勇又与魏某某、何锐等人威胁殴打李某，王勇还对魏某某、何锐、田某某等人说“你们要上的都上”（指与李某发生性关系）。随后，魏某某、何锐、田某某先后强行与李某发生性关系。当日上午，王勇用匕首打被害人李某，还挑脚上的死皮逼迫李某吞食。当日下午，魏某某、刘应飞先后与李某发生性关系；魏某某、何锐又以做俯卧撑、仰卧起坐、空啤酒瓶捅阴道、跪砖头、用刀划手臂等方式对李某进行虐待，何锐还用手机拍摄了魏某某与李某发生性关系、李某用空啤酒瓶捅阴道的视频。当日傍晚，李某趁魏某某、何锐、刘应飞熟睡之机逃脱。 2011年11月30日被告人何锐、刘应飞等人在泸州市叙永县滨河路一饭馆聚餐时被查获，被告人刘应飞直接向公安机关如实供述了自己的犯罪事实。随后，被害人李某对被告人刘应飞的照片进行辨认，确定被告人刘应飞就是轮奸李某的犯罪嫌疑人。2011年12月29日王勇在广东省江门市会城朱紫路19号2楼亿网网吧上网时被抓获归案。 上述事实，有经过公诉机关当庭出示、质证的下列证据证实： 1、接受刑事案件登记表、立案决定书，证实本案的来源。 2、拘留证、逮捕证，证实被告人王勇、何锐、刘应飞被采取强制措施情况。 3、被告人王勇、何锐、刘应飞的户籍证明，证实三被告人均具有刑事责任能力。 4、（2004）叙永刑初字第14号刑事判决书，（2006）叙永刑执字第98号刑事判决书，（2006）叙永刑初字第153号刑事判决书，（2009）字第1261号释放证明书，分别证实王勇因犯盗窃罪被判处有期徒刑二年六个月，缓刑三年，并处罚金5000元；因盗窃摩托车被撤销缓刑，收监执行；因犯盗窃罪被判处有期徒刑二年，并处罚金4000元，数罪并罚，决定执行有期徒刑三年六个月，并处罚金4000元；2009年12月17日刑满释放。 5、证人李某某、杨某某的证言，均证实2011年10月7日下午七点左右，李某借用同车人的电话说被卖了，跑出来了，在出租车上。在泸州机场等人的李某某叫出租车司机将李某送到蓝田机场，随后将李某带回叙永。听李某讲述遭到王勇、魏某某等人殴打、轮奸的情况。 6、证人曾实的证言，证实2011年10月7日凌晨左右，王勇说要到泸州躲几天，叫曾某送一下。随后，曾某就开车载着王勇、魏某某、何锐、田某某、刘应飞、赵某、余某、李某等人从叙永百花山出发到泸州。在途中，王勇在车上打骂李某后，又将李某拉下车，听到有人在车下打李某；到魏某某的租房内，王勇、魏某某等人又殴打李某，曾某、赵某、刘应飞到车上睡觉。事后听说，魏某某、何锐、田某某、刘应飞都和李某发生了性关系。 7、证人赵桃的证言，证实2011年10月7日凌晨零时左右，王勇说有人他找，有点怕想到泸州躲几天，在叙永百花山接到一个“小飞”的人后就趋车去泸州。在途中，王勇在车上打骂李某后，又将李某拉下车，听到有人在车下打李某；到魏某某的租房内，王勇将赵某、余某关在一间房屋里，其余的五个男的与李某就在另一间房屋内。过一会儿，听见李某在哭，看见李某跪在地上，王勇用猎刀平面拍打李某的脸，魏某某用膝盖顶李某的额头，姓何的娃儿用手打李某。之后，王勇叫曾某、赵某、小某到车上睡觉。早饭后，王勇叫李某跪在地上，又用猎刀杷夺李某。大约19时许，王勇接到魏某某的电话，说李某跑了，又回租房只见魏某某、姓何的、小某三人在。回叙永后听曾某说，王勇他们把李某轮奸了。 8、证人余某的证言，证实2011年国庆节期间的一个晚上，王勇的按摩店被砸后，王勇叫曾某拉魏某某、田某某、何锐、赵某、刘应飞、余某、李某等人到泸州躲几天。在途中，王勇、魏某某、何锐三人下车对李某进行殴打；在魏某某的租房内，王勇、魏某某又打李某；曾某、赵某、小某到车上睡觉；王勇说你们要上你们上后，魏某某、田某某、何锐轮流和李某发生了性关系。当日上午，王勇又打李某，并用刀挑脚皮给李某吃。下午六点左右魏某某打电话说李某跑了，回租房去没找到李某后就回茶楼，传看何锐用手机拍的一段李某用啤酒瓶捅阴道的视频。 9、证人范某某的证言，证实2011年10月份的一天晚上七点过，范某某打的从江南小学或瓷厂附近经过时，有一个小女孩招车，借用其电话给她的家人通话并上了车，她的家人叫司机将那个女孩送到蓝田坝。 10、证人黄某某的证言，证实黄某某将自家（泸州市江阳区茜草镇联合村白果田社91号）三楼的右手边二间房屋租给魏某某。2011年10月7日凌晨黄某某看到自家楼下开来一辆车，车上下来一些男女，有些人上了三楼，有些人坐车里。同日晚上六七点时，听到楼上小范与一个女的说话，那女的说被骗了，想回叙永。之后，看到小范送了一个小姑娘下楼打的走了。 11、被害人李某的辩认笔录，证实李某指认了2011年10月7日参与殴打或轮奸自己的王勇、魏某某、何锐、田某某、刘应飞等人，还确认了魏某某、何锐、田某某、刘应飞四人强奸自己的顺序。 12、被告人王勇的辩认笔录，证实王勇指认了2011年10月7日参与殴打并强奸李某的魏某某、强奸李某的田某某。 13、被害人李某的陈述，证实2011年10月7日凌晨在到泸州的途中和魏某某的租房内，李某遭到王勇、魏某某、何锐等人威胁殴打。在魏某某的租房内被殴打后，王勇还对在场的人说“要上的都上”（指与李某发生性关系），随后魏某某、何锐、田某某将李某轮奸；当日早饭后，王勇再次用匕首打李某，并迫使李某吞食从脚上挑下的死皮；当日下午，魏某某、刘应飞先后强行与李某发生性关系；魏某某、何锐又以做俯卧撑、仰卧起坐、空啤酒瓶捅阴道、跪砖头、用刀划手臂等方式对李某进行虐待，何锐还用手机拍摄了魏某某与李某发生性关系、李某用空啤酒瓶捅阴道的视频。当日傍晚，李某见魏某某、何锐、刘应飞熟睡后逃脱。 14、广东省江门市公安局中心派出所出具的抓获经过，证实2011年12月29日13时许江门市公安局中心派出所接110通知，在逃人员王勇在广东省江门市会城朱紫路19号2楼亿网网吧上网，随后将王勇查获。 15、泸州市公安局江阳区分局刑侦一中队出具的情况说明和抓获经过，证实被告人王勇、何锐、刘应飞的归案情况。 16、被害人李某的伤情照片，证实李某遭到殴打、虐待的受伤情况。 17、四川省叙永县人民医院出具的临床医学鉴定书，证实2011年10月10日李某到四川省叙永县人民医院进行妇科检查，诊断出李某的处女膜破裂。 18、被告人何锐、刘应飞指认现场的辨认笔录及相应照片，证实2011年10月7日泸州市江阳区茜草镇联合村白果田社91号三楼两间房屋就是魏某某的租住房，也就是本案的作案现场。 19、被告人王勇、何锐、刘应飞的供述，所供述的作案时间、地点、案发经过、被抓获情况与上述事实一致。 ","cpfxgc":"本院认为，被告人王勇、何锐、刘应飞为满足其私欲，违背妇女意志，采用暴力、胁迫或者其他手段强行与妇女发生性关系，其行为已构成强奸罪，依法应当追究其刑事责任。公诉机关指控被告人王勇、何锐、刘应飞的主要犯罪事实及罪名成立，本院予以支持。被告人王勇教唆三个男子与妇女发生性关系，三个男子随即对同一妇女实施奸淫，系共同犯罪；被告人何锐在被告人王勇的教唆下，伙同他人在同一段时间内对同一妇女先后连续、轮流地实施了奸淫行为，属轮奸；被告人刘应飞明知魏吉利强奸了李某，还在同一段时间内对李某实施奸淫行为，属轮奸；公诉机关指控被告人王勇、何锐、刘应飞具有轮奸情节成立，本院予以支持。被告人王勇犯盗窃罪被判处有期徒刑，刑罚执行完毕后五年内再犯应当判处有期徒刑以上刑罚之罪，是累犯，应当从重处罚；公诉机关指控被告人王勇具有累犯情节成立，本院予以支持。被告人王勇、何锐归案后，均如实供述了自己的犯罪事实，并在庭审中表示自愿认罪，依法可以从轻处罚；被告人刘应飞在公安机关未将其确定为犯罪嫌疑人时，就在询问时直接向公案机关如实交代自己的犯罪事实，构成自首，依法可以从轻或减轻处罚；被告人何锐、刘应飞均系初犯，可以酌情从轻处罚。被告人刘应飞的辩护人关于被告人刘应飞不构成轮奸的辩护意见与查明的事实不符，不予采纳；关于被告人刘应飞具有自首情节、对其减轻处罚的辩护意见与查明的事实相符，予以采纳。根据被告人刘应飞的犯罪情节、认罪悔罪表现，本院决定对被告人刘应飞减轻处罚。依照《中华人民共和国刑法》第二百三十六条第三款（四）项、第二十九条第一款、第六十五条第一款、第六十七条第一款、第三款之规定，判决如下：","pjjg":" 一、被告人王勇犯强奸罪，判处有期徒刑十一年六个月。 二、被告人何锐犯强奸罪，判处有期徒刑十年。 三、被告人刘应飞犯强奸罪，判处有期徒刑七年。 （刑期从判决执行之日起计算。判决执行以前先行羁押的，羁押一日折抵刑期一日，即被告人王勇的刑期扣除先行羁押的5天，应自2012年1月4日起至2023年6月28日止；被告人何锐的刑期自2011年12月1日起至2021年11月30日止；被告人刘应飞的刑期自2011年12月1日起至2018年11月30日止。） 如不服本判决，可在接到判决书的第二日起十日内，通过本院或者直接向泸州市中级人民法院提出上诉。书面上诉的，应当提交上诉状正本一份，副本二份。","qw":"四川省泸州市江阳区人民法院 刑事判决书 （2012）江阳刑初字第152号 公诉机关泸州市江阳区人民检察院。 被告人王勇，男，1984年10月10日出生，汉族，小学文化，务民，住四川省叙永县。2003年12月因犯盗窃罪被四川省叙永县人民法院判处有期徒刑二年六个月，缓刑三年，并处罚金5000元；2006年7月因再犯盗窃被四川省叙永县人民法院撤销缓刑，收监执行；2006年11月因犯盗窃罪被四川省叙永县人民法院判处有期徒刑二年，并处罚金4000元，数罪并罚，决定执行有期徒刑三年六个月，并处罚金4000元；2009年12月17日刑满释放。因本案于2012年1月4日被刑事拘留，1月18日被逮捕。现羁押于泸州市看守所。 被告人何锐（绰号何二娃），男，1989年2月11日出生，汉族，初中文化，无业，住四川省叙永县。因本案于2011年12月1日被刑事拘留，2012年1月6日被逮捕。现羁押于泸州市看守所。 被告人刘应飞（绰号小飞），男，1993年2月7日出生，汉族，初中文化，务工，住四川省叙永县。因本案于2011年12月1日被刑事拘留，2012年1月6日被逮捕。现羁押于泸州市看守所。 辩护人张宏颀，四川德才律师事务所律师。 泸州市江阳区人民检察院以泸江检刑诉（2012）116号起诉书指控被告人王勇、何锐、刘应飞犯强奸罪，于2012年4月1日向本院提起公诉。本院依法组成合议庭，不公开开庭审理了本案。泸州市江阳区人民检察院指派代理检察员刘晓霞出庭支持公诉，被告人王勇、何锐、被告人刘应飞及其辩护人张宏颀到庭参加诉讼。现已审理终结。 泸州市江阳区人民检察院指控：2011年10月6日23时许，被告人王勇因惹恼他人欲到泸州躲几日，遂邀约被告人何锐、刘应飞以及魏某某（在逃）、田某某（在逃）等人和被害人李某（女，14岁）一起，乘坐由曾某驾驶的蓝色长安铃木轿车，从泸州市叙永县百花山出发到泸州市江阳区江南小学附近一租住房。被告人王勇以被害人李某在他人面前说其坏话，以致其经营的“回家路上”按摩店被砸为由，殴打、威胁李某，并教唆被告人何锐等人轮奸李某。次日早饭后，被告人王勇用匕首打被害人李某，还用匕首挑自己脚上的死皮逼迫被害人李某吞食。当日午后，刘应飞等人与李某发生性关系后，魏某某和被告人何锐又以做俯卧撑、仰卧起坐、空啤酒瓶捅阴道、下跪等方式对被害人李某进行虐待，被告人何锐使用手机拍摄了被害人李某使用空啤酒瓶捅阴道的视频。直至10月7日傍晚，被害人李某趁魏某某和被告人何锐、刘应飞熟睡后方得逃脱。针对上述事实，公诉机关提供了书证、证人证言、被害人陈述、被告人供述、鉴定结论等证据为证，指控被告人王勇、何锐、刘应飞的行为触犯了《中华人民共和国刑法》第二百三十六条第三款之规定，已构成强奸罪。被告人王勇年满十八周岁后犯盗窃罪被判处有期徒刑，刑罚执行完毕后五年内再犯应当判处有期徒刑以上刑罚之罪，是累犯，应当从重处罚。诉请本院依法判处。 被告人王勇当庭表示自愿认罪，但称自己没有与李某发生性关系，也不知道2011年10月7日下午发生的事，希望对其从轻处罚。 被告人何锐对起诉书指控的犯罪事实和罪名无异议，当庭表示自愿认罪，希望对其从轻处罚。 被告人刘应飞对起诉书指控的犯罪事实和罪名无异议，当庭表示自愿认罪，希望本院对其从轻处罚。其辩护人提出的辩护意见是：1、被告人刘应飞强奸李某的行为不属于轮奸；2、被告人刘应飞具有自首情节；3、被告人刘应飞没有对被害人施用暴力，建议对其减轻处罚。 经审理查明：2011年10月7日零时左右，被告人王勇因惹恼他人欲到泸州躲几日，遂约被告人何锐、刘应飞以及魏某某（在逃）、田某某（在逃）、被害人李某（女，14岁）等八人，搭乘曾某驾驶的小轿车，从泸州市叙永县百花山出发到泸州市江阳区江南小学附近魏某某的租住房。在途中，王勇将李某拉下车，并与魏某某等人一起殴打李某；到魏某某的租住房时，王勇又与魏某某、何锐等人威胁殴打李某，王勇还对魏某某、何锐、田某某等人说“你们要上的都上”（指与李某发生性关系）。随后，魏某某、何锐、田某某先后强行与李某发生性关系。当日上午，王勇用匕首打被害人李某，还挑脚上的死皮逼迫李某吞食。当日下午，魏某某、刘应飞先后与李某发生性关系；魏某某、何锐又以做俯卧撑、仰卧起坐、空啤酒瓶捅阴道、跪砖头、用刀划手臂等方式对李某进行虐待，何锐还用手机拍摄了魏某某与李某发生性关系、李某用空啤酒瓶捅阴道的视频。当日傍晚，李某趁魏某某、何锐、刘应飞熟睡之机逃脱。 2011年11月30日被告人何锐、刘应飞等人在泸州市叙永县滨河路一饭馆聚餐时被查获，被告人刘应飞直接向公安机关如实供述了自己的犯罪事实。随后，被害人李某对被告人刘应飞的照片进行辨认，确定被告人刘应飞就是轮奸李某的犯罪嫌疑人。2011年12月29日王勇在广东省江门市会城朱紫路19号2楼亿网网吧上网时被抓获归案。 上述事实，有经过公诉机关当庭出示、质证的下列证据证实： 1、接受刑事案件登记表、立案决定书，证实本案的来源。 2、拘留证、逮捕证，证实被告人王勇、何锐、刘应飞被采取强制措施情况。 3、被告人王勇、何锐、刘应飞的户籍证明，证实三被告人均具有刑事责任能力。 4、（2004）叙永刑初字第14号刑事判决书，（2006）叙永刑执字第98号刑事判决书，（2006）叙永刑初字第153号刑事判决书，（2009）字第1261号释放证明书，分别证实王勇因犯盗窃罪被判处有期徒刑二年六个月，缓刑三年，并处罚金5000元；因盗窃摩托车被撤销缓刑，收监执行；因犯盗窃罪被判处有期徒刑二年，并处罚金4000元，数罪并罚，决定执行有期徒刑三年六个月，并处罚金4000元；2009年12月17日刑满释放。 5、证人李某某、杨某某的证言，均证实2011年10月7日下午七点左右，李某借用同车人的电话说被卖了，跑出来了，在出租车上。在泸州机场等人的李某某叫出租车司机将李某送到蓝田机场，随后将李某带回叙永。听李某讲述遭到王勇、魏某某等人殴打、轮奸的情况。 6、证人曾实的证言，证实2011年10月7日凌晨左右，王勇说要到泸州躲几天，叫曾某送一下。随后，曾某就开车载着王勇、魏某某、何锐、田某某、刘应飞、赵某、余某、李某等人从叙永百花山出发到泸州。在途中，王勇在车上打骂李某后，又将李某拉下车，听到有人在车下打李某；到魏某某的租房内，王勇、魏某某等人又殴打李某，曾某、赵某、刘应飞到车上睡觉。事后听说，魏某某、何锐、田某某、刘应飞都和李某发生了性关系。 7、证人赵桃的证言，证实2011年10月7日凌晨零时左右，王勇说有人他找，有点怕想到泸州躲几天，在叙永百花山接到一个“小飞”的人后就趋车去泸州。在途中，王勇在车上打骂李某后，又将李某拉下车，听到有人在车下打李某；到魏某某的租房内，王勇将赵某、余某关在一间房屋里，其余的五个男的与李某就在另一间房屋内。过一会儿，听见李某在哭，看见李某跪在地上，王勇用猎刀平面拍打李某的脸，魏某某用膝盖顶李某的额头，姓何的娃儿用手打李某。之后，王勇叫曾某、赵某、小某到车上睡觉。早饭后，王勇叫李某跪在地上，又用猎刀杷夺李某。大约19时许，王勇接到魏某某的电话，说李某跑了，又回租房只见魏某某、姓何的、小某三人在。回叙永后听曾某说，王勇他们把李某轮奸了。 8、证人余某的证言，证实2011年国庆节期间的一个晚上，王勇的按摩店被砸后，王勇叫曾某拉魏某某、田某某、何锐、赵某、刘应飞、余某、李某等人到泸州躲几天。在途中，王勇、魏某某、何锐三人下车对李某进行殴打；在魏某某的租房内，王勇、魏某某又打李某；曾某、赵某、小某到车上睡觉；王勇说你们要上你们上后，魏某某、田某某、何锐轮流和李某发生了性关系。当日上午，王勇又打李某，并用刀挑脚皮给李某吃。下午六点左右魏某某打电话说李某跑了，回租房去没找到李某后就回茶楼，传看何锐用手机拍的一段李某用啤酒瓶捅阴道的视频。 9、证人范某某的证言，证实2011年10月份的一天晚上七点过，范某某打的从江南小学或瓷厂附近经过时，有一个小女孩招车，借用其电话给她的家人通话并上了车，她的家人叫司机将那个女孩送到蓝田坝。 10、证人黄某某的证言，证实黄某某将自家（泸州市江阳区茜草镇联合村白果田社91号）三楼的右手边二间房屋租给魏某某。2011年10月7日凌晨黄某某看到自家楼下开来一辆车，车上下来一些男女，有些人上了三楼，有些人坐车里。同日晚上六七点时，听到楼上小范与一个女的说话，那女的说被骗了，想回叙永。之后，看到小范送了一个小姑娘下楼打的走了。 11、被害人李某的辩认笔录，证实李某指认了2011年10月7日参与殴打或轮奸自己的王勇、魏某某、何锐、田某某、刘应飞等人，还确认了魏某某、何锐、田某某、刘应飞四人强奸自己的顺序。 12、被告人王勇的辩认笔录，证实王勇指认了2011年10月7日参与殴打并强奸李某的魏某某、强奸李某的田某某。 13、被害人李某的陈述，证实2011年10月7日凌晨在到泸州的途中和魏某某的租房内，李某遭到王勇、魏某某、何锐等人威胁殴打。在魏某某的租房内被殴打后，王勇还对在场的人说“要上的都上”（指与李某发生性关系），随后魏某某、何锐、田某某将李某轮奸；当日早饭后，王勇再次用匕首打李某，并迫使李某吞食从脚上挑下的死皮；当日下午，魏某某、刘应飞先后强行与李某发生性关系；魏某某、何锐又以做俯卧撑、仰卧起坐、空啤酒瓶捅阴道、跪砖头、用刀划手臂等方式对李某进行虐待，何锐还用手机拍摄了魏某某与李某发生性关系、李某用空啤酒瓶捅阴道的视频。当日傍晚，李某见魏某某、何锐、刘应飞熟睡后逃脱。 14、广东省江门市公安局中心派出所出具的抓获经过，证实2011年12月29日13时许江门市公安局中心派出所接110通知，在逃人员王勇在广东省江门市会城朱紫路19号2楼亿网网吧上网，随后将王勇查获。 15、泸州市公安局江阳区分局刑侦一中队出具的情况说明和抓获经过，证实被告人王勇、何锐、刘应飞的归案情况。 16、被害人李某的伤情照片，证实李某遭到殴打、虐待的受伤情况。 17、四川省叙永县人民医院出具的临床医学鉴定书，证实2011年10月10日李某到四川省叙永县人民医院进行妇科检查，诊断出李某的处女膜破裂。 18、被告人何锐、刘应飞指认现场的辨认笔录及相应照片，证实2011年10月7日泸州市江阳区茜草镇联合村白果田社91号三楼两间房屋就是魏某某的租住房，也就是本案的作案现场。 19、被告人王勇、何锐、刘应飞的供述，所供述的作案时间、地点、案发经过、被抓获情况与上述事实一致。 本院认为，被告人王勇、何锐、刘应飞为满足其私欲，违背妇女意志，采用暴力、胁迫或者其他手段强行与妇女发生性关系，其行为已构成强奸罪，依法应当追究其刑事责任。公诉机关指控被告人王勇、何锐、刘应飞的主要犯罪事实及罪名成立，本院予以支持。被告人王勇教唆三个男子与妇女发生性关系，三个男子随即对同一妇女实施奸淫，系共同犯罪；被告人何锐在被告人王勇的教唆下，伙同他人在同一段时间内对同一妇女先后连续、轮流地实施了奸淫行为，属轮奸；被告人刘应飞明知魏吉利强奸了李某，还在同一段时间内对李某实施奸淫行为，属轮奸；公诉机关指控被告人王勇、何锐、刘应飞具有轮奸情节成立，本院予以支持。被告人王勇犯盗窃罪被判处有期徒刑，刑罚执行完毕后五年内再犯应当判处有期徒刑以上刑罚之罪，是累犯，应当从重处罚；公诉机关指控被告人王勇具有累犯情节成立，本院予以支持。被告人王勇、何锐归案后，均如实供述了自己的犯罪事实，并在庭审中表示自愿认罪，依法可以从轻处罚；被告人刘应飞在公安机关未将其确定为犯罪嫌疑人时，就在询问时直接向公案机关如实交代自己的犯罪事实，构成自首，依法可以从轻或减轻处罚；被告人何锐、刘应飞均系初犯，可以酌情从轻处罚。被告人刘应飞的辩护人关于被告人刘应飞不构成轮奸的辩护意见与查明的事实不符，不予采纳；关于被告人刘应飞具有自首情节、对其减轻处罚的辩护意见与查明的事实相符，予以采纳。根据被告人刘应飞的犯罪情节、认罪悔罪表现，本院决定对被告人刘应飞减轻处罚。依照《中华人民共和国刑法》第二百三十六条第三款（四）项、第二十九条第一款、第六十五条第一款、第六十七条第一款、第三款之规定，判决如下： 一、被告人王勇犯强奸罪，判处有期徒刑十一年六个月。 二、被告人何锐犯强奸罪，判处有期徒刑十年。 三、被告人刘应飞犯强奸罪，判处有期徒刑七年。 （刑期从判决执行之日起计算。判决执行以前先行羁押的，羁押一日折抵刑期一日，即被告人王勇的刑期扣除先行羁押的5天，应自2012年1月4日起至2023年6月28日止；被告人何锐的刑期自2011年12月1日起至2021年11月30日止；被告人刘应飞的刑期自2011年12月1日起至2018年11月30日止。） 如不服本判决，可在接到判决书的第二日起十日内，通过本院或者直接向泸州市中级人民法院提出上诉。书面上诉的，应当提交上诉状正本一份，副本二份。 审判长蒋相立 审判员郑天海 代理审判员马光才 二〇一二年五月七日 书记员黄超 附相关法律条文： 《中华人民共和国刑法》 第二百三十六条以暴力、胁迫或者其他手段强奸妇女的，处三年以上十年以下有期徒刑。 奸淫不满十四周岁的幼女的，以强奸论，从重处罚。 强奸妇女、奸淫幼女，有下列情形之一的，处十年以上有期徒刑、无期徒刑或者死刑： （一）强奸妇女、奸淫幼女情节恶劣的； （二）强奸妇女、奸淫幼女多人的； （三）在公共场所当众强奸妇女的； （四）二人以上轮奸的； （五）致使被害人重伤、死亡或者造成其他严重后果的。 第二十九条教唆他人犯罪的，应当按照他在共同犯罪中所起的作用处罚。教唆不满十八周岁的人犯罪的，应当从重处罚。 如果被教唆的人没有犯被教唆的罪，对于教唆犯，可以从轻或者减轻处罚。 第六十五条被判处有期徒刑以上刑罚的犯罪分子，刑罚执行完毕或者赦免以后，在五年以内再犯应当判处有期徒刑以上刑罚之罪的，是累犯，应当从重处罚，但是过失犯罪和不满十八周岁的人犯罪的除外。 前款规定的期限，对于被假释的犯罪分子，从假释期满之日起计算。 第六十七条犯罪以后自动投案，如实供述自己的罪行的，是自首。对于自首的犯罪分子，可以从轻或者减轻处罚。其中，犯罪较轻的，可以免除处罚。 被采取强制措施的犯罪嫌疑人、被告人和正在服刑的罪犯，如实供述司法机关还未掌握的本人其他罪行的，以自首论。 犯罪嫌疑人虽不具有前两款规定的自首情节，但是如实供述自己罪行的，可以从轻处罚；因其如实供述自己罪行，避免特别严重后果发生的，可以减轻处罚。","writId":"044105681e3a4ef3e3f44f38fcdaed1ace5","writName":"王勇、何锐、赵维军强奸罪一审刑事判决书"}
