{"ajId":"4d00d72d-a8d9-46fc-8819-8fb7834fb45c","ajName":"梅某波犯危险驾驶罪一案","ajjbqk":" 判决 ","cpfxgc":"依照《中华人民共和国刑法》第一百三十三条之一、第六十七条第三款、第七十二条、第七十三条之规定，判决如下：","pjjg":" 被告人梅某波犯危险驾驶罪，判处拘役一个月，缓刑三个月，并处罚金人民币6000元。 如不服本判决，可于接到判决书的第二日起十日内，通过本院或者直接向广东省深圳市中级人民法院提起上诉。书面上诉的，应当提交上诉状正本一份、副本二份。","qw":"深圳市罗湖区人民法院 刑事判决书 （2017）粤0303刑初1989号 公诉机关深圳市罗湖区人民检察院。 被告人梅某波。 辩护人杨晓明。 控辩意见 深圳市罗湖区人民检察院以深罗检刑诉（2017）2272号起诉书指控：2017年10月14日3时许，被告人梅某波驾驶机动车在道路上行驶时被执勤民警查获。经抽血检测，被告人梅某波血液中乙醇的含量为120.61mg／100ml。公诉机关认为，被告人梅某波的行为已构成危险驾驶罪，建议对被告人判处拘役，并处罚金。 被告人梅某波在法庭上对指控的上述事实及本案证据无异议，承认控罪，对公诉机关的量刑建议无异议。其辩护人提出被告人人身危险性及主观恶性、社会危害性小，认罪悔罪，是初犯，建议适用缓刑的辩护意见。 审理认定 本院适用简易程序，经开庭审理，对公诉机关指控的上述事实予以确认。被告人在侦查阶段已签署《认罪认罚具结书》。本院认为被告人梅某波的行为已构成危险驾驶罪，其有坦白、自愿认罪认罚的从轻处罚情节。被告人的辩护人的辩护意见予以采纳。 判决 依照《中华人民共和国刑法》第一百三十三条之一、第六十七条第三款、第七十二条、第七十三条之规定，判决如下： 被告人梅某波犯危险驾驶罪，判处拘役一个月，缓刑三个月，并处罚金人民币6000元。 如不服本判决，可于接到判决书的第二日起十日内，通过本院或者直接向广东省深圳市中级人民法院提起上诉。书面上诉的，应当提交上诉状正本一份、副本二份。 审判员裴斐 二〇一七年十月二十五日 本件与原件核对无异议 书记员吴恩玉","writId":"0116c8a8c35e7b13675bea06e2ab7a5c758","writName":"梅某波犯危险驾驶罪刑事判决书"}
