{"ajId":"e0b7c74d-c032-4eaa-bfc2-7f74536a33f1","ajName":"彭某、罗某等抢劫罪，彭某、罗某等盗窃罪一案","ajjbqk":" 原审认定：被告人彭某、罗某、王某以非法占有为目的，伙同他人采用暴力手段劫取他人财物，被告人彭某、罗某、王某、谭远超、罗光智、杨某乙、刘某以非法占有为目的，交叉结伙盗窃作案，被告人赵某明知是赃物而予以收购。具体犯罪事实如下： （一）抢劫 2008年6月8日凌晨，被告人彭某、罗某、王某伙同小擅（另案处理）经事先预谋，携带砍刀、老虎钳、扳手等工具窜至本市南湖区余新镇余新砖瓦厂，对值班人员周文华施以持刀威逼、捆绑、搜身等手段，劫得周文华身上现金625元、该厂南机房内的三相异步电动机2台、电焊机铜芯1个，合计价值4573元。 （二）盗窃 1、2008年5月23日凌晨，经被告人罗光智事先踩点并指使，被告人彭某、谭远超及刘峰、二孟（均另行处理）等人窜至本市南湖区余新镇余新砖瓦厂，采用翻墙、剪断挂锁等手段进入该厂南机房实施盗窃，窃得电焊线、轴承、切坯后闸、连轴器、电焊钳、滚筒等物一批，合计价值21300余元。 2、2008年6月1日凌晨，经被告人罗光智踩点并指使，被告人彭某、谭远超及刘峰等人窜至本市南湖区余新镇新良友木业厂，采用断线钳剪线的手段进入该厂车间实施盗窃，窃得3台电焊机上的电焊线370余米，合计价值8450元。 3、2008年6月初的一天，被告人谭远超及二孟、机子（均另案处理）窜至本市南湖区余新镇余新砖瓦厂，采用翻墙、爬洞等手段进入该厂南机房实施盗窃，窃得制坯机联轴器、制坯绞龙叶、备用钢材等物一批，合计价值3550元。 4、2008年7月1日晚，被告人彭某、罗某、王某及小擅窜至本市南湖区余新镇嘉兴市潜福食品有限公司，采用手扳的手段实施盗窃，窃得铁栅栏9档，价值4346元。 5、2008年7月2日凌晨，经被告人罗光智踩点并指使，被告人谭远超、杨某乙及刘峰等人窜至本市南湖区余新镇振兴五金厂，采用翻墙、剪断车间挂锁等手段进入该厂车间实施盗窃，窃得钢质箱包拉杆、螺丝、电动机、铁模具材料等物一批，合计价值9377元。 6、2008年7月初的一天，被告人谭远超、杨某乙、罗某窜至本市南湖区余新镇曹庄集镇黎明2组李某家，采用手扳的手段实施盗窃，窃得铁栅栏1档半，价值400元。 7、2008年7月初的一天，经被告人罗光智踩点并指使，被告人谭远超、杨某乙及刘峰窜至本市南湖区余新镇余西村22组一水渠边，采用拆卸的手段实施盗窃，窃得铁闸门4块，价值240元。 8、2008年7月7日凌晨，被告人彭某及周某（另案处理）窜至本市南湖区余新镇亚兰服饰有限公司，采用翻墙破窗、撬锁、拆卸等手段进入该公司办公室实施盗窃，窃得清华同方台式电脑和联想台式电脑各1台，合计价值1500元。案发后，赃物被追回并发还被害单位。 9、2008年7月9日凌晨，被告人谭远超、杨某乙窜至本市南湖区余新镇余新砖瓦厂，采用破窗等手段进入办公楼底楼实施盗窃，窃得煤气瓶4瓶、食用调和油1瓶、降压线包1个，合计价值910元。案发后，上述物品已被追回并发还被害单位。 10、2008年7月21日晚，被告人刘某及刘富华、蒋青（均另案处理）窜至本市南湖区余新镇三利源包装厂，采用攀爬围墙、剪断挂锁等手段进入该厂办公室实施盗窃，窃得台式组装电脑2台（均装有金税开票卡）、台式TCL电脑1台、香烟5包，合计价值8424元。 11、2008年6月初某日晚，被告人罗某伙同他人窜至本市南湖区余新镇阳光放心超市，采用手扳的手段实施盗窃，窃得铁栅栏1档，价值591元。 （三）掩饰、隐瞒犯罪所得 2008年7月23日，被告人赵某在明知是赃物的情况下，仍以1500元的低价收购由被告人刘某及刘富华、蒋青盗窃所得的台式组装电脑2台（均装有金税开票卡）、台式TCL电脑1台，合计价值8094元。案发后，从被告人赵某处扣押台式组装电脑1台（装有金税开票卡）、台式TCL电脑1台及昂达965主板1块、80G硬盘1个、显示器1台，上述物品均已发还被害单位。 案发后，被告人罗光智、杨某乙分别检举揭发他人犯罪事实，均已查证属实，同时被告人罗光智协助公安机关抓获其他犯罪分子。被告人赵某退缴赃款1512元。 原审认为，被告人彭某、罗某、王某以非法占有为目的，伙同他人采用暴力手段劫取财物，价值4573元，其行为均已构成抢劫罪；被告人彭某、罗某、王某、谭远超、罗光智、杨某乙、刘某以非法占有为目的，交叉结伙盗窃作案，其中彭某窃得财物价值35500余元，罗某窃得财物价值5300余元，王某窃得财物价值4300余元，谭远超窃得财物价值44200余元，罗光智窃得财物价值39300余元，杨某乙窃得财物价值10900余元，刘某窃得财物价值8400余元。被告人彭某、谭远超、罗光智盗窃数额巨大，被告人罗某、王某、杨某乙、刘某盗窃数额较大，上述被告人的行为均已构成盗窃罪。被告人赵某明知是赃物而予以收购，价值8094余元，其行为已构成掩饰、隐瞒犯罪所得罪。被告人彭某、罗某、王某、谭远超、罗光智、杨某乙、刘某、赵某认罪态度较好，均可酌情从轻处罚。被告人彭某、罗某、王某一人犯两罪，应依法数罪并罚。被告人彭某、罗光智均系刑满释放后五年内再犯罪，系累犯，依法应当从重处罚。被告人罗光智、杨某乙具有立功情节，依法可以从轻处罚。被告人赵某积极退赃，酌情从轻处罚。据此，依照《中华人民共和国刑法》第二百六十三条、第二百六十四条、第三百一十二条、第二十五条第一款、第六十五条第一款、第六十八条第一款、第六十九条、第六十四条之规定，判决：一、被告人彭某犯抢劫罪，判处有期徒刑四年六个月，并处罚金人民币10000元，犯盗窃罪，判处有期徒刑四年六个月，并处罚金人民币20000元，决定执行有期徒刑八年六个月，并处罚金人民币30000元（扣除被行政拘留的二日，刑期自2008年7月10日起至2017年1月7日止）。二、被告人罗某犯抢劫罪，判处有期徒刑四年，并处罚金人民币8000元，犯盗窃罪，判处有期徒刑一年，并处罚金人民币4000元，决定执行有期徒刑四年六个月，并处罚金人民币12000元（刑期自2008年9月6日起至2013年3月5日止）。三、被告人王某犯抢劫罪，判处有期徒刑四年，并处罚金人民币8000元，犯盗窃罪，判处有期徒刑八个月，并处罚金人民币3500元，决定执行有期徒刑四年二个月，并处罚金人民币11500元（刑期自2008年9月6日起至2012年11月5日止）。四、被告人谭远超犯盗窃罪，判处有期徒刑五年，并处罚金人民币25000元（刑期自2008年7月9日起至2013年7月8日止）。五、被告人罗光智犯盗窃罪，判处有期徒刑四年六个月，并处罚金人民币20000元（刑期自2008年7月9日起至2013年1月8日止）。六、被告人杨某乙犯盗窃罪，判处有期徒刑一年，并处罚金人民币5000元（刑期自2008年7月9日起至2009年7月8日止）。七、被告人刘某犯盗窃罪，判处有期徒刑一年，并处罚金人民币5000元（刑期自2008年7月24日起至2009年7月23日止）。八、被告人赵某犯掩饰、隐瞒犯罪所得罪，判处拘役六个月，并处罚金人民币8000元（刑期自2008年7月25日起至2009年1月24日止）。九、退赃款1512元发还三利源包装厂。 判决生效后，嘉兴人民检察院按审判监督程序向本院提起抗诉。抗诉认为：原审被告人赵某于2007年2月9日因犯收购赃物罪被新疆维吾尔自治区吐鲁番市人民法院判处有期徒刑二年，缓刑三年，并处罚金人民币2000元（缓刑考验期自2007年2月26日起至2010年2月25日止）。浙江省嘉兴市南湖区人民法院（2009）嘉南刑初字第23号刑事判决所认定的赵某掩饰、隐瞒犯罪所得的犯罪事实，系赵某在缓刑考验期内重新犯罪。由于赵某隐瞒了曾被新疆维吾尔自治区吐鲁番市人民法院判刑的事实，且由于基础数据不完备等原因，使侦查、公诉机关均未发现赵某系在缓刑考验期内犯罪的事实，导致原审判决适用法律错误，未对其撤销缓刑，实行数罪并罚。提请本院依法再审。 本院再审查明，原审认定被告人彭某、罗某、王某抢劫、盗窃，被告人谭远超、罗光智、杨某乙、刘某盗窃，被告人赵某掩饰、隐瞒犯罪所得的事实，有被害单位余新新良友木业厂汪良军、李军才、被害单位嘉兴市潜福食品有限公司沈福良、被害单位余新振兴五金厂凌志良、被害人李某、被害单位余西村胡国民、被害单位余新镇亚兰服饰有限公司林月泉等的陈述，证人宣某、周某、郭某、曾某的证言，被告人辨认笔录及照片、现场勘查笔录及照片、提取笔录、搜查笔录、价格鉴定结论书、户籍证明、查获经过、到案经过、情况说明等证据予以证实，各被告人也均供认不讳，本院予以确认。 再审另查明，2006年6月1日，原审被告人赵某因涉嫌犯收购赃物罪被新疆维吾尔自治区托克逊县公安局刑事拘留，2006年7月14日被依法逮捕。2007年2月9日，原审被告人赵某因犯收购赃物罪被新疆维吾尔自治区吐鲁番市人民法院判处有期徒刑二年，缓刑三年，并处罚金人民币2000元（缓刑考验期自2007年2月26日起至2010年2月25日止）。2007年2月26日，赵某被释放。 以上事实，有新疆维吾尔自治区吐鲁番市人民法院（2007）吐刑初字第28号刑事判决书、刑罚执行通知书、释放通知书、协查函、赵某讯问笔录、指纹鉴定委托书、浙江省嘉兴市公安局南湖区分局嘉南公司鉴（2011）022手印鉴定书等证据予以证实，原审被告人赵某对此亦供认不讳，足以认定。 ","cpfxgc":"本院认为，原审被告人彭某、罗某、王某以非法占有为目的，伙同他人采用暴力手段劫取财物，其行为均已构成抢劫罪；原审被告人彭某、罗某、王某、谭远超、罗光智、杨某乙、刘某以非法占有为目的，交叉结伙盗窃作案，其中原审被告人彭某、谭远超、罗光智盗窃数额巨大，原审被告人罗某、王某、杨某乙、刘某盗窃数额较大，上述原审被告人的行为均已构成盗窃罪。原审被告人赵某明知是赃物而予以收购，价值8094余元，其行为已构成掩饰、隐瞒犯罪所得罪。原审被告人彭某、罗某、王某、谭远超、罗光智、杨某乙、刘某、赵某认罪态度较好，均可酌情从轻处罚。原审被告人彭某、罗某、王某一人犯两罪，应依法数罪并罚。原审被告人彭某、罗光智均系刑满释放后五年内再犯罪，系累犯，依法应当从重处罚。原审被告人罗光智、杨某乙具有立功情节，依法可以从轻处罚。原审被告人赵某积极退赃，可以酌情从轻处罚。由于原审被告人赵某系在缓刑考验期内犯新罪，应撤销缓刑，实行数罪并罚，其在新疆维吾尔自治区吐鲁番市人民法院宣告缓刑前，被羁押的时间应折抵刑期。因赵某隐瞒曾被新疆维吾尔自治区吐鲁番市人民法院判刑的事实，且由于基础数据不完备等原因，使当时侦查、公诉、审判机关均未发现赵某系在缓刑考验期内犯罪的事实。原审认定事实清楚，证据确实、充分。审判程序合法。对彭某等被告人的定罪量刑正确。唯对被告人赵某未予撤销缓刑，实行数罪并罚不当，本院予以纠正。抗诉机关所提抗诉理由成立，本院予以采纳。据此，依照《中华人民共和国刑事诉讼法》第二百零六条、第一百八十九条第（三）项及《中华人民共和国刑法》第二百六十三条、第二百六十四条、第三百一十二条、第二十五条第一款、第六十五条第一款、第六十八条第一款、第六十九条、第七十七条、第六十四条之规定，判决如下：","pjjg":" 一、维持浙江省嘉兴市南湖区人民法院（2009）嘉南刑初字第23号刑事判决第一项至第七项、第九项，即对原审被告人彭某、罗某、王某、谭远超、罗光智、杨某乙、刘某的定罪量刑部分及赃款发还部分。 二、撤销浙江省嘉兴市南湖区人民法院（2009）嘉南刑初字第23号刑事判决第八项，即对原审被告人赵某的定罪量刑部分。 三、撤销新疆维吾尔自治区吐鲁番市人民法院（2007）吐刑初字第28号刑事判决对被告人赵某犯收购赃物罪宣告的缓刑。 四、原审被告人赵某犯掩饰、隐瞒犯罪所得罪，判处拘役六个月，并处罚金人民币8000元；与原判有期徒刑二年，并处罚金人民币2000元并罚，决定执行有期徒刑二年，拘役六个月，并处罚金人民币10000元。（刑期从判决执行之日起计算，判决执行以前先行羁押的，羁押一日折抵刑期一日，即自2011年2月20日起至2012年10月13日止；罚金限判决生效后三日内缴纳）。 本判决为终审判决。","qw":"浙江省嘉兴市中级人民法院 刑事判决书 （2011）浙嘉刑抗再字第2号 抗诉机关浙江省嘉兴市人民检察院。 原审被告人赵某。2007年2月9日因犯收购赃物罪被新疆维吾尔自治区吐鲁番市人民法院判处有期徒刑二年，缓刑三年，并处罚金人民币2000元。2009年1月22日，因犯掩饰、隐瞒犯罪所得罪被浙江省嘉兴市南湖区人民法院判处拘役六个月，并处罚金人民币8000元。2011年2月20日，因涉嫌犯掩饰、隐瞒犯罪所得罪被浙江省嘉兴市公安局南湖区分局刑事拘留，同年3月28日被取保候审，同年8月16日被浙江省嘉兴市公安局南湖区分局依法逮捕。现押于嘉兴市看守所。 原审被告人彭某。2007年10月因犯盗窃被浙江省海盐县人民法院判处有期徒刑十个月，并处罚金人民币5000元，2008年4月11日刑满释放。2008年7月8日因盗窃被浙江省嘉兴市公安局南湖区分局决定行政拘留十五日，同月10日该决定被撤销。2009年1月22日，因犯抢劫罪、盗窃罪被浙江省嘉兴市南湖区人民法院判处有期徒刑八年六个月，并处罚金人民币30000元。现在浙江省南湖监狱服刑。 原审被告人罗某。2009年1月22日，因犯抢劫罪、盗窃罪被浙江省嘉兴市南湖区人民法院判处有期徒刑四年六个月，并处罚金人民币12000元。现在浙江省南湖监狱服刑。 原审被告人王某。2009年1月22日，因犯抢劫罪、盗窃罪被浙江省嘉兴市南湖区人民法院判处有期徒刑四年二个月，并处罚金人民币11500元。现在浙江省南湖监狱服刑。 原审被告人谭远超。2009年1月22日，因犯盗窃罪被浙江省嘉兴市南湖区人民法院判处有期徒刑五年，并处罚金人民币25000元。现在浙江省南湖监狱服刑。 原审被告人罗光智。2006年10月因犯收购赃物罪被浙江省海盐县人民法院判处有期徒刑十个月，并处罚金人民币5000元。2009年1月22日，因犯盗窃罪被浙江省嘉兴市南湖区人民法院判处有期徒刑四年六个月，并处罚金人民币20000元。现在浙江省南湖监狱服刑。 原审被告人杨某乙。2008年5月18日因盗窃被嘉兴市公安局南湖区分局行政拘留十二日。2009年1月22日，因犯盗窃罪被浙江省嘉兴市南湖区人民法院判处有期徒刑一年，并处罚金人民币5000元（已服刑完毕）。 原审被告人刘某。2009年1月22日，因犯盗窃罪被浙江省嘉兴市南湖区人民法院判处有期徒刑一年，并处罚金人民币5000元（已服刑完毕）。 浙江省嘉兴市南湖区人民法院审理浙江省嘉兴市南湖区人民检察院指控被告人彭某、罗某、王某犯抢劫罪、盗窃罪、被告人谭远超、罗光智、杨某乙、刘某犯盗窃罪、被告人赵某犯掩饰、隐瞒犯罪所得罪一案，于2009年1月22日作出（2009）嘉南刑初字第23号刑事判决，已经发生法律效力。2011年9月26日，浙江省嘉兴市人民检察院以浙嘉检刑抗诉（2011）6号刑事抗诉书，按审判监督程序就本案向本院提起抗诉。本院依法组成合议庭，于2011年11月3日公开开庭审理了本案。浙江省嘉兴市人民检察院指派副检察长严乐雄、检察员沈小平、代理检察员顾晓慧出庭执行职务。原审被告人赵某到庭参加诉讼。经本院审判委员会讨论决定，本案现已审理终结。 原审认定：被告人彭某、罗某、王某以非法占有为目的，伙同他人采用暴力手段劫取他人财物，被告人彭某、罗某、王某、谭远超、罗光智、杨某乙、刘某以非法占有为目的，交叉结伙盗窃作案，被告人赵某明知是赃物而予以收购。具体犯罪事实如下： （一）抢劫 2008年6月8日凌晨，被告人彭某、罗某、王某伙同小擅（另案处理）经事先预谋，携带砍刀、老虎钳、扳手等工具窜至本市南湖区余新镇余新砖瓦厂，对值班人员周文华施以持刀威逼、捆绑、搜身等手段，劫得周文华身上现金625元、该厂南机房内的三相异步电动机2台、电焊机铜芯1个，合计价值4573元。 （二）盗窃 1、2008年5月23日凌晨，经被告人罗光智事先踩点并指使，被告人彭某、谭远超及刘峰、二孟（均另行处理）等人窜至本市南湖区余新镇余新砖瓦厂，采用翻墙、剪断挂锁等手段进入该厂南机房实施盗窃，窃得电焊线、轴承、切坯后闸、连轴器、电焊钳、滚筒等物一批，合计价值21300余元。 2、2008年6月1日凌晨，经被告人罗光智踩点并指使，被告人彭某、谭远超及刘峰等人窜至本市南湖区余新镇新良友木业厂，采用断线钳剪线的手段进入该厂车间实施盗窃，窃得3台电焊机上的电焊线370余米，合计价值8450元。 3、2008年6月初的一天，被告人谭远超及二孟、机子（均另案处理）窜至本市南湖区余新镇余新砖瓦厂，采用翻墙、爬洞等手段进入该厂南机房实施盗窃，窃得制坯机联轴器、制坯绞龙叶、备用钢材等物一批，合计价值3550元。 4、2008年7月1日晚，被告人彭某、罗某、王某及小擅窜至本市南湖区余新镇嘉兴市潜福食品有限公司，采用手扳的手段实施盗窃，窃得铁栅栏9档，价值4346元。 5、2008年7月2日凌晨，经被告人罗光智踩点并指使，被告人谭远超、杨某乙及刘峰等人窜至本市南湖区余新镇振兴五金厂，采用翻墙、剪断车间挂锁等手段进入该厂车间实施盗窃，窃得钢质箱包拉杆、螺丝、电动机、铁模具材料等物一批，合计价值9377元。 6、2008年7月初的一天，被告人谭远超、杨某乙、罗某窜至本市南湖区余新镇曹庄集镇黎明2组李某家，采用手扳的手段实施盗窃，窃得铁栅栏1档半，价值400元。 7、2008年7月初的一天，经被告人罗光智踩点并指使，被告人谭远超、杨某乙及刘峰窜至本市南湖区余新镇余西村22组一水渠边，采用拆卸的手段实施盗窃，窃得铁闸门4块，价值240元。 8、2008年7月7日凌晨，被告人彭某及周某（另案处理）窜至本市南湖区余新镇亚兰服饰有限公司，采用翻墙破窗、撬锁、拆卸等手段进入该公司办公室实施盗窃，窃得清华同方台式电脑和联想台式电脑各1台，合计价值1500元。案发后，赃物被追回并发还被害单位。 9、2008年7月9日凌晨，被告人谭远超、杨某乙窜至本市南湖区余新镇余新砖瓦厂，采用破窗等手段进入办公楼底楼实施盗窃，窃得煤气瓶4瓶、食用调和油1瓶、降压线包1个，合计价值910元。案发后，上述物品已被追回并发还被害单位。 10、2008年7月21日晚，被告人刘某及刘富华、蒋青（均另案处理）窜至本市南湖区余新镇三利源包装厂，采用攀爬围墙、剪断挂锁等手段进入该厂办公室实施盗窃，窃得台式组装电脑2台（均装有金税开票卡）、台式TCL电脑1台、香烟5包，合计价值8424元。 11、2008年6月初某日晚，被告人罗某伙同他人窜至本市南湖区余新镇阳光放心超市，采用手扳的手段实施盗窃，窃得铁栅栏1档，价值591元。 （三）掩饰、隐瞒犯罪所得 2008年7月23日，被告人赵某在明知是赃物的情况下，仍以1500元的低价收购由被告人刘某及刘富华、蒋青盗窃所得的台式组装电脑2台（均装有金税开票卡）、台式TCL电脑1台，合计价值8094元。案发后，从被告人赵某处扣押台式组装电脑1台（装有金税开票卡）、台式TCL电脑1台及昂达965主板1块、80G硬盘1个、显示器1台，上述物品均已发还被害单位。 案发后，被告人罗光智、杨某乙分别检举揭发他人犯罪事实，均已查证属实，同时被告人罗光智协助公安机关抓获其他犯罪分子。被告人赵某退缴赃款1512元。 原审认为，被告人彭某、罗某、王某以非法占有为目的，伙同他人采用暴力手段劫取财物，价值4573元，其行为均已构成抢劫罪；被告人彭某、罗某、王某、谭远超、罗光智、杨某乙、刘某以非法占有为目的，交叉结伙盗窃作案，其中彭某窃得财物价值35500余元，罗某窃得财物价值5300余元，王某窃得财物价值4300余元，谭远超窃得财物价值44200余元，罗光智窃得财物价值39300余元，杨某乙窃得财物价值10900余元，刘某窃得财物价值8400余元。被告人彭某、谭远超、罗光智盗窃数额巨大，被告人罗某、王某、杨某乙、刘某盗窃数额较大，上述被告人的行为均已构成盗窃罪。被告人赵某明知是赃物而予以收购，价值8094余元，其行为已构成掩饰、隐瞒犯罪所得罪。被告人彭某、罗某、王某、谭远超、罗光智、杨某乙、刘某、赵某认罪态度较好，均可酌情从轻处罚。被告人彭某、罗某、王某一人犯两罪，应依法数罪并罚。被告人彭某、罗光智均系刑满释放后五年内再犯罪，系累犯，依法应当从重处罚。被告人罗光智、杨某乙具有立功情节，依法可以从轻处罚。被告人赵某积极退赃，酌情从轻处罚。据此，依照《中华人民共和国刑法》第二百六十三条、第二百六十四条、第三百一十二条、第二十五条第一款、第六十五条第一款、第六十八条第一款、第六十九条、第六十四条之规定，判决：一、被告人彭某犯抢劫罪，判处有期徒刑四年六个月，并处罚金人民币10000元，犯盗窃罪，判处有期徒刑四年六个月，并处罚金人民币20000元，决定执行有期徒刑八年六个月，并处罚金人民币30000元（扣除被行政拘留的二日，刑期自2008年7月10日起至2017年1月7日止）。二、被告人罗某犯抢劫罪，判处有期徒刑四年，并处罚金人民币8000元，犯盗窃罪，判处有期徒刑一年，并处罚金人民币4000元，决定执行有期徒刑四年六个月，并处罚金人民币12000元（刑期自2008年9月6日起至2013年3月5日止）。三、被告人王某犯抢劫罪，判处有期徒刑四年，并处罚金人民币8000元，犯盗窃罪，判处有期徒刑八个月，并处罚金人民币3500元，决定执行有期徒刑四年二个月，并处罚金人民币11500元（刑期自2008年9月6日起至2012年11月5日止）。四、被告人谭远超犯盗窃罪，判处有期徒刑五年，并处罚金人民币25000元（刑期自2008年7月9日起至2013年7月8日止）。五、被告人罗光智犯盗窃罪，判处有期徒刑四年六个月，并处罚金人民币20000元（刑期自2008年7月9日起至2013年1月8日止）。六、被告人杨某乙犯盗窃罪，判处有期徒刑一年，并处罚金人民币5000元（刑期自2008年7月9日起至2009年7月8日止）。七、被告人刘某犯盗窃罪，判处有期徒刑一年，并处罚金人民币5000元（刑期自2008年7月24日起至2009年7月23日止）。八、被告人赵某犯掩饰、隐瞒犯罪所得罪，判处拘役六个月，并处罚金人民币8000元（刑期自2008年7月25日起至2009年1月24日止）。九、退赃款1512元发还三利源包装厂。 判决生效后，嘉兴人民检察院按审判监督程序向本院提起抗诉。抗诉认为：原审被告人赵某于2007年2月9日因犯收购赃物罪被新疆维吾尔自治区吐鲁番市人民法院判处有期徒刑二年，缓刑三年，并处罚金人民币2000元（缓刑考验期自2007年2月26日起至2010年2月25日止）。浙江省嘉兴市南湖区人民法院（2009）嘉南刑初字第23号刑事判决所认定的赵某掩饰、隐瞒犯罪所得的犯罪事实，系赵某在缓刑考验期内重新犯罪。由于赵某隐瞒了曾被新疆维吾尔自治区吐鲁番市人民法院判刑的事实，且由于基础数据不完备等原因，使侦查、公诉机关均未发现赵某系在缓刑考验期内犯罪的事实，导致原审判决适用法律错误，未对其撤销缓刑，实行数罪并罚。提请本院依法再审。 本院再审查明，原审认定被告人彭某、罗某、王某抢劫、盗窃，被告人谭远超、罗光智、杨某乙、刘某盗窃，被告人赵某掩饰、隐瞒犯罪所得的事实，有被害单位余新新良友木业厂汪良军、李军才、被害单位嘉兴市潜福食品有限公司沈福良、被害单位余新振兴五金厂凌志良、被害人李某、被害单位余西村胡国民、被害单位余新镇亚兰服饰有限公司林月泉等的陈述，证人宣某、周某、郭某、曾某的证言，被告人辨认笔录及照片、现场勘查笔录及照片、提取笔录、搜查笔录、价格鉴定结论书、户籍证明、查获经过、到案经过、情况说明等证据予以证实，各被告人也均供认不讳，本院予以确认。 再审另查明，2006年6月1日，原审被告人赵某因涉嫌犯收购赃物罪被新疆维吾尔自治区托克逊县公安局刑事拘留，2006年7月14日被依法逮捕。2007年2月9日，原审被告人赵某因犯收购赃物罪被新疆维吾尔自治区吐鲁番市人民法院判处有期徒刑二年，缓刑三年，并处罚金人民币2000元（缓刑考验期自2007年2月26日起至2010年2月25日止）。2007年2月26日，赵某被释放。 以上事实，有新疆维吾尔自治区吐鲁番市人民法院（2007）吐刑初字第28号刑事判决书、刑罚执行通知书、释放通知书、协查函、赵某讯问笔录、指纹鉴定委托书、浙江省嘉兴市公安局南湖区分局嘉南公司鉴（2011）022手印鉴定书等证据予以证实，原审被告人赵某对此亦供认不讳，足以认定。 本院认为，原审被告人彭某、罗某、王某以非法占有为目的，伙同他人采用暴力手段劫取财物，其行为均已构成抢劫罪；原审被告人彭某、罗某、王某、谭远超、罗光智、杨某乙、刘某以非法占有为目的，交叉结伙盗窃作案，其中原审被告人彭某、谭远超、罗光智盗窃数额巨大，原审被告人罗某、王某、杨某乙、刘某盗窃数额较大，上述原审被告人的行为均已构成盗窃罪。原审被告人赵某明知是赃物而予以收购，价值8094余元，其行为已构成掩饰、隐瞒犯罪所得罪。原审被告人彭某、罗某、王某、谭远超、罗光智、杨某乙、刘某、赵某认罪态度较好，均可酌情从轻处罚。原审被告人彭某、罗某、王某一人犯两罪，应依法数罪并罚。原审被告人彭某、罗光智均系刑满释放后五年内再犯罪，系累犯，依法应当从重处罚。原审被告人罗光智、杨某乙具有立功情节，依法可以从轻处罚。原审被告人赵某积极退赃，可以酌情从轻处罚。由于原审被告人赵某系在缓刑考验期内犯新罪，应撤销缓刑，实行数罪并罚，其在新疆维吾尔自治区吐鲁番市人民法院宣告缓刑前，被羁押的时间应折抵刑期。因赵某隐瞒曾被新疆维吾尔自治区吐鲁番市人民法院判刑的事实，且由于基础数据不完备等原因，使当时侦查、公诉、审判机关均未发现赵某系在缓刑考验期内犯罪的事实。原审认定事实清楚，证据确实、充分。审判程序合法。对彭某等被告人的定罪量刑正确。唯对被告人赵某未予撤销缓刑，实行数罪并罚不当，本院予以纠正。抗诉机关所提抗诉理由成立，本院予以采纳。据此，依照《中华人民共和国刑事诉讼法》第二百零六条、第一百八十九条第（三）项及《中华人民共和国刑法》第二百六十三条、第二百六十四条、第三百一十二条、第二十五条第一款、第六十五条第一款、第六十八条第一款、第六十九条、第七十七条、第六十四条之规定，判决如下： 一、维持浙江省嘉兴市南湖区人民法院（2009）嘉南刑初字第23号刑事判决第一项至第七项、第九项，即对原审被告人彭某、罗某、王某、谭远超、罗光智、杨某乙、刘某的定罪量刑部分及赃款发还部分。 二、撤销浙江省嘉兴市南湖区人民法院（2009）嘉南刑初字第23号刑事判决第八项，即对原审被告人赵某的定罪量刑部分。 三、撤销新疆维吾尔自治区吐鲁番市人民法院（2007）吐刑初字第28号刑事判决对被告人赵某犯收购赃物罪宣告的缓刑。 四、原审被告人赵某犯掩饰、隐瞒犯罪所得罪，判处拘役六个月，并处罚金人民币8000元；与原判有期徒刑二年，并处罚金人民币2000元并罚，决定执行有期徒刑二年，拘役六个月，并处罚金人民币10000元。（刑期从判决执行之日起计算，判决执行以前先行羁押的，羁押一日折抵刑期一日，即自2011年2月20日起至2012年10月13日止；罚金限判决生效后三日内缴纳）。 本判决为终审判决。 审判长帅国珍 审判员张波诚 代理审判员赵士明 二〇一一年十一月二十一日 书记员施佳媛","writId":"06476ab7792a4b1393fc5069ca15622c663","writName":"彭某、罗某等抢劫罪，彭某、罗某等盗窃罪等再审刑事判决书"}
