{"ajId":"ac4ecae7-a1a1-4cb5-b8c9-0f82b89a32de","ajName":"江某非法持有、私藏枪支、弹药一案","ajjbqk":" 经审理查明，2015年8月25日9时许，民警依法对被告人江某居住的佛山市禅城区张槎下朗英一村福善里塘边街横巷＊＊号房屋进行搜查，在该房屋的三楼杂物房内查获枪支状成品1支、枪支状半成品1支、铅弹5000发、枪支零部件1批，并当场抓获被告人江某。经鉴定，上述查获的物品含自制气枪1支（以气体为动力发射弹丸的非军用枪）、仿真枪1支、4.5毫米气枪铅弹5000发、自制枪支主要零部件12件。 上述事实，被告人江某在开庭审理过程中无异议，并有搜查笔录，扣押清单，物证照片，枪支、弹药检验报告书，抓获经过，户籍材料，被告人江某在侦查阶段的供述等证据证实，足以认定。 ","cpfxgc":"本院认为，被告人江某违反枪支管理规定，非法持有气枪铅弹5000发、以气体为动力发射弹丸的非军用枪1支，情节严重，其行为已构成非法持有枪支、弹药罪。公诉机关的指控成立。被告人江某归案后能如实供述犯罪事实，依法可以从轻处罚。公诉机关建议判处被告人江某有期徒刑三年至四年的量刑意见成立，本院予以采纳。辩护人以被告人江某是初犯、认罪态度好为由，请求对被告人江某从轻处罚的辩护意见成立，本院予以采纳；但请求对其适用缓刑的辩护意见不成立，本院不予采纳。依照《中华人民共和国刑法》第一百二十八条第一款、第六十七条第三款、第六十四条以及《最高人民法院关于审理非法制造、买卖、运输枪支、弹药、爆炸物等刑事案件具体应用法律若干问题的解释》第五条的规定，判决如下：","pjjg":" 一、被告人江某犯非法持有枪支、弹药罪，判处有期徒刑三年。 （刑期从判决执行之日起计算。判决执行以前先行羁押的，羁押一日折抵刑期一日，即自2015年8月25日起至2018年8月24日止。） 二、对扣押的自制气枪1支、枪支半成品1支、气枪铅弹5000发、自制枪支零部件1批予以没收，依法予以销毁。 如不服本判决，可在接到判决书的第二日起十日内，通过本院或者直接向广东省佛山市中级人民法院提出上诉。书面上诉的，应当提交上诉状正本一份，副本二份。","qw":"广东省佛山市禅城区人民法院 刑事判决书 （2015）佛城法刑初字第1021号 公诉机关佛山市禅城区人民检察院。 被告人江某，男，于广东省佛山市，身份证号码×××3839，汉族，中专文化，个体，户籍地广东省佛山市禅城区。2015年8月25日因本案被羁押，同日被刑事拘留，2015年9月25日被逮捕。现押于佛山市禅城区看守所。 辩护人范真子，广东众淼律师事务所律师。 辩护人李文。 佛山市禅城区人民检察院以佛禅检刑诉（2015）1115号起诉书指控被告人江某犯非法持有枪支、弹药罪，于2015年11月10日向本院提起公诉。本院依法适用简易程序，组成合议庭，公开开庭审理了本案。佛山市禅城区人民检察院指派代理检察员张帆出庭支持公诉，被告人江某及其辩护人范真子、李文到庭参加诉讼。现已审理终结。 经审理查明，2015年8月25日9时许，民警依法对被告人江某居住的佛山市禅城区张槎下朗英一村福善里塘边街横巷＊＊号房屋进行搜查，在该房屋的三楼杂物房内查获枪支状成品1支、枪支状半成品1支、铅弹5000发、枪支零部件1批，并当场抓获被告人江某。经鉴定，上述查获的物品含自制气枪1支（以气体为动力发射弹丸的非军用枪）、仿真枪1支、4.5毫米气枪铅弹5000发、自制枪支主要零部件12件。 上述事实，被告人江某在开庭审理过程中无异议，并有搜查笔录，扣押清单，物证照片，枪支、弹药检验报告书，抓获经过，户籍材料，被告人江某在侦查阶段的供述等证据证实，足以认定。 本院认为，被告人江某违反枪支管理规定，非法持有气枪铅弹5000发、以气体为动力发射弹丸的非军用枪1支，情节严重，其行为已构成非法持有枪支、弹药罪。公诉机关的指控成立。被告人江某归案后能如实供述犯罪事实，依法可以从轻处罚。公诉机关建议判处被告人江某有期徒刑三年至四年的量刑意见成立，本院予以采纳。辩护人以被告人江某是初犯、认罪态度好为由，请求对被告人江某从轻处罚的辩护意见成立，本院予以采纳；但请求对其适用缓刑的辩护意见不成立，本院不予采纳。依照《中华人民共和国刑法》第一百二十八条第一款、第六十七条第三款、第六十四条以及《最高人民法院关于审理非法制造、买卖、运输枪支、弹药、爆炸物等刑事案件具体应用法律若干问题的解释》第五条的规定，判决如下： 一、被告人江某犯非法持有枪支、弹药罪，判处有期徒刑三年。 （刑期从判决执行之日起计算。判决执行以前先行羁押的，羁押一日折抵刑期一日，即自2015年8月25日起至2018年8月24日止。） 二、对扣押的自制气枪1支、枪支半成品1支、气枪铅弹5000发、自制枪支零部件1批予以没收，依法予以销毁。 如不服本判决，可在接到判决书的第二日起十日内，通过本院或者直接向广东省佛山市中级人民法院提出上诉。书面上诉的，应当提交上诉状正本一份，副本二份。 审判长陈碧芳 人民陪审员宋淑瑾 人民陪审员余露露 二〇一五年十二月四日 书记员刘泳蕾 附：一、《中华人民共和国刑法》相关条文 第一百二十八条违反枪支管理规定，非法持有、私藏枪支、弹药的，处三年以下有期徒刑、拘役或者管制；情节严重的，处三年以上七年以下有期徒刑。 依法配备公务用枪的人员，非法出租、出借枪支的，依照前款的规定处罚。 依法配置枪支的人员，非法出租、出借枪支，造成严重后果的，依照第一款的规定处罚。 单位犯第二款、第三款罪的，对单位判处罚金，并对其直接负责的主管人员和其他直接责任人员，依照第一款的规定处罚。 第六十七条犯罪以后自动投案，如实供述自己的罪行的，是自首。对于自首的犯罪分子，可以从轻或者减轻处罚。其中，犯罪较轻的，可以免除处罚。 被采取强制措施的犯罪嫌疑人、被告人和正在服刑的罪犯，如实供述司法机关还未掌握的本人其他罪行的，以自首论。 犯罪嫌疑人虽不具有前两款规定的自首情节，但是如实供述自己罪行的，可以从轻处罚；因其如实供述自己罪行，避免特别严重后果发生的，可以减轻处罚。 第六十四条犯罪分子违法所得的一切财物，应当予以追缴或者责令退赔；对被害人的合法财产，应当及时返还；违禁品和供犯罪所用的本人财物，应当予以没收。没收的财物和罚金，一律上缴国库，不得挪用和自行处理。 二、《最高人民法院关于审理非法制造、买卖、运输枪支、弹药、爆炸物等刑事案件具体应用法律若干问题的解释》相关条文 第五条具有下列情形之一的，依照刑法第一百二十八条第一款的规定，以非法持有、私藏枪支、弹药罪定罪处罚： （一）非法持有、私藏军用枪支一支的； （二）非法持有、私藏以火药为动力发射枪弹的非军用枪支一支或者以压缩气体等为动力的其他非军用枪支二支以上的； （三）非法持有、私藏军用子弹二十发以上，气枪铅弹一千发以上或者其他非军用子弹二百发以上的； （四）非法持有、私藏手榴弹一枚以上的； （五）非法持有、私藏的弹药造成人员伤亡、财产损失的。 具有下列情形之一的，属于刑法第一百二十八条第一款规定的“情节严重”： （一）非法持有、私藏军用枪支二支以上的； （二）非法持有、私藏以火药为动力发射枪弹的非军用枪支二支以上或者以压缩气体等为动力的其他非军用枪支五支以上的； （三）非法持有、私藏军用子弹一百发以上，气枪铅弹五千发以上或者其他非军用子弹一千发以上的； （四）非法持有、私藏手榴弹三枚以上的； （五）达到本条第一款规定的最低数量标准，并具有造成严重后果等其他恶劣情节的。","writId":"03688399e51eb7c2b35e2b3d581dac7e305","writName":"江某非法持有、私藏枪支、弹药一审刑事判决书"}
