{"ajId":"55adcfd3-8864-4a28-8197-7a888c2789dc","ajName":"韩某甲诈骗、盗窃一案","ajjbqk":" 盐山人民检察院指控： 1、2013年12月13日、2013年12月14日，被告人韩某甲先后两次以家里人、朋友需要电动车为由在被害人丰某乙经营的电动车门市骗取飞鸽牌电动车4辆，经鉴定共价值人民币7200元。后被告人韩某甲将其中两辆以1500元的价格出售给在小营乡大付庄村经营修车铺的刘某甲，其余两辆卖于小贩。所得赃款已挥霍。其中两辆电动车已被公安机关扣押并发还被害人。 2、2013年12月31日，被告人韩某甲以朋友结婚为由，在被害人石某经营的盐山县某商行骗取黄鹤楼牌、利群牌香烟共计25条，经鉴定共价值人民币3400元，后将骗得的香烟卖于收烟酒的人，所得赃款已挥霍。 3、2014年1月4日，被告人韩某甲以盟兄弟结婚为由，在小营乡被害人曲某乙经营的门市内骗取黄鹤楼牌、玉溪牌香烟共15条，经鉴定共价值人民币2650元。后将骗得的香烟卖于收烟酒的人，所得赃款已挥霍。 4、2014年1月7日、2014年1月8日，被告人韩某甲先后两次以盟兄弟结婚为由，在盐山县被害人孙某经营的门市内骗取苏烟、黄鹤楼牌香烟共50条，经鉴定共价值人民币8300元。后将骗得的香烟卖于收烟酒的人，所得赃款已挥霍。 5、2014年1月18日，被告人韩某甲以朋友办事需要香烟为由，在盐山县某村田某经营的门市内骗取玉溪牌香烟40条，经鉴定共价值人民币7800元。 6、2015年1月6日，被告人韩某甲以卖自家玉米为由将收购玉米的董某带至盐山镇某村被害人高某家门口附近，并谎称高某家门口的玉米轴系自己所有，遂将高某家4800斤玉米（经鉴定价值人民币4128元），卖于董某，被告人韩某甲得赃款3800元已挥霍。 7、2015年1月份一天上午，被告人韩某甲以卖自家玉米为由将收购玉米的曲某甲带至盐山镇某村被害人陈某家门口附近，并谎称陈某家门口的玉米轴系自己所有，遂将陈某家3000多斤玉米卖于曲某甲，后在曲某甲装玉米的过程中被陈某发现未遂。 另查明，被告人韩某甲之父韩某乙已代其赔偿了上述被害人的经济损失，并取得上述被害人的谅解。 公诉机关认为，被告人韩某甲以非法占有为目的，采用虚构事实的方法，多次骗取对方当事人财物，且又秘密窃取他人财物，其行为已构成诈骗罪、盗窃罪。应依据《中华人民共和国刑法》第二百六十六条、第二百六十四条之规定定罪处罚。鉴于被告人韩某甲到案后及当庭认罪态度较好且积极赔偿被害人损失并取得被害人谅解，应酌定从轻处罚；多次诈骗，数额较大，就诈骗罪，建议对其在一年六个月至二年六个月之间量刑；就盗窃罪，建议对其在拘役四个月至六个月之间量刑，并处或单处罚金。 以上事实，被告人韩某甲在开庭审理过程中亦无异议，无任何辩解理由，并同意公诉机关的量刑建议。且有被告人韩某甲的供述，被害人丰某乙、石某、曲某乙、孙某、田某、董某、韩某乙、高某、陈某的陈述，证人刘某甲、曲某甲、刘某乙、丰某甲的证言，辨认笔录及照片，盐山县价格认证中心价格鉴证结论书，调取证据清单，收费单据、保修卡，受案登记表，丰某乙、石某、孙某、田某、曲某乙出具的证明及协议书，抓获经过、破案报告，扣押清单、发还清单以及被告人韩某甲的户籍证明信等证据予以证实。足以认定。 ","cpfxgc":"本院认为，被告人韩某甲以非法占有为目的，采用虚构事实的方法，多次骗取他人财物，总数额为29350元，数额较大，其行为已构成诈骗罪。被告人韩某甲以非法占有为目的，秘密窃取他人财物，数额较大，其行为已构成盗窃罪。公诉机关指控的罪名均成立。被告人韩某甲多次诈骗，可酌情对其从重处罚。被告人韩某甲在实施起诉书指控的第四起事实时，因被被害人发现而未得逞，应认定为未遂。可比照既遂犯从轻处罚。鉴于被告人韩某甲案发后如实供述自己的犯罪事实，当庭认罪态度较好，并有少部分被动退赃情节，且其父韩某乙代其积极赔偿被害人的经济损失并取得被害人谅解，可酌情对其从轻处罚，对公诉机关量刑情节的建议，本院予以采纳。依据《中华人民共和国刑法》第二百六十六条、第二百六十四条、第二十三条、第五十二条、第五十三条、第六十九条之规定，判决如下：","pjjg":" 被告人韩某甲犯诈骗罪，判处有期徒刑一年零六个月，并处罚金一万元；犯盗窃罪，判处罚金六千元，决定执行有期徒刑一年零六个月，并处罚金一万六千元。 （刑期从判决执行之日起计算。判决执行以前先行羁押的，羁押一日折抵刑期一日，即自2015年1月9日起至2016年7月8日止） 上述罚金，限判决生效后十日内一次性缴纳。 如不服本判决，可在接到判决书的第二日起十日内，通过本院或直接向沧州市中级人民法院提出上诉，书面上诉的，应提交上诉状正本一份，副本二份。","qw":"河北省盐山县人民法院 刑事判决书 （2015）盐刑初字第152号 公诉机关盐山县人民检察院。 被告人韩某甲，群众，农民。2015年1月9日因涉嫌犯诈骗罪被盐山县公安局刑事拘留，同年2月4日被逮捕。现押于盐山县看守所。 盐山县人民检察院以盐检公诉刑诉（2015）137号起诉书指控被告人韩某甲犯诈骗罪、盗窃罪，于2015年9月30日向本院提起公诉。本院于同日审查受理后，依法适用简易程序，组成合议庭，公开开庭审理了本案。盐山县人民检察院指派检察员刘立杰出庭支持公诉，被告人韩某甲到庭参加诉讼。现已审理终结。 盐山人民检察院指控： 1、2013年12月13日、2013年12月14日，被告人韩某甲先后两次以家里人、朋友需要电动车为由在被害人丰某乙经营的电动车门市骗取飞鸽牌电动车4辆，经鉴定共价值人民币7200元。后被告人韩某甲将其中两辆以1500元的价格出售给在小营乡大付庄村经营修车铺的刘某甲，其余两辆卖于小贩。所得赃款已挥霍。其中两辆电动车已被公安机关扣押并发还被害人。 2、2013年12月31日，被告人韩某甲以朋友结婚为由，在被害人石某经营的盐山县某商行骗取黄鹤楼牌、利群牌香烟共计25条，经鉴定共价值人民币3400元，后将骗得的香烟卖于收烟酒的人，所得赃款已挥霍。 3、2014年1月4日，被告人韩某甲以盟兄弟结婚为由，在小营乡被害人曲某乙经营的门市内骗取黄鹤楼牌、玉溪牌香烟共15条，经鉴定共价值人民币2650元。后将骗得的香烟卖于收烟酒的人，所得赃款已挥霍。 4、2014年1月7日、2014年1月8日，被告人韩某甲先后两次以盟兄弟结婚为由，在盐山县被害人孙某经营的门市内骗取苏烟、黄鹤楼牌香烟共50条，经鉴定共价值人民币8300元。后将骗得的香烟卖于收烟酒的人，所得赃款已挥霍。 5、2014年1月18日，被告人韩某甲以朋友办事需要香烟为由，在盐山县某村田某经营的门市内骗取玉溪牌香烟40条，经鉴定共价值人民币7800元。 6、2015年1月6日，被告人韩某甲以卖自家玉米为由将收购玉米的董某带至盐山镇某村被害人高某家门口附近，并谎称高某家门口的玉米轴系自己所有，遂将高某家4800斤玉米（经鉴定价值人民币4128元），卖于董某，被告人韩某甲得赃款3800元已挥霍。 7、2015年1月份一天上午，被告人韩某甲以卖自家玉米为由将收购玉米的曲某甲带至盐山镇某村被害人陈某家门口附近，并谎称陈某家门口的玉米轴系自己所有，遂将陈某家3000多斤玉米卖于曲某甲，后在曲某甲装玉米的过程中被陈某发现未遂。 另查明，被告人韩某甲之父韩某乙已代其赔偿了上述被害人的经济损失，并取得上述被害人的谅解。 公诉机关认为，被告人韩某甲以非法占有为目的，采用虚构事实的方法，多次骗取对方当事人财物，且又秘密窃取他人财物，其行为已构成诈骗罪、盗窃罪。应依据《中华人民共和国刑法》第二百六十六条、第二百六十四条之规定定罪处罚。鉴于被告人韩某甲到案后及当庭认罪态度较好且积极赔偿被害人损失并取得被害人谅解，应酌定从轻处罚；多次诈骗，数额较大，就诈骗罪，建议对其在一年六个月至二年六个月之间量刑；就盗窃罪，建议对其在拘役四个月至六个月之间量刑，并处或单处罚金。 以上事实，被告人韩某甲在开庭审理过程中亦无异议，无任何辩解理由，并同意公诉机关的量刑建议。且有被告人韩某甲的供述，被害人丰某乙、石某、曲某乙、孙某、田某、董某、韩某乙、高某、陈某的陈述，证人刘某甲、曲某甲、刘某乙、丰某甲的证言，辨认笔录及照片，盐山县价格认证中心价格鉴证结论书，调取证据清单，收费单据、保修卡，受案登记表，丰某乙、石某、孙某、田某、曲某乙出具的证明及协议书，抓获经过、破案报告，扣押清单、发还清单以及被告人韩某甲的户籍证明信等证据予以证实。足以认定。 本院认为，被告人韩某甲以非法占有为目的，采用虚构事实的方法，多次骗取他人财物，总数额为29350元，数额较大，其行为已构成诈骗罪。被告人韩某甲以非法占有为目的，秘密窃取他人财物，数额较大，其行为已构成盗窃罪。公诉机关指控的罪名均成立。被告人韩某甲多次诈骗，可酌情对其从重处罚。被告人韩某甲在实施起诉书指控的第四起事实时，因被被害人发现而未得逞，应认定为未遂。可比照既遂犯从轻处罚。鉴于被告人韩某甲案发后如实供述自己的犯罪事实，当庭认罪态度较好，并有少部分被动退赃情节，且其父韩某乙代其积极赔偿被害人的经济损失并取得被害人谅解，可酌情对其从轻处罚，对公诉机关量刑情节的建议，本院予以采纳。依据《中华人民共和国刑法》第二百六十六条、第二百六十四条、第二十三条、第五十二条、第五十三条、第六十九条之规定，判决如下： 被告人韩某甲犯诈骗罪，判处有期徒刑一年零六个月，并处罚金一万元；犯盗窃罪，判处罚金六千元，决定执行有期徒刑一年零六个月，并处罚金一万六千元。 （刑期从判决执行之日起计算。判决执行以前先行羁押的，羁押一日折抵刑期一日，即自2015年1月9日起至2016年7月8日止） 上述罚金，限判决生效后十日内一次性缴纳。 如不服本判决，可在接到判决书的第二日起十日内，通过本院或直接向沧州市中级人民法院提出上诉，书面上诉的，应提交上诉状正本一份，副本二份。 审判长杨静 审判员尚伟 人民陪审员朱磊 二〇一五年十月十五日 书记员李艳玲","writId":"0549e50e7df4e6e2b39a0b4cda0ce15f0f7","writName":"韩某甲诈骗、盗窃一审刑事判决书"}
