{"ajId":"3dcdbe93-8915-4336-9bd3-464776489f32","ajName":"张方协助组织卖淫罪一案","ajjbqk":" 经审理查明： 2014年8月份至2016年2月，陈小芳、赵梅群伙同龙军、甘李彬、吕超、常曙（均已判刑）、常丽华（另案处理）、被告人张方等人在温岭市城东街道雷达森酒店四楼及客房内，多次组织卖淫女进行卖淫活动，每次收取人民币800元至1200元，平均每天卖淫10余人次。陈某、赵某群管理龙某、甘某、吕某、常某1、常某2和被告人张方，由吕某负责接待嫖客、联系嫖客。给嫖客介绍卖淫女等工作，龙某、甘某负责开房、收银、刷卡、记账、打扫卫生等工作，被告人张方、常某1、常某2为领班，负责应聘卖淫女、管理卖淫女、发放工资等工作。被告人张方自2015年2月至2015年6月担任领班工作，多次组织卖淫女以每次人民币给800元的价格进行卖淫。 2017年12月24日，湖北省黄冈市浠水县公安局民警在该县洪都连锁酒店抓获被告人张方。被告人张方归案后，如实供述其涉案事实。 上述事实，被告人张方在开庭审理过程中亦无异议，并有被告人张方的供述，同案犯赵某群、龙某、吕某、甘某、常某1的供述、证人王某2甲、魏某、刘某1、许某、丁某、卢某、王某1、蔡某1、刘某2、朱某、张某、毛某、柳某、蔡某2等人的证言，手机取证分析报告，辨认笔录，检查笔录，扣押笔录，个体工商户营业执照，房屋，设施租赁协议，银行明细对账单，POS机交易记录，开房记录，行政处罚决定书，刑事判决书等，被告人人口信息及侦查人员出具的抓获经过等证据证实，足以认定。 ","cpfxgc":"本院认为，被告人张方与人结伙，协助他人组织卖淫，其行为已构成协助组织卖淫罪，系共同犯罪。公诉机关指控罪名均成立。鉴于被告人张方归案后如实供述其犯罪事实，且当庭自愿认罪，决定依法予以从轻处罚。综上，依照《中华人民共和国刑法》第三百五十八条第四款、第二十五条第一款、第六十七条第三款、第六十四条之规定，判决如下：","pjjg":" 一、被告人张方犯协助组织卖淫罪，判处有期徒刑三年，并处罚金人民币九千元。 （刑期从判决执行之日起计算。判决执行以前先行羁押的，羁押一日折抵刑期一日，即自2017年12月24日起至2020年12月23日止；罚金款限在本判决发生法律效力之日起一个月内缴纳。） 二、被告人张方的犯罪所得人民币一万八千元，依法予以追缴，上缴国库。 如不服本判决，可在接到判决书的第二日起十日内，通过本院或者直接向浙江省台州市中级人民法院提出上诉。书面上诉的，应当提交上诉状正本一份，副本二份。","qw":"浙江省温岭市人民法院 刑事判决书 （2018）浙1081刑初409号 公诉机关温岭市人民检察院。 被告人张方，女，1986年9月3日出生于湖北省黄冈市，汉族，初中文化，农民，住湖北省黄冈市浠水县。2015年11月21日因犯协助组织卖淫罪被浙江省绍兴市新昌县人民法院判处有期徒刑二年，并处罚金人民币八千元。因本案于2017年12月24日被温岭市公安局刑事拘留，2018年1月30日被依法逮捕。现羁押于温岭市看守所。 辩护人蒋春晓，浙江台温律师事务所律师。 温岭市人民检察院以台温检公诉刑诉（2018）401号起诉书指控被告人张方犯协助组织卖淫罪，于2018年3月23日向本院提起公诉。本院受理后，依法组成合议庭，公开开庭审理了本案。温岭市人民检察院指派检察员徐某出庭支持公诉，被告人张方及本院通过温岭市法律援助中心指定的浙江台温律师事务所律师蒋春晓到庭参加诉讼。现已审理终结。 经审理查明： 2014年8月份至2016年2月，陈小芳、赵梅群伙同龙军、甘李彬、吕超、常曙（均已判刑）、常丽华（另案处理）、被告人张方等人在温岭市城东街道雷达森酒店四楼及客房内，多次组织卖淫女进行卖淫活动，每次收取人民币800元至1200元，平均每天卖淫10余人次。陈某、赵某群管理龙某、甘某、吕某、常某1、常某2和被告人张方，由吕某负责接待嫖客、联系嫖客。给嫖客介绍卖淫女等工作，龙某、甘某负责开房、收银、刷卡、记账、打扫卫生等工作，被告人张方、常某1、常某2为领班，负责应聘卖淫女、管理卖淫女、发放工资等工作。被告人张方自2015年2月至2015年6月担任领班工作，多次组织卖淫女以每次人民币给800元的价格进行卖淫。 2017年12月24日，湖北省黄冈市浠水县公安局民警在该县洪都连锁酒店抓获被告人张方。被告人张方归案后，如实供述其涉案事实。 上述事实，被告人张方在开庭审理过程中亦无异议，并有被告人张方的供述，同案犯赵某群、龙某、吕某、甘某、常某1的供述、证人王某2甲、魏某、刘某1、许某、丁某、卢某、王某1、蔡某1、刘某2、朱某、张某、毛某、柳某、蔡某2等人的证言，手机取证分析报告，辨认笔录，检查笔录，扣押笔录，个体工商户营业执照，房屋，设施租赁协议，银行明细对账单，POS机交易记录，开房记录，行政处罚决定书，刑事判决书等，被告人人口信息及侦查人员出具的抓获经过等证据证实，足以认定。 本院认为，被告人张方与人结伙，协助他人组织卖淫，其行为已构成协助组织卖淫罪，系共同犯罪。公诉机关指控罪名均成立。鉴于被告人张方归案后如实供述其犯罪事实，且当庭自愿认罪，决定依法予以从轻处罚。综上，依照《中华人民共和国刑法》第三百五十八条第四款、第二十五条第一款、第六十七条第三款、第六十四条之规定，判决如下： 一、被告人张方犯协助组织卖淫罪，判处有期徒刑三年，并处罚金人民币九千元。 （刑期从判决执行之日起计算。判决执行以前先行羁押的，羁押一日折抵刑期一日，即自2017年12月24日起至2020年12月23日止；罚金款限在本判决发生法律效力之日起一个月内缴纳。） 二、被告人张方的犯罪所得人民币一万八千元，依法予以追缴，上缴国库。 如不服本判决，可在接到判决书的第二日起十日内，通过本院或者直接向浙江省台州市中级人民法院提出上诉。书面上诉的，应当提交上诉状正本一份，副本二份。 审判长陈志兵 人民陪审员叶伶俐 人民陪审员严金怀 二〇一八年五月四日 代书记员蔡士凌 。 附件： 本案判决所依据的法律条文 《中华人民共和国刑法》 第三百五十八条组织、强迫他人卖淫的，处五年以上十年以下有期徒刑，并处罚金；情节严重的，处十年以上有期徒刑或者无期徒刑，并处罚金或者没收财产。 组织、强迫未成年人卖淫的，依照前款的规定从重处罚。 犯前两款罪，并有杀害、伤害、强奸、绑架等犯罪行为的，依照数罪并罚的规定处罚。 为组织卖淫的人招募、运送人员或者有其他协助组织他人卖淫行为的，处五年以下有期徒刑，并处罚金；情节严重的，处五年以上十年以下有期徒刑，并处罚金。 第二十五条共同犯罪是指二人以上共同故意犯罪。 二人以上共同过失犯罪，不以共同犯罪论处；应当负刑事责任的，按照他们所犯的罪分别处罚。 第六十七条犯罪以后自动投案，如实供述自己的罪行的，是自首。对于自首的犯罪分子，可以从轻或者减轻处罚。其中，犯罪较轻的，可以免除处罚。 被采取强制措施的犯罪嫌疑人、被告人和正在服刑的罪犯，如实供述司法机关还未掌握的本人其他罪行的，以自首论。 犯罪嫌疑人虽不具有前两款规定的自首情节，但是如实供述自己罪行的，可以从轻处罚；因其如实供述自己罪行，避免特别严重后果发生的，可以减轻处罚。 第六十四条犯罪分子违法所得的一切财物，应当予以追缴或者责令退赔；对被害人的合法财产，应当及时返还；违禁品和供犯罪所用的本人财物，应当予以没收。没收的财物和罚金，一律上缴国库，不得挪用和自行处理。 。PAGE＼＊ArabicDash。-2-。 。PAGE＼＊ArabicDash。-3-。","writId":"036f5561ea3f4c61a15239566db4647b25d","writName":"张方协助组织卖淫罪一审刑事判决书"}
