{"ajId":"62b81d57-cec1-4ad7-a2db-dd6128a78567","ajName":"冯某某侵犯著作权一案","ajjbqk":" 中山市第一市区人民检察院指控：2014年7月份开始，被告人冯某某未经著作权人、录音录像制作者许可，在其位于中山市南区北台村北溪市场门口的摊档出售非法出版的影视光盘。同年9月18日中午12时许，被告人冯某某在贩卖上述光盘时被公安机关抓获，公安机关当场缴获光盘1008张（经鉴定，均为违法音像制品）。归案后，被告人冯某某如实供述了上述罪行。 上述事实，被告人冯某某在开庭审理过程中亦无异议，并有中山市公安局南区分局渡头派出所出具的抓获经过、缴获经过、到案经过、搜查笔录、扣押笔录、扣押清单、辨认照片，中山市公安局南区分局刑事侦查大队出具的现场勘验检查笔录及现场照片，中山市公安局出具的扣押决定书，中山市出版物鉴定委员会的中出鉴（2014）56号鉴定意见，被告人冯某某的供述、辨认笔录及户籍证明等证据证实，足以认定。 ","cpfxgc":"本院认为，被告人冯某某无视国家法律，以营利为目的，未经著作权人及录音录像制作者许可，发行其音乐、电影、电视及录音录像作品，情节严重，其行为已构成侵犯著作权罪，应依法惩处。缴获的侵权光碟依法予以没收。被告人冯某某归案后如实供述自己的罪行，依法可以从轻处罚。被告人冯某某符合缓刑适用条件，依法可以宣告缓刑。公诉机关指控被告人冯某某犯侵犯著作权罪的事实清楚，证据确实、充分，罪名成立，本院予以支持。辩护人提出冯某某如实供述自己罪行，认罪态度较好，有悔罪表现，无违法犯罪前科的辩护意见经查属实，建议从轻处罚的意见本院予以采纳。依照《中华人民共和国刑法》第二百一十七条第（一）项及第（三）项、第六十七条第三款、第七十二条第一款及第三款、第七十三条第二款及第三款、第六十四条，以及《最高人民法院、最高人民检察院关于办理侵犯知识产权刑事案件具体应用法律若干问题的解释（二）》第一条、第四条之规定，判决如下：","pjjg":" 一、被告人冯某某犯侵犯著作权罪，判处有期徒刑八个月，缓刑一年，并处罚金人民币三千五百元。 （缓刑考验期限，从判决确定之日起计算。罚金已缴纳。） 二、缴获的光碟予以没收。 （由扣押单位中山市公安局南区分局依法处理。） 如不服本判决，可在接到判决书的第二日起十日内，通过本院或者直接向广东省中山市中级人民法院提出上诉。书面上诉的，应当提交上诉状正本一份，副本二份。","qw":"广东省中山市第一人民法院 刑事判决书 （2014）中一法知刑初字第26号 公诉机关中山市第一市区人民检察院。 被告人冯某某，女，1965年11月12日出生于湖北省襄阳市，汉族，初中文化，农民，户籍所在地襄阳市。因本案于2014年9月18日被刑事拘留，同年9月26日被逮捕。现押于中山市看守所。 辩护人庄建发，广东香山律师事务所律师。 辩护人岑立明，广东香山律师事务所律师。 中山市第一市区人民检察院以中检一区刑诉（2014）2277号起诉书指控被告人冯某某犯侵犯著作权罪，于2014年12月1日向本院提起公诉。本院依法适用简易程序，实行独任审判，公开开庭审理了本案。中山市第一市区人民检察院指派代理检察员王丽丽出庭支持公诉，被告人冯某某及其辩护人庄建发到庭参加诉讼。现已审理终结。 中山市第一市区人民检察院指控：2014年7月份开始，被告人冯某某未经著作权人、录音录像制作者许可，在其位于中山市南区北台村北溪市场门口的摊档出售非法出版的影视光盘。同年9月18日中午12时许，被告人冯某某在贩卖上述光盘时被公安机关抓获，公安机关当场缴获光盘1008张（经鉴定，均为违法音像制品）。归案后，被告人冯某某如实供述了上述罪行。 上述事实，被告人冯某某在开庭审理过程中亦无异议，并有中山市公安局南区分局渡头派出所出具的抓获经过、缴获经过、到案经过、搜查笔录、扣押笔录、扣押清单、辨认照片，中山市公安局南区分局刑事侦查大队出具的现场勘验检查笔录及现场照片，中山市公安局出具的扣押决定书，中山市出版物鉴定委员会的中出鉴（2014）56号鉴定意见，被告人冯某某的供述、辨认笔录及户籍证明等证据证实，足以认定。 本院认为，被告人冯某某无视国家法律，以营利为目的，未经著作权人及录音录像制作者许可，发行其音乐、电影、电视及录音录像作品，情节严重，其行为已构成侵犯著作权罪，应依法惩处。缴获的侵权光碟依法予以没收。被告人冯某某归案后如实供述自己的罪行，依法可以从轻处罚。被告人冯某某符合缓刑适用条件，依法可以宣告缓刑。公诉机关指控被告人冯某某犯侵犯著作权罪的事实清楚，证据确实、充分，罪名成立，本院予以支持。辩护人提出冯某某如实供述自己罪行，认罪态度较好，有悔罪表现，无违法犯罪前科的辩护意见经查属实，建议从轻处罚的意见本院予以采纳。依照《中华人民共和国刑法》第二百一十七条第（一）项及第（三）项、第六十七条第三款、第七十二条第一款及第三款、第七十三条第二款及第三款、第六十四条，以及《最高人民法院、最高人民检察院关于办理侵犯知识产权刑事案件具体应用法律若干问题的解释（二）》第一条、第四条之规定，判决如下： 一、被告人冯某某犯侵犯著作权罪，判处有期徒刑八个月，缓刑一年，并处罚金人民币三千五百元。 （缓刑考验期限，从判决确定之日起计算。罚金已缴纳。） 二、缴获的光碟予以没收。 （由扣押单位中山市公安局南区分局依法处理。） 如不服本判决，可在接到判决书的第二日起十日内，通过本院或者直接向广东省中山市中级人民法院提出上诉。书面上诉的，应当提交上诉状正本一份，副本二份。 代理审判员曹慧星 二〇一四年十二月十日 书记员黄琴","writId":"05492bcf20526b0f652e253d11a38eb7228","writName":"冯某某侵犯著作权一审刑事判决书"}
