{"ajId":"6e013f38-abc9-43e0-9e2c-f5d5385fcf27","ajName":"被告人张某贩卖毒品罪一案","ajjbqk":" 经审理查明，2015年5月至11月间，孙某某（已判刑）为非法获利，在某某市某某区某某小区内租住房屋一间，用于存放含有磷酸可待因成分的药品，通过电话、微信等方式将购毒者约至该小区附近进行毒品交易，同时以每月3000元的工资标准雇佣被告人张某向购毒者送货并收取毒资，帮助孙某某向吴某某、葛某、范某、尹某某等人贩卖含有磷酸可待因成分的药品，具体犯罪事实如下： 1.2015年5月的一天，被告人张某以160元的价格卖给吴某某（男，1984年出生）1瓶新泰洛其（复方磷酸可待因口服溶液，俗称“小泰”，瓶装120ml）。 2.2015年6月的一天，被告人张某以85元的价格卖给葛某（男，1982年出生）1瓶立健亭（复方磷酸可待因溶液，俗称“大立”，瓶装120ml）。 3.2015年6月间，被告人张某先后两次以每瓶85元的价格卖给段某（男，1989年出生）2瓶立健亭。 5.2015年6月间，被告人张某先后两次以每瓶150元的价格卖给才某某（男，1993年出生）2瓶联邦克立安（愈酚待因口服溶液，俗称“小儿”，瓶装120ml）。 6.2015年6月的一天，被告人张某以85元的价格卖给王某（男，1993年出生）1瓶立健亭。 2015年7月21日，被告人张某因涉嫌贩卖毒品罪被某某市公安局某某分局抓获归案，并于同日取保候审。公安机关从被告人孙某某驾驶的红色雪佛兰轿车中搜查并扣押立健亭18瓶、欧博士（复方磷酸可待因糖浆，瓶装120ml）6瓶、联邦克立安25瓶、联邦止咳露（复方磷酸可待因口服溶液，瓶装120ml）1瓶，可非（复方磷酸可待因糖浆，瓶装60ml）16瓶、新泰洛其12瓶。 7.2015年11月的一天，被告人张某以200元的价格卖给尹某某（男，1990年出生）1瓶新泰洛其。 8.2015年11月5日至9日间，被告人张某先后3次以每瓶200元的价格卖给范某（男，1991年出生）3瓶联邦克立安。 9.2015年11月9日16时许，孙某某、张某以400元的价格卖给王某某（女，1990年出生）、郭某某（男，1987年出生）2瓶新泰洛其。 2015年11月10日，被告人张某被某某县公安局抓获归案。 2017年5月9日，公安机关从张某被扣押的药品中随即抽样立健亭2瓶（瓶装120ml）、欧博士1瓶、联邦克立安1瓶，联邦止咳露1瓶，可非2瓶、新泰洛其2瓶送检至中国某某大学法医司法鉴定中心，经中国某某法医鉴定：张某相关的复方磷酸可待因溶液（立健亭，瓶装120ml规格）18瓶，瓶内淡黄色液体共计2.16升，共含有磷酸可待因1.94克（本项消耗2瓶）张某相关的复方磷酸可待因糖浆（可非，瓶装60ml规格）16瓶，瓶内无色液体共计0.96升，共含有磷酸可待因1.92克（本项消耗2瓶）张某相关的愈酚待因口服溶液（联邦克立安瓶装120ml）25瓶，瓶内淡黄色液体共计3.0升，共含有磷酸可待因成分3.0克（本项消耗1瓶）张某相关的复方磷酸可待因口服溶液（联邦止咳露）1瓶，瓶内墨绿色液体共计120毫升，共含有磷酸可待因成分0.12克（本项消耗1瓶）张某相关的复方磷酸可待因糖浆（欧博士，瓶装120ml）6瓶，瓶内咖啡色液体共计720毫升，共含有磷酸可待因0.58克（本项消耗1瓶）张某相关的复方磷酸可待因口服溶液（新泰洛其瓶装120毫升）12瓶，瓶内淡黄色液体共计1.44升，共含有磷酸可待因1.44克（本项消耗2瓶）。 综上，被告人张某贩卖帮助孙某某贩卖联邦克立安5瓶、新泰洛其4瓶、立健亭4瓶，共含有磷酸可待因成分1.51克，折合甲基苯丙胺0.0302克。被告人张某帮助孙某某贩卖立健亭18瓶、欧博士6瓶、联邦克立安25瓶、联邦止咳露1瓶、可非16瓶、新泰洛其12瓶，系犯罪未遂，共含有磷酸可待因成分9克，折合甲基苯丙胺0.18克。 上述事实，被告人张某在开庭审理过程中亦无异议，且有书证户籍证明、案件来源，抓捕经过等，证人范某、尹某某、王某等人证言，中国某某大学司法鉴定意见书及搜查笔录、辨认笔录等证据证实，足以认定。 ","cpfxgc":"本院认为，被告人张某为非法获利，明知是毒品而故意实施贩卖，其行为已构成贩卖毒品罪，应负刑事责任。故公诉机关指控被告人张某犯贩卖毒品罪的事实清楚，证据确实、充分，罪名成立。被告人张某伙同他人共同故意犯罪，系共同犯罪；被告人在共同犯罪中起次要作用，系从犯，依法应当从轻处罚。被告人部分贩卖毒品犯罪事实因意志以外原因未得逞，系犯罪未遂，可以比照既遂犯对未遂部分从轻处罚。被告人当庭自愿认罪，认罪态度较好，且积极缴纳罚金，可以酌情从轻处罚。依照《中华人民共和国刑法》第三百四十七条第一款、第四款、第二十五条第一款、第二十七条、第二十三条、第五十二条之规定，判决如下：","pjjg":" 被告人张某犯贩卖毒品罪，判处拘役四个月，并处罚金人民币一万元（已缴纳）。 （刑期从判决执行之日起计算，判决执行以前先行羁押的，羁押一日折抵刑期一日，折抵30日，即自2017年6月6日起至2017年9月5日止。） 如不服本判决，可在接到判决书的第二日起十日内，通过本院或者直接向辽宁省沈阳市中级人民法院提出上诉。书面上诉的，应当提交上诉状正本一份，副本二份。","qw":"被告人张某贩卖毒品罪一审刑事判决书 辽宁省法库县人民法院 刑事判决书 （2017）辽0124刑初147号 公诉机关辽宁省法库县人民检察院。 被告人张某，男。 法库县人民检察院以法检诉字刑诉（2017）142号起诉书指控被告人张某犯贩卖毒品罪，于2017年6月1日向本院提起公诉。本院依法适用简易程序，实行独任审判，公开开庭审理了本案。法库县人民检察院检察员董宇鹏，被告人张某到庭参加诉讼。现已审理终结。 经审理查明，2015年5月至11月间，孙某某（已判刑）为非法获利，在某某市某某区某某小区内租住房屋一间，用于存放含有磷酸可待因成分的药品，通过电话、微信等方式将购毒者约至该小区附近进行毒品交易，同时以每月3000元的工资标准雇佣被告人张某向购毒者送货并收取毒资，帮助孙某某向吴某某、葛某、范某、尹某某等人贩卖含有磷酸可待因成分的药品，具体犯罪事实如下： 1.2015年5月的一天，被告人张某以160元的价格卖给吴某某（男，1984年出生）1瓶新泰洛其（复方磷酸可待因口服溶液，俗称“小泰”，瓶装120ml）。 2.2015年6月的一天，被告人张某以85元的价格卖给葛某（男，1982年出生）1瓶立健亭（复方磷酸可待因溶液，俗称“大立”，瓶装120ml）。 3.2015年6月间，被告人张某先后两次以每瓶85元的价格卖给段某（男，1989年出生）2瓶立健亭。 5.2015年6月间，被告人张某先后两次以每瓶150元的价格卖给才某某（男，1993年出生）2瓶联邦克立安（愈酚待因口服溶液，俗称“小儿”，瓶装120ml）。 6.2015年6月的一天，被告人张某以85元的价格卖给王某（男，1993年出生）1瓶立健亭。 2015年7月21日，被告人张某因涉嫌贩卖毒品罪被某某市公安局某某分局抓获归案，并于同日取保候审。公安机关从被告人孙某某驾驶的红色雪佛兰轿车中搜查并扣押立健亭18瓶、欧博士（复方磷酸可待因糖浆，瓶装120ml）6瓶、联邦克立安25瓶、联邦止咳露（复方磷酸可待因口服溶液，瓶装120ml）1瓶，可非（复方磷酸可待因糖浆，瓶装60ml）16瓶、新泰洛其12瓶。 7.2015年11月的一天，被告人张某以200元的价格卖给尹某某（男，1990年出生）1瓶新泰洛其。 8.2015年11月5日至9日间，被告人张某先后3次以每瓶200元的价格卖给范某（男，1991年出生）3瓶联邦克立安。 9.2015年11月9日16时许，孙某某、张某以400元的价格卖给王某某（女，1990年出生）、郭某某（男，1987年出生）2瓶新泰洛其。 2015年11月10日，被告人张某被某某县公安局抓获归案。 2017年5月9日，公安机关从张某被扣押的药品中随即抽样立健亭2瓶（瓶装120ml）、欧博士1瓶、联邦克立安1瓶，联邦止咳露1瓶，可非2瓶、新泰洛其2瓶送检至中国某某大学法医司法鉴定中心，经中国某某法医鉴定：张某相关的复方磷酸可待因溶液（立健亭，瓶装120ml规格）18瓶，瓶内淡黄色液体共计2.16升，共含有磷酸可待因1.94克（本项消耗2瓶）张某相关的复方磷酸可待因糖浆（可非，瓶装60ml规格）16瓶，瓶内无色液体共计0.96升，共含有磷酸可待因1.92克（本项消耗2瓶）张某相关的愈酚待因口服溶液（联邦克立安瓶装120ml）25瓶，瓶内淡黄色液体共计3.0升，共含有磷酸可待因成分3.0克（本项消耗1瓶）张某相关的复方磷酸可待因口服溶液（联邦止咳露）1瓶，瓶内墨绿色液体共计120毫升，共含有磷酸可待因成分0.12克（本项消耗1瓶）张某相关的复方磷酸可待因糖浆（欧博士，瓶装120ml）6瓶，瓶内咖啡色液体共计720毫升，共含有磷酸可待因0.58克（本项消耗1瓶）张某相关的复方磷酸可待因口服溶液（新泰洛其瓶装120毫升）12瓶，瓶内淡黄色液体共计1.44升，共含有磷酸可待因1.44克（本项消耗2瓶）。 综上，被告人张某贩卖帮助孙某某贩卖联邦克立安5瓶、新泰洛其4瓶、立健亭4瓶，共含有磷酸可待因成分1.51克，折合甲基苯丙胺0.0302克。被告人张某帮助孙某某贩卖立健亭18瓶、欧博士6瓶、联邦克立安25瓶、联邦止咳露1瓶、可非16瓶、新泰洛其12瓶，系犯罪未遂，共含有磷酸可待因成分9克，折合甲基苯丙胺0.18克。 上述事实，被告人张某在开庭审理过程中亦无异议，且有书证户籍证明、案件来源，抓捕经过等，证人范某、尹某某、王某等人证言，中国某某大学司法鉴定意见书及搜查笔录、辨认笔录等证据证实，足以认定。 本院认为，被告人张某为非法获利，明知是毒品而故意实施贩卖，其行为已构成贩卖毒品罪，应负刑事责任。故公诉机关指控被告人张某犯贩卖毒品罪的事实清楚，证据确实、充分，罪名成立。被告人张某伙同他人共同故意犯罪，系共同犯罪；被告人在共同犯罪中起次要作用，系从犯，依法应当从轻处罚。被告人部分贩卖毒品犯罪事实因意志以外原因未得逞，系犯罪未遂，可以比照既遂犯对未遂部分从轻处罚。被告人当庭自愿认罪，认罪态度较好，且积极缴纳罚金，可以酌情从轻处罚。依照《中华人民共和国刑法》第三百四十七条第一款、第四款、第二十五条第一款、第二十七条、第二十三条、第五十二条之规定，判决如下： 被告人张某犯贩卖毒品罪，判处拘役四个月，并处罚金人民币一万元（已缴纳）。 （刑期从判决执行之日起计算，判决执行以前先行羁押的，羁押一日折抵刑期一日，折抵30日，即自2017年6月6日起至2017年9月5日止。） 如不服本判决，可在接到判决书的第二日起十日内，通过本院或者直接向辽宁省沈阳市中级人民法院提出上诉。书面上诉的，应当提交上诉状正本一份，副本二份。 审判员冯静 二〇一七年六月十九日 书记员毛玉娜 本案所适用的相关法律 《中华人民共和国刑法》 第三百四十七条走私、贩卖、运输、制造毒品，无论数量多少，都应当追究刑事责任，予以刑事处罚。 走私、贩卖、运输、制造毒品，有下列情形之一的，处十五年有期徒刑、无期徒刑或者死刑，并处没收财产： （一）走私、贩卖、运输、制造鸦片一千克以上、海洛因或者甲基苯丙胺五十克以上或者其他毒品数量大的； （二）走私、贩卖、运输、制造毒品集团的首要分子； （三）武装掩护走私、贩卖、运输、制造毒品的； （四）以暴力抗拒检查、拘留、逮捕，情节严重的； （五）参与有组织的国际贩毒活动的。 走私、贩卖、运输、制造鸦片二百克以上不满一千克、海洛因或者甲基苯丙胺十克以上不满五十克或者其他毒品数量较大的，处七年以上有期徒刑，并处罚金。 走私、贩卖、运输、制造鸦片不满二百克、海洛因或者甲基苯丙胺不满十克或者其他少量毒品的，处三年以下有期徒刑、拘役或者管制，并处罚金；情节严重的，处三年以上七年以下有期徒刑，并处罚金。 单位犯第二款、第三款、第四款罪的，对单位判处罚金，并对其直接负责的主管人员和其他直接责任人员，依照各该款的规定处罚。 利用、教唆未成年人走私、贩卖、运输、制造毒品，或者向未成年人出售毒品的，从重处罚。 对多次走私、贩卖、运输、制造毒品，未经处理的，毒品数量累计计算。 第二十五条共同犯罪是指二人以上共同故意犯罪。 二人以上共同过失犯罪，不以共同犯罪论处；应当负刑事责任的，按照他们所犯的罪分别处罚。 第二十七条在共同犯罪中起次要或者辅助作用的，是从犯。 对于从犯，应当从轻、减轻处罚或者免除处罚。 第二十三条已经着手实行犯罪，由于犯罪分子意志以外的原因而未得逞的，是犯罪未遂。 对于未遂犯，可以比照既遂犯从轻或者减轻处罚。 第五十二条判处罚金，应当根据犯罪情节决定罚金数额。","writId":"0566b41fb9a5d665d0ee5de742e2261b920","writName":"被告人张某贩卖毒品罪一审刑事判决书"}
