{"ajId":"44f01c60-6ff7-40eb-99ce-fc8d8d0c9a4c","ajName":"刘俊冶走私、贩卖、运输、制造毒品罪一案","ajjbqk":" 公诉机关指控，2016年3月中旬的一天，被告人刘俊冶在沈阳市皇姑区行附近的一家网吧门前，以人民币120元的价格贩卖给王某2一瓶复方磷酸可待因溶液。 2016年3月末的一天，被告人刘俊冶在沈阳市皇姑区行附近的一家网吧门前，以人民币120元的价格贩卖给王某2一瓶复方磷酸可待因溶液。 2016年4月1日，被告人刘俊冶被公安机关抓获，并扣押了2瓶复方磷酸可待因糖浆，经检验共计120毫升，含有磷酸可待因0.24克；19瓶复方磷酸可待因溶液，经检验共计1.44升，含有磷酸可待因1.3克；11瓶愈酚可待因口服液，经检验共计1.32升，含有磷酸可待因1.32克。 上述事实，被告人刘俊冶在庭审过程中无异议，且有证人王某2、林某的证言；辨认笔录及照片；指认笔录及照片；物证照片；扣押清单；辽宁大学司法鉴定中心司法鉴定意见书；中国医科大学法医司法鉴定中心司法鉴定意见书；现场检测报告书；人口基本信息；前科劣迹查询表；抓捕经过等证据证实，足以认定。 ","cpfxgc":"本院认为，被告人刘俊冶违反国家毒品管制规定，明知是毒品而予以贩卖，其行为已构成贩卖毒品罪。被告人能够如实供述犯罪事实，可以从轻处罚。依照《中华人民共和国刑法》第三百四十七条第一款、第四款、第六十七条第三款、第六十四条之规定，判决如下：","pjjg":" 被告人刘俊冶犯贩卖毒品罪，判处有期徒刑十个月，并处罚金人民币二万元（未交纳）。 （刑期从判决执行之日起计算。判决执行以前先行羁押的，羁押一日折抵刑期一日。即自2018年3月30日起至2019年1月3日止）。 罚金应当在判决生效后三个月内执行完毕。 如不服本判决，可在接到判决书的第二日起十日内，通过本院或者直接向辽宁省沈阳市中级人民法院提出上诉。书面上诉的，应当提交上诉状正本一份，副本二份。","qw":"沈阳市皇姑区人民法院 刑事判决书 （2018）辽0105刑初219号 公诉机关沈阳市皇姑区人民检察院。 被告人刘俊冶，男，1994年8月19日出生于沈阳市，汉族，中专文化，系天童美语招生老师，捕前住沈阳市大东区。因本案于2016年4月1日被刑事拘留，同年4月19日被沈阳市公安局浑南分局取保候审，2017年4月18日被沈阳市公安局浑南分局监视居住，同年10月7日被刑事拘留，同年10月13日被沈阳市公安局浑南分局取保候审，2018年3月30日被刑事拘留，同年4月2日经本院决定逮捕，现羁押于沈阳市皇姑区看守所。 沈阳市皇姑区人民检察院以沈皇检刑诉（2017）432号起诉书指控被告人刘俊冶犯贩卖毒品罪，于2018年4月2日向本院提起公诉。本院依法适用简易程序，实行独任审判，公开开庭审理了本案，沈阳市皇姑区人民检察院指派检察员王某1出庭支持公诉，被告人刘俊冶到庭参加诉讼。现已审理终结。 公诉机关指控，2016年3月中旬的一天，被告人刘俊冶在沈阳市皇姑区行附近的一家网吧门前，以人民币120元的价格贩卖给王某2一瓶复方磷酸可待因溶液。 2016年3月末的一天，被告人刘俊冶在沈阳市皇姑区行附近的一家网吧门前，以人民币120元的价格贩卖给王某2一瓶复方磷酸可待因溶液。 2016年4月1日，被告人刘俊冶被公安机关抓获，并扣押了2瓶复方磷酸可待因糖浆，经检验共计120毫升，含有磷酸可待因0.24克；19瓶复方磷酸可待因溶液，经检验共计1.44升，含有磷酸可待因1.3克；11瓶愈酚可待因口服液，经检验共计1.32升，含有磷酸可待因1.32克。 上述事实，被告人刘俊冶在庭审过程中无异议，且有证人王某2、林某的证言；辨认笔录及照片；指认笔录及照片；物证照片；扣押清单；辽宁大学司法鉴定中心司法鉴定意见书；中国医科大学法医司法鉴定中心司法鉴定意见书；现场检测报告书；人口基本信息；前科劣迹查询表；抓捕经过等证据证实，足以认定。 本院认为，被告人刘俊冶违反国家毒品管制规定，明知是毒品而予以贩卖，其行为已构成贩卖毒品罪。被告人能够如实供述犯罪事实，可以从轻处罚。依照《中华人民共和国刑法》第三百四十七条第一款、第四款、第六十七条第三款、第六十四条之规定，判决如下： 被告人刘俊冶犯贩卖毒品罪，判处有期徒刑十个月，并处罚金人民币二万元（未交纳）。 （刑期从判决执行之日起计算。判决执行以前先行羁押的，羁押一日折抵刑期一日。即自2018年3月30日起至2019年1月3日止）。 罚金应当在判决生效后三个月内执行完毕。 如不服本判决，可在接到判决书的第二日起十日内，通过本院或者直接向辽宁省沈阳市中级人民法院提出上诉。书面上诉的，应当提交上诉状正本一份，副本二份。 审判员宁妍 二〇一八年四月十九日 书记员张凤娟","writId":"0027da1df85f6bbce9c5e32ec2483ce279e","writName":"刘俊冶走私、贩卖、运输、制造毒品罪一审刑事判决书"}
