{"ajId":"8a80e4b2-0564-4dce-8235-582306b90b8f","ajName":"谢国受贿一案","ajjbqk":" 安阳市文峰区人民检察院指控：2013年5月11日，被告人谢国利用其担任安钢集团汽车运输有限责任公司生产科科长的便利条件，收受刘某某、刘某（均另案处理）购买的纳智捷牌汽车一辆（该车价格214120元），后谢国将其一辆马自达牌汽车抵给刘某。经安阳市文峰区价格认证中心鉴定，该“马自达”汽车价值63760元。公诉机关同时提供了被告人供述、证人证言、鉴定意见和相关书证等证据，认为被告人谢国的行为已构成受贿罪，应依照《中华人民共和国刑法》第三百八十五条第一款、第三百八十六条、第三百八十三条第一款第一项的规定予以惩处。 被告人谢国辩解其与刘某先谈了换车的价格，之后一起买的车，后其曾表示过还刘某钱。 被告人了谢国的辩护人认为：因谢国曾表示要将刘某为其购买新车与其给刘某旧车的差价还给刘某，起诉书指控谢国从刘某处受贿的数额为150360元没有事实依据。被告人谢国利用职务便利将其旧的马自达轿车以11万元置换给刘某，属于变相收受刘某的财物，数额为46240元（双方约定的11万元减去车辆评估价值63760元）。同时认为，谢国有自首情节，其行为未给国家造成损失，请求对其从宽处罚。 经审理查明：2008年5月起，被告人谢国担任安钢集团汽车运输有限责任公司生产经营科科长，负责安阳钢铁集团公司废渣土外排的车辆调度。刘某某、刘某（二人已判刑）为感谢被告人谢国在其二人承揽安钢集团公司废渣土外排业务中提供的帮助，并希望以后得到照顾，由刘某于2013年5月11日为谢国支付214120元，购买纳智捷牌汽车一辆。后谢国一辆马自达牌汽车抵给刘某。经安阳市文峰区价格认证中心鉴定，该马自达牌汽车价值63760元。 认定上述事实的证据有： 一、被告人谢国的供述和辩解：其是安钢汽运公司的生产科长。刘某某、刘某承包安钢向外排放废土、废渣时，根据公司规定需要用运输公司的车辆，由公司安排。2013年5月份的一天，刘某到其办公室，其正在电脑上查看汽车信息，并说想把自己的“马自达”汽车卖了，再换一辆。刘某提出要了“马自达”轿车，为其垫资买一辆新车。后其看中了一辆纳智捷牌轿车，让刘某一块去郑州买车，经和商家商定价格21万多元，刘某刷卡付了全款。其把车开回家，并买了保险、上了牌照，并把“马自达”给了刘某。其曾给刘某说过“马自达”车值11.8万元，其之后会将两车的差价还给刘某。2013年10月份，其准备了5万元，在办公室说要还刘某，但刘某没有要，之后其打电话说还刘某钱，他说回头再说。 二、另案被告人刘某的供述：2011年，其承包了安钢排废渣土项目，谢国是安钢汽运公司生产科科长，负责安钢车辆调度、派人下去现场监督装车。其父刘某某为了和谢国搞好关系，让其每个月给谢国送钱。2013年初，其去谢国的办公室办事，得知他想买一辆越野车，提出给他添点钱。谢国说他有一辆“马自达”想卖了，其说要了这辆车。其回家把情况告诉刘某某，并说反正每个月得送钱，不如一下给他算了。刘某某让其看着办。2013年5月份，谢国和其一起到郑州一个4S店。其刷卡付了全款，谢国把看中的一辆“纳智捷”越野车开走了。几天后谢国给了其“马自达”轿车，并说这辆车市场价11万元，之后还其所差的钱，其觉得他是客气话。后其将“马自达”过户到崔某某的名下。买车后五六个月，其在谢国的办公室时，他说要还5万元，但没有拿出现金，其想他是客套，没有当真。2014年初，谢国还打过一次电话说要还钱，其也没有当真。 三、另案被告人刘某某的供述：谢国是安钢汽车运输公司的生产科长，负责安钢车辆调度、安钢部分路面维修。为了跟他搞好关系，其让刘某每个月给谢国送钱。2013年的一天，刘某说谢国说想换一辆车，想让给他添点钱。其表示同意。后来听刘某说，谢国把他的旧车给了刘某，刘某出钱给谢国买了一辆新车。 四、证人刘甲的证言证明：2013年上半年，刘某说要给其一辆车，之后不久，他把一辆“马自达3”轿车和车的手续送过来，过户到崔某某的名下。 五、证人崔某某的证言：2013年上半年，刘某说有事用其身份证，后来刘某把一辆“马自达3”轿车开回来给了刘甲，并说车过户到其名下了。 六、李某的银行账户信息表显示，该账户于2014年5月11日在汽车销售公司消费支出214120元。 七、机动车销售统一发票及行驶证，证实2013年5月11日以杨枚（谢国妻子）名义购买“纳智捷”牌汽车一辆，并办理了行驶证。 八、安阳市文峰区价格认证中心价格鉴定意见书，证实本案“马自达”轿车在基准日2013年5月21日的鉴定价格为63760元。 九、二手车销售统一发票、买卖合同、机动车注册、转移、注销登记转入申请表证实，谢国于2009年3月16日以11.4万元购买马自达轿车，2013年5月21日，该车以4万元价格过户到崔某某名下。 十、谢国的中国银行账户交易记录清单显示，25200451＊＊＊＊账户显示在2013年4月份的余额为36016元，24681235＊＊＊＊账户显示2013年4月份余额为77172元、11月份余额为114417元，25071374＊＊＊＊账户在2013年3月份余额为50274元、2013年11月份余额为50354元。 十一、安阳钢铁集团有限责任公司的营业执照、安钢汽运公司的公司章程证实，安阳钢铁集团有限责任公司是国有独资公司，安钢汽运公司是安阳钢铁集团有限责任公司的全资子公司（法人独资）。 十二、被告人谢国的个人履历表、安钢汽运公司的任命文件、情况说明证实，被告人谢国于2008年5月15日被任命为安钢汽运公司生产经营科科长，该科根据安钢公司土山堆积情况，通知总调进行外排，并组织车辆排土。 十三、安阳市文峰区人民检察院出具的关于谢国到案经过的说明：检察机关对谢国受贿一案立案侦查后，谢国在家人陪同下主动到检察机关说明自己与刘某置换车辆的事实。 十四、被告人谢国的户籍证明及其他相关书证在卷可查。 以上证据经当庭举证、质证，予以确认。 ","cpfxgc":"本院认为：被告人谢国作为国有公司从事公务人员，利用职务之便，非法收受他人财物150360元，为他人谋取利益，其行为已构成受贿罪。公诉机关指控罪名成立。被告人谢国与刘某共谋后，由刘某为谢国支付费用购买新车、后将谢国的一辆旧车抵给刘某，被告人谢国收受刘某财物的价值应以二者之间的差价确定。该事实有被告人谢国的供述、证人刘某、刘某某、刘甲、崔某某的证言，及银行卡交易明细表、购车发票、行驶证、二手车交易合同的书证证实，足以认定。被告人谢国虽曾有还款的意思表示，但并未实际归还，且根据案发时谢国的个人银行存款情况，其完全有能力自费购买车辆，其所谓暂时向刘某借款、以后归还差价的辩解，只是试图以合法形式掩盖权钱交易的托词。故被告人谢国辩解其与刘某先谈了换车的价格、后其还过刘某的辩解不影响其受贿的性质，辩护人认为指控谢国从刘某处受贿150360元没有事实依据、应认定受贿数额46240元的意见不予采纳。被告人谢国案发后主动到检察机关投案，并如实供述其与刘某换车的犯罪事实，有自首情节，予以减轻处罚。辩护人以此为由提出从宽处罚的意见予以采纳。依照《中华人民共和国刑法》第三百八十五条、第三百八十六条、第三百八十三条、第六十一条、第六十四条、第六十七条、第九十三条之规定，判决如下：","pjjg":" 一、被告人谢国犯受贿罪，判处有期徒刑九年； （刑期从判决执行之日起计算。判决执行之前先行羁押的，羁押一日折抵刑期一日。） 二、赃款150360元予以追缴，上交国库。 如不服本判决，可在接到判决书的第二日起十日内，通过本院或者直接向河南省安阳市中级人民法院提出上诉。书面上诉的，应当提交上诉状正本一份，副本二份。","qw":"安阳市文峰区人民法院 刑事判决书 （2015）文刑初字第2号 公诉机关安阳市文峰区人民检察院。 被告人谢国，男，1965年4月20日出生。2014年7月15日因涉嫌犯受贿罪被安阳市文峰区人民检察院决定取保候审。 辩护人郭某某，河南兴亚律师事务所律师。 安阳市文峰区人民检察院以安文检公诉刑诉（2014）249号起诉书指控被告人谢国犯受贿罪，于2014年12月22日向本院提起公诉。本院依法组成合议庭，于2015年1月21日公开开庭进行了审理。安阳市文峰区人民检察院指派检察员刘志英出庭支持公诉。被告人谢国及其辩护人郭某某到庭参加诉讼。本案现已审理终结。 安阳市文峰区人民检察院指控：2013年5月11日，被告人谢国利用其担任安钢集团汽车运输有限责任公司生产科科长的便利条件，收受刘某某、刘某（均另案处理）购买的纳智捷牌汽车一辆（该车价格214120元），后谢国将其一辆马自达牌汽车抵给刘某。经安阳市文峰区价格认证中心鉴定，该“马自达”汽车价值63760元。公诉机关同时提供了被告人供述、证人证言、鉴定意见和相关书证等证据，认为被告人谢国的行为已构成受贿罪，应依照《中华人民共和国刑法》第三百八十五条第一款、第三百八十六条、第三百八十三条第一款第一项的规定予以惩处。 被告人谢国辩解其与刘某先谈了换车的价格，之后一起买的车，后其曾表示过还刘某钱。 被告人了谢国的辩护人认为：因谢国曾表示要将刘某为其购买新车与其给刘某旧车的差价还给刘某，起诉书指控谢国从刘某处受贿的数额为150360元没有事实依据。被告人谢国利用职务便利将其旧的马自达轿车以11万元置换给刘某，属于变相收受刘某的财物，数额为46240元（双方约定的11万元减去车辆评估价值63760元）。同时认为，谢国有自首情节，其行为未给国家造成损失，请求对其从宽处罚。 经审理查明：2008年5月起，被告人谢国担任安钢集团汽车运输有限责任公司生产经营科科长，负责安阳钢铁集团公司废渣土外排的车辆调度。刘某某、刘某（二人已判刑）为感谢被告人谢国在其二人承揽安钢集团公司废渣土外排业务中提供的帮助，并希望以后得到照顾，由刘某于2013年5月11日为谢国支付214120元，购买纳智捷牌汽车一辆。后谢国一辆马自达牌汽车抵给刘某。经安阳市文峰区价格认证中心鉴定，该马自达牌汽车价值63760元。 认定上述事实的证据有： 一、被告人谢国的供述和辩解：其是安钢汽运公司的生产科长。刘某某、刘某承包安钢向外排放废土、废渣时，根据公司规定需要用运输公司的车辆，由公司安排。2013年5月份的一天，刘某到其办公室，其正在电脑上查看汽车信息，并说想把自己的“马自达”汽车卖了，再换一辆。刘某提出要了“马自达”轿车，为其垫资买一辆新车。后其看中了一辆纳智捷牌轿车，让刘某一块去郑州买车，经和商家商定价格21万多元，刘某刷卡付了全款。其把车开回家，并买了保险、上了牌照，并把“马自达”给了刘某。其曾给刘某说过“马自达”车值11.8万元，其之后会将两车的差价还给刘某。2013年10月份，其准备了5万元，在办公室说要还刘某，但刘某没有要，之后其打电话说还刘某钱，他说回头再说。 二、另案被告人刘某的供述：2011年，其承包了安钢排废渣土项目，谢国是安钢汽运公司生产科科长，负责安钢车辆调度、派人下去现场监督装车。其父刘某某为了和谢国搞好关系，让其每个月给谢国送钱。2013年初，其去谢国的办公室办事，得知他想买一辆越野车，提出给他添点钱。谢国说他有一辆“马自达”想卖了，其说要了这辆车。其回家把情况告诉刘某某，并说反正每个月得送钱，不如一下给他算了。刘某某让其看着办。2013年5月份，谢国和其一起到郑州一个4S店。其刷卡付了全款，谢国把看中的一辆“纳智捷”越野车开走了。几天后谢国给了其“马自达”轿车，并说这辆车市场价11万元，之后还其所差的钱，其觉得他是客气话。后其将“马自达”过户到崔某某的名下。买车后五六个月，其在谢国的办公室时，他说要还5万元，但没有拿出现金，其想他是客套，没有当真。2014年初，谢国还打过一次电话说要还钱，其也没有当真。 三、另案被告人刘某某的供述：谢国是安钢汽车运输公司的生产科长，负责安钢车辆调度、安钢部分路面维修。为了跟他搞好关系，其让刘某每个月给谢国送钱。2013年的一天，刘某说谢国说想换一辆车，想让给他添点钱。其表示同意。后来听刘某说，谢国把他的旧车给了刘某，刘某出钱给谢国买了一辆新车。 四、证人刘甲的证言证明：2013年上半年，刘某说要给其一辆车，之后不久，他把一辆“马自达3”轿车和车的手续送过来，过户到崔某某的名下。 五、证人崔某某的证言：2013年上半年，刘某说有事用其身份证，后来刘某把一辆“马自达3”轿车开回来给了刘甲，并说车过户到其名下了。 六、李某的银行账户信息表显示，该账户于2014年5月11日在汽车销售公司消费支出214120元。 七、机动车销售统一发票及行驶证，证实2013年5月11日以杨枚（谢国妻子）名义购买“纳智捷”牌汽车一辆，并办理了行驶证。 八、安阳市文峰区价格认证中心价格鉴定意见书，证实本案“马自达”轿车在基准日2013年5月21日的鉴定价格为63760元。 九、二手车销售统一发票、买卖合同、机动车注册、转移、注销登记转入申请表证实，谢国于2009年3月16日以11.4万元购买马自达轿车，2013年5月21日，该车以4万元价格过户到崔某某名下。 十、谢国的中国银行账户交易记录清单显示，25200451＊＊＊＊账户显示在2013年4月份的余额为36016元，24681235＊＊＊＊账户显示2013年4月份余额为77172元、11月份余额为114417元，25071374＊＊＊＊账户在2013年3月份余额为50274元、2013年11月份余额为50354元。 十一、安阳钢铁集团有限责任公司的营业执照、安钢汽运公司的公司章程证实，安阳钢铁集团有限责任公司是国有独资公司，安钢汽运公司是安阳钢铁集团有限责任公司的全资子公司（法人独资）。 十二、被告人谢国的个人履历表、安钢汽运公司的任命文件、情况说明证实，被告人谢国于2008年5月15日被任命为安钢汽运公司生产经营科科长，该科根据安钢公司土山堆积情况，通知总调进行外排，并组织车辆排土。 十三、安阳市文峰区人民检察院出具的关于谢国到案经过的说明：检察机关对谢国受贿一案立案侦查后，谢国在家人陪同下主动到检察机关说明自己与刘某置换车辆的事实。 十四、被告人谢国的户籍证明及其他相关书证在卷可查。 以上证据经当庭举证、质证，予以确认。 本院认为：被告人谢国作为国有公司从事公务人员，利用职务之便，非法收受他人财物150360元，为他人谋取利益，其行为已构成受贿罪。公诉机关指控罪名成立。被告人谢国与刘某共谋后，由刘某为谢国支付费用购买新车、后将谢国的一辆旧车抵给刘某，被告人谢国收受刘某财物的价值应以二者之间的差价确定。该事实有被告人谢国的供述、证人刘某、刘某某、刘甲、崔某某的证言，及银行卡交易明细表、购车发票、行驶证、二手车交易合同的书证证实，足以认定。被告人谢国虽曾有还款的意思表示，但并未实际归还，且根据案发时谢国的个人银行存款情况，其完全有能力自费购买车辆，其所谓暂时向刘某借款、以后归还差价的辩解，只是试图以合法形式掩盖权钱交易的托词。故被告人谢国辩解其与刘某先谈了换车的价格、后其还过刘某的辩解不影响其受贿的性质，辩护人认为指控谢国从刘某处受贿150360元没有事实依据、应认定受贿数额46240元的意见不予采纳。被告人谢国案发后主动到检察机关投案，并如实供述其与刘某换车的犯罪事实，有自首情节，予以减轻处罚。辩护人以此为由提出从宽处罚的意见予以采纳。依照《中华人民共和国刑法》第三百八十五条、第三百八十六条、第三百八十三条、第六十一条、第六十四条、第六十七条、第九十三条之规定，判决如下： 一、被告人谢国犯受贿罪，判处有期徒刑九年； （刑期从判决执行之日起计算。判决执行之前先行羁押的，羁押一日折抵刑期一日。） 二、赃款150360元予以追缴，上交国库。 如不服本判决，可在接到判决书的第二日起十日内，通过本院或者直接向河南省安阳市中级人民法院提出上诉。书面上诉的，应当提交上诉状正本一份，副本二份。 审判长王廷印 审判员张伟 审判员陈文馨 二〇一五年三月十一日 书记员张梦宇","writId":"039bed9dc036e3345349f35fd4f4b85daea","writName":"谢国受贿一审刑事判决书"}
