{"ajId":"ac0fcdd5-aa90-4464-8c46-6530ec1ed43c","ajName":"邱红峰、邱红波走私、贩卖、运输、制造毒品罪一案","ajjbqk":" 苏州市吴江区人民检察院指控：2017年3月至同年4月期间，被告人邱红峰、邱红波在苏州市吴江区平望镇、黎里镇等地，先后6次单独或共同向张某（另案处理）贩卖毒品可待因（奥亭复方磷酸可待因口服溶液）。其中，被告人邱红峰参与贩卖5次，被告人邱红波参与贩卖4次，具体分述如下： 1.2017年3月30日，被告人邱红峰、邱红波经预谋后，在苏州市吴江区黎里镇，以人民币900元的价格向张某贩卖毒品可待因1次。 2.2017年4月2日，被告人邱红峰、邱红波经预谋后，在苏州市吴江区黎里镇，以人民币700元的价格向张某贩卖毒品可待因1次。 3.2017年4月10日，被告人邱红峰、邱红波在苏州市吴江区黎里镇金家坝，向张某贩卖毒品可待因时，被民警当场查获，并从被告人邱红峰的汽车内查获毒品可待因约0.1克。 4.2017年3月28日，被告人邱红峰在苏州市吴江区平望镇，以人民币600元的价格向张某贩卖毒品可待因1次。 5.2017年4月4日，被告人邱红峰在苏州市吴江区黎里镇，以人民币900元的价格向张某贩卖毒品可待因1次。 6.2017年4月6日，被告人邱红波在苏州市吴江区平望镇，以人民币1000元的价格向张某贩卖毒品可待因1次。 归案后，被告人邱红峰、邱红波均如实供述了自己的犯罪事实，并协助公安机关抓获其他犯罪嫌疑人。 为证实上述指控的犯罪事实，公诉机关提供了相应的证据，并据此认为：被告人邱红峰、邱红波共同违反国家毒品管理法规，多次向他人贩卖毒品可待因，情节严重，其行为均应当以贩卖毒品罪追究其刑事责任。在共同犯罪中，被告人邱红峰、邱红波均起主要作用，均系主犯。被告人邱红峰、邱红波均如实供述自己的罪行。被告人邱红峰、邱红波均协助公安机关抓获其他犯罪嫌疑人，均系立功。请依法判处。 上述事实，被告人邱红峰、邱红波在开庭审理过程中亦无异议，且有证人张某、沈某、朱某的证言笔录、辨认笔录、发破案经过、搜查笔录、扣押笔录、扣押清单、扣押决定书、提取笔录、称量记录、测量笔录、司法鉴定意见书、现场检测报告书、收缴毒品专用收据、情况说明、人口信息等证据证实，足以认定。 ","cpfxgc":"本院认为，被告人邱红峰、邱红波共同违反国家毒品管理法规，多次向他人贩卖毒品可待因，情节严重，其行为均已构成贩卖毒品罪，依法均应予惩处。在共同犯罪中，被告人邱红峰、邱红波均起主要作用，均系主犯。被告人邱红峰、邱红波均协助公安机关抓获其他犯罪嫌疑人，均系立功，依法均予以减轻处罚。被告人邱红峰、邱红波均如实供述自己的罪行，依法均予以从轻处罚。依照《中华人民共和国刑法》第三百四十七条第一款、第四款、第七款、第二十五条第一款、第二十六条第一款、第四款、第六十八条、第六十七条第三款、第六十四条的规定，判决如下：","pjjg":" 一、被告人邱红峰犯贩卖毒品罪，判处有期徒刑一年十个月（刑期从判决执行之日起计算。判决执行以前先行羁押的，羁押一日折抵刑期一日。即自2017年4月10日起至2019年2月9日止），并处罚金人民币二千元（于本判决生效后五日内缴纳）。 二、被告人邱红波犯贩卖毒品罪，判处有期徒刑一年九个月（刑期从判决执行之日起计算。判决执行以前先行羁押的，羁押一日折抵刑期一日。即自2017年4月10日起至2019年1月9日止），并处罚金人民币二千元（于本判决生效后五日内缴纳）。 如不服本判决，可在接到本判决书的第二日起十日内，通过本院或者直接向江苏省苏州市中级人民法院提出上诉。书面上诉的，应提交上诉状正本一份，副本二份。","qw":"邱红峰、邱红波走私、贩卖、运输、制造毒品罪一审刑事判决书 苏州市吴江区人民法院 刑事判决书 （2017）苏0509刑初1384号 公诉机关苏州市吴江区人民检察院。 被告人邱红峰，男，1988年4月23日生，汉族，职高文化，务工，住苏州市吴江区。因涉嫌犯贩卖毒品罪，于2017年4月11日被刑事拘留（10日被羁押），同年5月18日被逮捕，现羁押于苏州市吴江区看守所。 被告人邱红波，男，1988年4月23日生，汉族，高中文化，务工，住苏州市吴江区。因涉嫌贩犯卖毒品罪，于2017年4月11日被刑事拘留（10日被羁押），同年5月18日被逮捕，现羁押于苏州市吴江区看守所。 苏州市吴江区人民检察院以吴江检诉刑诉（2017）1376号起诉书指控被告人邱红峰、邱红波犯贩卖毒品罪，于2017年8月30日向本院提起公诉。本院于2017年9月4日立案，并依法组成合议庭，适用简易程序，公开开庭审理了本案。苏州市吴江区人民检察院指派检察员王文群出庭支持公诉，被告人邱红峰、邱红波到庭参加诉讼。现已审理终结。 苏州市吴江区人民检察院指控：2017年3月至同年4月期间，被告人邱红峰、邱红波在苏州市吴江区平望镇、黎里镇等地，先后6次单独或共同向张某（另案处理）贩卖毒品可待因（奥亭复方磷酸可待因口服溶液）。其中，被告人邱红峰参与贩卖5次，被告人邱红波参与贩卖4次，具体分述如下： 1.2017年3月30日，被告人邱红峰、邱红波经预谋后，在苏州市吴江区黎里镇，以人民币900元的价格向张某贩卖毒品可待因1次。 2.2017年4月2日，被告人邱红峰、邱红波经预谋后，在苏州市吴江区黎里镇，以人民币700元的价格向张某贩卖毒品可待因1次。 3.2017年4月10日，被告人邱红峰、邱红波在苏州市吴江区黎里镇金家坝，向张某贩卖毒品可待因时，被民警当场查获，并从被告人邱红峰的汽车内查获毒品可待因约0.1克。 4.2017年3月28日，被告人邱红峰在苏州市吴江区平望镇，以人民币600元的价格向张某贩卖毒品可待因1次。 5.2017年4月4日，被告人邱红峰在苏州市吴江区黎里镇，以人民币900元的价格向张某贩卖毒品可待因1次。 6.2017年4月6日，被告人邱红波在苏州市吴江区平望镇，以人民币1000元的价格向张某贩卖毒品可待因1次。 归案后，被告人邱红峰、邱红波均如实供述了自己的犯罪事实，并协助公安机关抓获其他犯罪嫌疑人。 为证实上述指控的犯罪事实，公诉机关提供了相应的证据，并据此认为：被告人邱红峰、邱红波共同违反国家毒品管理法规，多次向他人贩卖毒品可待因，情节严重，其行为均应当以贩卖毒品罪追究其刑事责任。在共同犯罪中，被告人邱红峰、邱红波均起主要作用，均系主犯。被告人邱红峰、邱红波均如实供述自己的罪行。被告人邱红峰、邱红波均协助公安机关抓获其他犯罪嫌疑人，均系立功。请依法判处。 上述事实，被告人邱红峰、邱红波在开庭审理过程中亦无异议，且有证人张某、沈某、朱某的证言笔录、辨认笔录、发破案经过、搜查笔录、扣押笔录、扣押清单、扣押决定书、提取笔录、称量记录、测量笔录、司法鉴定意见书、现场检测报告书、收缴毒品专用收据、情况说明、人口信息等证据证实，足以认定。 本院认为，被告人邱红峰、邱红波共同违反国家毒品管理法规，多次向他人贩卖毒品可待因，情节严重，其行为均已构成贩卖毒品罪，依法均应予惩处。在共同犯罪中，被告人邱红峰、邱红波均起主要作用，均系主犯。被告人邱红峰、邱红波均协助公安机关抓获其他犯罪嫌疑人，均系立功，依法均予以减轻处罚。被告人邱红峰、邱红波均如实供述自己的罪行，依法均予以从轻处罚。依照《中华人民共和国刑法》第三百四十七条第一款、第四款、第七款、第二十五条第一款、第二十六条第一款、第四款、第六十八条、第六十七条第三款、第六十四条的规定，判决如下： 一、被告人邱红峰犯贩卖毒品罪，判处有期徒刑一年十个月（刑期从判决执行之日起计算。判决执行以前先行羁押的，羁押一日折抵刑期一日。即自2017年4月10日起至2019年2月9日止），并处罚金人民币二千元（于本判决生效后五日内缴纳）。 二、被告人邱红波犯贩卖毒品罪，判处有期徒刑一年九个月（刑期从判决执行之日起计算。判决执行以前先行羁押的，羁押一日折抵刑期一日。即自2017年4月10日起至2019年1月9日止），并处罚金人民币二千元（于本判决生效后五日内缴纳）。 如不服本判决，可在接到本判决书的第二日起十日内，通过本院或者直接向江苏省苏州市中级人民法院提出上诉。书面上诉的，应提交上诉状正本一份，副本二份。 审判长周炳红 人民陪审员张明观 人民陪审员王群群 二〇一七年九月二十一日 书记员杨佳宇","writId":"0585ab7ee6bbd5e3bca1f8ade2cb424548f","writName":"邱红峰、邱红波走私、贩卖、运输、制造毒品罪一审刑事判决书"}
