{"ajId":"8e055c15-4a99-405c-8fd9-c7357887b87e","ajName":"陈浩贩卖毒品罪一案","ajjbqk":" 苏州市吴江区人民检察院指控：2016年11月期间，被告人陈浩分别在苏州市吴江区松陵镇莞坪社区、联杨等地，采用电话、微信联系的手段，先后9次以人民币5100元的价格，向吸毒人员顾某、梁某（均另行处理）贩卖毒品可待因（奥亭复方磷酸可待因口服溶液）共计2.41克。2016年12月1日，公安机关从被告人陈浩驾驶的轿车内查获毒品可待因0.66克。归案后，被告人陈浩如实供述了自己的犯罪事实。 为证实上述指控的犯罪事实，公诉机关提供了相应的证据，并据此认为：被告人陈浩违反国家毒品管理法规，向吸毒人员多次贩卖精神药品可待因，情节严重，其行为触犯了《中华人民共和国刑法》第三百四十七条第一款、第四款、第七款的规定，犯罪事实清楚，证据确实充分，应当以贩卖毒品罪追究其刑事责任。被告人陈浩犯罪以后如实供述自己的罪行，根据《中华人民共和国刑法》第六十七条第三款的规定，可以从轻处罚。根据《中华人民共和国刑事诉讼法》第一百七十二条的规定，提请本院依法判处。 被告人陈浩对起诉书指控的犯罪事实未提出异议。 辩护人提出的辩护意见是：一、对被告人陈浩构成贩卖毒品罪没有异议。二、被告人陈浩积极、主动供述自己的犯罪行为。三、被告人陈浩系初犯。建议对其从轻处罚。 经审理查明： 一、贩卖毒品 2016年11月期间，被告人陈浩分别在苏州市吴江区松陵镇莞坪社区、联杨等地，采用电话、微信联系的手段，先后9次向吸毒人员顾某、梁某（均被行政处罚）贩卖毒品可待因（奥亭复方磷酸可待因口服溶液）共计2.41克。具体分述如下： （一）2016年11月18日18时许，被告人陈浩在苏州市吴江区松陵镇莞坪社区“某某网吧”附近，采用上述手段，以700元的价格向吸毒人员顾某贩卖毒品可待因0.34克。 （二）2016年11月19日18时许，被告人陈浩在苏州市吴江区松陵镇莞坪社区“某某网吧”附近，采用上述手段，以400元的价格向吸毒人员顾某贩卖毒品可待因0.18克。 （三）2016年11月20日18时许，被告人陈浩在苏州市吴江区松陵镇莞坪社区“某某网吧”附近，采用上述手段，以700元的价格向吸毒人员顾某贩卖毒品可待因0.34克。 （四）2016年11月21日18时许，被告人陈浩在苏州市吴江区松陵镇莞坪社区“某某网吧”附近，采用上述手段，以400元的价格向吸毒人员顾某贩卖毒品可待因0.18克。 （五）2016年11月30日18时许，被告人陈浩在苏州市吴江区松陵镇莞坪社区“某某网吧”附近，采用上述手段，以400元的价格向吸毒人员顾某贩卖毒品可待因0.18克。 上述事实，有公诉机关提交，并经法庭质证、认证的下列证据予以证实： 1．证人顾某的证言，证实其喝奥亭药水已经上瘾，知道奥亭属于毒品，共向陈浩买过5次，都是塑料袋装的，每袋10ml，每条三袋，袋子上写着奥亭复方磷酸可待因口服溶液。第一次是2016年11月18号晚上5点多，其联系小陈买700块钱药水，小陈在某某网吧门口给其18条药水，其微信转给他700元钱。第二次是2016年11月19号晚上5点半左右，其联系小陈买400块钱药水，小陈在某某网吧门口给其10条药水，其微信转给他400块钱。第三次是2016年11月20号下午5点半左右，其联系小陈买700块钱药水，小陈在某某网吧门口给其18条药水，其微信转给他700块钱。第四次是2016年11月21曰下午5点半之后，其联系小陈买400块钱药水，小陈在某某网吧门口给其10条药水，其给小陈200块钱现金，又微信转给他200块钱。第五次是2016年11月30号下午5点半之后，其联系小陈买400块钱药水，小陈在某某网吧门口给其10条药水，其给他300块钱现金，又微信转他100块钱。 其辨认笔录，辨认出陈浩是“小陈”，并指认了购买毒品的地点。 2．被告人陈浩的供述，证实其贩卖的止咳药水全名是奥亭复方磷酸可待因口服溶液，是国家管控的精神药品，属于毒品。其贩卖的奥亭止咳药水是独立小袋包装，每袋10ml，三袋一条。其向顾某贩卖过五次药水，都是在菀坪的某某网吧门口交易的。第一次是2016年11月18号晚上6点左右，顾某电话联系其买700元钱止咳药水，其在网吧门口给顾某18条药水，顾某微信转其700元。第二次是2016年11月19号晚上6点左右，顾某电话联系其买400元钱止咳药水，其在网吧门口给顾某10条药水，顾某微信转其400元。第三次是2016年11月20号晚上6点左右，顾某电话联系其要700元钱药水，其在网吧门口给他18条药水，顾某微信转其700元。第四次是2016年11月21号晚上6点左右，顾某电话联系其要400元钱药水，其在网吧门口给他10条药水，顾某给其200元现金，又微信转其200元。第五次是2016年11月30日晚上6点左右，顾某电话联系其买药水，其在网吧门口给他10条药水，顾某给其300元现金，又微信转其100元。 其辨认笔录，辨认出顾某，并指认了贩卖毒品的地点。 （六）2016年11月23日9时许，被告人陈浩在苏州市吴江区松陵镇某某银行附近，采用上述手段，以500元的价格向吸毒人员梁某贩卖毒品可待因0.24克。 （七）2016年11月25日傍晚，被告人陈浩在苏州市吴江区松陵镇某某小学附近，采用上述手段，以500元的价格向吸毒人员梁某贩卖毒品可待因0.24克。 （八）2016年11月26日18时许，被告人陈浩在苏州市吴江区松陵镇某某菜场附近，采用上述手段，以500元的价格向吸毒人员梁某贩卖毒品可待因0.24克。 （九）2016年11月30日13时许，被告人陈浩在苏州市吴江区松陵镇某某菜场附近，以1000元的价格向吸毒人员梁某贩卖毒品可待因0.47克。 上述事实，有公诉机关提交，并经法庭质证、认证的下列证据予以证实： 1．证人梁某的证言，证实其知道奥亭止咳药水是国家管控的精神药品，属于毒品。其共向陈浩买过5次止咳药水，都是塑料袋装的，每袋10ml，三袋一条，外包装上写着奥亭复方磷酸可待因口服溶液。第一次是2016年11月23日上午，其微信联系陈浩买500元奥亭药水，陈浩在吴江某某银行附近给其13条药水，其通过支付宝转账给他500元。第二次是2016年11月25日傍晚，其微信联系陈浩买500元奥亭药水，陈浩在某某小学门口给其13条，其当时没付钱，还向陈浩借了100元，总共欠陈浩600元。第三次是2016年11月26日下午，其微信联系陈浩买500元奥亭药水，陈浩在某某菜场门口给其13条药水，这次也是欠账。第四次是2016年11月30日下午13时30分左右，其微信联系陈浩买1000元奥亭药水，陈浩在某某菜场门口给其大概25条药水，其将这次的钱和前两次欠的钱总共2100元通过支付宝转账给陈浩。 其辨认笔录，辨认出陈浩，并指认了购买毒品的地点。 2．被告人陈浩的供述，证实其知道小梁是喝奥亭止咳药水的，其共贩卖给小梁四次。第一次是2016年11月23日早上8、9点，小梁联系其买奥亭药水，其在吴江某某银行对面马路上给他13条共计39袋药水，小梁通过支付宝转给其500元。第二次是2016年11月25日晚上5点左右，小梁联系其买500元奥亭药水，其在某某小学门口给他13条共计39袋药水，当时他没给钱，还借了其100元。第三次是2016年11月26号晚上6点左右，小梁联系其买500元奥亭药水，其在某某菜场附近马路上给他13条共计39袋药水，小梁说500元欠着下次再付。第四次是2016年11月30日下午1点左右，小梁联系其买1000元钱奥亭药水，其在某某菜场附近给他27条共计81袋，小梁通过支付宝转账给其2100元，包括前两次欠的钱。 其辨认笔录，辨认出梁某是“小梁”，并指认了贩卖毒品的地点。 认定上述事实的证据还有人口信息、现场检测报告书、行政处罚决定书、吸毒成瘾认定意见、社区戒毒决定书、证人戴某、杨某的证言、提取笔录、微信转账记录、支付宝交易记录、照片等。 二、查获及归案 被告人陈浩犯罪以后自动投案，并如实供述自己的犯罪事实。2016年12月1日，公安机关从被告人陈浩驾驶的轿车内查获毒品可待因0.66克。 上述事实，有公诉机关提交，并经法庭质证、认证的下列证据予以证实： 1．发破案经过、情况说明，证实2016年11月30日，吴江经济技术开发区派出所查获涉嫌吸毒的嫌疑人张某，张某称其曾向陈浩购买奥亭复方磷酸可待因口服溶液。后侦查人员通过研判，于2016年12月1日在吴江区某某公园附近将陈浩查获，并发现陈浩驾驶的汽车内有105袋奥亭复方磷酸可待因口服溶液，经询问，陈浩主动承认其多次贩卖奥亭复方磷酸可待因口服溶液给顾某和梁某。 2．搜查笔录、扣押决定书、扣押清单、毒品提取称重笔录，证实2016年12月1日，公安机关从被告人陈浩驾驶的轿车内查获奥亭复方磷酸可待因口服溶液105袋，每袋10ml，且随机抽取的6袋奥亭复方磷酸可待因口服溶液净重量均为10克。 3．司法鉴定检验意见书，证实送检的复方磷酸可待因口服溶液均检出可待因，且每份检材中可待因含量分别为636.6ug／ml、629.7ug／ml、631.8ug／ml、645.0ug／ml、646.0ug／ml、648.8ug／ml。 ","cpfxgc":"本院认为，被告人陈浩违反国家毒品管理法规，向吸毒人员多次贩卖精神药品可待因，情节严重，其行为已构成贩卖毒品罪，依法应予惩处。公诉机关指控被告人陈浩犯贩卖毒品罪的事实清楚，证据确实、充分，指控的罪名正确，本院予以支持。关于公诉机关指控被告人陈浩如实供述自己的罪行的公诉意见，经查，第一，公安机关根据张某提供的线索抓获被告人陈浩，但该线索针对的犯罪事实不成立，在此范围外被告人陈浩主动交代其贩卖毒品给顾某、梁某的犯罪事实。第二，被告人陈浩本身为吸毒人员，故在其汽车内虽查获一定数量的奥亭复方磷酸可待因口服溶液，不足以认定其有贩卖毒品的嫌疑。综上，被告人陈浩的行为符合自首的构成要件，根据其犯罪情节，本院依法对其减轻处罚。对于辩护人提出的相关辩护意见，本院予以采纳。据此，依照《中华人民共和国刑法》第三百四十七条第一款、第四款、第七款、第六十七条第一款、第六十四条的规定，判决如下：","pjjg":" 被告人陈浩犯贩卖毒品罪，判处有期徒刑二年（刑期从判决执行之日起计算。判决执行以前先行羁押的，羁押一日折抵刑期一日，即自2016年12月1日起至2018年11月30日止），并处罚金人民币二千元（罚金自判决生效之日起五日内缴纳）。 如不服本判决，可在接到本判决书的第二日起十日内，通过本院或者直接向江苏省苏州市中级人民法院提出上诉。书面上诉的，应提交上诉状正本一份，副本二份。","qw":"陈浩贩卖毒品罪一审刑事判决书 苏州市吴江区人民法院 刑事判决书 （2017）苏0509刑初247号 公诉机关苏州市吴江区人民检察院。 被告人陈浩，男，1987年9月11日生，汉族，中专文化，无业，住苏州市吴江区。因涉嫌犯贩卖毒品罪，于2016年12月2日被刑事拘留（12月1日被传唤），同年12月29日被逮捕，现羁押于苏州市吴江区看守所。 辩护人王云弟，江苏东大舟律师事务所律师。 辩护人汤育美，江苏东大舟律师事务所实习律师。 苏州市吴江区人民检察院以吴江检诉刑诉（2017）263号起诉书指控被告人陈浩犯贩卖毒品罪，于2017年2月21日向本院提起公诉。本院于同日立案，并依法适用简易程序，实行独任审判，后依法转为普通程序，组成合议庭，公开开庭审理了本案。苏州市吴江区人民检察院指派检察员何昌文出庭支持公诉，被告人陈浩及其辩护人王云弟、汤育美到庭参加诉讼。本案经合议庭评议，现已审理终结。 苏州市吴江区人民检察院指控：2016年11月期间，被告人陈浩分别在苏州市吴江区松陵镇莞坪社区、联杨等地，采用电话、微信联系的手段，先后9次以人民币5100元的价格，向吸毒人员顾某、梁某（均另行处理）贩卖毒品可待因（奥亭复方磷酸可待因口服溶液）共计2.41克。2016年12月1日，公安机关从被告人陈浩驾驶的轿车内查获毒品可待因0.66克。归案后，被告人陈浩如实供述了自己的犯罪事实。 为证实上述指控的犯罪事实，公诉机关提供了相应的证据，并据此认为：被告人陈浩违反国家毒品管理法规，向吸毒人员多次贩卖精神药品可待因，情节严重，其行为触犯了《中华人民共和国刑法》第三百四十七条第一款、第四款、第七款的规定，犯罪事实清楚，证据确实充分，应当以贩卖毒品罪追究其刑事责任。被告人陈浩犯罪以后如实供述自己的罪行，根据《中华人民共和国刑法》第六十七条第三款的规定，可以从轻处罚。根据《中华人民共和国刑事诉讼法》第一百七十二条的规定，提请本院依法判处。 被告人陈浩对起诉书指控的犯罪事实未提出异议。 辩护人提出的辩护意见是：一、对被告人陈浩构成贩卖毒品罪没有异议。二、被告人陈浩积极、主动供述自己的犯罪行为。三、被告人陈浩系初犯。建议对其从轻处罚。 经审理查明： 一、贩卖毒品 2016年11月期间，被告人陈浩分别在苏州市吴江区松陵镇莞坪社区、联杨等地，采用电话、微信联系的手段，先后9次向吸毒人员顾某、梁某（均被行政处罚）贩卖毒品可待因（奥亭复方磷酸可待因口服溶液）共计2.41克。具体分述如下： （一）2016年11月18日18时许，被告人陈浩在苏州市吴江区松陵镇莞坪社区“某某网吧”附近，采用上述手段，以700元的价格向吸毒人员顾某贩卖毒品可待因0.34克。 （二）2016年11月19日18时许，被告人陈浩在苏州市吴江区松陵镇莞坪社区“某某网吧”附近，采用上述手段，以400元的价格向吸毒人员顾某贩卖毒品可待因0.18克。 （三）2016年11月20日18时许，被告人陈浩在苏州市吴江区松陵镇莞坪社区“某某网吧”附近，采用上述手段，以700元的价格向吸毒人员顾某贩卖毒品可待因0.34克。 （四）2016年11月21日18时许，被告人陈浩在苏州市吴江区松陵镇莞坪社区“某某网吧”附近，采用上述手段，以400元的价格向吸毒人员顾某贩卖毒品可待因0.18克。 （五）2016年11月30日18时许，被告人陈浩在苏州市吴江区松陵镇莞坪社区“某某网吧”附近，采用上述手段，以400元的价格向吸毒人员顾某贩卖毒品可待因0.18克。 上述事实，有公诉机关提交，并经法庭质证、认证的下列证据予以证实： 1．证人顾某的证言，证实其喝奥亭药水已经上瘾，知道奥亭属于毒品，共向陈浩买过5次，都是塑料袋装的，每袋10ml，每条三袋，袋子上写着奥亭复方磷酸可待因口服溶液。第一次是2016年11月18号晚上5点多，其联系小陈买700块钱药水，小陈在某某网吧门口给其18条药水，其微信转给他700元钱。第二次是2016年11月19号晚上5点半左右，其联系小陈买400块钱药水，小陈在某某网吧门口给其10条药水，其微信转给他400块钱。第三次是2016年11月20号下午5点半左右，其联系小陈买700块钱药水，小陈在某某网吧门口给其18条药水，其微信转给他700块钱。第四次是2016年11月21曰下午5点半之后，其联系小陈买400块钱药水，小陈在某某网吧门口给其10条药水，其给小陈200块钱现金，又微信转给他200块钱。第五次是2016年11月30号下午5点半之后，其联系小陈买400块钱药水，小陈在某某网吧门口给其10条药水，其给他300块钱现金，又微信转他100块钱。 其辨认笔录，辨认出陈浩是“小陈”，并指认了购买毒品的地点。 2．被告人陈浩的供述，证实其贩卖的止咳药水全名是奥亭复方磷酸可待因口服溶液，是国家管控的精神药品，属于毒品。其贩卖的奥亭止咳药水是独立小袋包装，每袋10ml，三袋一条。其向顾某贩卖过五次药水，都是在菀坪的某某网吧门口交易的。第一次是2016年11月18号晚上6点左右，顾某电话联系其买700元钱止咳药水，其在网吧门口给顾某18条药水，顾某微信转其700元。第二次是2016年11月19号晚上6点左右，顾某电话联系其买400元钱止咳药水，其在网吧门口给顾某10条药水，顾某微信转其400元。第三次是2016年11月20号晚上6点左右，顾某电话联系其要700元钱药水，其在网吧门口给他18条药水，顾某微信转其700元。第四次是2016年11月21号晚上6点左右，顾某电话联系其要400元钱药水，其在网吧门口给他10条药水，顾某给其200元现金，又微信转其200元。第五次是2016年11月30日晚上6点左右，顾某电话联系其买药水，其在网吧门口给他10条药水，顾某给其300元现金，又微信转其100元。 其辨认笔录，辨认出顾某，并指认了贩卖毒品的地点。 （六）2016年11月23日9时许，被告人陈浩在苏州市吴江区松陵镇某某银行附近，采用上述手段，以500元的价格向吸毒人员梁某贩卖毒品可待因0.24克。 （七）2016年11月25日傍晚，被告人陈浩在苏州市吴江区松陵镇某某小学附近，采用上述手段，以500元的价格向吸毒人员梁某贩卖毒品可待因0.24克。 （八）2016年11月26日18时许，被告人陈浩在苏州市吴江区松陵镇某某菜场附近，采用上述手段，以500元的价格向吸毒人员梁某贩卖毒品可待因0.24克。 （九）2016年11月30日13时许，被告人陈浩在苏州市吴江区松陵镇某某菜场附近，以1000元的价格向吸毒人员梁某贩卖毒品可待因0.47克。 上述事实，有公诉机关提交，并经法庭质证、认证的下列证据予以证实： 1．证人梁某的证言，证实其知道奥亭止咳药水是国家管控的精神药品，属于毒品。其共向陈浩买过5次止咳药水，都是塑料袋装的，每袋10ml，三袋一条，外包装上写着奥亭复方磷酸可待因口服溶液。第一次是2016年11月23日上午，其微信联系陈浩买500元奥亭药水，陈浩在吴江某某银行附近给其13条药水，其通过支付宝转账给他500元。第二次是2016年11月25日傍晚，其微信联系陈浩买500元奥亭药水，陈浩在某某小学门口给其13条，其当时没付钱，还向陈浩借了100元，总共欠陈浩600元。第三次是2016年11月26日下午，其微信联系陈浩买500元奥亭药水，陈浩在某某菜场门口给其13条药水，这次也是欠账。第四次是2016年11月30日下午13时30分左右，其微信联系陈浩买1000元奥亭药水，陈浩在某某菜场门口给其大概25条药水，其将这次的钱和前两次欠的钱总共2100元通过支付宝转账给陈浩。 其辨认笔录，辨认出陈浩，并指认了购买毒品的地点。 2．被告人陈浩的供述，证实其知道小梁是喝奥亭止咳药水的，其共贩卖给小梁四次。第一次是2016年11月23日早上8、9点，小梁联系其买奥亭药水，其在吴江某某银行对面马路上给他13条共计39袋药水，小梁通过支付宝转给其500元。第二次是2016年11月25日晚上5点左右，小梁联系其买500元奥亭药水，其在某某小学门口给他13条共计39袋药水，当时他没给钱，还借了其100元。第三次是2016年11月26号晚上6点左右，小梁联系其买500元奥亭药水，其在某某菜场附近马路上给他13条共计39袋药水，小梁说500元欠着下次再付。第四次是2016年11月30日下午1点左右，小梁联系其买1000元钱奥亭药水，其在某某菜场附近给他27条共计81袋，小梁通过支付宝转账给其2100元，包括前两次欠的钱。 其辨认笔录，辨认出梁某是“小梁”，并指认了贩卖毒品的地点。 认定上述事实的证据还有人口信息、现场检测报告书、行政处罚决定书、吸毒成瘾认定意见、社区戒毒决定书、证人戴某、杨某的证言、提取笔录、微信转账记录、支付宝交易记录、照片等。 二、查获及归案 被告人陈浩犯罪以后自动投案，并如实供述自己的犯罪事实。2016年12月1日，公安机关从被告人陈浩驾驶的轿车内查获毒品可待因0.66克。 上述事实，有公诉机关提交，并经法庭质证、认证的下列证据予以证实： 1．发破案经过、情况说明，证实2016年11月30日，吴江经济技术开发区派出所查获涉嫌吸毒的嫌疑人张某，张某称其曾向陈浩购买奥亭复方磷酸可待因口服溶液。后侦查人员通过研判，于2016年12月1日在吴江区某某公园附近将陈浩查获，并发现陈浩驾驶的汽车内有105袋奥亭复方磷酸可待因口服溶液，经询问，陈浩主动承认其多次贩卖奥亭复方磷酸可待因口服溶液给顾某和梁某。 2．搜查笔录、扣押决定书、扣押清单、毒品提取称重笔录，证实2016年12月1日，公安机关从被告人陈浩驾驶的轿车内查获奥亭复方磷酸可待因口服溶液105袋，每袋10ml，且随机抽取的6袋奥亭复方磷酸可待因口服溶液净重量均为10克。 3．司法鉴定检验意见书，证实送检的复方磷酸可待因口服溶液均检出可待因，且每份检材中可待因含量分别为636.6ug／ml、629.7ug／ml、631.8ug／ml、645.0ug／ml、646.0ug／ml、648.8ug／ml。 本院认为，被告人陈浩违反国家毒品管理法规，向吸毒人员多次贩卖精神药品可待因，情节严重，其行为已构成贩卖毒品罪，依法应予惩处。公诉机关指控被告人陈浩犯贩卖毒品罪的事实清楚，证据确实、充分，指控的罪名正确，本院予以支持。关于公诉机关指控被告人陈浩如实供述自己的罪行的公诉意见，经查，第一，公安机关根据张某提供的线索抓获被告人陈浩，但该线索针对的犯罪事实不成立，在此范围外被告人陈浩主动交代其贩卖毒品给顾某、梁某的犯罪事实。第二，被告人陈浩本身为吸毒人员，故在其汽车内虽查获一定数量的奥亭复方磷酸可待因口服溶液，不足以认定其有贩卖毒品的嫌疑。综上，被告人陈浩的行为符合自首的构成要件，根据其犯罪情节，本院依法对其减轻处罚。对于辩护人提出的相关辩护意见，本院予以采纳。据此，依照《中华人民共和国刑法》第三百四十七条第一款、第四款、第七款、第六十七条第一款、第六十四条的规定，判决如下： 被告人陈浩犯贩卖毒品罪，判处有期徒刑二年（刑期从判决执行之日起计算。判决执行以前先行羁押的，羁押一日折抵刑期一日，即自2016年12月1日起至2018年11月30日止），并处罚金人民币二千元（罚金自判决生效之日起五日内缴纳）。 如不服本判决，可在接到本判决书的第二日起十日内，通过本院或者直接向江苏省苏州市中级人民法院提出上诉。书面上诉的，应提交上诉状正本一份，副本二份。 审判长沈丽 代理审判员任远航 人民陪审员顾家林 二〇一七年六月二十二日 书记员朱平","writId":"005392a1de4d740948d21b3d6d9beb33d60","writName":"陈浩贩卖毒品罪一审刑事判决书"}
